"Tabela 5938 - Produto interno bruto a preços correntes, impostos, líquidos de subsídios, sobre produtos a preços correntes e valor adicionado bruto a preços correntes total e por atividade econômica, e respectivas participações - Referência 2010"
"Variável - Produto Interno Bruto a preços correntes (Mil Reais)"
"Cód.";"Município";"Ano"
"Cód.";"Município";"2020"
"1100015";"Alta Floresta D'Oeste (RO)";"570241,6"
"1100023";"Ariquemes (RO)";"2817330,9"
"1100031";"Cabixi (RO)";"167152,8"
"1100049";"Cacoal (RO)";"2518845,0"
"1100056";"Cerejeiras (RO)";"600630,3"
"1100064";"Colorado do Oeste (RO)";"366921,9"
"1100072";"Corumbiara (RO)";"268353,1"
"1100080";"Costa Marques (RO)";"261943,8"
"1100098";"Espigão D'Oeste (RO)";"666320,6"
"1100106";"Guajará-Mirim (RO)";"984613,6"
"1100114";"Jaru (RO)";"1665151,5"
"1100122";"Ji-Paraná (RO)";"4057176,0"
"1100130";"Machadinho D'Oeste (RO)";"700187,5"
"1100148";"Nova Brasilândia D'Oeste (RO)";"403372,7"
"1100155";"Ouro Preto do Oeste (RO)";"885131,8"
"1100189";"Pimenta Bueno (RO)";"1361159,7"
"1100205";"Porto Velho (RO)";"19446740,5"
"1100254";"Presidente Médici (RO)";"464089,8"
"1100262";"Rio Crespo (RO)";"133556,7"
"1100288";"Rolim de Moura (RO)";"1403498,9"
"1100296";"Santa Luzia D'Oeste (RO)";"156764,6"
"1100304";"Vilhena (RO)";"3152560,0"
"1100320";"São Miguel do Guaporé (RO)";"730643,4"
"1100338";"Nova Mamoré (RO)";"601842,8"
"1100346";"Alvorada D'Oeste (RO)";"289496,8"
"1100379";"Alto Alegre dos Parecis (RO)";"324518,7"
"1100403";"Alto Paraíso (RO)";"396387,4"
"1100452";"Buritis (RO)";"781528,5"
"1100502";"Novo Horizonte do Oeste (RO)";"185087,8"
"1100601";"Cacaulândia (RO)";"169146,0"
"1100700";"Campo Novo de Rondônia (RO)";"331894,2"
"1100809";"Candeias do Jamari (RO)";"562988,9"
"1100908";"Castanheiras (RO)";"80395,0"
"1100924";"Chupinguaia (RO)";"374749,6"
"1100940";"Cujubim (RO)";"431816,3"
"1101005";"Governador Jorge Teixeira (RO)";"200565,1"
"1101104";"Itapuã do Oeste (RO)";"192749,6"
"1101203";"Ministro Andreazza (RO)";"224912,4"
"1101302";"Mirante da Serra (RO)";"231661,5"
"1101401";"Monte Negro (RO)";"340930,7"
"1101435";"Nova União (RO)";"128791,1"
"1101450";"Parecis (RO)";"120814,6"
"1101468";"Pimenteiras do Oeste (RO)";"148822,8"
"1101476";"Primavera de Rondônia (RO)";"66464,6"
"1101484";"São Felipe D'Oeste (RO)";"102279,1"
"1101492";"São Francisco do Guaporé (RO)";"397745,2"
"1101500";"Seringueiras (RO)";"250585,6"
"1101559";"Teixeirópolis (RO)";"97349,4"
"1101609";"Theobroma (RO)";"213106,2"
"1101708";"Urupá (RO)";"227775,0"
"1101757";"Vale do Anari (RO)";"180701,6"
"1101807";"Vale do Paraíso (RO)";"161248,3"
"1200013";"Acrelândia (AC)";"291581,7"
"1200054";"Assis Brasil (AC)";"96315,3"
"1200104";"Brasiléia (AC)";"488071,5"
"1200138";"Bujari (AC)";"179175,4"
"1200179";"Capixaba (AC)";"144676,7"
"1200203";"Cruzeiro do Sul (AC)";"1793428,2"
"1200252";"Epitaciolândia (AC)";"433585,1"
"1200302";"Feijó (AC)";"386502,3"
"1200328";"Jordão (AC)";"82866,9"
"1200336";"Mâncio Lima (AC)";"215661,6"
"1200344";"Manoel Urbano (AC)";"138414,3"
"1200351";"Marechal Thaumaturgo (AC)";"209775,1"
"1200385";"Plácido de Castro (AC)";"267419,7"
"1200393";"Porto Walter (AC)";"129394,3"
"1200401";"Rio Branco (AC)";"9362488,1"
"1200427";"Rodrigues Alves (AC)";"202059,1"
"1200435";"Santa Rosa do Purus (AC)";"83423,7"
"1200450";"Senador Guiomard (AC)";"349736,5"
"1200500";"Sena Madureira (AC)";"575263,8"
"1200609";"Tarauacá (AC)";"511369,1"
"1200708";"Xapuri (AC)";"292281,0"
"1200807";"Porto Acre (AC)";"242881,4"
"1300029";"Alvarães (AM)";"194561,0"
"1300060";"Amaturá (AM)";"101934,4"
"1300086";"Anamã (AM)";"129933,4"
"1300102";"Anori (AM)";"215118,9"
"1300144";"Apuí (AM)";"271929,5"
"1300201";"Atalaia do Norte (AM)";"172713,0"
"1300300";"Autazes (AM)";"446598,9"
"1300409";"Barcelos (AM)";"208482,2"
"1300508";"Barreirinha (AM)";"313547,4"
"1300607";"Benjamin Constant (AM)";"349346,7"
"1300631";"Beruri (AM)";"182502,5"
"1300680";"Boa Vista do Ramos (AM)";"161504,7"
"1300706";"Boca do Acre (AM)";"475574,7"
"1300805";"Borba (AM)";"361457,2"
"1300839";"Caapiranga (AM)";"170630,0"
"1300904";"Canutama (AM)";"133365,6"
"1301001";"Carauari (AM)";"358945,4"
"1301100";"Careiro (AM)";"363329,7"
"1301159";"Careiro da Várzea (AM)";"374100,6"
"1301209";"Coari (AM)";"1923264,8"
"1301308";"Codajás (AM)";"498996,1"
"1301407";"Eirunepé (AM)";"502984,0"
"1301506";"Envira (AM)";"178128,3"
"1301605";"Fonte Boa (AM)";"197036,4"
"1301654";"Guajará (AM)";"147398,3"
"1301704";"Humaitá (AM)";"780339,4"
"1301803";"Ipixuna (AM)";"193669,5"
"1301852";"Iranduba (AM)";"727697,3"
"1301902";"Itacoatiara (AM)";"2273503,7"
"1301951";"Itamarati (AM)";"107486,6"
"1302009";"Itapiranga (AM)";"134332,6"
"1302108";"Japurá (AM)";"63113,8"
"1302207";"Juruá (AM)";"122251,0"
"1302306";"Jutaí (AM)";"252816,8"
"1302405";"Lábrea (AM)";"556266,8"
"1302504";"Manacapuru (AM)";"1432216,9"
"1302553";"Manaquiri (AM)";"274499,0"
"1302603";"Manaus (AM)";"91773536,2"
"1302702";"Manicoré (AM)";"621102,3"
"1302801";"Maraã (AM)";"148824,4"
"1302900";"Maués (AM)";"565974,8"
"1303007";"Nhamundá (AM)";"185693,6"
"1303106";"Nova Olinda do Norte (AM)";"293887,4"
"1303205";"Novo Airão (AM)";"172050,7"
"1303304";"Novo Aripuanã (AM)";"219411,6"
"1303403";"Parintins (AM)";"1320369,3"
"1303502";"Pauini (AM)";"175059,0"
"1303536";"Presidente Figueiredo (AM)";"832242,8"
"1303569";"Rio Preto da Eva (AM)";"374196,3"
"1303601";"Santa Isabel do Rio Negro (AM)";"157255,8"
"1303700";"Santo Antônio do Içá (AM)";"208637,3"
"1303809";"São Gabriel da Cachoeira (AM)";"376603,1"
"1303908";"São Paulo de Olivença (AM)";"302084,7"
"1303957";"São Sebastião do Uatumã (AM)";"127894,6"
"1304005";"Silves (AM)";"133792,9"
"1304062";"Tabatinga (AM)";"652925,7"
"1304104";"Tapauá (AM)";"218671,7"
"1304203";"Tefé (AM)";"941045,6"
"1304237";"Tonantins (AM)";"158633,0"
"1304260";"Uarini (AM)";"205138,2"
"1304302";"Urucará (AM)";"306779,2"
"1304401";"Urucurituba (AM)";"195752,0"
"1400027";"Amajari (RR)";"198106,9"
"1400050";"Alto Alegre (RR)";"409619,4"
"1400100";"Boa Vista (RR)";"11828925,8"
"1400159";"Bonfim (RR)";"416439,9"
"1400175";"Cantá (RR)";"325083,9"
"1400209";"Caracaraí (RR)";"410236,0"
"1400233";"Caroebe (RR)";"227485,4"
"1400282";"Iracema (RR)";"182150,6"
"1400308";"Mucajaí (RR)";"348377,2"
"1400407";"Normandia (RR)";"194764,3"
"1400456";"Pacaraima (RR)";"290184,4"
"1400472";"Rorainópolis (RR)";"636429,2"
"1400506";"São João da Baliza (RR)";"262115,0"
"1400605";"São Luiz (RR)";"165075,3"
"1400704";"Uiramutã (RR)";"129282,4"
"1500107";"Abaetetuba (PA)";"1659692,6"
"1500131";"Abel Figueiredo (PA)";"95862,8"
"1500206";"Acará (PA)";"881811,8"
"1500305";"Afuá (PA)";"438581,6"
"1500347";"Água Azul do Norte (PA)";"531634,7"
"1500404";"Alenquer (PA)";"692396,9"
"1500503";"Almeirim (PA)";"627559,6"
"1500602";"Altamira (PA)";"2559967,7"
"1500701";"Anajás (PA)";"228956,2"
"1500800";"Ananindeua (PA)";"8117175,4"
"1500859";"Anapu (PA)";"522861,3"
"1500909";"Augusto Corrêa (PA)";"366358,4"
"1500958";"Aurora do Pará (PA)";"267914,7"
"1501006";"Aveiro (PA)";"138887,2"
"1501105";"Bagre (PA)";"233042,3"
"1501204";"Baião (PA)";"616015,9"
"1501253";"Bannach (PA)";"100723,2"
"1501303";"Barcarena (PA)";"7433645,3"
"1501402";"Belém (PA)";"30798555,9"
"1501451";"Belterra (PA)";"186769,0"
"1501501";"Benevides (PA)";"1677587,5"
"1501576";"Bom Jesus do Tocantins (PA)";"208137,9"
"1501600";"Bonito (PA)";"189753,2"
"1501709";"Bragança (PA)";"1379842,8"
"1501725";"Brasil Novo (PA)";"322791,0"
"1501758";"Brejo Grande do Araguaia (PA)";"88712,2"
"1501782";"Breu Branco (PA)";"688973,9"
"1501808";"Breves (PA)";"849150,0"
"1501907";"Bujaru (PA)";"488650,0"
"1501956";"Cachoeira do Piriá (PA)";"215937,3"
"1502004";"Cachoeira do Arari (PA)";"230594,6"
"1502103";"Cametá (PA)";"1334181,0"
"1502152";"Canaã dos Carajás (PA)";"22503439,2"
"1502202";"Capanema (PA)";"1230988,5"
"1502301";"Capitão Poço (PA)";"705899,9"
"1502400";"Castanhal (PA)";"4300301,2"
"1502509";"Chaves (PA)";"218466,6"
"1502608";"Colares (PA)";"93143,6"
"1502707";"Conceição do Araguaia (PA)";"622866,9"
"1502756";"Concórdia do Pará (PA)";"322761,9"
"1502764";"Cumaru do Norte (PA)";"408488,8"
"1502772";"Curionópolis (PA)";"644776,6"
"1502806";"Curralinho (PA)";"267226,1"
"1502855";"Curuá (PA)";"140327,5"
"1502905";"Curuçá (PA)";"330620,8"
"1502939";"Dom Eliseu (PA)";"783666,7"
"1502954";"Eldorado do Carajás (PA)";"521577,9"
"1503002";"Faro (PA)";"63591,2"
"1503044";"Floresta do Araguaia (PA)";"414579,7"
"1503077";"Garrafão do Norte (PA)";"256719,2"
"1503093";"Goianésia do Pará (PA)";"372710,7"
"1503101";"Gurupá (PA)";"294869,9"
"1503200";"Igarapé-Açu (PA)";"379664,1"
"1503309";"Igarapé-Miri (PA)";"628526,3"
"1503408";"Inhangapi (PA)";"155876,6"
"1503457";"Ipixuna do Pará (PA)";"607746,3"
"1503507";"Irituia (PA)";"249343,8"
"1503606";"Itaituba (PA)";"2629482,5"
"1503705";"Itupiranga (PA)";"659095,8"
"1503754";"Jacareacanga (PA)";"575748,2"
"1503804";"Jacundá (PA)";"530795,1"
"1503903";"Juruti (PA)";"1366882,1"
"1504000";"Limoeiro do Ajuru (PA)";"484930,7"
"1504059";"Mãe do Rio (PA)";"324787,4"
"1504109";"Magalhães Barata (PA)";"93254,8"
"1504208";"Marabá (PA)";"12928282,6"
"1504307";"Maracanã (PA)";"255646,8"
"1504406";"Marapanim (PA)";"247826,2"
"1504422";"Marituba (PA)";"2088809,5"
"1504455";"Medicilândia (PA)";"877101,0"
"1504505";"Melgaço (PA)";"196393,9"
"1504604";"Mocajuba (PA)";"496710,9"
"1504703";"Moju (PA)";"1267327,4"
"1504752";"Mojuí dos Campos (PA)";"194352,3"
"1504802";"Monte Alegre (PA)";"711141,5"
"1504901";"Muaná (PA)";"322367,5"
"1504950";"Nova Esperança do Piriá (PA)";"257782,5"
"1504976";"Nova Ipixuna (PA)";"169369,5"
"1505007";"Nova Timboteua (PA)";"143837,6"
"1505031";"Novo Progresso (PA)";"828234,3"
"1505064";"Novo Repartimento (PA)";"941685,0"
"1505106";"Óbidos (PA)";"897960,3"
"1505205";"Oeiras do Pará (PA)";"441907,4"
"1505304";"Oriximiná (PA)";"2498984,9"
"1505403";"Ourém (PA)";"203579,2"
"1505437";"Ourilândia do Norte (PA)";"776093,3"
"1505486";"Pacajá (PA)";"724417,4"
"1505494";"Palestina do Pará (PA)";"82695,5"
"1505502";"Paragominas (PA)";"3777041,4"
"1505536";"Parauapebas (PA)";"38012249,8"
"1505551";"Pau D'Arco (PA)";"97551,0"
"1505601";"Peixe-Boi (PA)";"65782,6"
"1505635";"Piçarra (PA)";"274930,2"
"1505650";"Placas (PA)";"309327,9"
"1505700";"Ponta de Pedras (PA)";"247223,7"
"1505809";"Portel (PA)";"881126,3"
"1505908";"Porto de Moz (PA)";"348933,5"
"1506005";"Prainha (PA)";"342839,4"
"1506104";"Primavera (PA)";"295838,2"
"1506112";"Quatipuru (PA)";"111329,9"
"1506138";"Redenção (PA)";"2030687,2"
"1506161";"Rio Maria (PA)";"572061,5"
"1506187";"Rondon do Pará (PA)";"629543,8"
"1506195";"Rurópolis (PA)";"416215,2"
"1506203";"Salinópolis (PA)";"568032,8"
"1506302";"Salvaterra (PA)";"193632,4"
"1506351";"Santa Bárbara do Pará (PA)";"218843,7"
"1506401";"Santa Cruz do Arari (PA)";"81655,6"
"1506500";"Santa Izabel do Pará (PA)";"807771,3"
"1506559";"Santa Luzia do Pará (PA)";"189272,9"
"1506583";"Santa Maria das Barreiras (PA)";"736451,5"
"1506609";"Santa Maria do Pará (PA)";"307884,5"
"1506708";"Santana do Araguaia (PA)";"1115572,1"
"1506807";"Santarém (PA)";"5501585,5"
"1506906";"Santarém Novo (PA)";"51036,4"
"1507003";"Santo Antônio do Tauá (PA)";"432507,9"
"1507102";"São Caetano de Odivelas (PA)";"157949,6"
"1507151";"São Domingos do Araguaia (PA)";"303527,1"
"1507201";"São Domingos do Capim (PA)";"372289,1"
"1507300";"São Félix do Xingu (PA)";"1578822,7"
"1507409";"São Francisco do Pará (PA)";"241732,8"
"1507458";"São Geraldo do Araguaia (PA)";"600209,8"
"1507466";"São João da Ponta (PA)";"52404,0"
"1507474";"São João de Pirabas (PA)";"180274,4"
"1507508";"São João do Araguaia (PA)";"163530,1"
"1507607";"São Miguel do Guamá (PA)";"723335,9"
"1507706";"São Sebastião da Boa Vista (PA)";"228688,6"
"1507755";"Sapucaia (PA)";"114448,3"
"1507805";"Senador José Porfírio (PA)";"199566,8"
"1507904";"Soure (PA)";"217631,8"
"1507953";"Tailândia (PA)";"1078162,8"
"1507961";"Terra Alta (PA)";"77179,6"
"1507979";"Terra Santa (PA)";"433502,5"
"1508001";"Tomé-Açu (PA)";"816244,2"
"1508035";"Tracuateua (PA)";"295859,8"
"1508050";"Trairão (PA)";"276725,0"
"1508084";"Tucumã (PA)";"863475,2"
"1508100";"Tucuruí (PA)";"4571016,5"
"1508126";"Ulianópolis (PA)";"1858109,7"
"1508159";"Uruará (PA)";"717963,4"
"1508209";"Vigia (PA)";"419520,2"
"1508308";"Viseu (PA)";"620024,5"
"1508357";"Vitória do Xingu (PA)";"3833695,6"
"1508407";"Xinguara (PA)";"1414398,4"
"1600055";"Serra do Navio (AP)";"81422,3"
"1600105";"Amapá (AP)";"153020,3"
"1600154";"Pedra Branca do Amapari (AP)";"466649,1"
"1600204";"Calçoene (AP)";"182085,9"
"1600212";"Cutias (AP)";"87585,8"
"1600238";"Ferreira Gomes (AP)";"519153,3"
"1600253";"Itaubal (AP)";"80690,3"
"1600279";"Laranjal do Jari (AP)";"1035920,9"
"1600303";"Macapá (AP)";"11733667,6"
"1600402";"Mazagão (AP)";"363786,0"
"1600501";"Oiapoque (AP)";"488906,4"
"1600535";"Porto Grande (AP)";"381240,0"
"1600550";"Pracuúba (AP)";"78456,4"
"1600600";"Santana (AP)";"2345887,2"
"1600709";"Tartarugalzinho (AP)";"246236,1"
"1600808";"Vitória do Jari (AP)";"224407,0"
"1700251";"Abreulândia (TO)";"76413,7"
"1700301";"Aguiarnópolis (TO)";"164456,9"
"1700350";"Aliança do Tocantins (TO)";"154385,4"
"1700400";"Almas (TO)";"178542,0"
"1700707";"Alvorada (TO)";"404850,3"
"1701002";"Ananás (TO)";"139736,8"
"1701051";"Angico (TO)";"41536,2"
"1701101";"Aparecida do Rio Negro (TO)";"208457,6"
"1701309";"Aragominas (TO)";"78176,7"
"1701903";"Araguacema (TO)";"258570,0"
"1702000";"Araguaçu (TO)";"273397,4"
"1702109";"Araguaína (TO)";"4752385,3"
"1702158";"Araguanã (TO)";"77991,9"
"1702208";"Araguatins (TO)";"462122,7"
"1702307";"Arapoema (TO)";"356785,5"
"1702406";"Arraias (TO)";"195447,6"
"1702554";"Augustinópolis (TO)";"288579,5"
"1702703";"Aurora do Tocantins (TO)";"51244,3"
"1702901";"Axixá do Tocantins (TO)";"124760,5"
"1703008";"Babaçulândia (TO)";"127638,4"
"1703057";"Bandeirantes do Tocantins (TO)";"130974,3"
"1703073";"Barra do Ouro (TO)";"73104,6"
"1703107";"Barrolândia (TO)";"106922,7"
"1703206";"Bernardo Sayão (TO)";"81870,9"
"1703305";"Bom Jesus do Tocantins (TO)";"126172,2"
"1703602";"Brasilândia do Tocantins (TO)";"54967,0"
"1703701";"Brejinho de Nazaré (TO)";"222536,2"
"1703800";"Buriti do Tocantins (TO)";"116521,3"
"1703826";"Cachoeirinha (TO)";"33542,1"
"1703842";"Campos Lindos (TO)";"472482,5"
"1703867";"Cariri do Tocantins (TO)";"394469,7"
"1703883";"Carmolândia (TO)";"45096,6"
"1703891";"Carrasco Bonito (TO)";"45464,3"
"1703909";"Caseara (TO)";"447765,8"
"1704105";"Centenário (TO)";"65315,0"
"1704600";"Chapada de Areia (TO)";"33244,8"
"1705102";"Chapada da Natividade (TO)";"91724,0"
"1705508";"Colinas do Tocantins (TO)";"787269,3"
"1705557";"Combinado (TO)";"72411,8"
"1705607";"Conceição do Tocantins (TO)";"61012,5"
"1706001";"Couto Magalhães (TO)";"130714,7"
"1706100";"Cristalândia (TO)";"183038,9"
"1706258";"Crixás do Tocantins (TO)";"62302,9"
"1706506";"Darcinópolis (TO)";"219943,4"
"1707009";"Dianópolis (TO)";"701653,1"
"1707108";"Divinópolis do Tocantins (TO)";"178810,8"
"1707207";"Dois Irmãos do Tocantins (TO)";"143260,8"
"1707306";"Dueré (TO)";"164145,4"
"1707405";"Esperantina (TO)";"106660,4"
"1707553";"Fátima (TO)";"79412,1"
"1707652";"Figueirópolis (TO)";"220166,9"
"1707702";"Filadélfia (TO)";"116824,9"
"1708205";"Formoso do Araguaia (TO)";"443862,0"
"1708254";"Tabocão (TO)";"221618,0"
"1708304";"Goianorte (TO)";"108775,4"
"1709005";"Goiatins (TO)";"176071,3"
"1709302";"Guaraí (TO)";"730955,5"
"1709500";"Gurupi (TO)";"2543765,1"
"1709807";"Ipueiras (TO)";"37116,0"
"1710508";"Itacajá (TO)";"119952,7"
"1710706";"Itaguatins (TO)";"72823,2"
"1710904";"Itapiratins (TO)";"115103,9"
"1711100";"Itaporã do Tocantins (TO)";"56226,6"
"1711506";"Jaú do Tocantins (TO)";"78747,2"
"1711803";"Juarina (TO)";"35908,9"
"1711902";"Lagoa da Confusão (TO)";"1040153,2"
"1711951";"Lagoa do Tocantins (TO)";"79301,6"
"1712009";"Lajeado (TO)";"66898,1"
"1712157";"Lavandeira (TO)";"30114,7"
"1712405";"Lizarda (TO)";"51927,1"
"1712454";"Luzinópolis (TO)";"121354,4"
"1712504";"Marianópolis do Tocantins (TO)";"210074,1"
"1712702";"Mateiros (TO)";"227485,2"
"1712801";"Maurilândia do Tocantins (TO)";"47576,2"
"1713205";"Miracema do Tocantins (TO)";"591150,6"
"1713304";"Miranorte (TO)";"305926,4"
"1713601";"Monte do Carmo (TO)";"230634,6"
"1713700";"Monte Santo do Tocantins (TO)";"52964,0"
"1713809";"Palmeiras do Tocantins (TO)";"80730,9"
"1713957";"Muricilândia (TO)";"57096,1"
"1714203";"Natividade (TO)";"188909,8"
"1714302";"Nazaré (TO)";"54481,3"
"1714880";"Nova Olinda (TO)";"293703,1"
"1715002";"Nova Rosalândia (TO)";"87460,2"
"1715101";"Novo Acordo (TO)";"69771,5"
"1715150";"Novo Alegre (TO)";"31029,8"
"1715259";"Novo Jardim (TO)";"36671,8"
"1715507";"Oliveira de Fátima (TO)";"23889,8"
"1715705";"Palmeirante (TO)";"133093,3"
"1715754";"Palmeirópolis (TO)";"139644,9"
"1716109";"Paraíso do Tocantins (TO)";"1445960,9"
"1716208";"Paranã (TO)";"335254,9"
"1716307";"Pau D'Arco (TO)";"81005,6"
"1716505";"Pedro Afonso (TO)";"631760,6"
"1716604";"Peixe (TO)";"679977,3"
"1716653";"Pequizeiro (TO)";"91550,0"
"1716703";"Colméia (TO)";"166815,2"
"1717008";"Pindorama do Tocantins (TO)";"62446,8"
"1717206";"Piraquê (TO)";"69013,2"
"1717503";"Pium (TO)";"312626,9"
"1717800";"Ponte Alta do Bom Jesus (TO)";"58556,9"
"1717909";"Ponte Alta do Tocantins (TO)";"100197,7"
"1718006";"Porto Alegre do Tocantins (TO)";"39548,6"
"1718204";"Porto Nacional (TO)";"2611222,3"
"1718303";"Praia Norte (TO)";"83479,2"
"1718402";"Presidente Kennedy (TO)";"57530,8"
"1718451";"Pugmil (TO)";"81717,1"
"1718501";"Recursolândia (TO)";"52502,7"
"1718550";"Riachinho (TO)";"55911,5"
"1718659";"Rio da Conceição (TO)";"25567,4"
"1718709";"Rio dos Bois (TO)";"63079,3"
"1718758";"Rio Sono (TO)";"87608,7"
"1718808";"Sampaio (TO)";"84869,5"
"1718840";"Sandolândia (TO)";"95556,4"
"1718865";"Santa Fé do Araguaia (TO)";"147513,8"
"1718881";"Santa Maria do Tocantins (TO)";"113437,0"
"1718899";"Santa Rita do Tocantins (TO)";"134368,5"
"1718907";"Santa Rosa do Tocantins (TO)";"236630,7"
"1719004";"Santa Tereza do Tocantins (TO)";"37859,5"
"1720002";"Santa Terezinha do Tocantins (TO)";"37115,6"
"1720101";"São Bento do Tocantins (TO)";"64305,5"
"1720150";"São Félix do Tocantins (TO)";"27244,0"
"1720200";"São Miguel do Tocantins (TO)";"167503,7"
"1720259";"São Salvador do Tocantins (TO)";"42146,0"
"1720309";"São Sebastião do Tocantins (TO)";"55143,4"
"1720499";"São Valério (TO)";"134375,6"
"1720655";"Silvanópolis (TO)";"199990,1"
"1720804";"Sítio Novo do Tocantins (TO)";"113118,4"
"1720853";"Sucupira (TO)";"110324,4"
"1720903";"Taguatinga (TO)";"248520,4"
"1720937";"Taipas do Tocantins (TO)";"30853,2"
"1720978";"Talismã (TO)";"123746,2"
"1721000";"Palmas (TO)";"9942511,5"
"1721109";"Tocantínia (TO)";"134695,3"
"1721208";"Tocantinópolis (TO)";"343514,4"
"1721257";"Tupirama (TO)";"111731,9"
"1721307";"Tupiratins (TO)";"33576,7"
"1722081";"Wanderlândia (TO)";"149271,3"
"1722107";"Xambioá (TO)";"358297,4"
"2100055";"Açailândia (MA)";"2664608,1"
"2100105";"Afonso Cunha (MA)";"71865,6"
"2100154";"Água Doce do Maranhão (MA)";"89545,1"
"2100204";"Alcântara (MA)";"132194,2"
"2100303";"Aldeias Altas (MA)";"211250,4"
"2100402";"Altamira do Maranhão (MA)";"61573,0"
"2100436";"Alto Alegre do Maranhão (MA)";"243765,3"
"2100477";"Alto Alegre do Pindaré (MA)";"230379,4"
"2100501";"Alto Parnaíba (MA)";"492108,9"
"2100550";"Amapá do Maranhão (MA)";"54956,4"
"2100600";"Amarante do Maranhão (MA)";"335205,1"
"2100709";"Anajatuba (MA)";"183161,0"
"2100808";"Anapurus (MA)";"141272,1"
"2100832";"Apicum-Açu (MA)";"122606,5"
"2100873";"Araguanã (MA)";"90755,9"
"2100907";"Araioses (MA)";"275899,8"
"2100956";"Arame (MA)";"252021,3"
"2101004";"Arari (MA)";"272188,4"
"2101103";"Axixá (MA)";"84159,4"
"2101202";"Bacabal (MA)";"1355116,6"
"2101251";"Bacabeira (MA)";"352158,0"
"2101301";"Bacuri (MA)";"111631,8"
"2101350";"Bacurituba (MA)";"38205,4"
"2101400";"Balsas (MA)";"4772084,1"
"2101509";"Barão de Grajaú (MA)";"224176,9"
"2101608";"Barra do Corda (MA)";"743642,5"
"2101707";"Barreirinhas (MA)";"502405,1"
"2101731";"Belágua (MA)";"58026,1"
"2101772";"Bela Vista do Maranhão (MA)";"85345,8"
"2101806";"Benedito Leite (MA)";"58872,0"
"2101905";"Bequimão (MA)";"133471,3"
"2101939";"Bernardo do Mearim (MA)";"54285,6"
"2101970";"Boa Vista do Gurupi (MA)";"60095,9"
"2102002";"Bom Jardim (MA)";"339522,4"
"2102036";"Bom Jesus das Selvas (MA)";"328813,9"
"2102077";"Bom Lugar (MA)";"102588,2"
"2102101";"Brejo (MA)";"332916,5"
"2102150";"Brejo de Areia (MA)";"63069,9"
"2102200";"Buriti (MA)";"238384,2"
"2102309";"Buriti Bravo (MA)";"188993,2"
"2102325";"Buriticupu (MA)";"669012,1"
"2102358";"Buritirana (MA)";"113848,7"
"2102374";"Cachoeira Grande (MA)";"56926,9"
"2102408";"Cajapió (MA)";"62942,2"
"2102507";"Cajari (MA)";"112657,8"
"2102556";"Campestre do Maranhão (MA)";"191753,0"
"2102606";"Cândido Mendes (MA)";"142326,7"
"2102705";"Cantanhede (MA)";"136097,2"
"2102754";"Capinzal do Norte (MA)";"188416,2"
"2102804";"Carolina (MA)";"493585,7"
"2102903";"Carutapera (MA)";"178215,7"
"2103000";"Caxias (MA)";"1910631,8"
"2103109";"Cedral (MA)";"71788,0"
"2103125";"Central do Maranhão (MA)";"47013,1"
"2103158";"Centro do Guilherme (MA)";"86633,0"
"2103174";"Centro Novo do Maranhão (MA)";"154499,3"
"2103208";"Chapadinha (MA)";"793066,8"
"2103257";"Cidelândia (MA)";"174979,2"
"2103307";"Codó (MA)";"1165331,5"
"2103406";"Coelho Neto (MA)";"386079,3"
"2103505";"Colinas (MA)";"458770,4"
"2103554";"Conceição do Lago-Açu (MA)";"133362,6"
"2103604";"Coroatá (MA)";"479586,5"
"2103703";"Cururupu (MA)";"232034,3"
"2103752";"Davinópolis (MA)";"153645,6"
"2103802";"Dom Pedro (MA)";"244024,9"
"2103901";"Duque Bacelar (MA)";"78514,1"
"2104008";"Esperantinópolis (MA)";"147479,2"
"2104057";"Estreito (MA)";"975695,4"
"2104073";"Feira Nova do Maranhão (MA)";"88358,1"
"2104081";"Fernando Falcão (MA)";"84314,7"
"2104099";"Formosa da Serra Negra (MA)";"161475,9"
"2104107";"Fortaleza dos Nogueiras (MA)";"230287,6"
"2104206";"Fortuna (MA)";"126398,6"
"2104305";"Godofredo Viana (MA)";"1318261,2"
"2104404";"Gonçalves Dias (MA)";"132603,3"
"2104503";"Governador Archer (MA)";"82787,6"
"2104552";"Governador Edison Lobão (MA)";"317403,5"
"2104602";"Governador Eugênio Barros (MA)";"113374,1"
"2104628";"Governador Luiz Rocha (MA)";"65981,7"
"2104651";"Governador Newton Bello (MA)";"74882,0"
"2104677";"Governador Nunes Freire (MA)";"225841,8"
"2104701";"Graça Aranha (MA)";"44897,7"
"2104800";"Grajaú (MA)";"845259,2"
"2104909";"Guimarães (MA)";"86761,6"
"2105005";"Humberto de Campos (MA)";"168573,9"
"2105104";"Icatu (MA)";"172100,8"
"2105153";"Igarapé do Meio (MA)";"229319,4"
"2105203";"Igarapé Grande (MA)";"103945,4"
"2105302";"Imperatriz (MA)";"7193513,7"
"2105351";"Itaipava do Grajaú (MA)";"88966,6"
"2105401";"Itapecuru Mirim (MA)";"649874,6"
"2105427";"Itinga do Maranhão (MA)";"406285,7"
"2105450";"Jatobá (MA)";"73117,4"
"2105476";"Jenipapo dos Vieiras (MA)";"107006,2"
"2105500";"João Lisboa (MA)";"233873,8"
"2105609";"Joselândia (MA)";"113915,2"
"2105658";"Junco do Maranhão (MA)";"52260,2"
"2105708";"Lago da Pedra (MA)";"422837,8"
"2105807";"Lago do Junco (MA)";"68940,5"
"2105906";"Lago Verde (MA)";"130707,7"
"2105922";"Lagoa do Mato (MA)";"84519,1"
"2105948";"Lago dos Rodrigues (MA)";"104281,7"
"2105963";"Lagoa Grande do Maranhão (MA)";"85855,0"
"2105989";"Lajeado Novo (MA)";"83822,1"
"2106003";"Lima Campos (MA)";"140740,4"
"2106102";"Loreto (MA)";"352001,2"
"2106201";"Luís Domingues (MA)";"51950,8"
"2106300";"Magalhães de Almeida (MA)";"126735,2"
"2106326";"Maracaçumé (MA)";"182456,4"
"2106359";"Marajá do Sena (MA)";"66313,2"
"2106375";"Maranhãozinho (MA)";"103859,8"
"2106409";"Mata Roma (MA)";"171207,2"
"2106508";"Matinha (MA)";"177729,9"
"2106607";"Matões (MA)";"210615,9"
"2106631";"Matões do Norte (MA)";"83813,3"
"2106672";"Milagres do Maranhão (MA)";"69362,5"
"2106706";"Mirador (MA)";"230130,4"
"2106755";"Miranda do Norte (MA)";"524180,2"
"2106805";"Mirinzal (MA)";"104861,2"
"2106904";"Monção (MA)";"238460,9"
"2107001";"Montes Altos (MA)";"71930,6"
"2107100";"Morros (MA)";"130609,5"
"2107209";"Nina Rodrigues (MA)";"82274,1"
"2107258";"Nova Colinas (MA)";"73840,7"
"2107308";"Nova Iorque (MA)";"45672,0"
"2107357";"Nova Olinda do Maranhão (MA)";"154909,9"
"2107407";"Olho d'Água das Cunhãs (MA)";"166044,1"
"2107456";"Olinda Nova do Maranhão (MA)";"93847,8"
"2107506";"Paço do Lumiar (MA)";"1086043,6"
"2107605";"Palmeirândia (MA)";"128930,3"
"2107704";"Paraibano (MA)";"170816,7"
"2107803";"Parnarama (MA)";"280522,4"
"2107902";"Passagem Franca (MA)";"169688,8"
"2108009";"Pastos Bons (MA)";"250878,3"
"2108058";"Paulino Neves (MA)";"97062,1"
"2108108";"Paulo Ramos (MA)";"159786,2"
"2108207";"Pedreiras (MA)";"601740,4"
"2108256";"Pedro do Rosário (MA)";"154552,3"
"2108306";"Penalva (MA)";"236295,8"
"2108405";"Peri Mirim (MA)";"81167,0"
"2108454";"Peritoró (MA)";"205091,5"
"2108504";"Pindaré-Mirim (MA)";"315519,8"
"2108603";"Pinheiro (MA)";"911730,5"
"2108702";"Pio XII (MA)";"172743,9"
"2108801";"Pirapemas (MA)";"125404,3"
"2108900";"Poção de Pedras (MA)";"142356,1"
"2109007";"Porto Franco (MA)";"693339,1"
"2109056";"Porto Rico do Maranhão (MA)";"44287,5"
"2109106";"Presidente Dutra (MA)";"651857,8"
"2109205";"Presidente Juscelino (MA)";"84131,4"
"2109239";"Presidente Médici (MA)";"54721,7"
"2109270";"Presidente Sarney (MA)";"136491,4"
"2109304";"Presidente Vargas (MA)";"71772,3"
"2109403";"Primeira Cruz (MA)";"84103,1"
"2109452";"Raposa (MA)";"257137,7"
"2109502";"Riachão (MA)";"551246,2"
"2109551";"Ribamar Fiquene (MA)";"108713,1"
"2109601";"Rosário (MA)";"405251,4"
"2109700";"Sambaíba (MA)";"405891,4"
"2109759";"Santa Filomena do Maranhão (MA)";"54392,2"
"2109809";"Santa Helena (MA)";"308955,1"
"2109908";"Santa Inês (MA)";"1333160,1"
"2110005";"Santa Luzia (MA)";"614228,3"
"2110039";"Santa Luzia do Paruá (MA)";"241303,9"
"2110104";"Santa Quitéria do Maranhão (MA)";"190336,1"
"2110203";"Santa Rita (MA)";"303546,5"
"2110237";"Santana do Maranhão (MA)";"94041,4"
"2110278";"Santo Amaro do Maranhão (MA)";"86383,5"
"2110302";"Santo Antônio dos Lopes (MA)";"2368470,5"
"2110401";"São Benedito do Rio Preto (MA)";"140812,4"
"2110500";"São Bento (MA)";"286295,7"
"2110609";"São Bernardo (MA)";"260540,8"
"2110658";"São Domingos do Azeitão (MA)";"244053,3"
"2110708";"São Domingos do Maranhão (MA)";"326403,9"
"2110807";"São Félix de Balsas (MA)";"65324,3"
"2110856";"São Francisco do Brejão (MA)";"104131,9"
"2110906";"São Francisco do Maranhão (MA)";"82952,2"
"2111003";"São João Batista (MA)";"130419,5"
"2111029";"São João do Carú (MA)";"103615,5"
"2111052";"São João do Paraíso (MA)";"126095,7"
"2111078";"São João do Soter (MA)";"124753,5"
"2111102";"São João dos Patos (MA)";"300004,6"
"2111201";"São José de Ribamar (MA)";"2158300,9"
"2111250";"São José dos Basílios (MA)";"56829,2"
"2111300";"São Luís (MA)";"33067132,1"
"2111409";"São Luís Gonzaga do Maranhão (MA)";"143330,5"
"2111508";"São Mateus do Maranhão (MA)";"352694,4"
"2111532";"São Pedro da Água Branca (MA)";"104438,8"
"2111573";"São Pedro dos Crentes (MA)";"70880,0"
"2111607";"São Raimundo das Mangabeiras (MA)";"600856,4"
"2111631";"São Raimundo do Doca Bezerra (MA)";"40146,6"
"2111672";"São Roberto (MA)";"46135,2"
"2111706";"São Vicente Ferrer (MA)";"136734,6"
"2111722";"Satubinha (MA)";"80414,9"
"2111748";"Senador Alexandre Costa (MA)";"94678,9"
"2111763";"Senador La Rocque (MA)";"172229,5"
"2111789";"Serrano do Maranhão (MA)";"61895,7"
"2111805";"Sítio Novo (MA)";"189741,2"
"2111904";"Sucupira do Norte (MA)";"105293,6"
"2111953";"Sucupira do Riachão (MA)";"41030,0"
"2112001";"Tasso Fragoso (MA)";"2231684,8"
"2112100";"Timbiras (MA)";"174673,4"
"2112209";"Timon (MA)";"2084616,7"
"2112233";"Trizidela do Vale (MA)";"272343,1"
"2112274";"Tufilândia (MA)";"50782,7"
"2112308";"Tuntum (MA)";"348282,4"
"2112407";"Turiaçu (MA)";"262719,7"
"2112456";"Turilândia (MA)";"179051,9"
"2112506";"Tutóia (MA)";"473472,2"
"2112605";"Urbano Santos (MA)";"213627,5"
"2112704";"Vargem Grande (MA)";"378418,3"
"2112803";"Viana (MA)";"456541,7"
"2112852";"Vila Nova dos Martírios (MA)";"137206,2"
"2112902";"Vitória do Mearim (MA)";"259352,8"
"2113009";"Vitorino Freire (MA)";"266158,8"
"2114007";"Zé Doca (MA)";"456380,8"
"2200053";"Acauã (PI)";"62583,8"
"2200103";"Agricolândia (PI)";"43349,5"
"2200202";"Água Branca (PI)";"218513,5"
"2200251";"Alagoinha do Piauí (PI)";"67200,0"
"2200277";"Alegrete do Piauí (PI)";"55056,7"
"2200301";"Alto Longá (PI)";"119487,2"
"2200400";"Altos (PI)";"476988,7"
"2200459";"Alvorada do Gurguéia (PI)";"74584,8"
"2200509";"Amarante (PI)";"182046,8"
"2200608";"Angical do Piauí (PI)";"66750,0"
"2200707";"Anísio de Abreu (PI)";"92246,5"
"2200806";"Antônio Almeida (PI)";"133081,7"
"2200905";"Aroazes (PI)";"55335,3"
"2200954";"Aroeiras do Itaim (PI)";"25690,1"
"2201002";"Arraial (PI)";"44230,6"
"2201051";"Assunção do Piauí (PI)";"55220,3"
"2201101";"Avelino Lopes (PI)";"89540,0"
"2201150";"Baixa Grande do Ribeiro (PI)";"1229453,9"
"2201176";"Barra D'Alcântara (PI)";"40151,5"
"2201200";"Barras (PI)";"468844,1"
"2201309";"Barreiras do Piauí (PI)";"125684,7"
"2201408";"Barro Duro (PI)";"85178,5"
"2201507";"Batalha (PI)";"218227,4"
"2201556";"Bela Vista do Piauí (PI)";"44081,6"
"2201572";"Belém do Piauí (PI)";"39783,0"
"2201606";"Beneditinos (PI)";"88636,0"
"2201705";"Bertolínia (PI)";"69486,0"
"2201739";"Betânia do Piauí (PI)";"57089,2"
"2201770";"Boa Hora (PI)";"63531,2"
"2201804";"Bocaina (PI)";"53110,1"
"2201903";"Bom Jesus (PI)";"1129103,2"
"2201919";"Bom Princípio do Piauí (PI)";"62279,7"
"2201929";"Bonfim do Piauí (PI)";"48889,8"
"2201945";"Boqueirão do Piauí (PI)";"51619,0"
"2201960";"Brasileira (PI)";"65217,5"
"2201988";"Brejo do Piauí (PI)";"38876,7"
"2202000";"Buriti dos Lopes (PI)";"192764,7"
"2202026";"Buriti dos Montes (PI)";"69078,0"
"2202059";"Cabeceiras do Piauí (PI)";"79299,4"
"2202075";"Cajazeiras do Piauí (PI)";"30317,8"
"2202083";"Cajueiro da Praia (PI)";"92555,0"
"2202091";"Caldeirão Grande do Piauí (PI)";"171847,8"
"2202109";"Campinas do Piauí (PI)";"52412,8"
"2202117";"Campo Alegre do Fidalgo (PI)";"47337,7"
"2202133";"Campo Grande do Piauí (PI)";"63116,2"
"2202174";"Campo Largo do Piauí (PI)";"52035,7"
"2202208";"Campo Maior (PI)";"659068,0"
"2202251";"Canavieira (PI)";"39107,3"
"2202307";"Canto do Buriti (PI)";"261974,4"
"2202406";"Capitão de Campos (PI)";"98520,4"
"2202455";"Capitão Gervásio Oliveira (PI)";"38977,5"
"2202505";"Caracol (PI)";"102836,4"
"2202539";"Caraúbas do Piauí (PI)";"55080,2"
"2202554";"Caridade do Piauí (PI)";"50196,4"
"2202604";"Castelo do Piauí (PI)";"186224,4"
"2202653";"Caxingó (PI)";"50234,4"
"2202703";"Cocal (PI)";"252849,8"
"2202711";"Cocal de Telha (PI)";"44081,6"
"2202729";"Cocal dos Alves (PI)";"54412,4"
"2202737";"Coivaras (PI)";"38877,9"
"2202752";"Colônia do Gurguéia (PI)";"63538,8"
"2202778";"Colônia do Piauí (PI)";"62545,2"
"2202802";"Conceição do Canindé (PI)";"59520,2"
"2202851";"Coronel José Dias (PI)";"43845,3"
"2202901";"Corrente (PI)";"516015,4"
"2203008";"Cristalândia do Piauí (PI)";"69091,0"
"2203107";"Cristino Castro (PI)";"113903,0"
"2203206";"Curimatá (PI)";"121755,5"
"2203230";"Currais (PI)";"329608,5"
"2203255";"Curralinhos (PI)";"34849,7"
"2203271";"Curral Novo do Piauí (PI)";"65306,0"
"2203305";"Demerval Lobão (PI)";"196309,8"
"2203354";"Dirceu Arcoverde (PI)";"62126,3"
"2203404";"Dom Expedito Lopes (PI)";"78829,3"
"2203420";"Domingos Mourão (PI)";"41668,5"
"2203453";"Dom Inocêncio (PI)";"96044,8"
"2203503";"Elesbão Veloso (PI)";"152702,4"
"2203602";"Eliseu Martins (PI)";"51582,4"
"2203701";"Esperantina (PI)";"432930,6"
"2203750";"Fartura do Piauí (PI)";"42078,3"
"2203800";"Flores do Piauí (PI)";"44102,5"
"2203859";"Floresta do Piauí (PI)";"24380,9"
"2203909";"Floriano (PI)";"1310020,3"
"2204006";"Francinópolis (PI)";"41648,6"
"2204105";"Francisco Ayres (PI)";"42581,6"
"2204154";"Francisco Macedo (PI)";"34745,0"
"2204204";"Francisco Santos (PI)";"82914,5"
"2204303";"Fronteiras (PI)";"118306,9"
"2204352";"Geminiano (PI)";"56311,6"
"2204402";"Gilbués (PI)";"306922,1"
"2204501";"Guadalupe (PI)";"552495,7"
"2204550";"Guaribas (PI)";"42452,3"
"2204600";"Hugo Napoleão (PI)";"31901,0"
"2204659";"Ilha Grande (PI)";"80050,1"
"2204709";"Inhuma (PI)";"152853,9"
"2204808";"Ipiranga do Piauí (PI)";"79805,5"
"2204907";"Isaías Coelho (PI)";"79905,5"
"2205003";"Itainópolis (PI)";"103984,6"
"2205102";"Itaueira (PI)";"127607,8"
"2205151";"Jacobina do Piauí (PI)";"58623,4"
"2205201";"Jaicós (PI)";"193502,4"
"2205250";"Jardim do Mulato (PI)";"34788,1"
"2205276";"Jatobá do Piauí (PI)";"51510,6"
"2205300";"Jerumenha (PI)";"48021,6"
"2205359";"João Costa (PI)";"64081,8"
"2205409";"Joaquim Pires (PI)";"107278,5"
"2205458";"Joca Marques (PI)";"44857,8"
"2205508";"José de Freitas (PI)";"379057,3"
"2205516";"Juazeiro do Piauí (PI)";"60571,8"
"2205524";"Júlio Borges (PI)";"73993,9"
"2205532";"Jurema (PI)";"42987,7"
"2205540";"Lagoinha do Piauí (PI)";"37320,9"
"2205557";"Lagoa Alegre (PI)";"73116,4"
"2205565";"Lagoa do Barro do Piauí (PI)";"351512,3"
"2205573";"Lagoa de São Francisco (PI)";"52984,4"
"2205581";"Lagoa do Piauí (PI)";"66657,5"
"2205599";"Lagoa do Sítio (PI)";"45726,8"
"2205607";"Landri Sales (PI)";"87622,8"
"2205706";"Luís Correia (PI)";"347609,2"
"2205805";"Luzilândia (PI)";"222359,0"
"2205854";"Madeiro (PI)";"64410,7"
"2205904";"Manoel Emídio (PI)";"53470,8"
"2205953";"Marcolândia (PI)";"153090,2"
"2206001";"Marcos Parente (PI)";"47920,8"
"2206050";"Massapê do Piauí (PI)";"52917,1"
"2206100";"Matias Olímpio (PI)";"90360,2"
"2206209";"Miguel Alves (PI)";"280386,0"
"2206308";"Miguel Leão (PI)";"21596,1"
"2206357";"Milton Brandão (PI)";"54471,2"
"2206407";"Monsenhor Gil (PI)";"108320,9"
"2206506";"Monsenhor Hipólito (PI)";"90016,7"
"2206605";"Monte Alegre do Piauí (PI)";"249657,1"
"2206654";"Morro Cabeça no Tempo (PI)";"35842,0"
"2206670";"Morro do Chapéu do Piauí (PI)";"58910,4"
"2206696";"Murici dos Portelas (PI)";"70557,9"
"2206704";"Nazaré do Piauí (PI)";"64597,6"
"2206720";"Nazária (PI)";"96019,6"
"2206753";"Nossa Senhora de Nazaré (PI)";"42522,7"
"2206803";"Nossa Senhora dos Remédios (PI)";"74638,3"
"2206902";"Novo Oriente do Piauí (PI)";"53133,1"
"2206951";"Novo Santo Antônio (PI)";"28179,2"
"2207009";"Oeiras (PI)";"538556,4"
"2207108";"Olho D'Água do Piauí (PI)";"26002,2"
"2207207";"Padre Marcos (PI)";"74804,0"
"2207306";"Paes Landim (PI)";"43187,7"
"2207355";"Pajeú do Piauí (PI)";"48852,5"
"2207405";"Palmeira do Piauí (PI)";"129020,2"
"2207504";"Palmeirais (PI)";"125159,3"
"2207553";"Paquetá (PI)";"41896,9"
"2207603";"Parnaguá (PI)";"113666,6"
"2207702";"Parnaíba (PI)";"2611434,0"
"2207751";"Passagem Franca do Piauí (PI)";"41459,6"
"2207777";"Patos do Piauí (PI)";"57030,4"
"2207793";"Pau D'Arco do Piauí (PI)";"31697,2"
"2207801";"Paulistana (PI)";"252235,2"
"2207850";"Pavussu (PI)";"35504,2"
"2207900";"Pedro II (PI)";"356419,1"
"2207934";"Pedro Laurentino (PI)";"27380,9"
"2207959";"Nova Santa Rita (PI)";"44011,5"
"2208007";"Picos (PI)";"1758645,0"
"2208106";"Pimenteiras (PI)";"104388,9"
"2208205";"Pio IX (PI)";"207260,4"
"2208304";"Piracuruca (PI)";"335082,1"
"2208403";"Piripiri (PI)";"903368,4"
"2208502";"Porto (PI)";"101795,0"
"2208551";"Porto Alegre do Piauí (PI)";"28847,0"
"2208601";"Prata do Piauí (PI)";"27296,8"
"2208650";"Queimada Nova (PI)";"119597,7"
"2208700";"Redenção do Gurguéia (PI)";"87293,4"
"2208809";"Regeneração (PI)";"218200,7"
"2208858";"Riacho Frio (PI)";"44377,9"
"2208874";"Ribeira do Piauí (PI)";"185657,2"
"2208908";"Ribeiro Gonçalves (PI)";"461223,5"
"2209005";"Rio Grande do Piauí (PI)";"57167,7"
"2209104";"Santa Cruz do Piauí (PI)";"61612,3"
"2209153";"Santa Cruz dos Milagres (PI)";"41415,1"
"2209203";"Santa Filomena (PI)";"498743,2"
"2209302";"Santa Luz (PI)";"56392,0"
"2209351";"Santana do Piauí (PI)";"39168,0"
"2209377";"Santa Rosa do Piauí (PI)";"46466,0"
"2209401";"Santo Antônio de Lisboa (PI)";"71695,5"
"2209450";"Santo Antônio dos Milagres (PI)";"16739,8"
"2209500";"Santo Inácio do Piauí (PI)";"37599,9"
"2209559";"São Braz do Piauí (PI)";"40275,0"
"2209609";"São Félix do Piauí (PI)";"30952,3"
"2209658";"São Francisco de Assis do Piauí (PI)";"52643,1"
"2209708";"São Francisco do Piauí (PI)";"56606,3"
"2209757";"São Gonçalo do Gurguéia (PI)";"53774,4"
"2209807";"São Gonçalo do Piauí (PI)";"50796,2"
"2209856";"São João da Canabrava (PI)";"46888,1"
"2209872";"São João da Fronteira (PI)";"57407,1"
"2209906";"São João da Serra (PI)";"59565,0"
"2209955";"São João da Varjota (PI)";"34402,3"
"2209971";"São João do Arraial (PI)";"62412,9"
"2210003";"São João do Piauí (PI)";"448099,6"
"2210052";"São José do Divino (PI)";"55966,0"
"2210102";"São José do Peixe (PI)";"39539,7"
"2210201";"São José do Piauí (PI)";"68054,0"
"2210300";"São Julião (PI)";"57801,3"
"2210359";"São Lourenço do Piauí (PI)";"40637,0"
"2210375";"São Luis do Piauí (PI)";"24840,8"
"2210383";"São Miguel da Baixa Grande (PI)";"25348,8"
"2210391";"São Miguel do Fidalgo (PI)";"52348,9"
"2210409";"São Miguel do Tapuio (PI)";"150600,4"
"2210508";"São Pedro do Piauí (PI)";"118795,4"
"2210607";"São Raimundo Nonato (PI)";"544991,9"
"2210623";"Sebastião Barros (PI)";"41733,9"
"2210631";"Sebastião Leal (PI)";"175970,7"
"2210656";"Sigefredo Pacheco (PI)";"75579,0"
"2210706";"Simões (PI)";"284849,1"
"2210805";"Simplício Mendes (PI)";"168913,2"
"2210904";"Socorro do Piauí (PI)";"40738,8"
"2210938";"Sussuapara (PI)";"73053,9"
"2210953";"Tamboril do Piauí (PI)";"29914,4"
"2210979";"Tanque do Piauí (PI)";"32903,3"
"2211001";"Teresina (PI)";"21608861,4"
"2211100";"União (PI)";"407095,7"
"2211209";"Uruçuí (PI)";"1912244,2"
"2211308";"Valença do Piauí (PI)";"262550,8"
"2211357";"Várzea Branca (PI)";"46389,7"
"2211407";"Várzea Grande (PI)";"39937,1"
"2211506";"Vera Mendes (PI)";"29865,4"
"2211605";"Vila Nova do Piauí (PI)";"35309,7"
"2211704";"Wall Ferraz (PI)";"37449,6"
"2300101";"Abaiara (CE)";"108504,9"
"2300150";"Acarape (CE)";"155395,7"
"2300200";"Acaraú (CE)";"838947,7"
"2300309";"Acopiara (CE)";"515637,7"
"2300408";"Aiuaba (CE)";"151775,0"
"2300507";"Alcântaras (CE)";"91575,8"
"2300606";"Altaneira (CE)";"65821,7"
"2300705";"Alto Santo (CE)";"209107,7"
"2300754";"Amontada (CE)";"536470,5"
"2300804";"Antonina do Norte (CE)";"68907,4"
"2300903";"Apuiarés (CE)";"112397,5"
"2301000";"Aquiraz (CE)";"3375728,1"
"2301109";"Aracati (CE)";"1479940,2"
"2301208";"Aracoiaba (CE)";"262019,8"
"2301257";"Ararendá (CE)";"88850,5"
"2301307";"Araripe (CE)";"190607,4"
"2301406";"Aratuba (CE)";"157990,8"
"2301505";"Arneiroz (CE)";"66320,1"
"2301604";"Assaré (CE)";"273546,7"
"2301703";"Aurora (CE)";"214719,9"
"2301802";"Baixio (CE)";"64556,9"
"2301851";"Banabuiú (CE)";"209737,3"
"2301901";"Barbalha (CE)";"1198002,7"
"2301950";"Barreira (CE)";"206859,0"
"2302008";"Barro (CE)";"223902,0"
"2302057";"Barroquinha (CE)";"123789,4"
"2302107";"Baturité (CE)";"417281,3"
"2302206";"Beberibe (CE)";"956496,9"
"2302305";"Bela Cruz (CE)";"268263,7"
"2302404";"Boa Viagem (CE)";"508265,8"
"2302503";"Brejo Santo (CE)";"709051,1"
"2302602";"Camocim (CE)";"737463,2"
"2302701";"Campos Sales (CE)";"309895,4"
"2302800";"Canindé (CE)";"882667,9"
"2302909";"Capistrano (CE)";"190413,7"
"2303006";"Caridade (CE)";"181529,4"
"2303105";"Cariré (CE)";"175185,3"
"2303204";"Caririaçu (CE)";"248330,0"
"2303303";"Cariús (CE)";"164687,8"
"2303402";"Carnaubal (CE)";"153577,0"
"2303501";"Cascavel (CE)";"958315,4"
"2303600";"Catarina (CE)";"139920,6"
"2303659";"Catunda (CE)";"104549,9"
"2303709";"Caucaia (CE)";"7171082,1"
"2303808";"Cedro (CE)";"224930,3"
"2303907";"Chaval (CE)";"101907,4"
"2303931";"Choró (CE)";"176740,8"
"2303956";"Chorozinho (CE)";"337759,4"
"2304004";"Coreaú (CE)";"191954,3"
"2304103";"Crateús (CE)";"893114,5"
"2304202";"Crato (CE)";"1723582,9"
"2304236";"Croatá (CE)";"206457,4"
"2304251";"Cruz (CE)";"291984,5"
"2304269";"Deputado Irapuan Pinheiro (CE)";"88183,8"
"2304277";"Ereré (CE)";"67199,4"
"2304285";"Eusébio (CE)";"3188941,5"
"2304301";"Farias Brito (CE)";"209396,4"
"2304350";"Forquilha (CE)";"249689,5"
"2304400";"Fortaleza (CE)";"64821581,7"
"2304459";"Fortim (CE)";"233205,6"
"2304509";"Frecheirinha (CE)";"235396,7"
"2304608";"General Sampaio (CE)";"77786,6"
"2304657";"Graça (CE)";"117404,3"
"2304707";"Granja (CE)";"441906,0"
"2304806";"Granjeiro (CE)";"47138,7"
"2304905";"Groaíras (CE)";"96133,7"
"2304954";"Guaiúba (CE)";"217581,4"
"2305001";"Guaraciaba do Norte (CE)";"639798,0"
"2305100";"Guaramiranga (CE)";"71339,7"
"2305209";"Hidrolândia (CE)";"169389,8"
"2305233";"Horizonte (CE)";"1741190,4"
"2305266";"Ibaretama (CE)";"124441,8"
"2305308";"Ibiapina (CE)";"337651,7"
"2305332";"Ibicuitinga (CE)";"113109,3"
"2305357";"Icapuí (CE)";"367967,9"
"2305407";"Icó (CE)";"680877,1"
"2305506";"Iguatu (CE)";"1747215,2"
"2305605";"Independência (CE)";"298145,8"
"2305654";"Ipaporanga (CE)";"96698,7"
"2305704";"Ipaumirim (CE)";"134464,4"
"2305803";"Ipu (CE)";"471464,8"
"2305902";"Ipueiras (CE)";"313673,4"
"2306009";"Iracema (CE)";"168879,3"
"2306108";"Irauçuba (CE)";"192415,3"
"2306207";"Itaiçaba (CE)";"75891,0"
"2306256";"Itaitinga (CE)";"911356,5"
"2306306";"Itapajé (CE)";"567837,6"
"2306405";"Itapipoca (CE)";"1644837,1"
"2306504";"Itapiúna (CE)";"163790,2"
"2306553";"Itarema (CE)";"694591,0"
"2306603";"Itatira (CE)";"154347,4"
"2306702";"Jaguaretama (CE)";"205399,0"
"2306801";"Jaguaribara (CE)";"140727,1"
"2306900";"Jaguaribe (CE)";"555424,4"
"2307007";"Jaguaruana (CE)";"481687,8"
"2307106";"Jardim (CE)";"260703,5"
"2307205";"Jati (CE)";"119489,5"
"2307254";"Jijoca de Jericoacoara (CE)";"379028,9"
"2307304";"Juazeiro do Norte (CE)";"4827915,2"
"2307403";"Jucás (CE)";"275712,5"
"2307502";"Lavras da Mangabeira (CE)";"285660,3"
"2307601";"Limoeiro do Norte (CE)";"1226770,1"
"2307635";"Madalena (CE)";"161610,9"
"2307650";"Maracanaú (CE)";"10031431,5"
"2307700";"Maranguape (CE)";"1504587,1"
"2307809";"Marco (CE)";"346444,9"
"2307908";"Martinópole (CE)";"89836,1"
"2308005";"Massapê (CE)";"320552,4"
"2308104";"Mauriti (CE)";"474649,8"
"2308203";"Meruoca (CE)";"122358,6"
"2308302";"Milagres (CE)";"276828,2"
"2308351";"Milhã (CE)";"168455,9"
"2308377";"Miraíma (CE)";"100754,1"
"2308401";"Missão Velha (CE)";"458148,3"
"2308500";"Mombaça (CE)";"413851,3"
"2308609";"Monsenhor Tabosa (CE)";"149162,0"
"2308708";"Morada Nova (CE)";"1167791,8"
"2308807";"Moraújo (CE)";"72451,4"
"2308906";"Morrinhos (CE)";"174137,9"
"2309003";"Mucambo (CE)";"117328,6"
"2309102";"Mulungu (CE)";"125686,3"
"2309201";"Nova Olinda (CE)";"157788,5"
"2309300";"Nova Russas (CE)";"310869,4"
"2309409";"Novo Oriente (CE)";"256639,3"
"2309458";"Ocara (CE)";"231683,0"
"2309508";"Orós (CE)";"199601,6"
"2309607";"Pacajus (CE)";"1183737,9"
"2309706";"Pacatuba (CE)";"1099200,9"
"2309805";"Pacoti (CE)";"136416,1"
"2309904";"Pacujá (CE)";"55347,9"
"2310001";"Palhano (CE)";"93528,9"
"2310100";"Palmácia (CE)";"118147,7"
"2310209";"Paracuru (CE)";"518432,3"
"2310258";"Paraipaba (CE)";"488483,7"
"2310308";"Parambu (CE)";"263486,1"
"2310407";"Paramoti (CE)";"110773,1"
"2310506";"Pedra Branca (CE)";"378258,2"
"2310605";"Penaforte (CE)";"116645,4"
"2310704";"Pentecoste (CE)";"486963,0"
"2310803";"Pereiro (CE)";"416484,8"
"2310852";"Pindoretama (CE)";"252608,8"
"2310902";"Piquet Carneiro (CE)";"151867,8"
"2310951";"Pires Ferreira (CE)";"79596,2"
"2311009";"Poranga (CE)";"98316,6"
"2311108";"Porteiras (CE)";"168096,1"
"2311207";"Potengi (CE)";"107591,1"
"2311231";"Potiretama (CE)";"87045,9"
"2311264";"Quiterianópolis (CE)";"171900,6"
"2311306";"Quixadá (CE)";"1051941,2"
"2311355";"Quixelô (CE)";"169835,6"
"2311405";"Quixeramobim (CE)";"1185653,9"
"2311504";"Quixeré (CE)";"459554,8"
"2311603";"Redenção (CE)";"386574,4"
"2311702";"Reriutaba (CE)";"179901,5"
"2311801";"Russas (CE)";"1061511,7"
"2311900";"Saboeiro (CE)";"151105,8"
"2311959";"Salitre (CE)";"147599,0"
"2312007";"Santana do Acaraú (CE)";"259124,4"
"2312106";"Santana do Cariri (CE)";"150513,4"
"2312205";"Santa Quitéria (CE)";"533368,3"
"2312304";"São Benedito (CE)";"598244,9"
"2312403";"São Gonçalo do Amarante (CE)";"4192887,5"
"2312502";"São João do Jaguaribe (CE)";"103053,3"
"2312601";"São Luís do Curu (CE)";"117334,8"
"2312700";"Senador Pompeu (CE)";"316498,1"
"2312809";"Senador Sá (CE)";"59499,0"
"2312908";"Sobral (CE)";"4617239,1"
"2313005";"Solonópole (CE)";"237755,5"
"2313104";"Tabuleiro do Norte (CE)";"376613,1"
"2313203";"Tamboril (CE)";"261257,9"
"2313252";"Tarrafas (CE)";"89433,7"
"2313302";"Tauá (CE)";"686887,4"
"2313351";"Tejuçuoca (CE)";"134585,6"
"2313401";"Tianguá (CE)";"1621107,7"
"2313500";"Trairi (CE)";"819134,7"
"2313559";"Tururu (CE)";"122644,3"
"2313609";"Ubajara (CE)";"627784,4"
"2313708";"Umari (CE)";"64508,2"
"2313757";"Umirim (CE)";"160228,9"
"2313807";"Uruburetama (CE)";"273137,6"
"2313906";"Uruoca (CE)";"193948,2"
"2313955";"Varjota (CE)";"359069,6"
"2314003";"Várzea Alegre (CE)";"435621,7"
"2314102";"Viçosa do Ceará (CE)";"545841,6"
"2400109";"Acari (RN)";"132248,6"
"2400208";"Açu (RN)";"1169389,8"
"2400307";"Afonso Bezerra (RN)";"138830,1"
"2400406";"Água Nova (RN)";"33677,8"
"2400505";"Alexandria (RN)";"156960,0"
"2400604";"Almino Afonso (RN)";"47332,5"
"2400703";"Alto do Rodrigues (RN)";"536154,4"
"2400802";"Angicos (RN)";"180235,1"
"2400901";"Antônio Martins (RN)";"62318,7"
"2401008";"Apodi (RN)";"546244,5"
"2401107";"Areia Branca (RN)";"717176,5"
"2401206";"Arês (RN)";"421516,6"
"2401305";"Campo Grande (RN)";"102741,2"
"2401404";"Baía Formosa (RN)";"282701,1"
"2401453";"Baraúna (RN)";"720012,5"
"2401503";"Barcelona (RN)";"43107,2"
"2401602";"Bento Fernandes (RN)";"53929,8"
"2401651";"Bodó (RN)";"262310,7"
"2401701";"Bom Jesus (RN)";"98835,2"
"2401800";"Brejinho (RN)";"136309,4"
"2401859";"Caiçara do Norte (RN)";"91717,1"
"2401909";"Caiçara do Rio do Vento (RN)";"45998,3"
"2402006";"Caicó (RN)";"1292651,2"
"2402105";"Campo Redondo (RN)";"98340,2"
"2402204";"Canguaretama (RN)";"597286,4"
"2402303";"Caraúbas (RN)";"321061,5"
"2402402";"Carnaúba dos Dantas (RN)";"110988,7"
"2402501";"Carnaubais (RN)";"161004,5"
"2402600";"Ceará-Mirim (RN)";"956379,4"
"2402709";"Cerro Corá (RN)";"124223,7"
"2402808";"Coronel Ezequiel (RN)";"49987,0"
"2402907";"Coronel João Pessoa (RN)";"44554,4"
"2403004";"Cruzeta (RN)";"113747,9"
"2403103";"Currais Novos (RN)";"752944,5"
"2403202";"Doutor Severiano (RN)";"72244,1"
"2403251";"Parnamirim (RN)";"5918024,9"
"2403301";"Encanto (RN)";"54971,5"
"2403400";"Equador (RN)";"70872,4"
"2403509";"Espírito Santo (RN)";"90209,2"
"2403608";"Extremoz (RN)";"545180,0"
"2403707";"Felipe Guerra (RN)";"99821,5"
"2403756";"Fernando Pedroza (RN)";"36890,2"
"2403806";"Florânia (RN)";"109556,2"
"2403905";"Francisco Dantas (RN)";"30370,1"
"2404002";"Frutuoso Gomes (RN)";"41794,4"
"2404101";"Galinhos (RN)";"89543,0"
"2404200";"Goianinha (RN)";"516575,5"
"2404309";"Governador Dix-Sept Rosado (RN)";"238191,7"
"2404408";"Grossos (RN)";"145273,4"
"2404507";"Guamaré (RN)";"1727728,6"
"2404606";"Ielmo Marinho (RN)";"127474,9"
"2404705";"Ipanguaçu (RN)";"167527,5"
"2404804";"Ipueira (RN)";"30016,8"
"2404853";"Itajá (RN)";"81374,7"
"2404903";"Itaú (RN)";"72938,5"
"2405009";"Jaçanã (RN)";"77730,3"
"2405108";"Jandaíra (RN)";"74633,8"
"2405207";"Janduís (RN)";"86654,4"
"2405306";"Januário Cicco (RN)";"82935,8"
"2405405";"Japi (RN)";"46559,6"
"2405504";"Jardim de Angicos (RN)";"56197,2"
"2405603";"Jardim de Piranhas (RN)";"184221,8"
"2405702";"Jardim do Seridó (RN)";"188403,5"
"2405801";"João Câmara (RN)";"1091592,6"
"2405900";"João Dias (RN)";"26178,7"
"2406007";"José da Penha (RN)";"61589,4"
"2406106";"Jucurutu (RN)";"339891,6"
"2406155";"Jundiá (RN)";"39004,8"
"2406205";"Lagoa d'Anta (RN)";"68910,2"
"2406304";"Lagoa de Pedras (RN)";"75054,9"
"2406403";"Lagoa de Velhos (RN)";"36703,0"
"2406502";"Lagoa Nova (RN)";"245742,9"
"2406601";"Lagoa Salgada (RN)";"88211,0"
"2406700";"Lajes (RN)";"139741,5"
"2406809";"Lajes Pintadas (RN)";"49439,3"
"2406908";"Lucrécia (RN)";"53078,3"
"2407005";"Luís Gomes (RN)";"84731,5"
"2407104";"Macaíba (RN)";"1700062,5"
"2407203";"Macau (RN)";"689599,8"
"2407252";"Major Sales (RN)";"43337,3"
"2407302";"Marcelino Vieira (RN)";"77832,1"
"2407401";"Martins (RN)";"98322,6"
"2407500";"Maxaranguape (RN)";"133772,8"
"2407609";"Messias Targino (RN)";"55808,4"
"2407708";"Montanhas (RN)";"123405,6"
"2407807";"Monte Alegre (RN)";"248769,9"
"2407906";"Monte das Gameleiras (RN)";"28497,1"
"2408003";"Mossoró (RN)";"7201162,6"
"2408102";"Natal (RN)";"22675071,1"
"2408201";"Nísia Floresta (RN)";"441616,1"
"2408300";"Nova Cruz (RN)";"535376,5"
"2408409";"Olho d'Água do Borges (RN)";"50336,7"
"2408508";"Ouro Branco (RN)";"54572,6"
"2408607";"Paraná (RN)";"39913,2"
"2408706";"Paraú (RN)";"50963,9"
"2408805";"Parazinho (RN)";"401112,0"
"2408904";"Parelhas (RN)";"345838,3"
"2408953";"Rio do Fogo (RN)";"173323,7"
"2409100";"Passa e Fica (RN)";"135759,6"
"2409209";"Passagem (RN)";"37184,4"
"2409308";"Patu (RN)";"160279,8"
"2409332";"Santa Maria (RN)";"67864,1"
"2409407";"Pau dos Ferros (RN)";"629869,0"
"2409506";"Pedra Grande (RN)";"322712,3"
"2409605";"Pedra Preta (RN)";"31070,7"
"2409704";"Pedro Avelino (RN)";"69771,4"
"2409803";"Pedro Velho (RN)";"163672,0"
"2409902";"Pendências (RN)";"476144,9"
"2410009";"Pilões (RN)";"41533,3"
"2410108";"Poço Branco (RN)";"131627,9"
"2410207";"Portalegre (RN)";"70514,5"
"2410256";"Porto do Mangue (RN)";"126575,9"
"2410306";"Serra Caiada (RN)";"100669,2"
"2410405";"Pureza (RN)";"138750,5"
"2410504";"Rafael Fernandes (RN)";"50065,7"
"2410603";"Rafael Godeiro (RN)";"39073,3"
"2410702";"Riacho da Cruz (RN)";"35809,1"
"2410801";"Riacho de Santana (RN)";"41116,9"
"2410900";"Riachuelo (RN)";"89948,2"
"2411007";"Rodolfo Fernandes (RN)";"52582,8"
"2411056";"Tibau (RN)";"109446,0"
"2411106";"Ruy Barbosa (RN)";"39771,9"
"2411205";"Santa Cruz (RN)";"583899,5"
"2411403";"Santana do Matos (RN)";"145540,4"
"2411429";"Santana do Seridó (RN)";"35072,8"
"2411502";"Santo Antônio (RN)";"293342,0"
"2411601";"São Bento do Norte (RN)";"418182,5"
"2411700";"São Bento do Trairí (RN)";"44513,4"
"2411809";"São Fernando (RN)";"55435,0"
"2411908";"São Francisco do Oeste (RN)";"50707,5"
"2412005";"São Gonçalo do Amarante (RN)";"1744638,5"
"2412104";"São João do Sabugi (RN)";"77797,0"
"2412203";"São José de Mipibu (RN)";"940687,7"
"2412302";"São José do Campestre (RN)";"116229,8"
"2412401";"São José do Seridó (RN)";"79027,5"
"2412500";"São Miguel (RN)";"277712,5"
"2412559";"São Miguel do Gostoso (RN)";"368802,6"
"2412609";"São Paulo do Potengi (RN)";"219979,6"
"2412708";"São Pedro (RN)";"52646,0"
"2412807";"São Rafael (RN)";"85176,9"
"2412906";"São Tomé (RN)";"105842,0"
"2413003";"São Vicente (RN)";"71371,4"
"2413102";"Senador Elói de Souza (RN)";"54070,9"
"2413201";"Senador Georgino Avelino (RN)";"116847,5"
"2413300";"Serra de São Bento (RN)";"51240,0"
"2413359";"Serra do Mel (RN)";"617352,7"
"2413409";"Serra Negra do Norte (RN)";"98845,9"
"2413508";"Serrinha (RN)";"66698,0"
"2413557";"Serrinha dos Pintos (RN)";"46709,2"
"2413607";"Severiano Melo (RN)";"59149,9"
"2413706";"Sítio Novo (RN)";"48415,2"
"2413805";"Taboleiro Grande (RN)";"30066,7"
"2413904";"Taipu (RN)";"136398,0"
"2414001";"Tangará (RN)";"192121,8"
"2414100";"Tenente Ananias (RN)";"107122,3"
"2414159";"Tenente Laurentino Cruz (RN)";"102888,7"
"2414209";"Tibau do Sul (RN)";"397610,3"
"2414308";"Timbaúba dos Batistas (RN)";"34565,0"
"2414407";"Touros (RN)";"610443,6"
"2414456";"Triunfo Potiguar (RN)";"38495,8"
"2414506";"Umarizal (RN)";"140766,3"
"2414605";"Upanema (RN)";"179061,0"
"2414704";"Várzea (RN)";"55577,9"
"2414753";"Venha-Ver (RN)";"40803,4"
"2414803";"Vera Cruz (RN)";"122384,9"
"2414902";"Viçosa (RN)";"21256,5"
"2415008";"Vila Flor (RN)";"44401,2"
"2500106";"Água Branca (PB)";"86555,8"
"2500205";"Aguiar (PB)";"55808,3"
"2500304";"Alagoa Grande (PB)";"281480,2"
"2500403";"Alagoa Nova (PB)";"331770,3"
"2500502";"Alagoinha (PB)";"122809,5"
"2500536";"Alcantil (PB)";"47931,0"
"2500577";"Algodão de Jandaíra (PB)";"26072,3"
"2500601";"Alhandra (PB)";"2216315,6"
"2500700";"São João do Rio do Peixe (PB)";"210505,3"
"2500734";"Amparo (PB)";"27750,3"
"2500775";"Aparecida (PB)";"89771,2"
"2500809";"Araçagi (PB)";"170228,0"
"2500908";"Arara (PB)";"107020,2"
"2501005";"Araruna (PB)";"185758,6"
"2501104";"Areia (PB)";"243317,2"
"2501153";"Areia de Baraúnas (PB)";"22129,5"
"2501203";"Areial (PB)";"60493,3"
"2501302";"Aroeiras (PB)";"150934,9"
"2501351";"Assunção (PB)";"42999,5"
"2501401";"Baía da Traição (PB)";"94182,8"
"2501500";"Bananeiras (PB)";"249050,8"
"2501534";"Baraúna (PB)";"46872,7"
"2501575";"Barra de Santana (PB)";"81033,3"
"2501609";"Barra de Santa Rosa (PB)";"138437,2"
"2501708";"Barra de São Miguel (PB)";"72192,9"
"2501807";"Bayeux (PB)";"1291606,4"
"2501906";"Belém (PB)";"204352,9"
"2502003";"Belém do Brejo do Cruz (PB)";"70188,2"
"2502052";"Bernardino Batista (PB)";"37576,0"
"2502102";"Boa Ventura (PB)";"45561,3"
"2502151";"Boa Vista (PB)";"173207,0"
"2502201";"Bom Jesus (PB)";"30186,0"
"2502300";"Bom Sucesso (PB)";"47849,0"
"2502409";"Bonito de Santa Fé (PB)";"94883,7"
"2502508";"Boqueirão (PB)";"232197,0"
"2502607";"Igaracy (PB)";"57594,9"
"2502706";"Borborema (PB)";"62513,3"
"2502805";"Brejo do Cruz (PB)";"133694,8"
"2502904";"Brejo dos Santos (PB)";"57625,2"
"2503001";"Caaporã (PB)";"475369,6"
"2503100";"Cabaceiras (PB)";"67972,5"
"2503209";"Cabedelo (PB)";"2741069,4"
"2503308";"Cachoeira dos Índios (PB)";"114596,4"
"2503407";"Cacimba de Areia (PB)";"36584,9"
"2503506";"Cacimba de Dentro (PB)";"141379,9"
"2503555";"Cacimbas (PB)";"61658,9"
"2503605";"Caiçara (PB)";"63862,8"
"2503704";"Cajazeiras (PB)";"1134928,7"
"2503753";"Cajazeirinhas (PB)";"37244,9"
"2503803";"Caldas Brandão (PB)";"69228,8"
"2503902";"Camalaú (PB)";"65448,0"
"2504009";"Campina Grande (PB)";"10077160,4"
"2504033";"Capim (PB)";"71115,7"
"2504074";"Caraúbas (PB)";"40491,6"
"2504108";"Carrapateira (PB)";"29053,7"
"2504157";"Casserengue (PB)";"67366,0"
"2504207";"Catingueira (PB)";"48564,8"
"2504306";"Catolé do Rocha (PB)";"456782,1"
"2504355";"Caturité (PB)";"57237,9"
"2504405";"Conceição (PB)";"192205,4"
"2504504";"Condado (PB)";"82288,2"
"2504603";"Conde (PB)";"890606,9"
"2504702";"Congo (PB)";"54648,6"
"2504801";"Coremas (PB)";"196738,2"
"2504850";"Coxixola (PB)";"22527,1"
"2504900";"Cruz do Espírito Santo (PB)";"165362,3"
"2505006";"Cubati (PB)";"67701,0"
"2505105";"Cuité (PB)";"215818,7"
"2505204";"Cuitegi (PB)";"62091,9"
"2505238";"Cuité de Mamanguape (PB)";"67719,8"
"2505279";"Curral de Cima (PB)";"51359,9"
"2505303";"Curral Velho (PB)";"24919,4"
"2505352";"Damião (PB)";"46271,4"
"2505402";"Desterro (PB)";"67393,0"
"2505501";"Vista Serrana (PB)";"36770,2"
"2505600";"Diamante (PB)";"55479,4"
"2505709";"Dona Inês (PB)";"84951,5"
"2505808";"Duas Estradas (PB)";"42040,1"
"2505907";"Emas (PB)";"37697,8"
"2506004";"Esperança (PB)";"467759,2"
"2506103";"Fagundes (PB)";"101934,0"
"2506202";"Frei Martinho (PB)";"28868,9"
"2506251";"Gado Bravo (PB)";"69556,8"
"2506301";"Guarabira (PB)";"1057344,9"
"2506400";"Gurinhém (PB)";"137913,4"
"2506509";"Gurjão (PB)";"35153,8"
"2506608";"Ibiara (PB)";"52442,9"
"2506707";"Imaculada (PB)";"90918,5"
"2506806";"Ingá (PB)";"196937,2"
"2506905";"Itabaiana (PB)";"318023,8"
"2507002";"Itaporanga (PB)";"308927,5"
"2507101";"Itapororoca (PB)";"189740,3"
"2507200";"Itatuba (PB)";"141886,9"
"2507309";"Jacaraú (PB)";"147575,8"
"2507408";"Jericó (PB)";"71029,3"
"2507507";"João Pessoa (PB)";"20728227,0"
"2507606";"Juarez Távora (PB)";"71196,1"
"2507705";"Juazeirinho (PB)";"190200,2"
"2507804";"Junco do Seridó (PB)";"79427,2"
"2507903";"Juripiranga (PB)";"111256,2"
"2508000";"Juru (PB)";"80598,7"
"2508109";"Lagoa (PB)";"47492,4"
"2508208";"Lagoa de Dentro (PB)";"78624,6"
"2508307";"Lagoa Seca (PB)";"291430,6"
"2508406";"Lastro (PB)";"27701,8"
"2508505";"Livramento (PB)";"62097,2"
"2508554";"Logradouro (PB)";"43953,4"
"2508604";"Lucena (PB)";"200774,5"
"2508703";"Mãe d'Água (PB)";"36835,0"
"2508802";"Malta (PB)";"73004,6"
"2508901";"Mamanguape (PB)";"692471,3"
"2509008";"Manaíra (PB)";"86796,5"
"2509057";"Marcação (PB)";"87608,8"
"2509107";"Mari (PB)";"221024,1"
"2509156";"Marizópolis (PB)";"72833,9"
"2509206";"Massaranduba (PB)";"123178,0"
"2509305";"Mataraca (PB)";"225449,4"
"2509339";"Matinhas (PB)";"51307,9"
"2509370";"Mato Grosso (PB)";"28765,6"
"2509396";"Maturéia (PB)";"55539,3"
"2509404";"Mogeiro (PB)";"164346,5"
"2509503";"Montadas (PB)";"52421,4"
"2509602";"Monte Horebe (PB)";"43363,9"
"2509701";"Monteiro (PB)";"577990,9"
"2509800";"Mulungu (PB)";"88689,6"
"2509909";"Natuba (PB)";"92138,1"
"2510006";"Nazarezinho (PB)";"60640,2"
"2510105";"Nova Floresta (PB)";"90900,5"
"2510204";"Nova Olinda (PB)";"52554,2"
"2510303";"Nova Palmeira (PB)";"42406,7"
"2510402";"Olho d'Água (PB)";"58388,1"
"2510501";"Olivedos (PB)";"39888,5"
"2510600";"Ouro Velho (PB)";"34621,4"
"2510659";"Parari (PB)";"20862,1"
"2510709";"Passagem (PB)";"26665,4"
"2510808";"Patos (PB)";"1920850,2"
"2510907";"Paulista (PB)";"143652,8"
"2511004";"Pedra Branca (PB)";"35397,2"
"2511103";"Pedra Lavrada (PB)";"73972,5"
"2511202";"Pedras de Fogo (PB)";"537487,1"
"2511301";"Piancó (PB)";"190593,2"
"2511400";"Picuí (PB)";"204775,6"
"2511509";"Pilar (PB)";"112885,9"
"2511608";"Pilões (PB)";"84386,3"
"2511707";"Pilõezinhos (PB)";"53523,1"
"2511806";"Pirpirituba (PB)";"90648,9"
"2511905";"Pitimbu (PB)";"375323,1"
"2512002";"Pocinhos (PB)";"271743,3"
"2512036";"Poço Dantas (PB)";"36279,4"
"2512077";"Poço de José de Moura (PB)";"44283,8"
"2512101";"Pombal (PB)";"427189,4"
"2512200";"Prata (PB)";"58674,8"
"2512309";"Princesa Isabel (PB)";"255527,3"
"2512408";"Puxinanã (PB)";"121586,2"
"2512507";"Queimadas (PB)";"529576,3"
"2512606";"Quixaba (PB)";"23490,6"
"2512705";"Remígio (PB)";"174741,8"
"2512721";"Pedro Régis (PB)";"52413,1"
"2512747";"Riachão (PB)";"33809,9"
"2512754";"Riachão do Bacamarte (PB)";"47128,9"
"2512762";"Riachão do Poço (PB)";"52177,5"
"2512788";"Riacho de Santo Antônio (PB)";"26824,2"
"2512804";"Riacho dos Cavalos (PB)";"85059,6"
"2512903";"Rio Tinto (PB)";"288049,9"
"2513000";"Salgadinho (PB)";"30834,2"
"2513109";"Salgado de São Félix (PB)";"129093,7"
"2513158";"Santa Cecília (PB)";"58690,5"
"2513208";"Santa Cruz (PB)";"58425,7"
"2513307";"Santa Helena (PB)";"58866,8"
"2513356";"Santa Inês (PB)";"33949,7"
"2513406";"Santa Luzia (PB)";"294590,3"
"2513505";"Santana de Mangueira (PB)";"45660,5"
"2513604";"Santana dos Garrotes (PB)";"62247,2"
"2513653";"Joca Claudino (PB)";"30034,9"
"2513703";"Santa Rita (PB)";"2564207,6"
"2513802";"Santa Teresinha (PB)";"48039,3"
"2513851";"Santo André (PB)";"29073,4"
"2513901";"São Bento (PB)";"489840,3"
"2513927";"São Bentinho (PB)";"49402,6"
"2513943";"São Domingos do Cariri (PB)";"26608,1"
"2513968";"São Domingos (PB)";"32174,5"
"2513984";"São Francisco (PB)";"36639,9"
"2514008";"São João do Cariri (PB)";"49302,0"
"2514107";"São João do Tigre (PB)";"37783,7"
"2514206";"São José da Lagoa Tapada (PB)";"63367,0"
"2514305";"São José de Caiana (PB)";"51229,4"
"2514404";"São José de Espinharas (PB)";"51509,2"
"2514453";"São José dos Ramos (PB)";"54052,8"
"2514503";"São José de Piranhas (PB)";"220330,0"
"2514552";"São José de Princesa (PB)";"33739,1"
"2514602";"São José do Bonfim (PB)";"30000,0"
"2514651";"São José do Brejo do Cruz (PB)";"26357,0"
"2514701";"São José do Sabugi (PB)";"96332,8"
"2514800";"São José dos Cordeiros (PB)";"34399,4"
"2514909";"São Mamede (PB)";"75709,0"
"2515005";"São Miguel de Taipu (PB)";"78432,1"
"2515104";"São Sebastião de Lagoa de Roça (PB)";"99911,7"
"2515203";"São Sebastião do Umbuzeiro (PB)";"35164,3"
"2515302";"Sapé (PB)";"632981,7"
"2515401";"São Vicente do Seridó (PB)";"79692,7"
"2515500";"Serra Branca (PB)";"135501,8"
"2515609";"Serra da Raiz (PB)";"34551,3"
"2515708";"Serra Grande (PB)";"29544,5"
"2515807";"Serra Redonda (PB)";"71737,6"
"2515906";"Serraria (PB)";"62035,1"
"2515930";"Sertãozinho (PB)";"52365,1"
"2515971";"Sobrado (PB)";"97028,2"
"2516003";"Solânea (PB)";"325718,5"
"2516102";"Soledade (PB)";"186551,0"
"2516151";"Sossêgo (PB)";"35788,6"
"2516201";"Sousa (PB)";"1254398,6"
"2516300";"Sumé (PB)";"195666,3"
"2516409";"Tacima (PB)";"83621,9"
"2516508";"Taperoá (PB)";"132766,4"
"2516607";"Tavares (PB)";"130736,3"
"2516706";"Teixeira (PB)";"153304,0"
"2516755";"Tenório (PB)";"30628,4"
"2516805";"Triunfo (PB)";"81015,9"
"2516904";"Uiraúna (PB)";"178335,7"
"2517001";"Umbuzeiro (PB)";"83714,7"
"2517100";"Várzea (PB)";"34060,9"
"2517209";"Vieirópolis (PB)";"45288,5"
"2517407";"Zabelê (PB)";"25100,5"
"2600054";"Abreu e Lima (PE)";"1618172,6"
"2600104";"Afogados da Ingazeira (PE)";"481055,1"
"2600203";"Afrânio (PE)";"283519,1"
"2600302";"Agrestina (PE)";"310850,8"
"2600401";"Água Preta (PE)";"247381,5"
"2600500";"Águas Belas (PE)";"376055,6"
"2600609";"Alagoinha (PE)";"140519,9"
"2600708";"Aliança (PE)";"326748,0"
"2600807";"Altinho (PE)";"194173,8"
"2600906";"Amaraji (PE)";"269316,1"
"2601003";"Angelim (PE)";"127554,5"
"2601052";"Araçoiaba (PE)";"161995,8"
"2601102";"Araripina (PE)";"1035532,6"
"2601201";"Arcoverde (PE)";"1240608,9"
"2601300";"Barra de Guabiraba (PE)";"142607,0"
"2601409";"Barreiros (PE)";"468537,4"
"2601508";"Belém de Maria (PE)";"90871,9"
"2601607";"Belém do São Francisco (PE)";"367361,6"
"2601706";"Belo Jardim (PE)";"2213907,4"
"2601805";"Betânia (PE)";"101589,1"
"2601904";"Bezerros (PE)";"814474,6"
"2602001";"Bodocó (PE)";"295451,1"
"2602100";"Bom Conselho (PE)";"563850,6"
"2602209";"Bom Jardim (PE)";"347771,8"
"2602308";"Bonito (PE)";"461555,2"
"2602407";"Brejão (PE)";"197511,2"
"2602506";"Brejinho (PE)";"70039,4"
"2602605";"Brejo da Madre de Deus (PE)";"466009,3"
"2602704";"Buenos Aires (PE)";"117827,8"
"2602803";"Buíque (PE)";"479640,9"
"2602902";"Cabo de Santo Agostinho (PE)";"10786157,8"
"2603009";"Cabrobó (PE)";"404149,8"
"2603108";"Cachoeirinha (PE)";"216360,7"
"2603207";"Caetés (PE)";"357024,2"
"2603306";"Calçado (PE)";"120260,1"
"2603405";"Calumbi (PE)";"50507,6"
"2603454";"Camaragibe (PE)";"2100775,1"
"2603504";"Camocim de São Félix (PE)";"156658,5"
"2603603";"Camutanga (PE)";"256335,1"
"2603702";"Canhotinho (PE)";"222215,5"
"2603801";"Capoeiras (PE)";"219951,7"
"2603900";"Carnaíba (PE)";"180453,9"
"2603926";"Carnaubeira da Penha (PE)";"84243,2"
"2604007";"Carpina (PE)";"1634470,6"
"2604106";"Caruaru (PE)";"7703430,2"
"2604155";"Casinhas (PE)";"101910,2"
"2604205";"Catende (PE)";"342400,4"
"2604304";"Cedro (PE)";"102211,3"
"2604403";"Chã de Alegria (PE)";"143310,1"
"2604502";"Chã Grande (PE)";"232179,3"
"2604601";"Condado (PE)";"238490,0"
"2604700";"Correntes (PE)";"177707,9"
"2604809";"Cortês (PE)";"115312,6"
"2604908";"Cumaru (PE)";"109984,8"
"2605004";"Cupira (PE)";"263117,3"
"2605103";"Custódia (PE)";"491392,2"
"2605152";"Dormentes (PE)";"235349,0"
"2605202";"Escada (PE)";"1078851,4"
"2605301";"Exu (PE)";"315009,9"
"2605400";"Feira Nova (PE)";"240458,5"
"2605459";"Fernando de Noronha (PE)";"117533,1"
"2605509";"Ferreiros (PE)";"108572,5"
"2605608";"Flores (PE)";"169045,2"
"2605707";"Floresta (PE)";"411260,5"
"2605806";"Frei Miguelinho (PE)";"124948,4"
"2605905";"Gameleira (PE)";"237374,5"
"2606002";"Garanhuns (PE)";"2786055,5"
"2606101";"Glória do Goitá (PE)";"477656,2"
"2606200";"Goiana (PE)";"7036987,9"
"2606309";"Granito (PE)";"73447,1"
"2606408";"Gravatá (PE)";"1225154,7"
"2606507";"Iati (PE)";"187704,1"
"2606606";"Ibimirim (PE)";"317196,8"
"2606705";"Ibirajuba (PE)";"69130,6"
"2606804";"Igarassu (PE)";"2852109,0"
"2606903";"Iguaracy (PE)";"98681,1"
"2607000";"Inajá (PE)";"190611,5"
"2607109";"Ingazeira (PE)";"41171,1"
"2607208";"Ipojuca (PE)";"12048973,2"
"2607307";"Ipubi (PE)";"337741,9"
"2607406";"Itacuruba (PE)";"64962,0"
"2607505";"Itaíba (PE)";"258313,5"
"2607604";"Ilha de Itamaracá (PE)";"267802,1"
"2607653";"Itambé (PE)";"500402,9"
"2607703";"Itapetim (PE)";"125473,7"
"2607752";"Itapissuma (PE)";"2140599,3"
"2607802";"Itaquitinga (PE)";"137401,6"
"2607901";"Jaboatão dos Guararapes (PE)";"14644558,4"
"2607950";"Jaqueira (PE)";"102741,9"
"2608008";"Jataúba (PE)";"143348,8"
"2608057";"Jatobá (PE)";"140164,3"
"2608107";"João Alfredo (PE)";"293274,6"
"2608206";"Joaquim Nabuco (PE)";"188148,1"
"2608255";"Jucati (PE)";"124970,1"
"2608305";"Jupi (PE)";"165239,7"
"2608404";"Jurema (PE)";"113755,5"
"2608453";"Lagoa do Carro (PE)";"266054,6"
"2608503";"Lagoa de Itaenga (PE)";"464204,0"
"2608602";"Lagoa do Ouro (PE)";"128919,4"
"2608701";"Lagoa dos Gatos (PE)";"117448,7"
"2608750";"Lagoa Grande (PE)";"387063,8"
"2608800";"Lajedo (PE)";"505994,9"
"2608909";"Limoeiro (PE)";"776897,9"
"2609006";"Macaparana (PE)";"285842,6"
"2609105";"Machados (PE)";"202490,1"
"2609154";"Manari (PE)";"144865,6"
"2609204";"Maraial (PE)";"94348,2"
"2609303";"Mirandiba (PE)";"152041,3"
"2609402";"Moreno (PE)";"771461,8"
"2609501";"Nazaré da Mata (PE)";"587929,0"
"2609600";"Olinda (PE)";"5414452,0"
"2609709";"Orobó (PE)";"371056,9"
"2609808";"Orocó (PE)";"173814,6"
"2609907";"Ouricuri (PE)";"716376,5"
"2610004";"Palmares (PE)";"850533,2"
"2610103";"Palmeirina (PE)";"75112,3"
"2610202";"Panelas (PE)";"211054,6"
"2610301";"Paranatama (PE)";"214355,6"
"2610400";"Parnamirim (PE)";"199391,4"
"2610509";"Passira (PE)";"234325,1"
"2610608";"Paudalho (PE)";"836293,4"
"2610707";"Paulista (PE)";"4939669,2"
"2610806";"Pedra (PE)";"259390,4"
"2610905";"Pesqueira (PE)";"774354,9"
"2611002";"Petrolândia (PE)";"1764766,3"
"2611101";"Petrolina (PE)";"7079376,4"
"2611200";"Poção (PE)";"91996,0"
"2611309";"Pombos (PE)";"401932,4"
"2611408";"Primavera (PE)";"223763,4"
"2611507";"Quipapá (PE)";"185370,5"
"2611533";"Quixaba (PE)";"56929,4"
"2611606";"Recife (PE)";"49497048,4"
"2611705";"Riacho das Almas (PE)";"219343,8"
"2611804";"Ribeirão (PE)";"490574,8"
"2611903";"Rio Formoso (PE)";"321062,4"
"2612000";"Sairé (PE)";"166933,4"
"2612109";"Salgadinho (PE)";"81525,8"
"2612208";"Salgueiro (PE)";"969253,1"
"2612307";"Saloá (PE)";"156672,3"
"2612406";"Sanharó (PE)";"218557,6"
"2612455";"Santa Cruz (PE)";"130848,7"
"2612471";"Santa Cruz da Baixa Verde (PE)";"104944,6"
"2612505";"Santa Cruz do Capibaribe (PE)";"1765798,7"
"2612554";"Santa Filomena (PE)";"109854,1"
"2612604";"Santa Maria da Boa Vista (PE)";"594509,4"
"2612703";"Santa Maria do Cambucá (PE)";"113533,8"
"2612802";"Santa Terezinha (PE)";"97654,1"
"2612901";"São Benedito do Sul (PE)";"106894,8"
"2613008";"São Bento do Una (PE)";"1329671,9"
"2613107";"São Caitano (PE)";"405962,6"
"2613206";"São João (PE)";"250269,4"
"2613305";"São Joaquim do Monte (PE)";"171033,8"
"2613404";"São José da Coroa Grande (PE)";"257671,6"
"2613503";"São José do Belmonte (PE)";"301989,8"
"2613602";"São José do Egito (PE)";"403604,4"
"2613701";"São Lourenço da Mata (PE)";"1295527,5"
"2613800";"São Vicente Férrer (PE)";"214593,7"
"2613909";"Serra Talhada (PE)";"1512686,5"
"2614006";"Serrita (PE)";"147688,4"
"2614105";"Sertânia (PE)";"368687,0"
"2614204";"Sirinhaém (PE)";"641974,0"
"2614303";"Moreilândia (PE)";"91261,9"
"2614402";"Solidão (PE)";"48804,3"
"2614501";"Surubim (PE)";"824127,0"
"2614600";"Tabira (PE)";"281325,9"
"2614709";"Tacaimbó (PE)";"153683,3"
"2614808";"Tacaratu (PE)";"204481,2"
"2614857";"Tamandaré (PE)";"341413,2"
"2615003";"Taquaritinga do Norte (PE)";"296350,0"
"2615102";"Terezinha (PE)";"68556,0"
"2615201";"Terra Nova (PE)";"82902,9"
"2615300";"Timbaúba (PE)";"712976,1"
"2615409";"Toritama (PE)";"671817,9"
"2615508";"Tracunhaém (PE)";"149521,8"
"2615607";"Trindade (PE)";"353114,3"
"2615706";"Triunfo (PE)";"150016,1"
"2615805";"Tupanatinga (PE)";"210819,4"
"2615904";"Tuparetama (PE)";"79350,0"
"2616001";"Venturosa (PE)";"226370,2"
"2616100";"Verdejante (PE)";"73539,4"
"2616183";"Vertente do Lério (PE)";"72093,8"
"2616209";"Vertentes (PE)";"188226,8"
"2616308";"Vicência (PE)";"443007,7"
"2616407";"Vitória de Santo Antão (PE)";"4026209,0"
"2616506";"Xexéu (PE)";"135421,8"
"2700102";"Água Branca (AL)";"166359,3"
"2700201";"Anadia (AL)";"232193,1"
"2700300";"Arapiraca (AL)";"5227363,6"
"2700409";"Atalaia (AL)";"1075577,3"
"2700508";"Barra de Santo Antônio (AL)";"205048,8"
"2700607";"Barra de São Miguel (AL)";"228782,9"
"2700706";"Batalha (AL)";"190218,5"
"2700805";"Belém (AL)";"179161,7"
"2700904";"Belo Monte (AL)";"116380,2"
"2701001";"Boca da Mata (AL)";"450141,0"
"2701100";"Branquinha (AL)";"690877,3"
"2701209";"Cacimbinhas (AL)";"115898,0"
"2701308";"Cajueiro (AL)";"193595,5"
"2701357";"Campestre (AL)";"61927,3"
"2701407";"Campo Alegre (AL)";"605451,3"
"2701506";"Campo Grande (AL)";"90959,2"
"2701605";"Canapi (AL)";"134662,6"
"2701704";"Capela (AL)";"213770,9"
"2701803";"Carneiros (AL)";"70654,3"
"2701902";"Chã Preta (AL)";"135058,4"
"2702009";"Coité do Nóia (AL)";"147245,8"
"2702108";"Colônia Leopoldina (AL)";"368440,0"
"2702207";"Coqueiro Seco (AL)";"77821,9"
"2702306";"Coruripe (AL)";"1734701,6"
"2702355";"Craíbas (AL)";"316004,9"
"2702405";"Delmiro Gouveia (AL)";"620870,8"
"2702504";"Dois Riachos (AL)";"86014,1"
"2702553";"Estrela de Alagoas (AL)";"126880,5"
"2702603";"Feira Grande (AL)";"350120,0"
"2702702";"Feliz Deserto (AL)";"126835,8"
"2702801";"Flexeiras (AL)";"269903,3"
"2702900";"Girau do Ponciano (AL)";"481235,4"
"2703007";"Ibateguara (AL)";"146332,4"
"2703106";"Igaci (AL)";"262742,4"
"2703205";"Igreja Nova (AL)";"438109,2"
"2703304";"Inhapi (AL)";"141138,5"
"2703403";"Jacaré dos Homens (AL)";"63505,0"
"2703502";"Jacuípe (AL)";"153501,3"
"2703601";"Japaratinga (AL)";"181454,8"
"2703700";"Jaramataia (AL)";"61983,4"
"2703759";"Jequiá da Praia (AL)";"283373,4"
"2703809";"Joaquim Gomes (AL)";"338303,6"
"2703908";"Jundiá (AL)";"44205,1"
"2704005";"Junqueiro (AL)";"424740,8"
"2704104";"Lagoa da Canoa (AL)";"239945,7"
"2704203";"Limoeiro de Anadia (AL)";"541302,5"
"2704302";"Maceió (AL)";"22926009,5"
"2704401";"Major Isidoro (AL)";"208390,0"
"2704500";"Maragogi (AL)";"704915,9"
"2704609";"Maravilha (AL)";"79682,2"
"2704708";"Marechal Deodoro (AL)";"2839263,4"
"2704807";"Maribondo (AL)";"162548,4"
"2704906";"Mar Vermelho (AL)";"54432,7"
"2705002";"Mata Grande (AL)";"307618,3"
"2705101";"Matriz de Camaragibe (AL)";"312164,6"
"2705200";"Messias (AL)";"179683,3"
"2705309";"Minador do Negrão (AL)";"60480,0"
"2705408";"Monteirópolis (AL)";"71490,5"
"2705507";"Murici (AL)";"423644,5"
"2705606";"Novo Lino (AL)";"182542,0"
"2705705";"Olho d'Água das Flores (AL)";"228722,8"
"2705804";"Olho d'Água do Casado (AL)";"81281,3"
"2705903";"Olho d'Água Grande (AL)";"59850,4"
"2706000";"Olivença (AL)";"91820,7"
"2706109";"Ouro Branco (AL)";"94195,6"
"2706208";"Palestina (AL)";"38715,1"
"2706307";"Palmeira dos Índios (AL)";"995053,9"
"2706406";"Pão de Açúcar (AL)";"231094,4"
"2706422";"Pariconha (AL)";"119439,2"
"2706448";"Paripueira (AL)";"181606,8"
"2706505";"Passo de Camaragibe (AL)";"270866,1"
"2706604";"Paulo Jacinto (AL)";"85964,3"
"2706703";"Penedo (AL)";"825973,3"
"2706802";"Piaçabuçu (AL)";"403825,4"
"2706901";"Pilar (AL)";"557551,1"
"2707008";"Pindoba (AL)";"44135,8"
"2707107";"Piranhas (AL)";"295233,2"
"2707206";"Poço das Trincheiras (AL)";"107253,6"
"2707305";"Porto Calvo (AL)";"341028,7"
"2707404";"Porto de Pedras (AL)";"228824,1"
"2707503";"Porto Real do Colégio (AL)";"220965,2"
"2707602";"Quebrangulo (AL)";"173779,3"
"2707701";"Rio Largo (AL)";"1313496,0"
"2707800";"Roteiro (AL)";"159082,9"
"2707909";"Santa Luzia do Norte (AL)";"194229,4"
"2708006";"Santana do Ipanema (AL)";"573536,8"
"2708105";"Santana do Mundaú (AL)";"1379618,9"
"2708204";"São Brás (AL)";"108426,6"
"2708303";"São José da Laje (AL)";"413656,8"
"2708402";"São José da Tapera (AL)";"283574,2"
"2708501";"São Luís do Quitunde (AL)";"766055,1"
"2708600";"São Miguel dos Campos (AL)";"992214,3"
"2708709";"São Miguel dos Milagres (AL)";"174907,2"
"2708808";"São Sebastião (AL)";"669650,2"
"2708907";"Satuba (AL)";"204349,6"
"2708956";"Senador Rui Palmeira (AL)";"101678,0"
"2709004";"Tanque d'Arca (AL)";"79121,3"
"2709103";"Taquarana (AL)";"379706,6"
"2709152";"Teotônio Vilela (AL)";"783576,7"
"2709202";"Traipu (AL)";"262280,7"
"2709301";"União dos Palmares (AL)";"1281739,5"
"2709400";"Viçosa (AL)";"480609,1"
"2800100";"Amparo do São Francisco (SE)";"33764,2"
"2800209";"Aquidabã (SE)";"261790,9"
"2800308";"Aracaju (SE)";"16450111,3"
"2800407";"Arauá (SE)";"122803,7"
"2800506";"Areia Branca (SE)";"231285,3"
"2800605";"Barra dos Coqueiros (SE)";"1111857,1"
"2800670";"Boquim (SE)";"303366,2"
"2800704";"Brejo Grande (SE)";"92294,5"
"2801009";"Campo do Brito (SE)";"229345,2"
"2801108";"Canhoba (SE)";"65029,7"
"2801207";"Canindé de São Francisco (SE)";"3161141,3"
"2801306";"Capela (SE)";"355823,7"
"2801405";"Carira (SE)";"423218,1"
"2801504";"Carmópolis (SE)";"377269,0"
"2801603";"Cedro de São João (SE)";"57578,5"
"2801702";"Cristinápolis (SE)";"225169,2"
"2801900";"Cumbe (SE)";"58755,1"
"2802007";"Divina Pastora (SE)";"120215,5"
"2802106";"Estância (SE)";"2066745,4"
"2802205";"Feira Nova (SE)";"93835,0"
"2802304";"Frei Paulo (SE)";"320701,1"
"2802403";"Gararu (SE)";"136797,0"
"2802502";"General Maynard (SE)";"36531,5"
"2802601";"Graccho Cardoso (SE)";"84752,3"
"2802700";"Ilha das Flores (SE)";"85988,9"
"2802809";"Indiaroba (SE)";"203874,9"
"2802908";"Itabaiana (SE)";"1914193,8"
"2803005";"Itabaianinha (SE)";"470573,5"
"2803104";"Itabi (SE)";"66091,6"
"2803203";"Itaporanga d'Ajuda (SE)";"864540,1"
"2803302";"Japaratuba (SE)";"380354,3"
"2803401";"Japoatã (SE)";"191989,3"
"2803500";"Lagarto (SE)";"1633950,6"
"2803609";"Laranjeiras (SE)";"666878,3"
"2803708";"Macambira (SE)";"86863,9"
"2803807";"Malhada dos Bois (SE)";"47038,5"
"2803906";"Malhador (SE)";"172080,8"
"2804003";"Maruim (SE)";"347501,3"
"2804102";"Moita Bonita (SE)";"222055,2"
"2804201";"Monte Alegre de Sergipe (SE)";"190718,2"
"2804300";"Muribeca (SE)";"91114,2"
"2804409";"Neópolis (SE)";"278491,7"
"2804458";"Nossa Senhora Aparecida (SE)";"107736,7"
"2804508";"Nossa Senhora da Glória (SE)";"699508,5"
"2804607";"Nossa Senhora das Dores (SE)";"390091,7"
"2804706";"Nossa Senhora de Lourdes (SE)";"76430,7"
"2804805";"Nossa Senhora do Socorro (SE)";"2765293,7"
"2804904";"Pacatuba (SE)";"205605,6"
"2805000";"Pedra Mole (SE)";"51925,5"
"2805109";"Pedrinhas (SE)";"90094,7"
"2805208";"Pinhão (SE)";"92729,5"
"2805307";"Pirambu (SE)";"127584,0"
"2805406";"Poço Redondo (SE)";"364586,4"
"2805505";"Poço Verde (SE)";"337886,6"
"2805604";"Porto da Folha (SE)";"311822,7"
"2805703";"Propriá (SE)";"528643,4"
"2805802";"Riachão do Dantas (SE)";"307739,3"
"2805901";"Riachuelo (SE)";"173425,0"
"2806008";"Ribeirópolis (SE)";"306466,3"
"2806107";"Rosário do Catete (SE)";"350383,3"
"2806206";"Salgado (SE)";"190568,7"
"2806305";"Santa Luzia do Itanhy (SE)";"166855,2"
"2806404";"Santana do São Francisco (SE)";"90410,8"
"2806503";"Santa Rosa de Lima (SE)";"48873,3"
"2806602";"Santo Amaro das Brotas (SE)";"138606,8"
"2806701";"São Cristóvão (SE)";"958054,6"
"2806800";"São Domingos (SE)";"114094,4"
"2806909";"São Francisco (SE)";"41904,2"
"2807006";"São Miguel do Aleixo (SE)";"44541,8"
"2807105";"Simão Dias (SE)";"720295,9"
"2807204";"Siriri (SE)";"134173,0"
"2807303";"Telha (SE)";"39963,9"
"2807402";"Tobias Barreto (SE)";"608276,4"
"2807501";"Tomar do Geru (SE)";"139514,5"
"2807600";"Umbaúba (SE)";"351089,5"
"2900108";"Abaíra (BA)";"67333,2"
"2900207";"Abaré (BA)";"172641,4"
"2900306";"Acajutiba (BA)";"137467,5"
"2900355";"Adustina (BA)";"305166,4"
"2900405";"Água Fria (BA)";"143124,3"
"2900504";"Érico Cardoso (BA)";"72606,1"
"2900603";"Aiquara (BA)";"46874,3"
"2900702";"Alagoinhas (BA)";"4455016,0"
"2900801";"Alcobaça (BA)";"305898,5"
"2900900";"Almadina (BA)";"58487,2"
"2901007";"Amargosa (BA)";"417344,7"
"2901106";"Amélia Rodrigues (BA)";"366470,0"
"2901155";"América Dourada (BA)";"148153,2"
"2901205";"Anagé (BA)";"198351,5"
"2901304";"Andaraí (BA)";"117615,8"
"2901353";"Andorinha (BA)";"203219,6"
"2901403";"Angical (BA)";"159622,5"
"2901502";"Anguera (BA)";"78363,1"
"2901601";"Antas (BA)";"143138,6"
"2901700";"Antônio Cardoso (BA)";"110000,1"
"2901809";"Antônio Gonçalves (BA)";"80568,9"
"2901908";"Aporá (BA)";"139595,4"
"2901957";"Apuarema (BA)";"68757,9"
"2902005";"Aracatu (BA)";"125241,7"
"2902054";"Araçás (BA)";"206185,6"
"2902104";"Araci (BA)";"467527,0"
"2902203";"Aramari (BA)";"98928,4"
"2902252";"Arataca (BA)";"99827,0"
"2902302";"Aratuípe (BA)";"74637,2"
"2902401";"Aurelino Leal (BA)";"120729,6"
"2902500";"Baianópolis (BA)";"233239,3"
"2902609";"Baixa Grande (BA)";"166898,5"
"2902658";"Banzaê (BA)";"103222,8"
"2902708";"Barra (BA)";"434922,5"
"2902807";"Barra da Estiva (BA)";"317556,3"
"2902906";"Barra do Choça (BA)";"525080,7"
"2903003";"Barra do Mendes (BA)";"102859,3"
"2903102";"Barra do Rocha (BA)";"67775,2"
"2903201";"Barreiras (BA)";"6138912,2"
"2903235";"Barro Alto (BA)";"106715,2"
"2903276";"Barrocas (BA)";"319430,9"
"2903300";"Barro Preto (BA)";"69110,6"
"2903409";"Belmonte (BA)";"334888,8"
"2903508";"Belo Campo (BA)";"155404,2"
"2903607";"Biritinga (BA)";"139958,0"
"2903706";"Boa Nova (BA)";"105812,4"
"2903805";"Boa Vista do Tupim (BA)";"141092,1"
"2903904";"Bom Jesus da Lapa (BA)";"1135982,5"
"2903953";"Bom Jesus da Serra (BA)";"69906,7"
"2904001";"Boninal (BA)";"105794,3"
"2904050";"Bonito (BA)";"224370,3"
"2904100";"Boquira (BA)";"180958,3"
"2904209";"Botuporã (BA)";"106861,8"
"2904308";"Brejões (BA)";"133184,2"
"2904407";"Brejolândia (BA)";"107176,9"
"2904506";"Brotas de Macaúbas (BA)";"86335,0"
"2904605";"Brumado (BA)";"1558271,3"
"2904704";"Buerarema (BA)";"206070,0"
"2904753";"Buritirama (BA)";"141594,4"
"2904803";"Caatiba (BA)";"74817,2"
"2904852";"Cabaceiras do Paraguaçu (BA)";"138679,6"
"2904902";"Cachoeira (BA)";"454085,7"
"2905008";"Caculé (BA)";"315372,1"
"2905107";"Caém (BA)";"90573,7"
"2905156";"Caetanos (BA)";"98673,0"
"2905206";"Caetité (BA)";"916661,0"
"2905305";"Cafarnaum (BA)";"192591,3"
"2905404";"Cairu (BA)";"655307,2"
"2905503";"Caldeirão Grande (BA)";"94079,8"
"2905602";"Camacan (BA)";"332357,2"
"2905701";"Camaçari (BA)";"25704283,5"
"2905800";"Camamu (BA)";"391964,6"
"2905909";"Campo Alegre de Lourdes (BA)";"273767,6"
"2906006";"Campo Formoso (BA)";"1317265,8"
"2906105";"Canápolis (BA)";"76205,0"
"2906204";"Canarana (BA)";"226674,2"
"2906303";"Canavieiras (BA)";"366477,3"
"2906402";"Candeal (BA)";"64698,5"
"2906501";"Candeias (BA)";"4926636,2"
"2906600";"Candiba (BA)";"131103,8"
"2906709";"Cândido Sales (BA)";"225413,3"
"2906808";"Cansanção (BA)";"309777,3"
"2906824";"Canudos (BA)";"143023,6"
"2906857";"Capela do Alto Alegre (BA)";"126733,0"
"2906873";"Capim Grosso (BA)";"497701,1"
"2906899";"Caraíbas (BA)";"81671,9"
"2906907";"Caravelas (BA)";"385023,1"
"2907004";"Cardeal da Silva (BA)";"100008,7"
"2907103";"Carinhanha (BA)";"259484,4"
"2907202";"Casa Nova (BA)";"814774,6"
"2907301";"Castro Alves (BA)";"289954,8"
"2907400";"Catolândia (BA)";"66596,6"
"2907509";"Catu (BA)";"604851,2"
"2907558";"Caturama (BA)";"70377,4"
"2907608";"Central (BA)";"149154,0"
"2907707";"Chorrochó (BA)";"95818,6"
"2907806";"Cícero Dantas (BA)";"337971,2"
"2907905";"Cipó (BA)";"148506,2"
"2908002";"Coaraci (BA)";"182285,4"
"2908101";"Cocos (BA)";"380379,6"
"2908200";"Conceição da Feira (BA)";"315305,3"
"2908309";"Conceição do Almeida (BA)";"183140,3"
"2908408";"Conceição do Coité (BA)";"761370,9"
"2908507";"Conceição do Jacuípe (BA)";"2341389,3"
"2908606";"Conde (BA)";"262947,6"
"2908705";"Condeúba (BA)";"165500,0"
"2908804";"Contendas do Sincorá (BA)";"43761,9"
"2908903";"Coração de Maria (BA)";"204449,5"
"2909000";"Cordeiros (BA)";"65918,3"
"2909109";"Coribe (BA)";"153924,6"
"2909208";"Coronel João Sá (BA)";"173480,7"
"2909307";"Correntina (BA)";"2398561,4"
"2909406";"Cotegipe (BA)";"150973,2"
"2909505";"Cravolândia (BA)";"44180,2"
"2909604";"Crisópolis (BA)";"181972,9"
"2909703";"Cristópolis (BA)";"138246,7"
"2909802";"Cruz das Almas (BA)";"945654,2"
"2909901";"Curaçá (BA)";"330238,0"
"2910008";"Dário Meira (BA)";"114876,5"
"2910057";"Dias d'Ávila (BA)";"2856805,9"
"2910107";"Dom Basílio (BA)";"130108,6"
"2910206";"Dom Macedo Costa (BA)";"40694,3"
"2910305";"Elísio Medrado (BA)";"70343,0"
"2910404";"Encruzilhada (BA)";"220344,3"
"2910503";"Entre Rios (BA)";"580714,5"
"2910602";"Esplanada (BA)";"587495,3"
"2910701";"Euclides da Cunha (BA)";"790459,3"
"2910727";"Eunápolis (BA)";"3003206,6"
"2910750";"Fátima (BA)";"292932,9"
"2910776";"Feira da Mata (BA)";"56138,8"
"2910800";"Feira de Santana (BA)";"15157724,1"
"2910859";"Filadélfia (BA)";"130465,7"
"2910909";"Firmino Alves (BA)";"62936,6"
"2911006";"Floresta Azul (BA)";"96457,7"
"2911105";"Formosa do Rio Preto (BA)";"3803537,9"
"2911204";"Gandu (BA)";"403069,3"
"2911253";"Gavião (BA)";"46621,7"
"2911303";"Gentio do Ouro (BA)";"119043,3"
"2911402";"Glória (BA)";"227559,6"
"2911501";"Gongogi (BA)";"68704,6"
"2911600";"Governador Mangabeira (BA)";"196192,0"
"2911659";"Guajeru (BA)";"63290,3"
"2911709";"Guanambi (BA)";"1482966,8"
"2911808";"Guaratinga (BA)";"237072,7"
"2911857";"Heliópolis (BA)";"130861,7"
"2911907";"Iaçu (BA)";"228130,9"
"2912004";"Ibiassucê (BA)";"91879,3"
"2912103";"Ibicaraí (BA)";"209593,5"
"2912202";"Ibicoara (BA)";"516692,8"
"2912301";"Ibicuí (BA)";"172747,9"
"2912400";"Ibipeba (BA)";"159856,0"
"2912509";"Ibipitanga (BA)";"109003,7"
"2912608";"Ibiquera (BA)";"34376,7"
"2912707";"Ibirapitanga (BA)";"246028,1"
"2912806";"Ibirapuã (BA)";"380010,1"
"2912905";"Ibirataia (BA)";"190042,9"
"2913002";"Ibitiara (BA)";"109566,5"
"2913101";"Ibititá (BA)";"143357,6"
"2913200";"Ibotirama (BA)";"385589,4"
"2913309";"Ichu (BA)";"51762,2"
"2913408";"Igaporã (BA)";"188410,5"
"2913457";"Igrapiúna (BA)";"174806,5"
"2913507";"Iguaí (BA)";"230933,9"
"2913606";"Ilhéus (BA)";"4532410,1"
"2913705";"Inhambupe (BA)";"569745,8"
"2913804";"Ipecaetá (BA)";"98330,0"
"2913903";"Ipiaú (BA)";"505687,2"
"2914000";"Ipirá (BA)";"581647,8"
"2914109";"Ipupiara (BA)";"96355,5"
"2914208";"Irajuba (BA)";"73417,8"
"2914307";"Iramaia (BA)";"91927,4"
"2914406";"Iraquara (BA)";"577489,3"
"2914505";"Irará (BA)";"279138,9"
"2914604";"Irecê (BA)";"1409123,7"
"2914653";"Itabela (BA)";"425331,5"
"2914703";"Itaberaba (BA)";"899626,6"
"2914802";"Itabuna (BA)";"4036216,1"
"2914901";"Itacaré (BA)";"331932,4"
"2915007";"Itaeté (BA)";"112220,1"
"2915106";"Itagi (BA)";"111710,7"
"2915205";"Itagibá (BA)";"710271,7"
"2915304";"Itagimirim (BA)";"114231,3"
"2915353";"Itaguaçu da Bahia (BA)";"134861,2"
"2915403";"Itaju do Colônia (BA)";"81166,5"
"2915502";"Itajuípe (BA)";"228763,0"
"2915601";"Itamaraju (BA)";"910136,9"
"2915700";"Itamari (BA)";"92081,7"
"2915809";"Itambé (BA)";"270562,9"
"2915908";"Itanagra (BA)";"68183,7"
"2916005";"Itanhém (BA)";"261375,4"
"2916104";"Itaparica (BA)";"246209,3"
"2916203";"Itapé (BA)";"103530,0"
"2916302";"Itapebi (BA)";"353232,8"
"2916401";"Itapetinga (BA)";"1279237,0"
"2916500";"Itapicuru (BA)";"417365,3"
"2916609";"Itapitanga (BA)";"84863,7"
"2916708";"Itaquara (BA)";"87740,3"
"2916807";"Itarantim (BA)";"300271,5"
"2916856";"Itatim (BA)";"345710,5"
"2916906";"Itiruçu (BA)";"111192,6"
"2917003";"Itiúba (BA)";"326400,4"
"2917102";"Itororó (BA)";"221825,0"
"2917201";"Ituaçu (BA)";"186460,0"
"2917300";"Ituberá (BA)";"317910,0"
"2917334";"Iuiu (BA)";"119615,0"
"2917359";"Jaborandi (BA)";"938451,6"
"2917409";"Jacaraci (BA)";"112235,9"
"2917508";"Jacobina (BA)";"1679732,2"
"2917607";"Jaguaquara (BA)";"607955,2"
"2917706";"Jaguarari (BA)";"729634,2"
"2917805";"Jaguaripe (BA)";"199713,1"
"2917904";"Jandaíra (BA)";"146052,3"
"2918001";"Jequié (BA)";"2569664,4"
"2918100";"Jeremoabo (BA)";"421712,7"
"2918209";"Jiquiriçá (BA)";"127823,3"
"2918308";"Jitaúna (BA)";"158563,3"
"2918357";"João Dourado (BA)";"262723,1"
"2918407";"Juazeiro (BA)";"4392098,4"
"2918456";"Jucuruçu (BA)";"108602,5"
"2918506";"Jussara (BA)";"112439,2"
"2918555";"Jussari (BA)";"63634,1"
"2918605";"Jussiape (BA)";"63800,2"
"2918704";"Lafaiete Coutinho (BA)";"49900,1"
"2918753";"Lagoa Real (BA)";"106650,4"
"2918803";"Laje (BA)";"259474,6"
"2918902";"Lajedão (BA)";"85168,2"
"2919009";"Lajedinho (BA)";"58348,4"
"2919058";"Lajedo do Tabocal (BA)";"72904,0"
"2919108";"Lamarão (BA)";"65494,1"
"2919157";"Lapão (BA)";"273548,2"
"2919207";"Lauro de Freitas (BA)";"6450978,1"
"2919306";"Lençóis (BA)";"129808,8"
"2919405";"Licínio de Almeida (BA)";"126677,8"
"2919504";"Livramento de Nossa Senhora (BA)";"549618,1"
"2919553";"Luís Eduardo Magalhães (BA)";"7029000,1"
"2919603";"Macajuba (BA)";"90216,9"
"2919702";"Macarani (BA)";"206272,1"
"2919801";"Macaúbas (BA)";"410008,1"
"2919900";"Macururé (BA)";"58780,7"
"2919926";"Madre de Deus (BA)";"560346,0"
"2919959";"Maetinga (BA)";"48121,6"
"2920007";"Maiquinique (BA)";"129231,8"
"2920106";"Mairi (BA)";"147006,1"
"2920205";"Malhada (BA)";"173474,5"
"2920304";"Malhada de Pedras (BA)";"72892,0"
"2920403";"Manoel Vitorino (BA)";"126980,4"
"2920452";"Mansidão (BA)";"89352,8"
"2920502";"Maracás (BA)";"532161,3"
"2920601";"Maragogipe (BA)";"356788,7"
"2920700";"Maraú (BA)";"261097,2"
"2920809";"Marcionílio Souza (BA)";"90258,7"
"2920908";"Mascote (BA)";"149406,6"
"2921005";"Mata de São João (BA)";"1041786,1"
"2921054";"Matina (BA)";"86136,8"
"2921104";"Medeiros Neto (BA)";"390444,2"
"2921203";"Miguel Calmon (BA)";"246276,7"
"2921302";"Milagres (BA)";"121972,4"
"2921401";"Mirangaba (BA)";"132858,8"
"2921450";"Mirante (BA)";"68276,5"
"2921500";"Monte Santo (BA)";"450322,5"
"2921609";"Morpará (BA)";"72479,1"
"2921708";"Morro do Chapéu (BA)";"454017,0"
"2921807";"Mortugaba (BA)";"101560,3"
"2921906";"Mucugê (BA)";"586072,0"
"2922003";"Mucuri (BA)";"2199335,3"
"2922052";"Mulungu do Morro (BA)";"112086,2"
"2922102";"Mundo Novo (BA)";"183087,7"
"2922201";"Muniz Ferreira (BA)";"60151,4"
"2922250";"Muquém do São Francisco (BA)";"167931,0"
"2922300";"Muritiba (BA)";"272663,0"
"2922409";"Mutuípe (BA)";"361897,6"
"2922508";"Nazaré (BA)";"290366,5"
"2922607";"Nilo Peçanha (BA)";"158930,9"
"2922656";"Nordestina (BA)";"140362,1"
"2922706";"Nova Canaã (BA)";"162138,4"
"2922730";"Nova Fátima (BA)";"90717,6"
"2922755";"Nova Ibiá (BA)";"92990,3"
"2922805";"Nova Itarana (BA)";"61946,2"
"2922854";"Nova Redenção (BA)";"65931,2"
"2922904";"Nova Soure (BA)";"247642,2"
"2923001";"Nova Viçosa (BA)";"518896,9"
"2923035";"Novo Horizonte (BA)";"95684,1"
"2923050";"Novo Triunfo (BA)";"96048,1"
"2923100";"Olindina (BA)";"220884,0"
"2923209";"Oliveira dos Brejinhos (BA)";"254544,3"
"2923308";"Ouriçangas (BA)";"65722,8"
"2923357";"Ourolândia (BA)";"245999,7"
"2923407";"Palmas de Monte Alto (BA)";"207914,5"
"2923506";"Palmeiras (BA)";"95272,4"
"2923605";"Paramirim (BA)";"230883,2"
"2923704";"Paratinga (BA)";"253035,9"
"2923803";"Paripiranga (BA)";"437246,1"
"2923902";"Pau Brasil (BA)";"94352,8"
"2924009";"Paulo Afonso (BA)";"4234976,8"
"2924058";"Pé de Serra (BA)";"119183,0"
"2924108";"Pedrão (BA)";"49029,8"
"2924207";"Pedro Alexandre (BA)";"141228,6"
"2924306";"Piatã (BA)";"158775,0"
"2924405";"Pilão Arcado (BA)";"283721,1"
"2924504";"Pindaí (BA)";"236383,0"
"2924603";"Pindobaçu (BA)";"157370,9"
"2924652";"Pintadas (BA)";"96575,1"
"2924678";"Piraí do Norte (BA)";"93835,7"
"2924702";"Piripá (BA)";"77482,7"
"2924801";"Piritiba (BA)";"170355,2"
"2924900";"Planaltino (BA)";"73786,5"
"2925006";"Planalto (BA)";"261861,6"
"2925105";"Poções (BA)";"506887,8"
"2925204";"Pojuca (BA)";"1173571,7"
"2925253";"Ponto Novo (BA)";"124386,9"
"2925303";"Porto Seguro (BA)";"2962007,1"
"2925402";"Potiraguá (BA)";"101838,5"
"2925501";"Prado (BA)";"488638,1"
"2925600";"Presidente Dutra (BA)";"119396,1"
"2925709";"Presidente Jânio Quadros (BA)";"96344,6"
"2925758";"Presidente Tancredo Neves (BA)";"300280,8"
"2925808";"Queimadas (BA)";"247954,6"
"2925907";"Quijingue (BA)";"210642,9"
"2925931";"Quixabeira (BA)";"68847,5"
"2925956";"Rafael Jambeiro (BA)";"338825,6"
"2926004";"Remanso (BA)";"425208,2"
"2926103";"Retirolândia (BA)";"138438,9"
"2926202";"Riachão das Neves (BA)";"1361699,4"
"2926301";"Riachão do Jacuípe (BA)";"360668,5"
"2926400";"Riacho de Santana (BA)";"291593,7"
"2926509";"Ribeira do Amparo (BA)";"176181,6"
"2926608";"Ribeira do Pombal (BA)";"658086,4"
"2926657";"Ribeirão do Largo (BA)";"99287,3"
"2926707";"Rio de Contas (BA)";"142094,3"
"2926806";"Rio do Antônio (BA)";"115182,4"
"2926905";"Rio do Pires (BA)";"92942,6"
"2927002";"Rio Real (BA)";"984164,7"
"2927101";"Rodelas (BA)";"106507,6"
"2927200";"Ruy Barbosa (BA)";"308584,2"
"2927309";"Salinas da Margarida (BA)";"186491,9"
"2927408";"Salvador (BA)";"58909599,8"
"2927507";"Santa Bárbara (BA)";"164283,3"
"2927606";"Santa Brígida (BA)";"119860,8"
"2927705";"Santa Cruz Cabrália (BA)";"428708,0"
"2927804";"Santa Cruz da Vitória (BA)";"67751,1"
"2927903";"Santa Inês (BA)";"74454,9"
"2928000";"Santaluz (BA)";"413250,4"
"2928059";"Santa Luzia (BA)";"109838,4"
"2928109";"Santa Maria da Vitória (BA)";"503215,0"
"2928208";"Santana (BA)";"291725,1"
"2928307";"Santanópolis (BA)";"64958,5"
"2928406";"Santa Rita de Cássia (BA)";"254571,4"
"2928505";"Santa Terezinha (BA)";"83186,3"
"2928604";"Santo Amaro (BA)";"868318,3"
"2928703";"Santo Antônio de Jesus (BA)";"2164375,8"
"2928802";"Santo Estêvão (BA)";"743501,6"
"2928901";"São Desidério (BA)";"4833217,3"
"2928950";"São Domingos (BA)";"88588,5"
"2929008";"São Félix (BA)";"163907,7"
"2929057";"São Félix do Coribe (BA)";"201928,3"
"2929107";"São Felipe (BA)";"201794,4"
"2929206";"São Francisco do Conde (BA)";"11892676,0"
"2929255";"São Gabriel (BA)";"136682,8"
"2929305";"São Gonçalo dos Campos (BA)";"990270,7"
"2929354";"São José da Vitória (BA)";"57041,0"
"2929370";"São José do Jacuípe (BA)";"99092,1"
"2929404";"São Miguel das Matas (BA)";"139116,1"
"2929503";"São Sebastião do Passé (BA)";"689338,6"
"2929602";"Sapeaçu (BA)";"177925,0"
"2929701";"Sátiro Dias (BA)";"236805,3"
"2929750";"Saubara (BA)";"141193,6"
"2929800";"Saúde (BA)";"96022,1"
"2929909";"Seabra (BA)";"551657,0"
"2930006";"Sebastião Laranjeiras (BA)";"97246,2"
"2930105";"Senhor do Bonfim (BA)";"953811,3"
"2930154";"Serra do Ramalho (BA)";"357963,8"
"2930204";"Sento Sé (BA)";"987204,1"
"2930303";"Serra Dourada (BA)";"183704,1"
"2930402";"Serra Preta (BA)";"123921,6"
"2930501";"Serrinha (BA)";"1012537,5"
"2930600";"Serrolândia (BA)";"106898,0"
"2930709";"Simões Filho (BA)";"4956703,6"
"2930758";"Sítio do Mato (BA)";"118098,6"
"2930766";"Sítio do Quinto (BA)";"109868,5"
"2930774";"Sobradinho (BA)";"909900,4"
"2930808";"Souto Soares (BA)";"131365,2"
"2930907";"Tabocas do Brejo Velho (BA)";"197343,8"
"2931004";"Tanhaçu (BA)";"220363,8"
"2931053";"Tanque Novo (BA)";"171908,3"
"2931103";"Tanquinho (BA)";"58136,4"
"2931202";"Taperoá (BA)";"188909,4"
"2931301";"Tapiramutá (BA)";"123803,2"
"2931350";"Teixeira de Freitas (BA)";"2554975,0"
"2931400";"Teodoro Sampaio (BA)";"88115,4"
"2931509";"Teofilândia (BA)";"173564,1"
"2931608";"Teolândia (BA)";"200709,3"
"2931707";"Terra Nova (BA)";"149318,6"
"2931806";"Tremedal (BA)";"127163,1"
"2931905";"Tucano (BA)";"506621,6"
"2932002";"Uauá (BA)";"226091,3"
"2932101";"Ubaíra (BA)";"249631,1"
"2932200";"Ubaitaba (BA)";"231372,6"
"2932309";"Ubatã (BA)";"211757,5"
"2932408";"Uibaí (BA)";"105846,5"
"2932457";"Umburanas (BA)";"158597,7"
"2932507";"Una (BA)";"263959,7"
"2932606";"Urandi (BA)";"195236,6"
"2932705";"Uruçuca (BA)";"259986,4"
"2932804";"Utinga (BA)";"176030,7"
"2932903";"Valença (BA)";"1578515,9"
"2933000";"Valente (BA)";"245640,9"
"2933059";"Várzea da Roça (BA)";"105469,0"
"2933109";"Várzea do Poço (BA)";"98132,1"
"2933158";"Várzea Nova (BA)";"208147,7"
"2933174";"Varzedo (BA)";"120850,0"
"2933208";"Vera Cruz (BA)";"545538,3"
"2933257";"Vereda (BA)";"84341,0"
"2933307";"Vitória da Conquista (BA)";"7132745,9"
"2933406";"Wagner (BA)";"80273,0"
"2933455";"Wanderley (BA)";"149643,7"
"2933505";"Wenceslau Guimarães (BA)";"294025,8"
"2933604";"Xique-Xique (BA)";"416989,9"
"3100104";"Abadia dos Dourados (MG)";"154060,7"
"3100203";"Abaeté (MG)";"555474,4"
"3100302";"Abre Campo (MG)";"226448,1"
"3100401";"Acaiaca (MG)";"58188,3"
"3100500";"Açucena (MG)";"138594,4"
"3100609";"Água Boa (MG)";"172935,4"
"3100708";"Água Comprida (MG)";"159739,7"
"3100807";"Aguanil (MG)";"71591,8"
"3100906";"Águas Formosas (MG)";"253906,4"
"3101003";"Águas Vermelhas (MG)";"214599,4"
"3101102";"Aimorés (MG)";"578074,2"
"3101201";"Aiuruoca (MG)";"112971,0"
"3101300";"Alagoa (MG)";"46066,8"
"3101409";"Albertina (MG)";"106049,9"
"3101508";"Além Paraíba (MG)";"899478,7"
"3101607";"Alfenas (MG)";"2723426,5"
"3101631";"Alfredo Vasconcelos (MG)";"117698,4"
"3101706";"Almenara (MG)";"632554,6"
"3101805";"Alpercata (MG)";"87457,1"
"3101904";"Alpinópolis (MG)";"450111,4"
"3102001";"Alterosa (MG)";"242421,1"
"3102050";"Alto Caparaó (MG)";"84396,1"
"3102100";"Alto Rio Doce (MG)";"179082,2"
"3102209";"Alvarenga (MG)";"48718,3"
"3102308";"Alvinópolis (MG)";"335440,1"
"3102407";"Alvorada de Minas (MG)";"61072,0"
"3102506";"Amparo do Serra (MG)";"50719,2"
"3102605";"Andradas (MG)";"1017174,6"
"3102704";"Cachoeira de Pajeú (MG)";"121621,7"
"3102803";"Andrelândia (MG)";"249051,6"
"3102852";"Angelândia (MG)";"115787,2"
"3102902";"Antônio Carlos (MG)";"196633,6"
"3103009";"Antônio Dias (MG)";"393064,6"
"3103108";"Antônio Prado de Minas (MG)";"26578,5"
"3103207";"Araçaí (MG)";"57240,9"
"3103306";"Aracitaba (MG)";"27546,5"
"3103405";"Araçuaí (MG)";"493276,3"
"3103504";"Araguari (MG)";"5927057,6"
"3103603";"Arantina (MG)";"68273,1"
"3103702";"Araponga (MG)";"96130,9"
"3103751";"Araporã (MG)";"1462394,1"
"3103801";"Arapuá (MG)";"160974,5"
"3103900";"Araújos (MG)";"374087,8"
"3104007";"Araxá (MG)";"6091847,3"
"3104106";"Arceburgo (MG)";"320211,7"
"3104205";"Arcos (MG)";"1524612,1"
"3104304";"Areado (MG)";"252182,8"
"3104403";"Argirita (MG)";"36702,1"
"3104452";"Aricanduva (MG)";"60664,9"
"3104502";"Arinos (MG)";"280180,0"
"3104601";"Astolfo Dutra (MG)";"272523,0"
"3104700";"Ataléia (MG)";"184850,8"
"3104809";"Augusto de Lima (MG)";"66528,1"
"3104908";"Baependi (MG)";"325098,3"
"3105004";"Baldim (MG)";"163014,7"
"3105103";"Bambuí (MG)";"647331,1"
"3105202";"Bandeira (MG)";"51375,4"
"3105301";"Bandeira do Sul (MG)";"79069,7"
"3105400";"Barão de Cocais (MG)";"1093072,9"
"3105509";"Barão do Monte Alto (MG)";"57190,1"
"3105608";"Barbacena (MG)";"3174424,3"
"3105707";"Barra Longa (MG)";"71817,9"
"3105905";"Barroso (MG)";"492028,2"
"3106002";"Bela Vista de Minas (MG)";"319602,2"
"3106101";"Belmiro Braga (MG)";"58275,7"
"3106200";"Belo Horizonte (MG)";"97563224,3"
"3106309";"Belo Oriente (MG)";"1876489,3"
"3106408";"Belo Vale (MG)";"208781,7"
"3106507";"Berilo (MG)";"106194,0"
"3106606";"Bertópolis (MG)";"45901,3"
"3106655";"Berizal (MG)";"54292,6"
"3106705";"Betim (MG)";"26183772,3"
"3106804";"Bias Fortes (MG)";"36727,2"
"3106903";"Bicas (MG)";"275950,9"
"3107000";"Biquinhas (MG)";"52112,9"
"3107109";"Boa Esperança (MG)";"925680,5"
"3107208";"Bocaina de Minas (MG)";"68510,2"
"3107307";"Bocaiúva (MG)";"1051003,1"
"3107406";"Bom Despacho (MG)";"1444796,8"
"3107505";"Bom Jardim de Minas (MG)";"119990,5"
"3107604";"Bom Jesus da Penha (MG)";"159080,4"
"3107703";"Bom Jesus do Amparo (MG)";"143771,2"
"3107802";"Bom Jesus do Galho (MG)";"161946,5"
"3107901";"Bom Repouso (MG)";"144468,3"
"3108008";"Bom Sucesso (MG)";"376908,2"
"3108107";"Bonfim (MG)";"111677,0"
"3108206";"Bonfinópolis de Minas (MG)";"276463,7"
"3108255";"Bonito de Minas (MG)";"91002,7"
"3108305";"Borda da Mata (MG)";"341441,9"
"3108404";"Botelhos (MG)";"273119,8"
"3108503";"Botumirim (MG)";"60605,9"
"3108552";"Brasilândia de Minas (MG)";"385893,9"
"3108602";"Brasília de Minas (MG)";"356786,1"
"3108701";"Brás Pires (MG)";"44848,1"
"3108800";"Braúnas (MG)";"203226,1"
"3108909";"Brazópolis (MG)";"184745,2"
"3109006";"Brumadinho (MG)";"2320502,1"
"3109105";"Bueno Brandão (MG)";"181287,5"
"3109204";"Buenópolis (MG)";"132076,6"
"3109253";"Bugre (MG)";"42119,2"
"3109303";"Buritis (MG)";"951427,8"
"3109402";"Buritizeiro (MG)";"591082,2"
"3109451";"Cabeceira Grande (MG)";"388585,4"
"3109501";"Cabo Verde (MG)";"256763,2"
"3109600";"Cachoeira da Prata (MG)";"49068,4"
"3109709";"Cachoeira de Minas (MG)";"390133,4"
"3109808";"Cachoeira Dourada (MG)";"103311,0"
"3109907";"Caetanópolis (MG)";"269237,2"
"3110004";"Caeté (MG)";"907313,4"
"3110103";"Caiana (MG)";"113197,7"
"3110202";"Cajuri (MG)";"93434,3"
"3110301";"Caldas (MG)";"268351,2"
"3110400";"Camacho (MG)";"48524,6"
"3110509";"Camanducaia (MG)";"745116,1"
"3110608";"Cambuí (MG)";"1820485,8"
"3110707";"Cambuquira (MG)";"325098,4"
"3110806";"Campanário (MG)";"48808,2"
"3110905";"Campanha (MG)";"378419,3"
"3111002";"Campestre (MG)";"416813,0"
"3111101";"Campina Verde (MG)";"464443,2"
"3111150";"Campo Azul (MG)";"38714,8"
"3111200";"Campo Belo (MG)";"1118548,6"
"3111309";"Campo do Meio (MG)";"182929,4"
"3111408";"Campo Florido (MG)";"653858,9"
"3111507";"Campos Altos (MG)";"371330,0"
"3111606";"Campos Gerais (MG)";"634854,6"
"3111705";"Canaã (MG)";"71276,9"
"3111804";"Canápolis (MG)";"555361,9"
"3111903";"Cana Verde (MG)";"70639,3"
"3112000";"Candeias (MG)";"299745,9"
"3112059";"Cantagalo (MG)";"50535,5"
"3112109";"Caparaó (MG)";"90470,7"
"3112208";"Capela Nova (MG)";"56570,1"
"3112307";"Capelinha (MG)";"735813,2"
"3112406";"Capetinga (MG)";"162184,2"
"3112505";"Capim Branco (MG)";"97193,3"
"3112604";"Capinópolis (MG)";"513055,6"
"3112653";"Capitão Andrade (MG)";"55547,4"
"3112703";"Capitão Enéas (MG)";"360779,1"
"3112802";"Capitólio (MG)";"284069,6"
"3112901";"Caputira (MG)";"107562,5"
"3113008";"Caraí (MG)";"193887,8"
"3113107";"Caranaíba (MG)";"36783,9"
"3113206";"Carandaí (MG)";"686993,5"
"3113305";"Carangola (MG)";"590249,7"
"3113404";"Caratinga (MG)";"2015377,3"
"3113503";"Carbonita (MG)";"192589,5"
"3113602";"Careaçu (MG)";"149242,2"
"3113701";"Carlos Chagas (MG)";"473159,8"
"3113800";"Carmésia (MG)";"34723,4"
"3113909";"Carmo da Cachoeira (MG)";"248574,3"
"3114006";"Carmo da Mata (MG)";"189951,2"
"3114105";"Carmo de Minas (MG)";"217945,6"
"3114204";"Carmo do Cajuru (MG)";"517553,2"
"3114303";"Carmo do Paranaíba (MG)";"857458,8"
"3114402";"Carmo do Rio Claro (MG)";"582134,5"
"3114501";"Carmópolis de Minas (MG)";"408222,7"
"3114550";"Carneirinho (MG)";"373969,9"
"3114600";"Carrancas (MG)";"112041,0"
"3114709";"Carvalhópolis (MG)";"58831,7"
"3114808";"Carvalhos (MG)";"69900,2"
"3114907";"Casa Grande (MG)";"55406,2"
"3115003";"Cascalho Rico (MG)";"68273,5"
"3115102";"Cássia (MG)";"386646,2"
"3115201";"Conceição da Barra de Minas (MG)";"59515,1"
"3115300";"Cataguases (MG)";"1545748,4"
"3115359";"Catas Altas (MG)";"1093867,8"
"3115409";"Catas Altas da Noruega (MG)";"37386,1"
"3115458";"Catuji (MG)";"69033,5"
"3115474";"Catuti (MG)";"50883,0"
"3115508";"Caxambu (MG)";"353180,1"
"3115607";"Cedro do Abaeté (MG)";"22130,3"
"3115706";"Central de Minas (MG)";"81482,6"
"3115805";"Centralina (MG)";"305549,2"
"3115904";"Chácara (MG)";"43713,7"
"3116001";"Chalé (MG)";"83868,9"
"3116100";"Chapada do Norte (MG)";"104448,0"
"3116159";"Chapada Gaúcha (MG)";"294555,1"
"3116209";"Chiador (MG)";"37997,4"
"3116308";"Cipotânea (MG)";"62067,6"
"3116407";"Claraval (MG)";"153886,5"
"3116506";"Claro dos Poções (MG)";"75844,7"
"3116605";"Cláudio (MG)";"809632,5"
"3116704";"Coimbra (MG)";"121728,9"
"3116803";"Coluna (MG)";"104889,4"
"3116902";"Comendador Gomes (MG)";"133473,2"
"3117009";"Comercinho (MG)";"58307,7"
"3117108";"Conceição da Aparecida (MG)";"212087,9"
"3117207";"Conceição das Pedras (MG)";"48110,1"
"3117306";"Conceição das Alagoas (MG)";"1149300,6"
"3117405";"Conceição de Ipanema (MG)";"62097,9"
"3117504";"Conceição do Mato Dentro (MG)";"4188517,3"
"3117603";"Conceição do Pará (MG)";"332618,0"
"3117702";"Conceição do Rio Verde (MG)";"264599,1"
"3117801";"Conceição dos Ouros (MG)";"191124,1"
"3117836";"Cônego Marinho (MG)";"58834,5"
"3117876";"Confins (MG)";"625370,9"
"3117900";"Congonhal (MG)";"171773,4"
"3118007";"Congonhas (MG)";"2988559,9"
"3118106";"Congonhas do Norte (MG)";"44943,2"
"3118205";"Conquista (MG)";"400466,8"
"3118304";"Conselheiro Lafaiete (MG)";"2547916,0"
"3118403";"Conselheiro Pena (MG)";"331217,1"
"3118502";"Consolação (MG)";"28825,4"
"3118601";"Contagem (MG)";"29561690,4"
"3118700";"Coqueiral (MG)";"198670,0"
"3118809";"Coração de Jesus (MG)";"242127,8"
"3118908";"Cordisburgo (MG)";"116769,5"
"3119005";"Cordislândia (MG)";"80545,7"
"3119104";"Corinto (MG)";"671961,7"
"3119203";"Coroaci (MG)";"119196,0"
"3119302";"Coromandel (MG)";"1288038,9"
"3119401";"Coronel Fabriciano (MG)";"1824934,9"
"3119500";"Coronel Murta (MG)";"91086,4"
"3119609";"Coronel Pacheco (MG)";"54514,3"
"3119708";"Coronel Xavier Chaves (MG)";"60715,5"
"3119807";"Córrego Danta (MG)";"156120,6"
"3119906";"Córrego do Bom Jesus (MG)";"42578,5"
"3119955";"Córrego Fundo (MG)";"205077,2"
"3120003";"Córrego Novo (MG)";"35050,3"
"3120102";"Couto de Magalhães de Minas (MG)";"59414,8"
"3120151";"Crisólita (MG)";"69259,6"
"3120201";"Cristais (MG)";"241978,2"
"3120300";"Cristália (MG)";"51354,8"
"3120409";"Cristiano Otoni (MG)";"130895,8"
"3120508";"Cristina (MG)";"208291,4"
"3120607";"Crucilândia (MG)";"80557,9"
"3120706";"Cruzeiro da Fortaleza (MG)";"135966,3"
"3120805";"Cruzília (MG)";"270470,2"
"3120839";"Cuparaque (MG)";"65754,1"
"3120870";"Curral de Dentro (MG)";"72231,5"
"3120904";"Curvelo (MG)";"1946879,6"
"3121001";"Datas (MG)";"61789,5"
"3121100";"Delfim Moreira (MG)";"113171,7"
"3121209";"Delfinópolis (MG)";"210111,3"
"3121258";"Delta (MG)";"468523,5"
"3121308";"Descoberto (MG)";"70470,4"
"3121407";"Desterro de Entre Rios (MG)";"228255,0"
"3121506";"Desterro do Melo (MG)";"42881,0"
"3121605";"Diamantina (MG)";"840314,2"
"3121704";"Diogo de Vasconcelos (MG)";"40353,2"
"3121803";"Dionísio (MG)";"81752,0"
"3121902";"Divinésia (MG)";"54412,2"
"3122009";"Divino (MG)";"281360,9"
"3122108";"Divino das Laranjeiras (MG)";"54955,5"
"3122207";"Divinolândia de Minas (MG)";"74262,2"
"3122306";"Divinópolis (MG)";"7055201,8"
"3122355";"Divisa Alegre (MG)";"130371,0"
"3122405";"Divisa Nova (MG)";"96356,4"
"3122454";"Divisópolis (MG)";"90290,0"
"3122470";"Dom Bosco (MG)";"56223,3"
"3122504";"Dom Cavati (MG)";"62973,6"
"3122603";"Dom Joaquim (MG)";"53209,2"
"3122702";"Dom Silvério (MG)";"99005,6"
"3122801";"Dom Viçoso (MG)";"36575,3"
"3122900";"Dona Euzébia (MG)";"96665,5"
"3123007";"Dores de Campos (MG)";"305511,5"
"3123106";"Dores de Guanhães (MG)";"185475,0"
"3123205";"Dores do Indaiá (MG)";"288371,8"
"3123304";"Dores do Turvo (MG)";"57245,1"
"3123403";"Doresópolis (MG)";"55116,4"
"3123502";"Douradoquara (MG)";"72618,8"
"3123528";"Durandé (MG)";"118238,1"
"3123601";"Elói Mendes (MG)";"717642,2"
"3123700";"Engenheiro Caldas (MG)";"131667,8"
"3123809";"Engenheiro Navarro (MG)";"81752,1"
"3123858";"Entre Folhas (MG)";"62569,5"
"3123908";"Entre Rios de Minas (MG)";"267320,6"
"3124005";"Ervália (MG)";"357926,7"
"3124104";"Esmeraldas (MG)";"822175,8"
"3124203";"Espera Feliz (MG)";"389183,8"
"3124302";"Espinosa (MG)";"330530,7"
"3124401";"Espírito Santo do Dourado (MG)";"105797,4"
"3124500";"Estiva (MG)";"286690,9"
"3124609";"Estrela Dalva (MG)";"38222,6"
"3124708";"Estrela do Indaiá (MG)";"121099,4"
"3124807";"Estrela do Sul (MG)";"379828,8"
"3124906";"Eugenópolis (MG)";"185730,7"
"3125002";"Ewbank da Câmara (MG)";"47681,6"
"3125101";"Extrema (MG)";"11488023,7"
"3125200";"Fama (MG)";"43785,1"
"3125309";"Faria Lemos (MG)";"61240,8"
"3125408";"Felício dos Santos (MG)";"55378,9"
"3125507";"São Gonçalo do Rio Preto (MG)";"39046,1"
"3125606";"Felisburgo (MG)";"68746,2"
"3125705";"Felixlândia (MG)";"249589,6"
"3125804";"Fernandes Tourinho (MG)";"42956,4"
"3125903";"Ferros (MG)";"137627,0"
"3125952";"Fervedouro (MG)";"132019,4"
"3126000";"Florestal (MG)";"133058,2"
"3126109";"Formiga (MG)";"1935728,6"
"3126208";"Formoso (MG)";"250068,7"
"3126307";"Fortaleza de Minas (MG)";"80102,3"
"3126406";"Fortuna de Minas (MG)";"44571,6"
"3126505";"Francisco Badaró (MG)";"67214,3"
"3126604";"Francisco Dumont (MG)";"69504,6"
"3126703";"Francisco Sá (MG)";"433897,8"
"3126752";"Franciscópolis (MG)";"75555,6"
"3126802";"Frei Gaspar (MG)";"65173,1"
"3126901";"Frei Inocêncio (MG)";"114882,4"
"3126950";"Frei Lagonegro (MG)";"35171,8"
"3127008";"Fronteira (MG)";"1020301,2"
"3127057";"Fronteira dos Vales (MG)";"43656,2"
"3127073";"Fruta de Leite (MG)";"43924,6"
"3127107";"Frutal (MG)";"2179815,9"
"3127206";"Funilândia (MG)";"72949,8"
"3127305";"Galiléia (MG)";"91100,8"
"3127339";"Gameleiras (MG)";"51199,4"
"3127354";"Glaucilândia (MG)";"38695,9"
"3127370";"Goiabeira (MG)";"44327,4"
"3127388";"Goianá (MG)";"62173,9"
"3127404";"Gonçalves (MG)";"76309,8"
"3127503";"Gonzaga (MG)";"60207,1"
"3127602";"Gouveia (MG)";"147364,1"
"3127701";"Governador Valadares (MG)";"6737553,0"
"3127800";"Grão Mogol (MG)";"723982,9"
"3127909";"Grupiara (MG)";"37156,6"
"3128006";"Guanhães (MG)";"793589,1"
"3128105";"Guapé (MG)";"317167,9"
"3128204";"Guaraciaba (MG)";"104062,0"
"3128253";"Guaraciama (MG)";"51696,3"
"3128303";"Guaranésia (MG)";"482340,4"
"3128402";"Guarani (MG)";"139958,5"
"3128501";"Guarará (MG)";"50990,8"
"3128600";"Guarda-Mor (MG)";"533810,2"
"3128709";"Guaxupé (MG)";"2281629,0"
"3128808";"Guidoval (MG)";"112278,7"
"3128907";"Guimarânia (MG)";"280926,7"
"3129004";"Guiricema (MG)";"101975,0"
"3129103";"Gurinhatã (MG)";"148264,4"
"3129202";"Heliodora (MG)";"113409,2"
"3129301";"Iapu (MG)";"143032,1"
"3129400";"Ibertioga (MG)";"82351,3"
"3129509";"Ibiá (MG)";"1150501,2"
"3129608";"Ibiaí (MG)";"81424,0"
"3129657";"Ibiracatu (MG)";"47810,3"
"3129707";"Ibiraci (MG)";"682877,6"
"3129806";"Ibirité (MG)";"2623105,2"
"3129905";"Ibitiúra de Minas (MG)";"56228,3"
"3130002";"Ibituruna (MG)";"49521,5"
"3130051";"Icaraí de Minas (MG)";"96808,4"
"3130101";"Igarapé (MG)";"914588,0"
"3130200";"Igaratinga (MG)";"552214,7"
"3130309";"Iguatama (MG)";"401522,6"
"3130408";"Ijaci (MG)";"398258,3"
"3130507";"Ilicínea (MG)";"203438,8"
"3130556";"Imbé de Minas (MG)";"78837,8"
"3130606";"Inconfidentes (MG)";"115140,9"
"3130655";"Indaiabira (MG)";"70395,2"
"3130705";"Indianópolis (MG)";"597070,0"
"3130804";"Ingaí (MG)";"94234,5"
"3130903";"Inhapim (MG)";"365037,9"
"3131000";"Inhaúma (MG)";"121722,9"
"3131109";"Inimutaba (MG)";"80600,4"
"3131158";"Ipaba (MG)";"178560,0"
"3131208";"Ipanema (MG)";"287280,1"
"3131307";"Ipatinga (MG)";"11150344,9"
"3131406";"Ipiaçu (MG)";"141417,2"
"3131505";"Ipuiúna (MG)";"172555,8"
"3131604";"Iraí de Minas (MG)";"210987,9"
"3131703";"Itabira (MG)";"6793092,3"
"3131802";"Itabirinha (MG)";"138641,6"
"3131901";"Itabirito (MG)";"6658985,8"
"3132008";"Itacambira (MG)";"67423,8"
"3132107";"Itacarambi (MG)";"206233,3"
"3132206";"Itaguara (MG)";"341479,4"
"3132305";"Itaipé (MG)";"105186,1"
"3132404";"Itajubá (MG)";"3290733,1"
"3132503";"Itamarandiba (MG)";"595956,5"
"3132602";"Itamarati de Minas (MG)";"62416,9"
"3132701";"Itambacuri (MG)";"312044,9"
"3132800";"Itambé do Mato Dentro (MG)";"31591,3"
"3132909";"Itamogi (MG)";"211080,7"
"3133006";"Itamonte (MG)";"1024131,2"
"3133105";"Itanhandu (MG)";"434109,0"
"3133204";"Itanhomi (MG)";"140110,1"
"3133303";"Itaobim (MG)";"275995,6"
"3133402";"Itapagipe (MG)";"475420,0"
"3133501";"Itapecerica (MG)";"518465,0"
"3133600";"Itapeva (MG)";"681976,5"
"3133709";"Itatiaiuçu (MG)";"1855663,1"
"3133758";"Itaú de Minas (MG)";"632310,8"
"3133808";"Itaúna (MG)";"3706566,1"
"3133907";"Itaverava (MG)";"61267,1"
"3134004";"Itinga (MG)";"126085,7"
"3134103";"Itueta (MG)";"89285,6"
"3134202";"Ituiutaba (MG)";"3585918,3"
"3134301";"Itumirim (MG)";"79032,8"
"3134400";"Iturama (MG)";"2298330,3"
"3134509";"Itutinga (MG)";"145975,0"
"3134608";"Jaboticatubas (MG)";"264422,2"
"3134707";"Jacinto (MG)";"125531,1"
"3134806";"Jacuí (MG)";"131773,5"
"3134905";"Jacutinga (MG)";"1031915,6"
"3135001";"Jaguaraçu (MG)";"108104,2"
"3135050";"Jaíba (MG)";"634980,4"
"3135076";"Jampruca (MG)";"66488,4"
"3135100";"Janaúba (MG)";"1174157,4"
"3135209";"Januária (MG)";"808381,3"
"3135308";"Japaraíba (MG)";"81795,5"
"3135357";"Japonvar (MG)";"70907,9"
"3135407";"Jeceaba (MG)";"1243843,2"
"3135456";"Jenipapo de Minas (MG)";"76846,0"
"3135506";"Jequeri (MG)";"181522,7"
"3135605";"Jequitaí (MG)";"119144,2"
"3135704";"Jequitibá (MG)";"111185,7"
"3135803";"Jequitinhonha (MG)";"254493,7"
"3135902";"Jesuânia (MG)";"81476,4"
"3136009";"Joaíma (MG)";"160109,8"
"3136108";"Joanésia (MG)";"106644,8"
"3136207";"João Monlevade (MG)";"3334496,7"
"3136306";"João Pinheiro (MG)";"1847326,4"
"3136405";"Joaquim Felício (MG)";"66735,7"
"3136504";"Jordânia (MG)";"95050,3"
"3136520";"José Gonçalves de Minas (MG)";"47695,1"
"3136553";"José Raydan (MG)";"70226,3"
"3136579";"Josenópolis (MG)";"49441,7"
"3136603";"Nova União (MG)";"92510,0"
"3136652";"Juatuba (MG)";"1323792,4"
"3136702";"Juiz de Fora (MG)";"16873180,1"
"3136801";"Juramento (MG)";"45775,0"
"3136900";"Juruaia (MG)";"197062,4"
"3136959";"Juvenília (MG)";"58309,0"
"3137007";"Ladainha (MG)";"132952,3"
"3137106";"Lagamar (MG)";"190759,0"
"3137205";"Lagoa da Prata (MG)";"1936408,3"
"3137304";"Lagoa dos Patos (MG)";"52928,5"
"3137403";"Lagoa Dourada (MG)";"268039,4"
"3137502";"Lagoa Formosa (MG)";"499754,1"
"3137536";"Lagoa Grande (MG)";"230483,3"
"3137601";"Lagoa Santa (MG)";"1866029,0"
"3137700";"Lajinha (MG)";"373987,5"
"3137809";"Lambari (MG)";"356771,7"
"3137908";"Lamim (MG)";"45128,6"
"3138005";"Laranjal (MG)";"87353,0"
"3138104";"Lassance (MG)";"152981,9"
"3138203";"Lavras (MG)";"2677947,2"
"3138302";"Leandro Ferreira (MG)";"47758,0"
"3138351";"Leme do Prado (MG)";"62622,9"
"3138401";"Leopoldina (MG)";"1016685,7"
"3138500";"Liberdade (MG)";"93025,7"
"3138609";"Lima Duarte (MG)";"289929,3"
"3138625";"Limeira do Oeste (MG)";"394731,8"
"3138658";"Lontra (MG)";"82290,9"
"3138674";"Luisburgo (MG)";"100811,1"
"3138682";"Luislândia (MG)";"58799,0"
"3138708";"Luminárias (MG)";"109098,0"
"3138807";"Luz (MG)";"564800,6"
"3138906";"Machacalis (MG)";"104446,4"
"3139003";"Machado (MG)";"1119550,2"
"3139102";"Madre de Deus de Minas (MG)";"245353,3"
"3139201";"Malacacheta (MG)";"224481,0"
"3139250";"Mamonas (MG)";"54175,1"
"3139300";"Manga (MG)";"225275,5"
"3139409";"Manhuaçu (MG)";"2983894,1"
"3139508";"Manhumirim (MG)";"525572,9"
"3139607";"Mantena (MG)";"418592,3"
"3139706";"Maravilhas (MG)";"194176,7"
"3139805";"Mar de Espanha (MG)";"205643,1"
"3139904";"Maria da Fé (MG)";"186572,7"
"3140001";"Mariana (MG)";"3265440,7"
"3140100";"Marilac (MG)";"54882,5"
"3140159";"Mário Campos (MG)";"178790,3"
"3140209";"Maripá de Minas (MG)";"72480,3"
"3140308";"Marliéria (MG)";"48438,1"
"3140407";"Marmelópolis (MG)";"40060,0"
"3140506";"Martinho Campos (MG)";"379201,5"
"3140530";"Martins Soares (MG)";"253643,6"
"3140555";"Mata Verde (MG)";"72702,8"
"3140605";"Materlândia (MG)";"54175,0"
"3140704";"Mateus Leme (MG)";"670587,2"
"3140803";"Matias Barbosa (MG)";"536255,9"
"3140852";"Matias Cardoso (MG)";"138607,7"
"3140902";"Matipó (MG)";"418606,8"
"3141009";"Mato Verde (MG)";"148163,8"
"3141108";"Matozinhos (MG)";"1158777,6"
"3141207";"Matutina (MG)";"86969,4"
"3141306";"Medeiros (MG)";"178546,9"
"3141405";"Medina (MG)";"228140,6"
"3141504";"Mendes Pimentel (MG)";"73002,6"
"3141603";"Mercês (MG)";"135823,6"
"3141702";"Mesquita (MG)";"51884,9"
"3141801";"Minas Novas (MG)";"334332,6"
"3141900";"Minduri (MG)";"123737,2"
"3142007";"Mirabela (MG)";"155578,5"
"3142106";"Miradouro (MG)";"143891,6"
"3142205";"Miraí (MG)";"257283,8"
"3142254";"Miravânia (MG)";"40544,8"
"3142304";"Moeda (MG)";"70027,9"
"3142403";"Moema (MG)";"123257,2"
"3142502";"Monjolos (MG)";"38711,4"
"3142601";"Monsenhor Paulo (MG)";"191922,0"
"3142700";"Montalvânia (MG)";"142704,9"
"3142809";"Monte Alegre de Minas (MG)";"614270,2"
"3142908";"Monte Azul (MG)";"229900,6"
"3143005";"Monte Belo (MG)";"322028,3"
"3143104";"Monte Carmelo (MG)";"1275767,5"
"3143153";"Monte Formoso (MG)";"40744,4"
"3143203";"Monte Santo de Minas (MG)";"448557,5"
"3143302";"Montes Claros (MG)";"9688067,2"
"3143401";"Monte Sião (MG)";"482817,1"
"3143450";"Montezuma (MG)";"85861,0"
"3143500";"Morada Nova de Minas (MG)";"404414,7"
"3143609";"Morro da Garça (MG)";"56510,9"
"3143708";"Morro do Pilar (MG)";"40247,5"
"3143807";"Munhoz (MG)";"105067,5"
"3143906";"Muriaé (MG)";"2432906,3"
"3144003";"Mutum (MG)";"480083,7"
"3144102";"Muzambinho (MG)";"482540,8"
"3144201";"Nacip Raydan (MG)";"32851,7"
"3144300";"Nanuque (MG)";"857060,5"
"3144359";"Naque (MG)";"83512,2"
"3144375";"Natalândia (MG)";"61261,2"
"3144409";"Natércia (MG)";"85091,2"
"3144508";"Nazareno (MG)";"409021,8"
"3144607";"Nepomuceno (MG)";"538837,5"
"3144656";"Ninheira (MG)";"102386,9"
"3144672";"Nova Belém (MG)";"63190,9"
"3144706";"Nova Era (MG)";"387330,3"
"3144805";"Nova Lima (MG)";"12216158,3"
"3144904";"Nova Módica (MG)";"51481,8"
"3145000";"Nova Ponte (MG)";"1248529,2"
"3145059";"Nova Porteirinha (MG)";"108487,7"
"3145109";"Nova Resende (MG)";"297869,5"
"3145208";"Nova Serrana (MG)";"2398607,9"
"3145307";"Novo Cruzeiro (MG)";"295188,7"
"3145356";"Novo Oriente de Minas (MG)";"118181,1"
"3145372";"Novorizonte (MG)";"59252,5"
"3145406";"Olaria (MG)";"29207,2"
"3145455";"Olhos-d'Água (MG)";"216935,7"
"3145505";"Olímpio Noronha (MG)";"41016,6"
"3145604";"Oliveira (MG)";"910178,6"
"3145703";"Oliveira Fortes (MG)";"34742,1"
"3145802";"Onça de Pitangui (MG)";"63059,5"
"3145851";"Oratórios (MG)";"61626,2"
"3145877";"Orizânia (MG)";"89982,4"
"3145901";"Ouro Branco (MG)";"4575454,4"
"3146008";"Ouro Fino (MG)";"824885,2"
"3146107";"Ouro Preto (MG)";"3748902,4"
"3146206";"Ouro Verde de Minas (MG)";"59464,4"
"3146255";"Padre Carvalho (MG)";"56413,1"
"3146305";"Padre Paraíso (MG)";"204008,6"
"3146404";"Paineiras (MG)";"71054,1"
"3146503";"Pains (MG)";"378565,2"
"3146552";"Pai Pedro (MG)";"54817,6"
"3146602";"Paiva (MG)";"25852,3"
"3146701";"Palma (MG)";"88392,0"
"3146750";"Palmópolis (MG)";"57336,6"
"3146909";"Papagaios (MG)";"305535,1"
"3147006";"Paracatu (MG)";"5561744,6"
"3147105";"Pará de Minas (MG)";"3382741,1"
"3147204";"Paraguaçu (MG)";"563789,4"
"3147303";"Paraisópolis (MG)";"535655,7"
"3147402";"Paraopeba (MG)";"780045,2"
"3147501";"Passabém (MG)";"21851,7"
"3147600";"Passa Quatro (MG)";"529024,5"
"3147709";"Passa Tempo (MG)";"292293,4"
"3147808";"Passa Vinte (MG)";"35484,5"
"3147907";"Passos (MG)";"2618381,5"
"3147956";"Patis (MG)";"51475,9"
"3148004";"Patos de Minas (MG)";"5401453,5"
"3148103";"Patrocínio (MG)";"3290514,7"
"3148202";"Patrocínio do Muriaé (MG)";"117250,0"
"3148301";"Paula Cândido (MG)";"115403,2"
"3148400";"Paulistas (MG)";"60926,0"
"3148509";"Pavão (MG)";"83347,9"
"3148608";"Peçanha (MG)";"223531,3"
"3148707";"Pedra Azul (MG)";"322277,9"
"3148756";"Pedra Bonita (MG)";"82848,5"
"3148806";"Pedra do Anta (MG)";"45834,5"
"3148905";"Pedra do Indaiá (MG)";"106680,7"
"3149002";"Pedra Dourada (MG)";"36326,1"
"3149101";"Pedralva (MG)";"146714,6"
"3149150";"Pedras de Maria da Cruz (MG)";"98405,7"
"3149200";"Pedrinópolis (MG)";"155222,1"
"3149309";"Pedro Leopoldo (MG)";"1651761,8"
"3149408";"Pedro Teixeira (MG)";"26480,0"
"3149507";"Pequeri (MG)";"50738,7"
"3149606";"Pequi (MG)";"77815,5"
"3149705";"Perdigão (MG)";"215069,0"
"3149804";"Perdizes (MG)";"1273680,2"
"3149903";"Perdões (MG)";"579939,2"
"3149952";"Periquito (MG)";"99485,0"
"3150000";"Pescador (MG)";"43910,7"
"3150109";"Piau (MG)";"71216,3"
"3150158";"Piedade de Caratinga (MG)";"113556,5"
"3150208";"Piedade de Ponte Nova (MG)";"59320,5"
"3150307";"Piedade do Rio Grande (MG)";"91754,9"
"3150406";"Piedade dos Gerais (MG)";"81453,5"
"3150505";"Pimenta (MG)";"229653,9"
"3150539";"Pingo-d'Água (MG)";"46235,2"
"3150570";"Pintópolis (MG)";"64984,3"
"3150604";"Piracema (MG)";"249106,8"
"3150703";"Pirajuba (MG)";"405543,2"
"3150802";"Piranga (MG)";"189532,6"
"3150901";"Piranguçu (MG)";"70548,1"
"3151008";"Piranguinho (MG)";"125873,4"
"3151107";"Pirapetinga (MG)";"529633,8"
"3151206";"Pirapora (MG)";"2263787,0"
"3151305";"Piraúba (MG)";"185103,2"
"3151404";"Pitangui (MG)";"582423,9"
"3151503";"Piumhi (MG)";"1046977,8"
"3151602";"Planura (MG)";"536269,0"
"3151701";"Poço Fundo (MG)";"325494,8"
"3151800";"Poços de Caldas (MG)";"7988926,7"
"3151909";"Pocrane (MG)";"103710,8"
"3152006";"Pompéu (MG)";"940089,7"
"3152105";"Ponte Nova (MG)";"1983083,4"
"3152131";"Ponto Chique (MG)";"48121,5"
"3152170";"Ponto dos Volantes (MG)";"110210,5"
"3152204";"Porteirinha (MG)";"441065,2"
"3152303";"Porto Firme (MG)";"111459,5"
"3152402";"Poté (MG)";"162618,4"
"3152501";"Pouso Alegre (MG)";"8140762,0"
"3152600";"Pouso Alto (MG)";"323644,8"
"3152709";"Prados (MG)";"206921,0"
"3152808";"Prata (MG)";"1135175,6"
"3152907";"Pratápolis (MG)";"181792,1"
"3153004";"Pratinha (MG)";"123075,8"
"3153103";"Presidente Bernardes (MG)";"58401,0"
"3153202";"Presidente Juscelino (MG)";"53712,1"
"3153301";"Presidente Kubitschek (MG)";"32905,4"
"3153400";"Presidente Olegário (MG)";"564509,1"
"3153509";"Alto Jequitibá (MG)";"111277,5"
"3153608";"Prudente de Morais (MG)";"175451,4"
"3153707";"Quartel Geral (MG)";"67540,9"
"3153806";"Queluzito (MG)";"37820,7"
"3153905";"Raposos (MG)";"256081,2"
"3154002";"Raul Soares (MG)";"360068,6"
"3154101";"Recreio (MG)";"110319,8"
"3154150";"Reduto (MG)";"106433,8"
"3154200";"Resende Costa (MG)";"192582,8"
"3154309";"Resplendor (MG)";"251505,2"
"3154408";"Ressaquinha (MG)";"278273,3"
"3154457";"Riachinho (MG)";"135676,8"
"3154507";"Riacho dos Machados (MG)";"445375,9"
"3154606";"Ribeirão das Neves (MG)";"4428372,1"
"3154705";"Ribeirão Vermelho (MG)";"113353,0"
"3154804";"Rio Acima (MG)";"242478,4"
"3154903";"Rio Casca (MG)";"219531,0"
"3155009";"Rio Doce (MG)";"49256,2"
"3155108";"Rio do Prado (MG)";"50415,2"
"3155207";"Rio Espera (MG)";"53920,0"
"3155306";"Rio Manso (MG)";"102679,9"
"3155405";"Rio Novo (MG)";"116962,9"
"3155504";"Rio Paranaíba (MG)";"744363,6"
"3155603";"Rio Pardo de Minas (MG)";"285349,6"
"3155702";"Rio Piracicaba (MG)";"862931,5"
"3155801";"Rio Pomba (MG)";"401328,4"
"3155900";"Rio Preto (MG)";"69618,6"
"3156007";"Rio Vermelho (MG)";"124580,6"
"3156106";"Ritápolis (MG)";"80660,8"
"3156205";"Rochedo de Minas (MG)";"110879,9"
"3156304";"Rodeiro (MG)";"459405,7"
"3156403";"Romaria (MG)";"172452,3"
"3156452";"Rosário da Limeira (MG)";"53320,8"
"3156502";"Rubelita (MG)";"61001,7"
"3156601";"Rubim (MG)";"101704,9"
"3156700";"Sabará (MG)";"3152746,9"
"3156809";"Sabinópolis (MG)";"203334,6"
"3156908";"Sacramento (MG)";"1609795,7"
"3157005";"Salinas (MG)";"599061,1"
"3157104";"Salto da Divisa (MG)";"102252,5"
"3157203";"Santa Bárbara (MG)";"1101501,5"
"3157252";"Santa Bárbara do Leste (MG)";"97315,5"
"3157278";"Santa Bárbara do Monte Verde (MG)";"50979,2"
"3157302";"Santa Bárbara do Tugúrio (MG)";"68778,9"
"3157336";"Santa Cruz de Minas (MG)";"89191,7"
"3157377";"Santa Cruz de Salinas (MG)";"44400,5"
"3157401";"Santa Cruz do Escalvado (MG)";"58020,6"
"3157500";"Santa Efigênia de Minas (MG)";"46532,3"
"3157609";"Santa Fé de Minas (MG)";"49272,4"
"3157658";"Santa Helena de Minas (MG)";"54396,9"
"3157708";"Santa Juliana (MG)";"698053,6"
"3157807";"Santa Luzia (MG)";"4520312,2"
"3157906";"Santa Margarida (MG)";"305684,7"
"3158003";"Santa Maria de Itabira (MG)";"189152,0"
"3158102";"Santa Maria do Salto (MG)";"46947,3"
"3158201";"Santa Maria do Suaçuí (MG)";"155333,8"
"3158300";"Santana da Vargem (MG)";"158877,6"
"3158409";"Santana de Cataguases (MG)";"45766,8"
"3158508";"Santana de Pirapama (MG)";"103676,4"
"3158607";"Santana do Deserto (MG)";"45014,9"
"3158706";"Santana do Garambéu (MG)";"35338,6"
"3158805";"Santana do Jacaré (MG)";"95745,9"
"3158904";"Santana do Manhuaçu (MG)";"141217,2"
"3158953";"Santana do Paraíso (MG)";"776560,7"
"3159001";"Santana do Riacho (MG)";"88587,0"
"3159100";"Santana dos Montes (MG)";"45265,2"
"3159209";"Santa Rita de Caldas (MG)";"184449,3"
"3159308";"Santa Rita de Jacutinga (MG)";"66966,7"
"3159357";"Santa Rita de Minas (MG)";"125107,9"
"3159407";"Santa Rita de Ibitipoca (MG)";"63896,8"
"3159506";"Santa Rita do Itueto (MG)";"122552,3"
"3159605";"Santa Rita do Sapucaí (MG)";"1661193,5"
"3159704";"Santa Rosa da Serra (MG)";"74372,6"
"3159803";"Santa Vitória (MG)";"696629,6"
"3159902";"Santo Antônio do Amparo (MG)";"319509,3"
"3160009";"Santo Antônio do Aventureiro (MG)";"55501,0"
"3160108";"Santo Antônio do Grama (MG)";"79300,4"
"3160207";"Santo Antônio do Itambé (MG)";"43431,3"
"3160306";"Santo Antônio do Jacinto (MG)";"101057,1"
"3160405";"Santo Antônio do Monte (MG)";"697204,7"
"3160454";"Santo Antônio do Retiro (MG)";"61758,2"
"3160504";"Santo Antônio do Rio Abaixo (MG)";"27925,4"
"3160603";"Santo Hipólito (MG)";"43857,4"
"3160702";"Santos Dumont (MG)";"1024558,8"
"3160801";"São Bento Abade (MG)";"77931,9"
"3160900";"São Brás do Suaçuí (MG)";"68633,1"
"3160959";"São Domingos das Dores (MG)";"79085,5"
"3161007";"São Domingos do Prata (MG)";"285742,1"
"3161056";"São Félix de Minas (MG)";"43042,6"
"3161106";"São Francisco (MG)";"585507,9"
"3161205";"São Francisco de Paula (MG)";"109886,7"
"3161304";"São Francisco de Sales (MG)";"156255,6"
"3161403";"São Francisco do Glória (MG)";"67104,3"
"3161502";"São Geraldo (MG)";"241930,7"
"3161601";"São Geraldo da Piedade (MG)";"40171,0"
"3161650";"São Geraldo do Baixio (MG)";"48079,6"
"3161700";"São Gonçalo do Abaeté (MG)";"258376,6"
"3161809";"São Gonçalo do Pará (MG)";"226222,9"
"3161908";"São Gonçalo do Rio Abaixo (MG)";"2479386,1"
"3162005";"São Gonçalo do Sapucaí (MG)";"776436,0"
"3162104";"São Gotardo (MG)";"981281,5"
"3162203";"São João Batista do Glória (MG)";"200680,9"
"3162252";"São João da Lagoa (MG)";"54768,1"
"3162302";"São João da Mata (MG)";"50192,8"
"3162401";"São João da Ponte (MG)";"255399,9"
"3162450";"São João das Missões (MG)";"90109,8"
"3162500";"São João del Rei (MG)";"2501647,0"
"3162559";"São João do Manhuaçu (MG)";"151480,0"
"3162575";"São João do Manteninha (MG)";"73040,6"
"3162609";"São João do Oriente (MG)";"100701,5"
"3162658";"São João do Pacuí (MG)";"40110,3"
"3162708";"São João do Paraíso (MG)";"252421,6"
"3162807";"São João Evangelista (MG)";"219564,8"
"3162906";"São João Nepomuceno (MG)";"430419,3"
"3162922";"São Joaquim de Bicas (MG)";"707660,7"
"3162948";"São José da Barra (MG)";"810222,1"
"3162955";"São José da Lapa (MG)";"562068,0"
"3163003";"São José da Safira (MG)";"40231,8"
"3163102";"São José da Varginha (MG)";"107172,1"
"3163201";"São José do Alegre (MG)";"52144,0"
"3163300";"São José do Divino (MG)";"45629,8"
"3163409";"São José do Goiabal (MG)";"61138,1"
"3163508";"São José do Jacuri (MG)";"95934,4"
"3163607";"São José do Mantimento (MG)";"39589,9"
"3163706";"São Lourenço (MG)";"1042079,4"
"3163805";"São Miguel do Anta (MG)";"94633,9"
"3163904";"São Pedro da União (MG)";"109580,5"
"3164001";"São Pedro dos Ferros (MG)";"123287,0"
"3164100";"São Pedro do Suaçuí (MG)";"78551,9"
"3164209";"São Romão (MG)";"168415,3"
"3164308";"São Roque de Minas (MG)";"277700,6"
"3164407";"São Sebastião da Bela Vista (MG)";"392968,3"
"3164431";"São Sebastião da Vargem Alegre (MG)";"53080,6"
"3164472";"São Sebastião do Anta (MG)";"82500,6"
"3164506";"São Sebastião do Maranhão (MG)";"92966,7"
"3164605";"São Sebastião do Oeste (MG)";"599486,6"
"3164704";"São Sebastião do Paraíso (MG)";"2065230,1"
"3164803";"São Sebastião do Rio Preto (MG)";"23465,3"
"3164902";"São Sebastião do Rio Verde (MG)";"34641,0"
"3165008";"São Tiago (MG)";"206643,5"
"3165107";"São Tomás de Aquino (MG)";"166100,4"
"3165206";"São Tomé das Letras (MG)";"113303,9"
"3165305";"São Vicente de Minas (MG)";"182084,5"
"3165404";"Sapucaí-Mirim (MG)";"107142,1"
"3165503";"Sardoá (MG)";"64112,4"
"3165537";"Sarzedo (MG)";"1168334,3"
"3165552";"Setubinha (MG)";"103596,6"
"3165560";"Sem-Peixe (MG)";"33588,5"
"3165578";"Senador Amaral (MG)";"76852,0"
"3165602";"Senador Cortes (MG)";"34997,7"
"3165701";"Senador Firmino (MG)";"100333,8"
"3165800";"Senador José Bento (MG)";"28497,5"
"3165909";"Senador Modestino Gonçalves (MG)";"86611,1"
"3166006";"Senhora de Oliveira (MG)";"74933,3"
"3166105";"Senhora do Porto (MG)";"40529,7"
"3166204";"Senhora dos Remédios (MG)";"101627,6"
"3166303";"Sericita (MG)";"113535,7"
"3166402";"Seritinga (MG)";"42555,5"
"3166501";"Serra Azul de Minas (MG)";"38465,1"
"3166600";"Serra da Saudade (MG)";"21061,0"
"3166709";"Serra dos Aimorés (MG)";"81468,3"
"3166808";"Serra do Salitre (MG)";"608669,9"
"3166907";"Serrania (MG)";"143681,3"
"3166956";"Serranópolis de Minas (MG)";"40327,4"
"3167004";"Serranos (MG)";"32722,0"
"3167103";"Serro (MG)";"271979,9"
"3167202";"Sete Lagoas (MG)";"9248446,8"
"3167301";"Silveirânia (MG)";"32325,9"
"3167400";"Silvianópolis (MG)";"133050,6"
"3167509";"Simão Pereira (MG)";"103526,5"
"3167608";"Simonésia (MG)";"246231,6"
"3167707";"Sobrália (MG)";"61277,5"
"3167806";"Soledade de Minas (MG)";"73385,8"
"3167905";"Tabuleiro (MG)";"62830,8"
"3168002";"Taiobeiras (MG)";"505209,2"
"3168051";"Taparuba (MG)";"44203,8"
"3168101";"Tapira (MG)";"594040,2"
"3168200";"Tapiraí (MG)";"48844,1"
"3168309";"Taquaraçu de Minas (MG)";"58853,2"
"3168408";"Tarumirim (MG)";"166831,8"
"3168507";"Teixeiras (MG)";"161598,4"
"3168606";"Teófilo Otoni (MG)";"2801013,9"
"3168705";"Timóteo (MG)";"3640302,2"
"3168804";"Tiradentes (MG)";"167492,6"
"3168903";"Tiros (MG)";"291102,9"
"3169000";"Tocantins (MG)";"307344,8"
"3169059";"Tocos do Moji (MG)";"61322,2"
"3169109";"Toledo (MG)";"82532,8"
"3169208";"Tombos (MG)";"113863,8"
"3169307";"Três Corações (MG)";"2609743,2"
"3169356";"Três Marias (MG)";"2956211,7"
"3169406";"Três Pontas (MG)";"1558236,3"
"3169505";"Tumiritinga (MG)";"71845,1"
"3169604";"Tupaciguara (MG)";"851445,5"
"3169703";"Turmalina (MG)";"422268,6"
"3169802";"Turvolândia (MG)";"114648,5"
"3169901";"Ubá (MG)";"3298220,8"
"3170008";"Ubaí (MG)";"105017,7"
"3170057";"Ubaporanga (MG)";"152350,2"
"3170107";"Uberaba (MG)";"17194823,8"
"3170206";"Uberlândia (MG)";"37635137,6"
"3170305";"Umburatiba (MG)";"48386,2"
"3170404";"Unaí (MG)";"3322128,5"
"3170438";"União de Minas (MG)";"116558,3"
"3170479";"Uruana de Minas (MG)";"66850,5"
"3170503";"Urucânia (MG)";"241628,5"
"3170529";"Urucuia (MG)";"154583,4"
"3170578";"Vargem Alegre (MG)";"68584,1"
"3170602";"Vargem Bonita (MG)";"61296,5"
"3170651";"Vargem Grande do Rio Pardo (MG)";"59070,5"
"3170701";"Varginha (MG)";"6255874,4"
"3170750";"Varjão de Minas (MG)";"207830,0"
"3170800";"Várzea da Palma (MG)";"877255,4"
"3170909";"Varzelândia (MG)";"174078,9"
"3171006";"Vazante (MG)";"889181,2"
"3171030";"Verdelândia (MG)";"94911,0"
"3171071";"Veredinha (MG)";"121108,7"
"3171105";"Veríssimo (MG)";"130690,6"
"3171154";"Vermelho Novo (MG)";"51197,9"
"3171204";"Vespasiano (MG)";"2708273,7"
"3171303";"Viçosa (MG)";"1784058,6"
"3171402";"Vieiras (MG)";"47737,2"
"3171501";"Mathias Lobato (MG)";"42200,8"
"3171600";"Virgem da Lapa (MG)";"124047,1"
"3171709";"Virgínia (MG)";"160111,3"
"3171808";"Virginópolis (MG)";"162866,9"
"3171907";"Virgolândia (MG)";"54960,4"
"3172004";"Visconde do Rio Branco (MG)";"1300482,0"
"3172103";"Volta Grande (MG)";"126463,7"
"3172202";"Wenceslau Braz (MG)";"30589,8"
"3200102";"Afonso Cláudio (ES)";"500669,5"
"3200136";"Águia Branca (ES)";"192815,2"
"3200169";"Água Doce do Norte (ES)";"166304,5"
"3200201";"Alegre (ES)";"505303,6"
"3200300";"Alfredo Chaves (ES)";"377864,3"
"3200359";"Alto Rio Novo (ES)";"97402,0"
"3200409";"Anchieta (ES)";"1034592,5"
"3200508";"Apiacá (ES)";"104402,5"
"3200607";"Aracruz (ES)";"4517140,0"
"3200706";"Atílio Vivácqua (ES)";"341651,0"
"3200805";"Baixo Guandu (ES)";"865833,5"
"3200904";"Barra de São Francisco (ES)";"1001277,3"
"3201001";"Boa Esperança (ES)";"228940,7"
"3201100";"Bom Jesus do Norte (ES)";"183195,9"
"3201159";"Brejetuba (ES)";"261372,8"
"3201209";"Cachoeiro de Itapemirim (ES)";"5309289,7"
"3201308";"Cariacica (ES)";"10218218,9"
"3201407";"Castelo (ES)";"1094824,9"
"3201506";"Colatina (ES)";"3789364,6"
"3201605";"Conceição da Barra (ES)";"514237,2"
"3201704";"Conceição do Castelo (ES)";"241926,3"
"3201803";"Divino de São Lourenço (ES)";"69001,5"
"3201902";"Domingos Martins (ES)";"845454,2"
"3202009";"Dores do Rio Preto (ES)";"164815,1"
"3202108";"Ecoporanga (ES)";"362681,3"
"3202207";"Fundão (ES)";"403181,0"
"3202256";"Governador Lindenberg (ES)";"251387,4"
"3202306";"Guaçuí (ES)";"562724,4"
"3202405";"Guarapari (ES)";"2318219,9"
"3202454";"Ibatiba (ES)";"376018,3"
"3202504";"Ibiraçu (ES)";"270287,8"
"3202553";"Ibitirama (ES)";"156069,4"
"3202603";"Iconha (ES)";"303160,9"
"3202652";"Irupi (ES)";"258963,0"
"3202702";"Itaguaçu (ES)";"276876,4"
"3202801";"Itapemirim (ES)";"3245185,3"
"3202900";"Itarana (ES)";"217400,1"
"3203007";"Iúna (ES)";"532310,0"
"3203056";"Jaguaré (ES)";"651595,7"
"3203106";"Jerônimo Monteiro (ES)";"149316,3"
"3203130";"João Neiva (ES)";"380487,7"
"3203163";"Laranja da Terra (ES)";"155926,4"
"3203205";"Linhares (ES)";"6782342,9"
"3203304";"Mantenópolis (ES)";"170025,9"
"3203320";"Marataízes (ES)";"3622341,0"
"3203346";"Marechal Floriano (ES)";"494397,5"
"3203353";"Marilândia (ES)";"227809,0"
"3203403";"Mimoso do Sul (ES)";"490603,9"
"3203502";"Montanha (ES)";"368401,5"
"3203601";"Mucurici (ES)";"87652,6"
"3203700";"Muniz Freire (ES)";"344373,7"
"3203809";"Muqui (ES)";"203238,3"
"3203908";"Nova Venécia (ES)";"1208706,1"
"3204005";"Pancas (ES)";"280182,2"
"3204054";"Pedro Canário (ES)";"348014,4"
"3204104";"Pinheiros (ES)";"693596,0"
"3204203";"Piúma (ES)";"580058,3"
"3204252";"Ponto Belo (ES)";"94034,9"
"3204302";"Presidente Kennedy (ES)";"3514090,3"
"3204351";"Rio Bananal (ES)";"437063,8"
"3204401";"Rio Novo do Sul (ES)";"206962,8"
"3204500";"Santa Leopoldina (ES)";"281296,4"
"3204559";"Santa Maria de Jetibá (ES)";"1519634,2"
"3204609";"Santa Teresa (ES)";"495963,1"
"3204658";"São Domingos do Norte (ES)";"258286,8"
"3204708";"São Gabriel da Palha (ES)";"682742,9"
"3204807";"São José do Calçado (ES)";"173467,9"
"3204906";"São Mateus (ES)";"2576180,7"
"3204955";"São Roque do Canaã (ES)";"208788,0"
"3205002";"Serra (ES)";"24941901,7"
"3205010";"Sooretama (ES)";"544508,7"
"3205036";"Vargem Alta (ES)";"370201,0"
"3205069";"Venda Nova do Imigrante (ES)";"642358,2"
"3205101";"Viana (ES)";"3517814,1"
"3205150";"Vila Pavão (ES)";"150796,6"
"3205176";"Vila Valério (ES)";"317387,4"
"3205200";"Vila Velha (ES)";"12595435,8"
"3205309";"Vitória (ES)";"25517574,5"
"3300100";"Angra dos Reis (RJ)";"10397760,2"
"3300159";"Aperibé (RJ)";"223026,2"
"3300209";"Araruama (RJ)";"3529275,8"
"3300225";"Areal (RJ)";"389826,9"
"3300233";"Armação dos Búzios (RJ)";"2053832,5"
"3300258";"Arraial do Cabo (RJ)";"1828908,8"
"3300308";"Barra do Piraí (RJ)";"2466252,1"
"3300407";"Barra Mansa (RJ)";"5906391,0"
"3300456";"Belford Roxo (RJ)";"8763446,4"
"3300506";"Bom Jardim (RJ)";"867982,4"
"3300605";"Bom Jesus do Itabapoana (RJ)";"869846,4"
"3300704";"Cabo Frio (RJ)";"9328184,8"
"3300803";"Cachoeiras de Macacu (RJ)";"1214995,8"
"3300902";"Cambuci (RJ)";"404957,7"
"3300936";"Carapebus (RJ)";"439156,8"
"3300951";"Comendador Levy Gasparian (RJ)";"487476,8"
"3301009";"Campos dos Goytacazes (RJ)";"23852870,2"
"3301108";"Cantagalo (RJ)";"755569,1"
"3301157";"Cardoso Moreira (RJ)";"353586,0"
"3301207";"Carmo (RJ)";"581548,7"
"3301306";"Casimiro de Abreu (RJ)";"1582755,3"
"3301405";"Conceição de Macabu (RJ)";"420665,7"
"3301504";"Cordeiro (RJ)";"414304,2"
"3301603";"Duas Barras (RJ)";"239245,8"
"3301702";"Duque de Caxias (RJ)";"47194544,2"
"3301801";"Engenheiro Paulo de Frontin (RJ)";"272054,0"
"3301850";"Guapimirim (RJ)";"1174792,9"
"3301876";"Iguaba Grande (RJ)";"565911,9"
"3301900";"Itaboraí (RJ)";"5422085,8"
"3302007";"Itaguaí (RJ)";"8839470,4"
"3302056";"Italva (RJ)";"390584,2"
"3302106";"Itaocara (RJ)";"632048,7"
"3302205";"Itaperuna (RJ)";"3315704,6"
"3302254";"Itatiaia (RJ)";"4586150,8"
"3302270";"Japeri (RJ)";"1460759,9"
"3302304";"Laje do Muriaé (RJ)";"166432,8"
"3302403";"Macaé (RJ)";"15357696,7"
"3302452";"Macuco (RJ)";"198806,5"
"3302502";"Magé (RJ)";"4442847,1"
"3302601";"Mangaratiba (RJ)";"2643257,2"
"3302700";"Maricá (RJ)";"35618819,0"
"3302809";"Mendes (RJ)";"366145,1"
"3302858";"Mesquita (RJ)";"2530493,6"
"3302908";"Miguel Pereira (RJ)";"595210,2"
"3303005";"Miracema (RJ)";"635748,4"
"3303104";"Natividade (RJ)";"322586,5"
"3303203";"Nilópolis (RJ)";"2985431,2"
"3303302";"Niterói (RJ)";"40975718,3"
"3303401";"Nova Friburgo (RJ)";"5683088,1"
"3303500";"Nova Iguaçu (RJ)";"17210823,5"
"3303609";"Paracambi (RJ)";"1001271,6"
"3303708";"Paraíba do Sul (RJ)";"1302213,7"
"3303807";"Paraty (RJ)";"1719490,3"
"3303856";"Paty do Alferes (RJ)";"639644,8"
"3303906";"Petrópolis (RJ)";"15388291,8"
"3303955";"Pinheiral (RJ)";"777071,1"
"3304003";"Piraí (RJ)";"2612516,5"
"3304102";"Porciúncula (RJ)";"417427,7"
"3304110";"Porto Real (RJ)";"2433343,8"
"3304128";"Quatis (RJ)";"314017,0"
"3304144";"Queimados (RJ)";"3851232,2"
"3304151";"Quissamã (RJ)";"3047661,1"
"3304201";"Resende (RJ)";"8123186,7"
"3304300";"Rio Bonito (RJ)";"1730818,9"
"3304409";"Rio Claro (RJ)";"469706,7"
"3304508";"Rio das Flores (RJ)";"275517,4"
"3304524";"Rio das Ostras (RJ)";"6342612,6"
"3304557";"Rio de Janeiro (RJ)";"331471515,4"
"3304607";"Santa Maria Madalena (RJ)";"212258,8"
"3304706";"Santo Antônio de Pádua (RJ)";"1195427,3"
"3304755";"São Francisco de Itabapoana (RJ)";"1245618,9"
"3304805";"São Fidélis (RJ)";"800639,4"
"3304904";"São Gonçalo (RJ)";"19009507,1"
"3305000";"São João da Barra (RJ)";"6463427,3"
"3305109";"São João de Meriti (RJ)";"9112402,4"
"3305133";"São José de Ubá (RJ)";"169063,5"
"3305158";"São José do Vale do Rio Preto (RJ)";"700756,8"
"3305208";"São Pedro da Aldeia (RJ)";"2592106,0"
"3305307";"São Sebastião do Alto (RJ)";"230672,2"
"3305406";"Sapucaia (RJ)";"836396,8"
"3305505";"Saquarema (RJ)";"15156218,7"
"3305554";"Seropédica (RJ)";"4629949,2"
"3305604";"Silva Jardim (RJ)";"559701,9"
"3305703";"Sumidouro (RJ)";"611064,5"
"3305752";"Tanguá (RJ)";"621334,4"
"3305802";"Teresópolis (RJ)";"5757343,8"
"3305901";"Trajano de Moraes (RJ)";"230683,9"
"3306008";"Três Rios (RJ)";"5399663,4"
"3306107";"Valença (RJ)";"2245814,7"
"3306156";"Varre-Sai (RJ)";"250289,2"
"3306206";"Vassouras (RJ)";"1280257,2"
"3306305";"Volta Redonda (RJ)";"11636496,7"
"3500105";"Adamantina (SP)";"1243768,3"
"3500204";"Adolfo (SP)";"136757,5"
"3500303";"Aguaí (SP)";"1143458,3"
"3500402";"Águas da Prata (SP)";"186999,2"
"3500501";"Águas de Lindóia (SP)";"492384,6"
"3500550";"Águas de Santa Bárbara (SP)";"200451,0"
"3500600";"Águas de São Pedro (SP)";"136433,2"
"3500709";"Agudos (SP)";"2308691,1"
"3500758";"Alambari (SP)";"121301,6"
"3500808";"Alfredo Marcondes (SP)";"111137,8"
"3500907";"Altair (SP)";"111752,9"
"3501004";"Altinópolis (SP)";"654362,3"
"3501103";"Alto Alegre (SP)";"116733,6"
"3501152";"Alumínio (SP)";"2287256,6"
"3501202";"Álvares Florence (SP)";"112202,6"
"3501301";"Álvares Machado (SP)";"618885,5"
"3501400";"Álvaro de Carvalho (SP)";"53435,5"
"3501509";"Alvinlândia (SP)";"57564,0"
"3501608";"Americana (SP)";"11956360,6"
"3501707";"Américo Brasiliense (SP)";"1081155,0"
"3501806";"Américo de Campos (SP)";"109058,0"
"3501905";"Amparo (SP)";"4591225,0"
"3502002";"Analândia (SP)";"198922,5"
"3502101";"Andradina (SP)";"2632786,2"
"3502200";"Angatuba (SP)";"1319743,0"
"3502309";"Anhembi (SP)";"155830,3"
"3502408";"Anhumas (SP)";"82843,3"
"3502507";"Aparecida (SP)";"974272,0"
"3502606";"Aparecida d'Oeste (SP)";"155265,2"
"3502705";"Apiaí (SP)";"715303,4"
"3502754";"Araçariguama (SP)";"3333378,6"
"3502804";"Araçatuba (SP)";"8207616,7"
"3502903";"Araçoiaba da Serra (SP)";"1021043,3"
"3503000";"Aramina (SP)";"155749,6"
"3503109";"Arandu (SP)";"182397,5"
"3503158";"Arapeí (SP)";"39782,0"
"3503208";"Araraquara (SP)";"10653868,7"
"3503307";"Araras (SP)";"6418948,5"
"3503356";"Arco-Íris (SP)";"84018,3"
"3503406";"Arealva (SP)";"244561,0"
"3503505";"Areias (SP)";"56513,7"
"3503604";"Areiópolis (SP)";"146373,3"
"3503703";"Ariranha (SP)";"1007824,3"
"3503802";"Artur Nogueira (SP)";"1483276,2"
"3503901";"Arujá (SP)";"7774011,4"
"3503950";"Aspásia (SP)";"40104,3"
"3504008";"Assis (SP)";"3776892,3"
"3504107";"Atibaia (SP)";"7374355,4"
"3504206";"Auriflama (SP)";"326164,6"
"3504305";"Avaí (SP)";"394601,3"
"3504404";"Avanhandava (SP)";"458955,3"
"3504503";"Avaré (SP)";"2798701,7"
"3504602";"Bady Bassitt (SP)";"464717,8"
"3504701";"Balbinos (SP)";"61938,7"
"3504800";"Bálsamo (SP)";"246920,2"
"3504909";"Bananal (SP)";"203995,1"
"3505005";"Barão de Antonina (SP)";"68934,8"
"3505104";"Barbosa (SP)";"119481,9"
"3505203";"Bariri (SP)";"1362187,6"
"3505302";"Barra Bonita (SP)";"1359750,1"
"3505351";"Barra do Chapéu (SP)";"143890,2"
"3505401";"Barra do Turvo (SP)";"109150,8"
"3505500";"Barretos (SP)";"5013749,5"
"3505609";"Barrinha (SP)";"553900,1"
"3505708";"Barueri (SP)";"51600337,9"
"3505807";"Bastos (SP)";"978211,8"
"3505906";"Batatais (SP)";"2077090,5"
"3506003";"Bauru (SP)";"15129057,6"
"3506102";"Bebedouro (SP)";"3269355,2"
"3506201";"Bento de Abreu (SP)";"207555,2"
"3506300";"Bernardino de Campos (SP)";"301537,5"
"3506359";"Bertioga (SP)";"1902030,9"
"3506409";"Bilac (SP)";"268529,6"
"3506508";"Birigui (SP)";"3671918,4"
"3506607";"Biritiba Mirim (SP)";"996877,9"
"3506706";"Boa Esperança do Sul (SP)";"361999,2"
"3506805";"Bocaina (SP)";"236483,1"
"3506904";"Bofete (SP)";"210809,5"
"3507001";"Boituva (SP)";"2971680,0"
"3507100";"Bom Jesus dos Perdões (SP)";"1129289,1"
"3507159";"Bom Sucesso de Itararé (SP)";"65836,3"
"3507209";"Borá (SP)";"68106,5"
"3507308";"Boracéia (SP)";"441392,1"
"3507407";"Borborema (SP)";"470940,1"
"3507456";"Borebi (SP)";"68863,2"
"3507506";"Botucatu (SP)";"5073778,4"
"3507605";"Bragança Paulista (SP)";"6831380,2"
"3507704";"Braúna (SP)";"116872,8"
"3507753";"Brejo Alegre (SP)";"60616,0"
"3507803";"Brodowski (SP)";"811581,4"
"3507902";"Brotas (SP)";"986667,6"
"3508009";"Buri (SP)";"674027,2"
"3508108";"Buritama (SP)";"709785,5"
"3508207";"Buritizal (SP)";"229390,8"
"3508306";"Cabrália Paulista (SP)";"81956,4"
"3508405";"Cabreúva (SP)";"5400646,1"
"3508504";"Caçapava (SP)";"4514762,1"
"3508603";"Cachoeira Paulista (SP)";"636337,9"
"3508702";"Caconde (SP)";"476089,8"
"3508801";"Cafelândia (SP)";"606623,6"
"3508900";"Caiabu (SP)";"68003,9"
"3509007";"Caieiras (SP)";"4063841,3"
"3509106";"Caiuá (SP)";"88860,8"
"3509205";"Cajamar (SP)";"21270945,6"
"3509254";"Cajati (SP)";"1559837,5"
"3509304";"Cajobi (SP)";"171316,8"
"3509403";"Cajuru (SP)";"692359,4"
"3509452";"Campina do Monte Alegre (SP)";"136453,1"
"3509502";"Campinas (SP)";"65158381,7"
"3509601";"Campo Limpo Paulista (SP)";"2219744,3"
"3509700";"Campos do Jordão (SP)";"1261470,0"
"3509809";"Campos Novos Paulista (SP)";"190055,7"
"3509908";"Cananéia (SP)";"262058,0"
"3509957";"Canas (SP)";"114442,3"
"3510005";"Cândido Mota (SP)";"1405947,6"
"3510104";"Cândido Rodrigues (SP)";"111481,4"
"3510153";"Canitar (SP)";"146230,1"
"3510203";"Capão Bonito (SP)";"1129592,6"
"3510302";"Capela do Alto (SP)";"339916,2"
"3510401";"Capivari (SP)";"2486360,9"
"3510500";"Caraguatatuba (SP)";"3870521,5"
"3510609";"Carapicuíba (SP)";"6241379,4"
"3510708";"Cardoso (SP)";"299516,6"
"3510807";"Casa Branca (SP)";"1060934,7"
"3510906";"Cássia dos Coqueiros (SP)";"254686,0"
"3511003";"Castilho (SP)";"1160987,5"
"3511102";"Catanduva (SP)";"4867594,4"
"3511201";"Catiguá (SP)";"134507,6"
"3511300";"Cedral (SP)";"393438,4"
"3511409";"Cerqueira César (SP)";"827673,2"
"3511508";"Cerquilho (SP)";"1973322,5"
"3511607";"Cesário Lange (SP)";"524250,5"
"3511706";"Charqueada (SP)";"431577,6"
"3511904";"Clementina (SP)";"138236,7"
"3512001";"Colina (SP)";"1238365,7"
"3512100";"Colômbia (SP)";"376083,0"
"3512209";"Conchal (SP)";"856783,3"
"3512308";"Conchas (SP)";"384550,4"
"3512407";"Cordeirópolis (SP)";"3419941,3"
"3512506";"Coroados (SP)";"199835,6"
"3512605";"Coronel Macedo (SP)";"127041,4"
"3512704";"Corumbataí (SP)";"272105,3"
"3512803";"Cosmópolis (SP)";"1960248,0"
"3512902";"Cosmorama (SP)";"401036,3"
"3513009";"Cotia (SP)";"14096442,5"
"3513108";"Cravinhos (SP)";"1422344,5"
"3513207";"Cristais Paulista (SP)";"280066,1"
"3513306";"Cruzália (SP)";"137530,3"
"3513405";"Cruzeiro (SP)";"2736019,2"
"3513504";"Cubatão (SP)";"16070333,4"
"3513603";"Cunha (SP)";"296896,2"
"3513702";"Descalvado (SP)";"1856375,5"
"3513801";"Diadema (SP)";"14977054,8"
"3513850";"Dirce Reis (SP)";"65160,2"
"3513900";"Divinolândia (SP)";"340494,3"
"3514007";"Dobrada (SP)";"131224,0"
"3514106";"Dois Córregos (SP)";"758432,9"
"3514205";"Dolcinópolis (SP)";"51745,3"
"3514304";"Dourado (SP)";"648985,7"
"3514403";"Dracena (SP)";"1359698,5"
"3514502";"Duartina (SP)";"257237,4"
"3514601";"Dumont (SP)";"283316,4"
"3514700";"Echaporã (SP)";"135389,1"
"3514809";"Eldorado (SP)";"323539,2"
"3514908";"Elias Fausto (SP)";"882745,9"
"3514924";"Elisiário (SP)";"67639,5"
"3514957";"Embaúba (SP)";"60210,8"
"3515004";"Embu das Artes (SP)";"14019716,0"
"3515103";"Embu-Guaçu (SP)";"1234334,3"
"3515129";"Emilianópolis (SP)";"70434,4"
"3515152";"Engenheiro Coelho (SP)";"558098,5"
"3515186";"Espírito Santo do Pinhal (SP)";"1673589,2"
"3515194";"Espírito Santo do Turvo (SP)";"95015,5"
"3515202";"Estrela d'Oeste (SP)";"654236,8"
"3515301";"Estrela do Norte (SP)";"69537,7"
"3515350";"Euclides da Cunha Paulista (SP)";"131815,1"
"3515400";"Fartura (SP)";"429785,5"
"3515509";"Fernandópolis (SP)";"2296686,9"
"3515608";"Fernando Prestes (SP)";"225391,8"
"3515657";"Fernão (SP)";"80517,1"
"3515707";"Ferraz de Vasconcelos (SP)";"3958784,6"
"3515806";"Flora Rica (SP)";"39603,2"
"3515905";"Floreal (SP)";"69305,3"
"3516002";"Flórida Paulista (SP)";"246970,0"
"3516101";"Florínea (SP)";"166103,5"
"3516200";"Franca (SP)";"9847127,0"
"3516309";"Francisco Morato (SP)";"1721266,1"
"3516408";"Franco da Rocha (SP)";"3637701,8"
"3516507";"Gabriel Monteiro (SP)";"78547,8"
"3516606";"Gália (SP)";"186013,0"
"3516705";"Garça (SP)";"1329829,7"
"3516804";"Gastão Vidigal (SP)";"86381,3"
"3516853";"Gavião Peixoto (SP)";"1596122,0"
"3516903";"General Salgado (SP)";"241389,7"
"3517000";"Getulina (SP)";"216106,5"
"3517109";"Glicério (SP)";"116604,2"
"3517208";"Guaiçara (SP)";"221290,1"
"3517307";"Guaimbê (SP)";"232059,5"
"3517406";"Guaíra (SP)";"2442874,0"
"3517505";"Guapiaçu (SP)";"723072,1"
"3517604";"Guapiara (SP)";"511220,1"
"3517703";"Guará (SP)";"571750,9"
"3517802";"Guaraçaí (SP)";"321904,9"
"3517901";"Guaraci (SP)";"395879,9"
"3518008";"Guarani d'Oeste (SP)";"40183,0"
"3518107";"Guarantã (SP)";"186938,6"
"3518206";"Guararapes (SP)";"1095612,4"
"3518305";"Guararema (SP)";"1533252,6"
"3518404";"Guaratinguetá (SP)";"6622399,3"
"3518503";"Guareí (SP)";"268279,9"
"3518602";"Guariba (SP)";"1012670,9"
"3518701";"Guarujá (SP)";"9188156,2"
"3518800";"Guarulhos (SP)";"65949963,4"
"3518859";"Guatapará (SP)";"253740,0"
"3518909";"Guzolândia (SP)";"85980,4"
"3519006";"Herculândia (SP)";"335302,6"
"3519055";"Holambra (SP)";"1283692,1"
"3519071";"Hortolândia (SP)";"16386638,6"
"3519105";"Iacanga (SP)";"600783,2"
"3519204";"Iacri (SP)";"256626,3"
"3519253";"Iaras (SP)";"161707,1"
"3519303";"Ibaté (SP)";"1045660,4"
"3519402";"Ibirá (SP)";"268198,5"
"3519501";"Ibirarema (SP)";"216402,8"
"3519600";"Ibitinga (SP)";"1734988,8"
"3519709";"Ibiúna (SP)";"2221193,9"
"3519808";"Icém (SP)";"184870,9"
"3519907";"Iepê (SP)";"377357,9"
"3520004";"Igaraçu do Tietê (SP)";"350422,6"
"3520103";"Igarapava (SP)";"1390771,0"
"3520202";"Igaratá (SP)";"225264,5"
"3520301";"Iguape (SP)";"1074288,2"
"3520400";"Ilhabela (SP)";"10630881,3"
"3520426";"Ilha Comprida (SP)";"762933,9"
"3520442";"Ilha Solteira (SP)";"677761,8"
"3520509";"Indaiatuba (SP)";"18361067,1"
"3520608";"Indiana (SP)";"84079,1"
"3520707";"Indiaporã (SP)";"104804,8"
"3520806";"Inúbia Paulista (SP)";"123516,7"
"3520905";"Ipaussu (SP)";"449079,3"
"3521002";"Iperó (SP)";"739832,2"
"3521101";"Ipeúna (SP)";"910607,1"
"3521150";"Ipiguá (SP)";"114309,0"
"3521200";"Iporanga (SP)";"63240,5"
"3521309";"Ipuã (SP)";"447447,7"
"3521408";"Iracemápolis (SP)";"2079102,7"
"3521507";"Irapuã (SP)";"174665,3"
"3521606";"Irapuru (SP)";"104426,4"
"3521705";"Itaberá (SP)";"810239,8"
"3521804";"Itaí (SP)";"909430,0"
"3521903";"Itajobi (SP)";"915015,2"
"3522000";"Itaju (SP)";"193590,7"
"3522109";"Itanhaém (SP)";"2193769,7"
"3522158";"Itaoca (SP)";"48415,6"
"3522208";"Itapecerica da Serra (SP)";"4351802,8"
"3522307";"Itapetininga (SP)";"5336898,2"
"3522406";"Itapeva (SP)";"4126112,3"
"3522505";"Itapevi (SP)";"11873292,9"
"3522604";"Itapira (SP)";"4191309,3"
"3522653";"Itapirapuã Paulista (SP)";"48495,3"
"3522703";"Itápolis (SP)";"1561636,4"
"3522802";"Itaporanga (SP)";"395572,2"
"3522901";"Itapuí (SP)";"888097,0"
"3523008";"Itapura (SP)";"107074,3"
"3523107";"Itaquaquecetuba (SP)";"7735227,6"
"3523206";"Itararé (SP)";"1111630,1"
"3523305";"Itariri (SP)";"360599,2"
"3523404";"Itatiba (SP)";"7185023,4"
"3523503";"Itatinga (SP)";"375518,2"
"3523602";"Itirapina (SP)";"722976,7"
"3523701";"Itirapuã (SP)";"131553,2"
"3523800";"Itobi (SP)";"160794,2"
"3523909";"Itu (SP)";"9138713,0"
"3524006";"Itupeva (SP)";"8259460,1"
"3524105";"Ituverava (SP)";"1773342,5"
"3524204";"Jaborandi (SP)";"153084,7"
"3524303";"Jaboticabal (SP)";"3183999,5"
"3524402";"Jacareí (SP)";"14058031,5"
"3524501";"Jaci (SP)";"566411,5"
"3524600";"Jacupiranga (SP)";"518400,7"
"3524709";"Jaguariúna (SP)";"11426525,5"
"3524808";"Jales (SP)";"1791517,0"
"3524907";"Jambeiro (SP)";"272002,2"
"3525003";"Jandira (SP)";"4647130,9"
"3525102";"Jardinópolis (SP)";"1380925,4"
"3525201";"Jarinu (SP)";"2636754,9"
"3525300";"Jaú (SP)";"5000015,7"
"3525409";"Jeriquara (SP)";"131437,2"
"3525508";"Joanópolis (SP)";"230699,2"
"3525607";"João Ramalho (SP)";"131573,8"
"3525706";"José Bonifácio (SP)";"1344334,9"
"3525805";"Júlio Mesquita (SP)";"56117,2"
"3525854";"Jumirim (SP)";"172439,8"
"3525904";"Jundiaí (SP)";"51740229,7"
"3526001";"Junqueirópolis (SP)";"722779,6"
"3526100";"Juquiá (SP)";"361363,9"
"3526209";"Juquitiba (SP)";"543274,6"
"3526308";"Lagoinha (SP)";"69167,0"
"3526407";"Laranjal Paulista (SP)";"1248779,1"
"3526506";"Lavínia (SP)";"182614,0"
"3526605";"Lavrinhas (SP)";"120110,2"
"3526704";"Leme (SP)";"3753059,3"
"3526803";"Lençóis Paulista (SP)";"4297734,4"
"3526902";"Limeira (SP)";"13726847,0"
"3527009";"Lindóia (SP)";"219202,8"
"3527108";"Lins (SP)";"6001769,7"
"3527207";"Lorena (SP)";"3105449,4"
"3527256";"Lourdes (SP)";"46249,3"
"3527306";"Louveira (SP)";"19111719,6"
"3527405";"Lucélia (SP)";"515476,7"
"3527504";"Lucianópolis (SP)";"75109,3"
"3527603";"Luís Antônio (SP)";"1465125,9"
"3527702";"Luiziânia (SP)";"83539,4"
"3527801";"Lupércio (SP)";"95092,7"
"3527900";"Lutécia (SP)";"94703,2"
"3528007";"Macatuba (SP)";"754728,1"
"3528106";"Macaubal (SP)";"186834,6"
"3528205";"Macedônia (SP)";"87485,3"
"3528304";"Magda (SP)";"99536,0"
"3528403";"Mairinque (SP)";"2238089,5"
"3528502";"Mairiporã (SP)";"1927422,5"
"3528601";"Manduri (SP)";"255597,8"
"3528700";"Marabá Paulista (SP)";"122231,3"
"3528809";"Maracaí (SP)";"504125,9"
"3528858";"Marapoama (SP)";"275547,1"
"3528908";"Mariápolis (SP)";"65592,7"
"3529005";"Marília (SP)";"8630685,6"
"3529104";"Marinópolis (SP)";"39770,9"
"3529203";"Martinópolis (SP)";"675079,6"
"3529302";"Matão (SP)";"4417657,9"
"3529401";"Mauá (SP)";"16993562,5"
"3529500";"Mendonça (SP)";"341383,3"
"3529609";"Meridiano (SP)";"370296,8"
"3529658";"Mesópolis (SP)";"74359,0"
"3529708";"Miguelópolis (SP)";"1030500,5"
"3529807";"Mineiros do Tietê (SP)";"208840,7"
"3529906";"Miracatu (SP)";"422294,5"
"3530003";"Mira Estrela (SP)";"71520,6"
"3530102";"Mirandópolis (SP)";"687252,2"
"3530201";"Mirante do Paranapanema (SP)";"528043,4"
"3530300";"Mirassol (SP)";"2275733,2"
"3530409";"Mirassolândia (SP)";"161619,5"
"3530508";"Mococa (SP)";"2627850,3"
"3530607";"Mogi das Cruzes (SP)";"16728707,1"
"3530706";"Mogi Guaçu (SP)";"6135830,0"
"3530805";"Mogi Mirim (SP)";"5035136,0"
"3530904";"Mombuca (SP)";"100382,8"
"3531001";"Monções (SP)";"64682,3"
"3531100";"Mongaguá (SP)";"1222880,8"
"3531209";"Monte Alegre do Sul (SP)";"221491,5"
"3531308";"Monte Alto (SP)";"2139358,0"
"3531407";"Monte Aprazível (SP)";"724592,0"
"3531506";"Monte Azul Paulista (SP)";"590652,4"
"3531605";"Monte Castelo (SP)";"118773,8"
"3531704";"Monteiro Lobato (SP)";"72481,8"
"3531803";"Monte Mor (SP)";"3719866,8"
"3531902";"Morro Agudo (SP)";"1329143,3"
"3532009";"Morungaba (SP)";"544086,3"
"3532058";"Motuca (SP)";"110659,1"
"3532108";"Murutinga do Sul (SP)";"85349,3"
"3532157";"Nantes (SP)";"129302,5"
"3532207";"Narandiba (SP)";"262041,7"
"3532306";"Natividade da Serra (SP)";"85941,6"
"3532405";"Nazaré Paulista (SP)";"411551,7"
"3532504";"Neves Paulista (SP)";"245988,6"
"3532603";"Nhandeara (SP)";"366384,7"
"3532702";"Nipoã (SP)";"92383,0"
"3532801";"Nova Aliança (SP)";"226856,3"
"3532827";"Nova Campina (SP)";"138923,1"
"3532843";"Nova Canaã Paulista (SP)";"45872,3"
"3532868";"Nova Castilho (SP)";"55115,3"
"3532900";"Nova Europa (SP)";"345663,3"
"3533007";"Nova Granada (SP)";"485381,2"
"3533106";"Nova Guataporanga (SP)";"36252,4"
"3533205";"Nova Independência (SP)";"182131,7"
"3533254";"Novais (SP)";"74998,7"
"3533304";"Nova Luzitânia (SP)";"54464,7"
"3533403";"Nova Odessa (SP)";"3610771,9"
"3533502";"Novo Horizonte (SP)";"1461180,2"
"3533601";"Nuporanga (SP)";"719631,5"
"3533700";"Ocauçu (SP)";"176641,5"
"3533809";"Óleo (SP)";"128780,0"
"3533908";"Olímpia (SP)";"2124220,1"
"3534005";"Onda Verde (SP)";"187867,1"
"3534104";"Oriente (SP)";"113282,7"
"3534203";"Orindiúva (SP)";"511710,4"
"3534302";"Orlândia (SP)";"2178410,8"
"3534401";"Osasco (SP)";"76612072,0"
"3534500";"Oscar Bressane (SP)";"104439,4"
"3534609";"Osvaldo Cruz (SP)";"990313,9"
"3534708";"Ourinhos (SP)";"3454873,4"
"3534757";"Ouroeste (SP)";"590478,9"
"3534807";"Ouro Verde (SP)";"127049,2"
"3534906";"Pacaembu (SP)";"206121,8"
"3535002";"Palestina (SP)";"418650,7"
"3535101";"Palmares Paulista (SP)";"130802,5"
"3535200";"Palmeira d'Oeste (SP)";"206481,0"
"3535309";"Palmital (SP)";"830826,5"
"3535408";"Panorama (SP)";"298636,9"
"3535507";"Paraguaçu Paulista (SP)";"1655592,0"
"3535606";"Paraibuna (SP)";"321569,2"
"3535705";"Paraíso (SP)";"265122,0"
"3535804";"Paranapanema (SP)";"912032,7"
"3535903";"Paranapuã (SP)";"146139,0"
"3536000";"Parapuã (SP)";"641637,6"
"3536109";"Pardinho (SP)";"317727,0"
"3536208";"Pariquera-Açu (SP)";"534348,6"
"3536257";"Parisi (SP)";"53322,3"
"3536307";"Patrocínio Paulista (SP)";"1149196,8"
"3536406";"Paulicéia (SP)";"197300,1"
"3536505";"Paulínia (SP)";"39807062,3"
"3536570";"Paulistânia (SP)";"43160,3"
"3536604";"Paulo de Faria (SP)";"307535,9"
"3536703";"Pederneiras (SP)";"2334463,8"
"3536802";"Pedra Bela (SP)";"107040,6"
"3536901";"Pedranópolis (SP)";"73026,8"
"3537008";"Pedregulho (SP)";"1323337,9"
"3537107";"Pedreira (SP)";"1379244,9"
"3537156";"Pedrinhas Paulista (SP)";"164751,6"
"3537206";"Pedro de Toledo (SP)";"167446,2"
"3537305";"Penápolis (SP)";"1735465,7"
"3537404";"Pereira Barreto (SP)";"937552,2"
"3537503";"Pereiras (SP)";"284494,5"
"3537602";"Peruíbe (SP)";"1634968,5"
"3537701";"Piacatu (SP)";"105974,3"
"3537800";"Piedade (SP)";"1509520,7"
"3537909";"Pilar do Sul (SP)";"873894,6"
"3538006";"Pindamonhangaba (SP)";"8928793,1"
"3538105";"Pindorama (SP)";"420183,7"
"3538204";"Pinhalzinho (SP)";"285392,8"
"3538303";"Piquerobi (SP)";"61636,6"
"3538501";"Piquete (SP)";"198457,4"
"3538600";"Piracaia (SP)";"589905,5"
"3538709";"Piracicaba (SP)";"27283652,7"
"3538808";"Piraju (SP)";"847254,1"
"3538907";"Pirajuí (SP)";"493097,4"
"3539004";"Pirangi (SP)";"386242,5"
"3539103";"Pirapora do Bom Jesus (SP)";"516394,6"
"3539202";"Pirapozinho (SP)";"962090,1"
"3539301";"Pirassununga (SP)";"3127620,5"
"3539400";"Piratininga (SP)";"255292,6"
"3539509";"Pitangueiras (SP)";"1304985,0"
"3539608";"Planalto (SP)";"179704,4"
"3539707";"Platina (SP)";"125902,5"
"3539806";"Poá (SP)";"3305648,4"
"3539905";"Poloni (SP)";"143733,7"
"3540002";"Pompéia (SP)";"1502082,3"
"3540101";"Pongaí (SP)";"84884,0"
"3540200";"Pontal (SP)";"1299449,3"
"3540259";"Pontalinda (SP)";"85488,8"
"3540309";"Pontes Gestal (SP)";"101952,2"
"3540408";"Populina (SP)";"109618,6"
"3540507";"Porangaba (SP)";"201320,8"
"3540606";"Porto Feliz (SP)";"3065172,5"
"3540705";"Porto Ferreira (SP)";"2289456,5"
"3540754";"Potim (SP)";"262032,7"
"3540804";"Potirendaba (SP)";"586373,5"
"3540853";"Pracinha (SP)";"35863,3"
"3540903";"Pradópolis (SP)";"1014224,3"
"3541000";"Praia Grande (SP)";"8098515,5"
"3541059";"Pratânia (SP)";"114048,8"
"3541109";"Presidente Alves (SP)";"72582,8"
"3541208";"Presidente Bernardes (SP)";"367891,1"
"3541307";"Presidente Epitácio (SP)";"955113,1"
"3541406";"Presidente Prudente (SP)";"8429988,9"
"3541505";"Presidente Venceslau (SP)";"779335,9"
"3541604";"Promissão (SP)";"2001114,4"
"3541653";"Quadra (SP)";"125110,8"
"3541703";"Quatá (SP)";"747252,5"
"3541802";"Queiroz (SP)";"862586,7"
"3541901";"Queluz (SP)";"344367,4"
"3542008";"Quintana (SP)";"218538,7"
"3542107";"Rafard (SP)";"382438,0"
"3542206";"Rancharia (SP)";"1324391,8"
"3542305";"Redenção da Serra (SP)";"62413,5"
"3542404";"Regente Feijó (SP)";"840785,5"
"3542503";"Reginópolis (SP)";"176723,3"
"3542602";"Registro (SP)";"2216285,8"
"3542701";"Restinga (SP)";"191048,6"
"3542800";"Ribeira (SP)";"54103,6"
"3542909";"Ribeirão Bonito (SP)";"348168,3"
"3543006";"Ribeirão Branco (SP)";"512397,8"
"3543105";"Ribeirão Corrente (SP)";"175336,6"
"3543204";"Ribeirão do Sul (SP)";"205674,3"
"3543238";"Ribeirão dos Índios (SP)";"42304,9"
"3543253";"Ribeirão Grande (SP)";"219417,5"
"3543303";"Ribeirão Pires (SP)";"3346442,1"
"3543402";"Ribeirão Preto (SP)";"35167949,1"
"3543501";"Riversul (SP)";"85308,0"
"3543600";"Rifaina (SP)";"173166,6"
"3543709";"Rincão (SP)";"206872,0"
"3543808";"Rinópolis (SP)";"302306,6"
"3543907";"Rio Claro (SP)";"11374233,9"
"3544004";"Rio das Pedras (SP)";"1476073,0"
"3544103";"Rio Grande da Serra (SP)";"866735,7"
"3544202";"Riolândia (SP)";"246600,3"
"3544251";"Rosana (SP)";"2195060,3"
"3544301";"Roseira (SP)";"352069,6"
"3544400";"Rubiácea (SP)";"81598,7"
"3544509";"Rubinéia (SP)";"88153,4"
"3544608";"Sabino (SP)";"135120,5"
"3544707";"Sagres (SP)";"46480,2"
"3544806";"Sales (SP)";"155649,2"
"3544905";"Sales Oliveira (SP)";"411902,9"
"3545001";"Salesópolis (SP)";"244598,0"
"3545100";"Salmourão (SP)";"83056,1"
"3545159";"Saltinho (SP)";"294710,2"
"3545209";"Salto (SP)";"7862759,3"
"3545308";"Salto de Pirapora (SP)";"1937616,9"
"3545407";"Salto Grande (SP)";"266521,8"
"3545506";"Sandovalina (SP)";"421650,0"
"3545605";"Santa Adélia (SP)";"357079,1"
"3545704";"Santa Albertina (SP)";"212133,9"
"3545803";"Santa Bárbara d'Oeste (SP)";"6459528,0"
"3546009";"Santa Branca (SP)";"282593,5"
"3546108";"Santa Clara d'Oeste (SP)";"73893,6"
"3546207";"Santa Cruz da Conceição (SP)";"143089,3"
"3546256";"Santa Cruz da Esperança (SP)";"63850,9"
"3546306";"Santa Cruz das Palmeiras (SP)";"583108,7"
"3546405";"Santa Cruz do Rio Pardo (SP)";"2437283,5"
"3546504";"Santa Ernestina (SP)";"106320,3"
"3546603";"Santa Fé do Sul (SP)";"1269417,4"
"3546702";"Santa Gertrudes (SP)";"2695730,8"
"3546801";"Santa Isabel (SP)";"1619403,7"
"3546900";"Santa Lúcia (SP)";"125560,0"
"3547007";"Santa Maria da Serra (SP)";"136246,0"
"3547106";"Santa Mercedes (SP)";"61893,7"
"3547205";"Santana da Ponte Pensa (SP)";"41452,8"
"3547304";"Santana de Parnaíba (SP)";"9962481,5"
"3547403";"Santa Rita d'Oeste (SP)";"66826,8"
"3547502";"Santa Rita do Passa Quatro (SP)";"759779,4"
"3547601";"Santa Rosa de Viterbo (SP)";"764522,4"
"3547650";"Santa Salete (SP)";"39550,3"
"3547700";"Santo Anastácio (SP)";"500347,7"
"3547809";"Santo André (SP)";"28458458,3"
"3547908";"Santo Antônio da Alegria (SP)";"187423,1"
"3548005";"Santo Antônio de Posse (SP)";"1596119,2"
"3548054";"Santo Antônio do Aracanguá (SP)";"253511,1"
"3548104";"Santo Antônio do Jardim (SP)";"196417,6"
"3548203";"Santo Antônio do Pinhal (SP)";"128833,8"
"3548302";"Santo Expedito (SP)";"44967,2"
"3548401";"Santópolis do Aguapeí (SP)";"71710,2"
"3548500";"Santos (SP)";"22454711,7"
"3548609";"São Bento do Sapucaí (SP)";"238088,8"
"3548708";"São Bernardo do Campo (SP)";"48586085,1"
"3548807";"São Caetano do Sul (SP)";"13974664,5"
"3548906";"São Carlos (SP)";"12143042,3"
"3549003";"São Francisco (SP)";"47816,4"
"3549102";"São João da Boa Vista (SP)";"3433710,5"
"3549201";"São João das Duas Pontes (SP)";"49351,6"
"3549250";"São João de Iracema (SP)";"42507,0"
"3549300";"São João do Pau d'Alho (SP)";"55304,7"
"3549409";"São Joaquim da Barra (SP)";"1881212,9"
"3549508";"São José da Bela Vista (SP)";"183900,8"
"3549607";"São José do Barreiro (SP)";"60160,2"
"3549706";"São José do Rio Pardo (SP)";"2168272,0"
"3549805";"São José do Rio Preto (SP)";"18541665,6"
"3549904";"São José dos Campos (SP)";"39363728,6"
"3549953";"São Lourenço da Serra (SP)";"263785,1"
"3550001";"São Luiz do Paraitinga (SP)";"189934,8"
"3550100";"São Manuel (SP)";"1289191,7"
"3550209";"São Miguel Arcanjo (SP)";"931047,3"
"3550308";"São Paulo (SP)";"746909329,6"
"3550407";"São Pedro (SP)";"824684,6"
"3550506";"São Pedro do Turvo (SP)";"233137,9"
"3550605";"São Roque (SP)";"3068358,3"
"3550704";"São Sebastião (SP)";"3274315,2"
"3550803";"São Sebastião da Grama (SP)";"332786,8"
"3550902";"São Simão (SP)";"473737,0"
"3551009";"São Vicente (SP)";"5716548,1"
"3551108";"Sarapuí (SP)";"189077,1"
"3551207";"Sarutaiá (SP)";"85790,1"
"3551306";"Sebastianópolis do Sul (SP)";"403598,5"
"3551405";"Serra Azul (SP)";"188766,9"
"3551504";"Serrana (SP)";"1202730,9"
"3551603";"Serra Negra (SP)";"742187,8"
"3551702";"Sertãozinho (SP)";"6660447,7"
"3551801";"Sete Barras (SP)";"351826,1"
"3551900";"Severínia (SP)";"253135,6"
"3552007";"Silveiras (SP)";"89435,7"
"3552106";"Socorro (SP)";"961559,6"
"3552205";"Sorocaba (SP)";"36624251,6"
"3552304";"Sud Mennucci (SP)";"225828,1"
"3552403";"Sumaré (SP)";"13672589,8"
"3552502";"Suzano (SP)";"12632702,1"
"3552551";"Suzanápolis (SP)";"294667,1"
"3552601";"Tabapuã (SP)";"260622,2"
"3552700";"Tabatinga (SP)";"295780,7"
"3552809";"Taboão da Serra (SP)";"9084523,9"
"3552908";"Taciba (SP)";"191184,9"
"3553005";"Taguaí (SP)";"278608,2"
"3553104";"Taiaçu (SP)";"100404,7"
"3553203";"Taiúva (SP)";"116175,1"
"3553302";"Tambaú (SP)";"599795,8"
"3553401";"Tanabi (SP)";"1199202,9"
"3553500";"Tapiraí (SP)";"183684,9"
"3553609";"Tapiratiba (SP)";"269419,1"
"3553658";"Taquaral (SP)";"44549,0"
"3553708";"Taquaritinga (SP)";"1672139,4"
"3553807";"Taquarituba (SP)";"895749,2"
"3553856";"Taquarivaí (SP)";"341514,2"
"3553906";"Tarabai (SP)";"142825,9"
"3553955";"Tarumã (SP)";"852031,7"
"3554003";"Tatuí (SP)";"4402471,0"
"3554102";"Taubaté (SP)";"14698397,2"
"3554201";"Tejupá (SP)";"121632,6"
"3554300";"Teodoro Sampaio (SP)";"576546,3"
"3554409";"Terra Roxa (SP)";"160404,3"
"3554508";"Tietê (SP)";"1955770,0"
"3554607";"Timburi (SP)";"58140,4"
"3554656";"Torre de Pedra (SP)";"33857,8"
"3554706";"Torrinha (SP)";"232466,5"
"3554755";"Trabiju (SP)";"41638,0"
"3554805";"Tremembé (SP)";"802050,2"
"3554904";"Três Fronteiras (SP)";"110986,8"
"3554953";"Tuiuti (SP)";"183875,8"
"3555000";"Tupã (SP)";"2039905,0"
"3555109";"Tupi Paulista (SP)";"313127,6"
"3555208";"Turiúba (SP)";"54999,5"
"3555307";"Turmalina (SP)";"67518,2"
"3555356";"Ubarana (SP)";"391750,7"
"3555406";"Ubatuba (SP)";"2382854,7"
"3555505";"Ubirajara (SP)";"116265,5"
"3555604";"Uchoa (SP)";"350252,4"
"3555703";"União Paulista (SP)";"50742,5"
"3555802";"Urânia (SP)";"248085,6"
"3555901";"Uru (SP)";"44857,6"
"3556008";"Urupês (SP)";"465646,6"
"3556107";"Valentim Gentil (SP)";"399771,3"
"3556206";"Valinhos (SP)";"6860168,1"
"3556305";"Valparaíso (SP)";"1149172,1"
"3556354";"Vargem (SP)";"145519,7"
"3556404";"Vargem Grande do Sul (SP)";"1140998,0"
"3556453";"Vargem Grande Paulista (SP)";"2398460,4"
"3556503";"Várzea Paulista (SP)";"3139965,9"
"3556602";"Vera Cruz (SP)";"203958,1"
"3556701";"Vinhedo (SP)";"10493524,6"
"3556800";"Viradouro (SP)";"374065,8"
"3556909";"Vista Alegre do Alto (SP)";"404136,6"
"3556958";"Vitória Brasil (SP)";"42972,3"
"3557006";"Votorantim (SP)";"3412629,8"
"3557105";"Votuporanga (SP)";"3378182,1"
"3557154";"Zacarias (SP)";"112917,9"
"3557204";"Chavantes (SP)";"239832,6"
"3557303";"Estiva Gerbi (SP)";"347562,5"
"4100103";"Abatiá (PR)";"239709,5"
"4100202";"Adrianópolis (PR)";"285534,2"
"4100301";"Agudos do Sul (PR)";"207540,0"
"4100400";"Almirante Tamandaré (PR)";"1705684,5"
"4100459";"Altamira do Paraná (PR)";"83722,0"
"4100509";"Altônia (PR)";"419557,8"
"4100608";"Alto Paraná (PR)";"313269,6"
"4100707";"Alto Piquiri (PR)";"349875,0"
"4100806";"Alvorada do Sul (PR)";"362004,8"
"4100905";"Amaporã (PR)";"121412,3"
"4101002";"Ampére (PR)";"650835,7"
"4101051";"Anahy (PR)";"120614,4"
"4101101";"Andirá (PR)";"785930,8"
"4101150";"Ângulo (PR)";"139747,1"
"4101200";"Antonina (PR)";"573970,6"
"4101309";"Antônio Olinto (PR)";"214047,2"
"4101408";"Apucarana (PR)";"3336786,3"
"4101507";"Arapongas (PR)";"4466438,4"
"4101606";"Arapoti (PR)";"1280014,5"
"4101655";"Arapuã (PR)";"127734,7"
"4101705";"Araruna (PR)";"533674,1"
"4101804";"Araucária (PR)";"19686155,2"
"4101853";"Ariranha do Ivaí (PR)";"125255,2"
"4101903";"Assaí (PR)";"495664,4"
"4102000";"Assis Chateaubriand (PR)";"1395046,8"
"4102109";"Astorga (PR)";"868864,5"
"4102208";"Atalaia (PR)";"184769,8"
"4102307";"Balsa Nova (PR)";"710718,8"
"4102406";"Bandeirantes (PR)";"1004079,9"
"4102505";"Barbosa Ferraz (PR)";"281819,9"
"4102604";"Barracão (PR)";"268257,2"
"4102703";"Barra do Jacaré (PR)";"123271,1"
"4102752";"Bela Vista da Caroba (PR)";"93903,3"
"4102802";"Bela Vista do Paraíso (PR)";"527803,4"
"4102901";"Bituruna (PR)";"443773,2"
"4103008";"Boa Esperança (PR)";"276117,5"
"4103024";"Boa Esperança do Iguaçu (PR)";"117819,3"
"4103040";"Boa Ventura de São Roque (PR)";"300753,5"
"4103057";"Boa Vista da Aparecida (PR)";"180388,0"
"4103107";"Bocaiúva do Sul (PR)";"232986,8"
"4103156";"Bom Jesus do Sul (PR)";"91674,1"
"4103206";"Bom Sucesso (PR)";"147382,0"
"4103222";"Bom Sucesso do Sul (PR)";"262414,6"
"4103305";"Borrazópolis (PR)";"230968,7"
"4103354";"Braganey (PR)";"244770,0"
"4103370";"Brasilândia do Sul (PR)";"217670,5"
"4103404";"Cafeara (PR)";"76996,1"
"4103453";"Cafelândia (PR)";"2094245,7"
"4103479";"Cafezal do Sul (PR)";"130700,8"
"4103503";"Califórnia (PR)";"218258,3"
"4103602";"Cambará (PR)";"799666,7"
"4103701";"Cambé (PR)";"4652691,4"
"4103800";"Cambira (PR)";"245570,2"
"4103909";"Campina da Lagoa (PR)";"551082,0"
"4103958";"Campina do Simão (PR)";"130599,7"
"4104006";"Campina Grande do Sul (PR)";"1746621,9"
"4104055";"Campo Bonito (PR)";"240694,5"
"4104105";"Campo do Tenente (PR)";"206691,5"
"4104204";"Campo Largo (PR)";"4718986,1"
"4104253";"Campo Magro (PR)";"502158,2"
"4104303";"Campo Mourão (PR)";"4588837,9"
"4104402";"Cândido de Abreu (PR)";"386657,5"
"4104428";"Candói (PR)";"724741,8"
"4104451";"Cantagalo (PR)";"305858,4"
"4104501";"Capanema (PR)";"800433,1"
"4104600";"Capitão Leônidas Marques (PR)";"1394017,4"
"4104659";"Carambeí (PR)";"1459279,8"
"4104709";"Carlópolis (PR)";"402039,0"
"4104808";"Cascavel (PR)";"14157376,2"
"4104907";"Castro (PR)";"3293035,0"
"4105003";"Catanduvas (PR)";"347925,4"
"4105102";"Centenário do Sul (PR)";"276412,4"
"4105201";"Cerro Azul (PR)";"351048,8"
"4105300";"Céu Azul (PR)";"805857,7"
"4105409";"Chopinzinho (PR)";"848124,7"
"4105508";"Cianorte (PR)";"2687581,1"
"4105607";"Cidade Gaúcha (PR)";"421469,1"
"4105706";"Clevelândia (PR)";"597035,1"
"4105805";"Colombo (PR)";"4979981,7"
"4105904";"Colorado (PR)";"717242,1"
"4106001";"Congonhinhas (PR)";"264271,6"
"4106100";"Conselheiro Mairinck (PR)";"117918,1"
"4106209";"Contenda (PR)";"450814,2"
"4106308";"Corbélia (PR)";"1031181,7"
"4106407";"Cornélio Procópio (PR)";"1745204,9"
"4106456";"Coronel Domingos Soares (PR)";"229450,6"
"4106506";"Coronel Vivida (PR)";"729600,4"
"4106555";"Corumbataí do Sul (PR)";"81963,0"
"4106571";"Cruzeiro do Iguaçu (PR)";"154807,7"
"4106605";"Cruzeiro do Oeste (PR)";"831868,1"
"4106704";"Cruzeiro do Sul (PR)";"197228,9"
"4106803";"Cruz Machado (PR)";"441368,2"
"4106852";"Cruzmaltina (PR)";"160484,9"
"4106902";"Curitiba (PR)";"88163327,0"
"4107009";"Curiúva (PR)";"232153,6"
"4107108";"Diamante do Norte (PR)";"398679,3"
"4107124";"Diamante do Sul (PR)";"70625,6"
"4107157";"Diamante D'Oeste (PR)";"112919,9"
"4107207";"Dois Vizinhos (PR)";"1798726,8"
"4107256";"Douradina (PR)";"677826,5"
"4107306";"Doutor Camargo (PR)";"218743,4"
"4107405";"Enéas Marques (PR)";"244685,3"
"4107504";"Engenheiro Beltrão (PR)";"554004,4"
"4107520";"Esperança Nova (PR)";"61773,8"
"4107538";"Entre Rios do Oeste (PR)";"292779,9"
"4107546";"Espigão Alto do Iguaçu (PR)";"159991,5"
"4107553";"Farol (PR)";"217109,7"
"4107603";"Faxinal (PR)";"471861,0"
"4107652";"Fazenda Rio Grande (PR)";"2775060,9"
"4107702";"Fênix (PR)";"212061,7"
"4107736";"Fernandes Pinheiro (PR)";"224679,7"
"4107751";"Figueira (PR)";"138616,0"
"4107801";"Floraí (PR)";"234199,3"
"4107850";"Flor da Serra do Sul (PR)";"152317,6"
"4107900";"Floresta (PR)";"261371,6"
"4108007";"Florestópolis (PR)";"469056,9"
"4108106";"Flórida (PR)";"75430,8"
"4108205";"Formosa do Oeste (PR)";"313719,2"
"4108304";"Foz do Iguaçu (PR)";"17864926,6"
"4108320";"Francisco Alves (PR)";"241461,5"
"4108403";"Francisco Beltrão (PR)";"3194302,4"
"4108452";"Foz do Jordão (PR)";"171316,7"
"4108502";"General Carneiro (PR)";"358242,5"
"4108551";"Godoy Moreira (PR)";"64764,8"
"4108601";"Goioerê (PR)";"1020034,7"
"4108650";"Goioxim (PR)";"282574,5"
"4108700";"Grandes Rios (PR)";"137762,4"
"4108809";"Guaíra (PR)";"1127712,2"
"4108908";"Guairaçá (PR)";"247216,2"
"4108957";"Guamiranga (PR)";"268360,6"
"4109005";"Guapirama (PR)";"138717,9"
"4109104";"Guaporema (PR)";"72239,4"
"4109203";"Guaraci (PR)";"148143,4"
"4109302";"Guaraniaçu (PR)";"471162,5"
"4109401";"Guarapuava (PR)";"7519722,2"
"4109500";"Guaraqueçaba (PR)";"113538,3"
"4109609";"Guaratuba (PR)";"881072,1"
"4109658";"Honório Serpa (PR)";"237314,4"
"4109708";"Ibaiti (PR)";"772178,4"
"4109757";"Ibema (PR)";"168510,4"
"4109807";"Ibiporã (PR)";"2659227,6"
"4109906";"Icaraíma (PR)";"258238,8"
"4110003";"Iguaraçu (PR)";"182707,5"
"4110052";"Iguatu (PR)";"91550,5"
"4110078";"Imbaú (PR)";"228043,0"
"4110102";"Imbituva (PR)";"1047018,0"
"4110201";"Inácio Martins (PR)";"235233,8"
"4110300";"Inajá (PR)";"51768,7"
"4110409";"Indianópolis (PR)";"467044,6"
"4110508";"Ipiranga (PR)";"569218,2"
"4110607";"Iporã (PR)";"442964,4"
"4110656";"Iracema do Oeste (PR)";"90310,5"
"4110706";"Irati (PR)";"2049177,8"
"4110805";"Iretama (PR)";"303533,6"
"4110904";"Itaguajé (PR)";"113350,2"
"4110953";"Itaipulândia (PR)";"453580,1"
"4111001";"Itambaracá (PR)";"203942,2"
"4111100";"Itambé (PR)";"244809,5"
"4111209";"Itapejara d'Oeste (PR)";"699883,9"
"4111258";"Itaperuçu (PR)";"577822,2"
"4111308";"Itaúna do Sul (PR)";"84524,8"
"4111407";"Ivaí (PR)";"468753,2"
"4111506";"Ivaiporã (PR)";"864420,7"
"4111555";"Ivaté (PR)";"202592,4"
"4111605";"Ivatuba (PR)";"140309,4"
"4111704";"Jaboti (PR)";"124234,7"
"4111803";"Jacarezinho (PR)";"1430894,5"
"4111902";"Jaguapitã (PR)";"927488,4"
"4112009";"Jaguariaíva (PR)";"1415524,3"
"4112108";"Jandaia do Sul (PR)";"767193,9"
"4112207";"Janiópolis (PR)";"250312,6"
"4112306";"Japira (PR)";"117130,6"
"4112405";"Japurá (PR)";"312784,8"
"4112504";"Jardim Alegre (PR)";"323519,2"
"4112603";"Jardim Olinda (PR)";"46102,5"
"4112702";"Jataizinho (PR)";"247014,7"
"4112751";"Jesuítas (PR)";"391705,2"
"4112801";"Joaquim Távora (PR)";"653655,2"
"4112900";"Jundiaí do Sul (PR)";"114510,3"
"4112959";"Juranda (PR)";"400971,3"
"4113007";"Jussara (PR)";"371245,8"
"4113106";"Kaloré (PR)";"145838,4"
"4113205";"Lapa (PR)";"2026334,1"
"4113254";"Laranjal (PR)";"100926,0"
"4113304";"Laranjeiras do Sul (PR)";"889677,4"
"4113403";"Leópolis (PR)";"187826,8"
"4113429";"Lidianópolis (PR)";"112474,7"
"4113452";"Lindoeste (PR)";"186917,0"
"4113502";"Loanda (PR)";"657570,5"
"4113601";"Lobato (PR)";"226232,3"
"4113700";"Londrina (PR)";"21700395,9"
"4113734";"Luiziana (PR)";"499718,0"
"4113759";"Lunardelli (PR)";"117449,0"
"4113809";"Lupionópolis (PR)";"126295,8"
"4113908";"Mallet (PR)";"694686,3"
"4114005";"Mamborê (PR)";"787291,9"
"4114104";"Mandaguaçu (PR)";"617340,2"
"4114203";"Mandaguari (PR)";"1688457,2"
"4114302";"Mandirituba (PR)";"608026,8"
"4114351";"Manfrinópolis (PR)";"72588,6"
"4114401";"Mangueirinha (PR)";"1561986,1"
"4114500";"Manoel Ribas (PR)";"460305,1"
"4114609";"Marechal Cândido Rondon (PR)";"2832605,7"
"4114708";"Maria Helena (PR)";"129368,2"
"4114807";"Marialva (PR)";"2038419,5"
"4114906";"Marilândia do Sul (PR)";"391672,5"
"4115002";"Marilena (PR)";"171132,8"
"4115101";"Mariluz (PR)";"269888,8"
"4115200";"Maringá (PR)";"19992894,1"
"4115309";"Mariópolis (PR)";"371992,0"
"4115358";"Maripá (PR)";"446672,9"
"4115408";"Marmeleiro (PR)";"541511,7"
"4115457";"Marquinho (PR)";"107582,6"
"4115507";"Marumbi (PR)";"88264,4"
"4115606";"Matelândia (PR)";"991146,4"
"4115705";"Matinhos (PR)";"820358,7"
"4115739";"Mato Rico (PR)";"97903,4"
"4115754";"Mauá da Serra (PR)";"356689,2"
"4115804";"Medianeira (PR)";"2068486,9"
"4115853";"Mercedes (PR)";"246927,8"
"4115903";"Mirador (PR)";"130072,9"
"4116000";"Miraselva (PR)";"42680,5"
"4116059";"Missal (PR)";"387445,6"
"4116109";"Moreira Sales (PR)";"293511,7"
"4116208";"Morretes (PR)";"368440,7"
"4116307";"Munhoz de Melo (PR)";"128233,2"
"4116406";"Nossa Senhora das Graças (PR)";"92784,6"
"4116505";"Nova Aliança do Ivaí (PR)";"45759,3"
"4116604";"Nova América da Colina (PR)";"95592,5"
"4116703";"Nova Aurora (PR)";"745177,9"
"4116802";"Nova Cantu (PR)";"309184,2"
"4116901";"Nova Esperança (PR)";"860269,7"
"4116950";"Nova Esperança do Sudoeste (PR)";"139551,3"
"4117008";"Nova Fátima (PR)";"281471,2"
"4117057";"Nova Laranjeiras (PR)";"252968,5"
"4117107";"Nova Londrina (PR)";"398303,7"
"4117206";"Nova Olímpia (PR)";"98644,4"
"4117214";"Nova Santa Bárbara (PR)";"91794,6"
"4117222";"Nova Santa Rosa (PR)";"428171,4"
"4117255";"Nova Prata do Iguaçu (PR)";"392386,0"
"4117271";"Nova Tebas (PR)";"162703,7"
"4117297";"Novo Itacolomi (PR)";"83118,4"
"4117305";"Ortigueira (PR)";"2718482,2"
"4117404";"Ourizona (PR)";"149989,2"
"4117453";"Ouro Verde do Oeste (PR)";"263740,9"
"4117503";"Paiçandu (PR)";"989271,7"
"4117602";"Palmas (PR)";"1372515,9"
"4117701";"Palmeira (PR)";"1535329,5"
"4117800";"Palmital (PR)";"293520,6"
"4117909";"Palotina (PR)";"2675646,4"
"4118006";"Paraíso do Norte (PR)";"377959,6"
"4118105";"Paranacity (PR)";"307630,9"
"4118204";"Paranaguá (PR)";"12092727,0"
"4118303";"Paranapoema (PR)";"77622,4"
"4118402";"Paranavaí (PR)";"2748737,7"
"4118451";"Pato Bragado (PR)";"218834,4"
"4118501";"Pato Branco (PR)";"4168114,4"
"4118600";"Paula Freitas (PR)";"356163,5"
"4118709";"Paulo Frontin (PR)";"384261,5"
"4118808";"Peabiru (PR)";"424472,0"
"4118857";"Perobal (PR)";"248777,8"
"4118907";"Pérola (PR)";"399146,7"
"4119004";"Pérola d'Oeste (PR)";"215522,5"
"4119103";"Piên (PR)";"722269,2"
"4119152";"Pinhais (PR)";"6369865,9"
"4119202";"Pinhalão (PR)";"188078,6"
"4119251";"Pinhal de São Bento (PR)";"68039,6"
"4119301";"Pinhão (PR)";"1563743,2"
"4119400";"Piraí do Sul (PR)";"1079186,0"
"4119509";"Piraquara (PR)";"1397401,8"
"4119608";"Pitanga (PR)";"1094113,1"
"4119657";"Pitangueiras (PR)";"130891,2"
"4119707";"Planaltina do Paraná (PR)";"100093,9"
"4119806";"Planalto (PR)";"377778,0"
"4119905";"Ponta Grossa (PR)";"17276018,5"
"4119954";"Pontal do Paraná (PR)";"593806,2"
"4120002";"Porecatu (PR)";"654726,4"
"4120101";"Porto Amazonas (PR)";"155265,4"
"4120150";"Porto Barreiro (PR)";"145791,6"
"4120200";"Porto Rico (PR)";"87180,7"
"4120309";"Porto Vitória (PR)";"82505,0"
"4120333";"Prado Ferreira (PR)";"180177,7"
"4120358";"Pranchita (PR)";"274864,4"
"4120408";"Presidente Castelo Branco (PR)";"142996,5"
"4120507";"Primeiro de Maio (PR)";"370705,6"
"4120606";"Prudentópolis (PR)";"1435639,9"
"4120655";"Quarto Centenário (PR)";"341564,6"
"4120705";"Quatiguá (PR)";"197715,0"
"4120804";"Quatro Barras (PR)";"1594928,2"
"4120853";"Quatro Pontes (PR)";"245452,2"
"4120903";"Quedas do Iguaçu (PR)";"1292090,1"
"4121000";"Querência do Norte (PR)";"256264,3"
"4121109";"Quinta do Sol (PR)";"243802,6"
"4121208";"Quitandinha (PR)";"451207,7"
"4121257";"Ramilândia (PR)";"94007,3"
"4121307";"Rancho Alegre (PR)";"162940,6"
"4121356";"Rancho Alegre D'Oeste (PR)";"223173,4"
"4121406";"Realeza (PR)";"686180,3"
"4121505";"Rebouças (PR)";"451500,0"
"4121604";"Renascença (PR)";"341097,5"
"4121703";"Reserva (PR)";"680755,3"
"4121752";"Reserva do Iguaçu (PR)";"238283,2"
"4121802";"Ribeirão Claro (PR)";"459883,8"
"4121901";"Ribeirão do Pinhal (PR)";"320742,8"
"4122008";"Rio Azul (PR)";"664698,3"
"4122107";"Rio Bom (PR)";"92696,3"
"4122156";"Rio Bonito do Iguaçu (PR)";"407975,5"
"4122172";"Rio Branco do Ivaí (PR)";"112817,9"
"4122206";"Rio Branco do Sul (PR)";"1014371,2"
"4122305";"Rio Negro (PR)";"1199886,5"
"4122404";"Rolândia (PR)";"3083698,8"
"4122503";"Roncador (PR)";"538821,3"
"4122602";"Rondon (PR)";"334034,4"
"4122651";"Rosário do Ivaí (PR)";"114383,9"
"4122701";"Sabáudia (PR)";"585160,5"
"4122800";"Salgado Filho (PR)";"115030,7"
"4122909";"Salto do Itararé (PR)";"101684,3"
"4123006";"Salto do Lontra (PR)";"469062,9"
"4123105";"Santa Amélia (PR)";"96198,0"
"4123204";"Santa Cecília do Pavão (PR)";"176174,0"
"4123303";"Santa Cruz de Monte Castelo (PR)";"360246,2"
"4123402";"Santa Fé (PR)";"302992,1"
"4123501";"Santa Helena (PR)";"1208896,0"
"4123600";"Santa Inês (PR)";"51934,5"
"4123709";"Santa Isabel do Ivaí (PR)";"245752,0"
"4123808";"Santa Izabel do Oeste (PR)";"380922,0"
"4123824";"Santa Lúcia (PR)";"145976,7"
"4123857";"Santa Maria do Oeste (PR)";"205826,5"
"4123907";"Santa Mariana (PR)";"439560,6"
"4123956";"Santa Mônica (PR)";"95716,8"
"4124004";"Santana do Itararé (PR)";"138568,0"
"4124020";"Santa Tereza do Oeste (PR)";"527201,3"
"4124053";"Santa Terezinha de Itaipu (PR)";"592244,0"
"4124103";"Santo Antônio da Platina (PR)";"1341752,0"
"4124202";"Santo Antônio do Caiuá (PR)";"52490,7"
"4124301";"Santo Antônio do Paraíso (PR)";"91302,1"
"4124400";"Santo Antônio do Sudoeste (PR)";"578239,1"
"4124509";"Santo Inácio (PR)";"505013,7"
"4124608";"São Carlos do Ivaí (PR)";"378781,7"
"4124707";"São Jerônimo da Serra (PR)";"285310,9"
"4124806";"São João (PR)";"782792,8"
"4124905";"São João do Caiuá (PR)";"135615,8"
"4125001";"São João do Ivaí (PR)";"331259,7"
"4125100";"São João do Triunfo (PR)";"604519,2"
"4125209";"São Jorge d'Oeste (PR)";"353862,9"
"4125308";"São Jorge do Ivaí (PR)";"356969,8"
"4125357";"São Jorge do Patrocínio (PR)";"191206,0"
"4125407";"São José da Boa Vista (PR)";"188282,8"
"4125456";"São José das Palmeiras (PR)";"90733,1"
"4125506";"São José dos Pinhais (PR)";"22092824,0"
"4125555";"São Manoel do Paraná (PR)";"61053,7"
"4125605";"São Mateus do Sul (PR)";"1305883,1"
"4125704";"São Miguel do Iguaçu (PR)";"1206136,3"
"4125753";"São Pedro do Iguaçu (PR)";"253140,1"
"4125803";"São Pedro do Ivaí (PR)";"344642,8"
"4125902";"São Pedro do Paraná (PR)";"86301,7"
"4126009";"São Sebastião da Amoreira (PR)";"243781,5"
"4126108";"São Tomé (PR)";"157519,0"
"4126207";"Sapopema (PR)";"135527,2"
"4126256";"Sarandi (PR)";"1811994,5"
"4126272";"Saudade do Iguaçu (PR)";"696574,6"
"4126306";"Sengés (PR)";"550995,3"
"4126355";"Serranópolis do Iguaçu (PR)";"244829,3"
"4126405";"Sertaneja (PR)";"345410,9"
"4126504";"Sertanópolis (PR)";"888535,7"
"4126603";"Siqueira Campos (PR)";"591755,5"
"4126652";"Sulina (PR)";"141940,0"
"4126678";"Tamarana (PR)";"1150218,4"
"4126702";"Tamboara (PR)";"127881,3"
"4126801";"Tapejara (PR)";"519637,1"
"4126900";"Tapira (PR)";"133260,6"
"4127007";"Teixeira Soares (PR)";"529130,2"
"4127106";"Telêmaco Borba (PR)";"4220679,7"
"4127205";"Terra Boa (PR)";"528130,3"
"4127304";"Terra Rica (PR)";"359495,2"
"4127403";"Terra Roxa (PR)";"913036,5"
"4127502";"Tibagi (PR)";"1182986,4"
"4127601";"Tijucas do Sul (PR)";"420352,0"
"4127700";"Toledo (PR)";"6783999,5"
"4127809";"Tomazina (PR)";"261929,2"
"4127858";"Três Barras do Paraná (PR)";"434777,2"
"4127882";"Tunas do Paraná (PR)";"122499,5"
"4127908";"Tuneiras do Oeste (PR)";"255077,1"
"4127957";"Tupãssi (PR)";"413273,6"
"4127965";"Turvo (PR)";"543556,3"
"4128005";"Ubiratã (PR)";"1601884,4"
"4128104";"Umuarama (PR)";"3674617,9"
"4128203";"União da Vitória (PR)";"1616235,2"
"4128302";"Uniflor (PR)";"104985,1"
"4128401";"Uraí (PR)";"332186,8"
"4128500";"Wenceslau Braz (PR)";"622784,0"
"4128534";"Ventania (PR)";"320712,7"
"4128559";"Vera Cruz do Oeste (PR)";"334352,5"
"4128609";"Verê (PR)";"417545,4"
"4128625";"Alto Paraíso (PR)";"104268,1"
"4128633";"Doutor Ulysses (PR)";"89389,9"
"4128658";"Virmond (PR)";"174759,2"
"4128708";"Vitorino (PR)";"444027,2"
"4128807";"Xambrê (PR)";"128280,6"
"4200051";"Abdon Batista (SC)";"62063,8"
"4200101";"Abelardo Luz (SC)";"785719,4"
"4200200";"Agrolândia (SC)";"301508,5"
"4200309";"Agronômica (SC)";"186897,5"
"4200408";"Água Doce (SC)";"545640,6"
"4200507";"Águas de Chapecó (SC)";"118516,8"
"4200556";"Águas Frias (SC)";"126594,8"
"4200606";"Águas Mornas (SC)";"179592,3"
"4200705";"Alfredo Wagner (SC)";"318272,2"
"4200754";"Alto Bela Vista (SC)";"72475,9"
"4200804";"Anchieta (SC)";"175462,0"
"4200903";"Angelina (SC)";"149508,4"
"4201000";"Anita Garibaldi (SC)";"180845,0"
"4201109";"Anitápolis (SC)";"67107,7"
"4201208";"Antônio Carlos (SC)";"788089,2"
"4201257";"Apiúna (SC)";"371305,0"
"4201273";"Arabutã (SC)";"228358,9"
"4201307";"Araquari (SC)";"5507493,4"
"4201406";"Araranguá (SC)";"2066666,8"
"4201505";"Armazém (SC)";"230322,7"
"4201604";"Arroio Trinta (SC)";"110961,5"
"4201653";"Arvoredo (SC)";"135543,5"
"4201703";"Ascurra (SC)";"207577,2"
"4201802";"Atalanta (SC)";"101181,7"
"4201901";"Aurora (SC)";"268031,1"
"4201950";"Balneário Arroio do Silva (SC)";"195653,3"
"4202008";"Balneário Camboriú (SC)";"6210862,8"
"4202057";"Balneário Barra do Sul (SC)";"216000,8"
"4202073";"Balneário Gaivota (SC)";"182708,5"
"4202081";"Bandeirante (SC)";"106894,9"
"4202099";"Barra Bonita (SC)";"42592,3"
"4202107";"Barra Velha (SC)";"1837169,9"
"4202131";"Bela Vista do Toldo (SC)";"175806,1"
"4202156";"Belmonte (SC)";"61722,7"
"4202206";"Benedito Novo (SC)";"370030,0"
"4202305";"Biguaçu (SC)";"2415813,4"
"4202404";"Blumenau (SC)";"17782040,6"
"4202438";"Bocaina do Sul (SC)";"96202,1"
"4202453";"Bombinhas (SC)";"783521,7"
"4202503";"Bom Jardim da Serra (SC)";"242081,8"
"4202537";"Bom Jesus (SC)";"131100,8"
"4202578";"Bom Jesus do Oeste (SC)";"64587,4"
"4202602";"Bom Retiro (SC)";"346802,7"
"4202701";"Botuverá (SC)";"348784,9"
"4202800";"Braço do Norte (SC)";"1443111,9"
"4202859";"Braço do Trombudo (SC)";"181527,0"
"4202875";"Brunópolis (SC)";"95779,0"
"4202909";"Brusque (SC)";"6998846,0"
"4203006";"Caçador (SC)";"3951559,7"
"4203105";"Caibi (SC)";"285114,3"
"4203154";"Calmon (SC)";"85946,7"
"4203204";"Camboriú (SC)";"1826694,0"
"4203253";"Capão Alto (SC)";"158897,6"
"4203303";"Campo Alegre (SC)";"563079,7"
"4203402";"Campo Belo do Sul (SC)";"235160,4"
"4203501";"Campo Erê (SC)";"330953,7"
"4203600";"Campos Novos (SC)";"2435743,2"
"4203709";"Canelinha (SC)";"215136,6"
"4203808";"Canoinhas (SC)";"1859427,7"
"4203907";"Capinzal (SC)";"961958,8"
"4203956";"Capivari de Baixo (SC)";"1271609,4"
"4204004";"Catanduvas (SC)";"455346,6"
"4204103";"Caxambu do Sul (SC)";"193778,1"
"4204152";"Celso Ramos (SC)";"57096,3"
"4204178";"Cerro Negro (SC)";"78455,3"
"4204194";"Chapadão do Lageado (SC)";"98084,6"
"4204202";"Chapecó (SC)";"11946493,5"
"4204251";"Cocal do Sul (SC)";"703615,4"
"4204301";"Concórdia (SC)";"3909478,2"
"4204350";"Cordilheira Alta (SC)";"314089,5"
"4204400";"Coronel Freitas (SC)";"331944,0"
"4204459";"Coronel Martins (SC)";"53361,2"
"4204509";"Corupá (SC)";"678099,0"
"4204558";"Correia Pinto (SC)";"670690,5"
"4204608";"Criciúma (SC)";"8808931,1"
"4204707";"Cunha Porã (SC)";"702506,0"
"4204756";"Cunhataí (SC)";"58477,7"
"4204806";"Curitibanos (SC)";"1603818,7"
"4204905";"Descanso (SC)";"265931,2"
"4205001";"Dionísio Cerqueira (SC)";"494130,4"
"4205100";"Dona Emma (SC)";"135635,8"
"4205159";"Doutor Pedrinho (SC)";"131266,9"
"4205175";"Entre Rios (SC)";"54575,1"
"4205191";"Ermo (SC)";"120351,6"
"4205209";"Erval Velho (SC)";"152013,3"
"4205308";"Faxinal dos Guedes (SC)";"578653,5"
"4205357";"Flor do Sertão (SC)";"54802,1"
"4205407";"Florianópolis (SC)";"21300108,6"
"4205431";"Formosa do Sul (SC)";"60837,4"
"4205456";"Forquilhinha (SC)";"978277,9"
"4205506";"Fraiburgo (SC)";"1150973,0"
"4205555";"Frei Rogério (SC)";"71939,9"
"4205605";"Galvão (SC)";"95597,1"
"4205704";"Garopaba (SC)";"684706,9"
"4205803";"Garuva (SC)";"1388593,5"
"4205902";"Gaspar (SC)";"3343822,4"
"4206009";"Governador Celso Ramos (SC)";"378448,9"
"4206108";"Grão-Pará (SC)";"263422,9"
"4206207";"Gravatal (SC)";"293883,3"
"4206306";"Guabiruba (SC)";"1015605,3"
"4206405";"Guaraciaba (SC)";"397471,7"
"4206504";"Guaramirim (SC)";"2012961,3"
"4206603";"Guarujá do Sul (SC)";"180030,7"
"4206652";"Guatambú (SC)";"293594,2"
"4206702";"Herval d'Oeste (SC)";"540369,7"
"4206751";"Ibiam (SC)";"62635,5"
"4206801";"Ibicaré (SC)";"126349,0"
"4206900";"Ibirama (SC)";"486334,0"
"4207007";"Içara (SC)";"2772970,0"
"4207106";"Ilhota (SC)";"882567,3"
"4207205";"Imaruí (SC)";"237242,5"
"4207304";"Imbituba (SC)";"2143434,2"
"4207403";"Imbuia (SC)";"212587,5"
"4207502";"Indaial (SC)";"3125768,1"
"4207577";"Iomerê (SC)";"185712,2"
"4207601";"Ipira (SC)";"97830,0"
"4207650";"Iporã do Oeste (SC)";"326181,8"
"4207684";"Ipuaçu (SC)";"277862,7"
"4207700";"Ipumirim (SC)";"399021,3"
"4207759";"Iraceminha (SC)";"112008,2"
"4207809";"Irani (SC)";"269414,1"
"4207858";"Irati (SC)";"46516,3"
"4207908";"Irineópolis (SC)";"389536,1"
"4208005";"Itá (SC)";"372979,1"
"4208104";"Itaiópolis (SC)";"855811,8"
"4208203";"Itajaí (SC)";"33007673,4"
"4208302";"Itapema (SC)";"2407139,0"
"4208401";"Itapiranga (SC)";"945845,3"
"4208450";"Itapoá (SC)";"1253295,2"
"4208500";"Ituporanga (SC)";"1109393,4"
"4208609";"Jaborá (SC)";"161991,5"
"4208708";"Jacinto Machado (SC)";"454731,8"
"4208807";"Jaguaruna (SC)";"813420,5"
"4208906";"Jaraguá do Sul (SC)";"9979358,6"
"4208955";"Jardinópolis (SC)";"59401,4"
"4209003";"Joaçaba (SC)";"1952941,6"
"4209102";"Joinville (SC)";"36383627,7"
"4209151";"José Boiteux (SC)";"117400,7"
"4209177";"Jupiá (SC)";"69677,3"
"4209201";"Lacerdópolis (SC)";"107396,2"
"4209300";"Lages (SC)";"5879522,5"
"4209409";"Laguna (SC)";"962831,6"
"4209458";"Lajeado Grande (SC)";"61036,0"
"4209508";"Laurentino (SC)";"336694,0"
"4209607";"Lauro Müller (SC)";"412406,4"
"4209706";"Lebon Régis (SC)";"365857,3"
"4209805";"Leoberto Leal (SC)";"119866,8"
"4209854";"Lindóia do Sul (SC)";"139180,8"
"4209904";"Lontras (SC)";"394868,6"
"4210001";"Luiz Alves (SC)";"592807,7"
"4210035";"Luzerna (SC)";"238272,6"
"4210050";"Macieira (SC)";"54913,6"
"4210100";"Mafra (SC)";"2106253,0"
"4210209";"Major Gercino (SC)";"53890,5"
"4210308";"Major Vieira (SC)";"241256,1"
"4210407";"Maracajá (SC)";"221998,3"
"4210506";"Maravilha (SC)";"1611745,2"
"4210555";"Marema (SC)";"76090,0"
"4210605";"Massaranduba (SC)";"649759,1"
"4210704";"Matos Costa (SC)";"51627,7"
"4210803";"Meleiro (SC)";"272752,8"
"4210852";"Mirim Doce (SC)";"74822,7"
"4210902";"Modelo (SC)";"133914,8"
"4211009";"Mondaí (SC)";"873532,6"
"4211058";"Monte Carlo (SC)";"194815,8"
"4211108";"Monte Castelo (SC)";"201318,8"
"4211207";"Morro da Fumaça (SC)";"708212,9"
"4211256";"Morro Grande (SC)";"114929,8"
"4211306";"Navegantes (SC)";"4964793,4"
"4211405";"Nova Erechim (SC)";"215853,6"
"4211454";"Nova Itaberaba (SC)";"145037,7"
"4211504";"Nova Trento (SC)";"626106,4"
"4211603";"Nova Veneza (SC)";"809754,5"
"4211652";"Novo Horizonte (SC)";"114281,5"
"4211702";"Orleans (SC)";"977649,2"
"4211751";"Otacílio Costa (SC)";"854143,0"
"4211801";"Ouro (SC)";"216547,1"
"4211850";"Ouro Verde (SC)";"118510,8"
"4211876";"Paial (SC)";"47724,5"
"4211892";"Painel (SC)";"66537,4"
"4211900";"Palhoça (SC)";"6526406,1"
"4212007";"Palma Sola (SC)";"250472,4"
"4212056";"Palmeira (SC)";"127912,7"
"4212106";"Palmitos (SC)";"760296,4"
"4212205";"Papanduva (SC)";"726360,6"
"4212239";"Paraíso (SC)";"135562,1"
"4212254";"Passo de Torres (SC)";"201443,5"
"4212270";"Passos Maia (SC)";"145997,2"
"4212304";"Paulo Lopes (SC)";"228624,5"
"4212403";"Pedras Grandes (SC)";"215519,1"
"4212502";"Penha (SC)";"904898,0"
"4212601";"Peritiba (SC)";"105754,9"
"4212650";"Pescaria Brava (SC)";"107686,4"
"4212700";"Petrolândia (SC)";"188155,4"
"4212809";"Balneário Piçarras (SC)";"1220718,0"
"4212908";"Pinhalzinho (SC)";"1345610,8"
"4213005";"Pinheiro Preto (SC)";"229682,6"
"4213104";"Piratuba (SC)";"742489,6"
"4213153";"Planalto Alegre (SC)";"115212,3"
"4213203";"Pomerode (SC)";"2195886,9"
"4213302";"Ponte Alta (SC)";"146027,6"
"4213351";"Ponte Alta do Norte (SC)";"138328,3"
"4213401";"Ponte Serrada (SC)";"249933,4"
"4213500";"Porto Belo (SC)";"1331541,5"
"4213609";"Porto União (SC)";"913309,5"
"4213708";"Pouso Redondo (SC)";"643199,6"
"4213807";"Praia Grande (SC)";"189760,9"
"4213906";"Presidente Castello Branco (SC)";"70734,0"
"4214003";"Presidente Getúlio (SC)";"774482,2"
"4214102";"Presidente Nereu (SC)";"57699,1"
"4214151";"Princesa (SC)";"105254,3"
"4214201";"Quilombo (SC)";"407041,4"
"4214300";"Rancho Queimado (SC)";"145847,8"
"4214409";"Rio das Antas (SC)";"255944,7"
"4214508";"Rio do Campo (SC)";"184044,3"
"4214607";"Rio do Oeste (SC)";"236338,6"
"4214706";"Rio dos Cedros (SC)";"389706,6"
"4214805";"Rio do Sul (SC)";"3114749,3"
"4214904";"Rio Fortuna (SC)";"227597,7"
"4215000";"Rio Negrinho (SC)";"1388260,0"
"4215059";"Rio Rufino (SC)";"67629,3"
"4215075";"Riqueza (SC)";"127559,0"
"4215109";"Rodeio (SC)";"324657,1"
"4215208";"Romelândia (SC)";"105861,1"
"4215307";"Salete (SC)";"290791,8"
"4215356";"Saltinho (SC)";"80353,6"
"4215406";"Salto Veloso (SC)";"239743,7"
"4215455";"Sangão (SC)";"362604,8"
"4215505";"Santa Cecília (SC)";"545082,1"
"4215554";"Santa Helena (SC)";"92086,6"
"4215604";"Santa Rosa de Lima (SC)";"64945,3"
"4215653";"Santa Rosa do Sul (SC)";"152666,7"
"4215679";"Santa Terezinha (SC)";"192829,5"
"4215687";"Santa Terezinha do Progresso (SC)";"58249,9"
"4215695";"Santiago do Sul (SC)";"38551,9"
"4215703";"Santo Amaro da Imperatriz (SC)";"1030216,5"
"4215752";"São Bernardino (SC)";"78390,2"
"4215802";"São Bento do Sul (SC)";"3643372,8"
"4215901";"São Bonifácio (SC)";"81150,2"
"4216008";"São Carlos (SC)";"439247,9"
"4216057";"São Cristóvão do Sul (SC)";"161301,0"
"4216107";"São Domingos (SC)";"338849,4"
"4216206";"São Francisco do Sul (SC)";"4748367,0"
"4216255";"São João do Oeste (SC)";"316347,5"
"4216305";"São João Batista (SC)";"881848,3"
"4216354";"São João do Itaperiú (SC)";"241894,3"
"4216404";"São João do Sul (SC)";"238500,7"
"4216503";"São Joaquim (SC)";"917585,6"
"4216602";"São José (SC)";"11496324,9"
"4216701";"São José do Cedro (SC)";"485742,9"
"4216800";"São José do Cerrito (SC)";"194482,4"
"4216909";"São Lourenço do Oeste (SC)";"1191453,8"
"4217006";"São Ludgero (SC)";"772343,2"
"4217105";"São Martinho (SC)";"89577,0"
"4217154";"São Miguel da Boa Vista (SC)";"47548,1"
"4217204";"São Miguel do Oeste (SC)";"1809696,3"
"4217253";"São Pedro de Alcântara (SC)";"93147,9"
"4217303";"Saudades (SC)";"411354,7"
"4217402";"Schroeder (SC)";"607989,5"
"4217501";"Seara (SC)";"1014671,3"
"4217550";"Serra Alta (SC)";"97470,9"
"4217600";"Siderópolis (SC)";"615503,1"
"4217709";"Sombrio (SC)";"783454,9"
"4217758";"Sul Brasil (SC)";"75228,9"
"4217808";"Taió (SC)";"718379,3"
"4217907";"Tangará (SC)";"478414,5"
"4217956";"Tigrinhos (SC)";"50558,1"
"4218004";"Tijucas (SC)";"1892240,7"
"4218103";"Timbé do Sul (SC)";"142548,0"
"4218202";"Timbó (SC)";"2091845,9"
"4218251";"Timbó Grande (SC)";"216990,2"
"4218301";"Três Barras (SC)";"1305814,9"
"4218350";"Treviso (SC)";"245432,4"
"4218400";"Treze de Maio (SC)";"166746,8"
"4218509";"Treze Tílias (SC)";"772537,6"
"4218608";"Trombudo Central (SC)";"312664,6"
"4218707";"Tubarão (SC)";"4042542,9"
"4218756";"Tunápolis (SC)";"172018,3"
"4218806";"Turvo (SC)";"644252,2"
"4218855";"União do Oeste (SC)";"76754,0"
"4218905";"Urubici (SC)";"328266,8"
"4218954";"Urupema (SC)";"75557,1"
"4219002";"Urussanga (SC)";"913728,2"
"4219101";"Vargeão (SC)";"166906,9"
"4219150";"Vargem (SC)";"64376,7"
"4219176";"Vargem Bonita (SC)";"517765,3"
"4219200";"Vidal Ramos (SC)";"322934,7"
"4219309";"Videira (SC)";"2966026,9"
"4219358";"Vitor Meireles (SC)";"128649,2"
"4219408";"Witmarsum (SC)";"143647,6"
"4219507";"Xanxerê (SC)";"2183588,2"
"4219606";"Xavantina (SC)";"175525,5"
"4219705";"Xaxim (SC)";"1107802,3"
"4219853";"Zortéa (SC)";"81868,6"
"4220000";"Balneário Rincão (SC)";"270366,9"
"4300034";"Aceguá (RS)";"265178,3"
"4300059";"Água Santa (RS)";"346224,3"
"4300109";"Agudo (RS)";"542216,9"
"4300208";"Ajuricaba (RS)";"325071,5"
"4300307";"Alecrim (RS)";"132578,4"
"4300406";"Alegrete (RS)";"2238377,9"
"4300455";"Alegria (RS)";"127787,7"
"4300471";"Almirante Tamandaré do Sul (RS)";"184131,4"
"4300505";"Alpestre (RS)";"531049,4"
"4300554";"Alto Alegre (RS)";"55533,2"
"4300570";"Alto Feliz (RS)";"122202,5"
"4300604";"Alvorada (RS)";"3083473,5"
"4300638";"Amaral Ferrador (RS)";"117187,2"
"4300646";"Ametista do Sul (RS)";"135171,0"
"4300661";"André da Rocha (RS)";"88664,0"
"4300703";"Anta Gorda (RS)";"240015,0"
"4300802";"Antônio Prado (RS)";"670931,2"
"4300851";"Arambaré (RS)";"153488,8"
"4300877";"Araricá (RS)";"203610,9"
"4300901";"Aratiba (RS)";"985213,7"
"4301008";"Arroio do Meio (RS)";"1326809,8"
"4301057";"Arroio do Sal (RS)";"257320,6"
"4301073";"Arroio do Padre (RS)";"59636,9"
"4301107";"Arroio dos Ratos (RS)";"263664,9"
"4301206";"Arroio do Tigre (RS)";"307212,4"
"4301305";"Arroio Grande (RS)";"615576,2"
"4301404";"Arvorezinha (RS)";"280834,7"
"4301503";"Augusto Pestana (RS)";"315018,9"
"4301552";"Áurea (RS)";"108143,6"
"4301602";"Bagé (RS)";"3205306,6"
"4301636";"Balneário Pinhal (RS)";"255481,1"
"4301651";"Barão (RS)";"254318,6"
"4301701";"Barão de Cotegipe (RS)";"263974,9"
"4301750";"Barão do Triunfo (RS)";"123102,1"
"4301800";"Barracão (RS)";"188578,1"
"4301859";"Barra do Guarita (RS)";"50621,5"
"4301875";"Barra do Quaraí (RS)";"195541,8"
"4301909";"Barra do Ribeiro (RS)";"356753,7"
"4301925";"Barra do Rio Azul (RS)";"62947,8"
"4301958";"Barra Funda (RS)";"130371,5"
"4302006";"Barros Cassal (RS)";"191569,8"
"4302055";"Benjamin Constant do Sul (RS)";"36618,2"
"4302105";"Bento Gonçalves (RS)";"6438727,5"
"4302154";"Boa Vista das Missões (RS)";"159077,6"
"4302204";"Boa Vista do Buricá (RS)";"268217,5"
"4302220";"Boa Vista do Cadeado (RS)";"216752,1"
"4302238";"Boa Vista do Incra (RS)";"125411,3"
"4302253";"Boa Vista do Sul (RS)";"95682,3"
"4302303";"Bom Jesus (RS)";"390405,6"
"4302352";"Bom Princípio (RS)";"774622,3"
"4302378";"Bom Progresso (RS)";"69031,6"
"4302402";"Bom Retiro do Sul (RS)";"329144,2"
"4302451";"Boqueirão do Leão (RS)";"119779,5"
"4302501";"Bossoroca (RS)";"255761,2"
"4302584";"Bozano (RS)";"130664,0"
"4302600";"Braga (RS)";"98719,7"
"4302659";"Brochier (RS)";"99347,9"
"4302709";"Butiá (RS)";"437144,6"
"4302808";"Caçapava do Sul (RS)";"853531,1"
"4302907";"Cacequi (RS)";"357928,4"
"4303004";"Cachoeira do Sul (RS)";"2370031,2"
"4303103";"Cachoeirinha (RS)";"5637452,4"
"4303202";"Cacique Doble (RS)";"117937,4"
"4303301";"Caibaté (RS)";"157848,2"
"4303400";"Caiçara (RS)";"127576,6"
"4303509";"Camaquã (RS)";"2192285,7"
"4303558";"Camargo (RS)";"409991,0"
"4303608";"Cambará do Sul (RS)";"171719,8"
"4303673";"Campestre da Serra (RS)";"140797,7"
"4303707";"Campina das Missões (RS)";"188974,6"
"4303806";"Campinas do Sul (RS)";"254129,7"
"4303905";"Campo Bom (RS)";"3083001,1"
"4304002";"Campo Novo (RS)";"227386,1"
"4304101";"Campos Borges (RS)";"85472,8"
"4304200";"Candelária (RS)";"838434,7"
"4304309";"Cândido Godói (RS)";"273298,4"
"4304358";"Candiota (RS)";"1577512,9"
"4304408";"Canela (RS)";"1237675,9"
"4304507";"Canguçu (RS)";"1219622,2"
"4304606";"Canoas (RS)";"18452357,7"
"4304614";"Canudos do Vale (RS)";"52341,7"
"4304622";"Capão Bonito do Sul (RS)";"164467,6"
"4304630";"Capão da Canoa (RS)";"1698753,7"
"4304655";"Capão do Cipó (RS)";"257735,6"
"4304663";"Capão do Leão (RS)";"610693,9"
"4304671";"Capivari do Sul (RS)";"262432,2"
"4304689";"Capela de Santana (RS)";"237576,8"
"4304697";"Capitão (RS)";"87574,5"
"4304705";"Carazinho (RS)";"3102105,2"
"4304713";"Caraá (RS)";"143725,0"
"4304804";"Carlos Barbosa (RS)";"3072875,6"
"4304853";"Carlos Gomes (RS)";"47048,8"
"4304903";"Casca (RS)";"521397,8"
"4304952";"Caseiros (RS)";"137042,2"
"4305009";"Catuípe (RS)";"336255,0"
"4305108";"Caxias do Sul (RS)";"25936517,7"
"4305116";"Centenário (RS)";"76880,5"
"4305124";"Cerrito (RS)";"106902,3"
"4305132";"Cerro Branco (RS)";"70711,6"
"4305157";"Cerro Grande (RS)";"55572,0"
"4305173";"Cerro Grande do Sul (RS)";"168385,2"
"4305207";"Cerro Largo (RS)";"687641,6"
"4305306";"Chapada (RS)";"481306,6"
"4305355";"Charqueadas (RS)";"1282801,1"
"4305371";"Charrua (RS)";"89562,9"
"4305405";"Chiapetta (RS)";"228602,7"
"4305439";"Chuí (RS)";"304314,2"
"4305447";"Chuvisca (RS)";"97377,5"
"4305454";"Cidreira (RS)";"337460,5"
"4305504";"Ciríaco (RS)";"154484,8"
"4305587";"Colinas (RS)";"76620,9"
"4305603";"Colorado (RS)";"170018,0"
"4305702";"Condor (RS)";"370188,2"
"4305801";"Constantina (RS)";"345776,0"
"4305835";"Coqueiro Baixo (RS)";"43496,7"
"4305850";"Coqueiros do Sul (RS)";"135270,9"
"4305871";"Coronel Barros (RS)";"118315,8"
"4305900";"Coronel Bicaco (RS)";"306927,6"
"4305934";"Coronel Pilar (RS)";"40017,5"
"4305959";"Cotiporã (RS)";"166047,3"
"4305975";"Coxilha (RS)";"192139,3"
"4306007";"Crissiumal (RS)";"406054,8"
"4306056";"Cristal (RS)";"190124,1"
"4306072";"Cristal do Sul (RS)";"71784,3"
"4306106";"Cruz Alta (RS)";"3422519,0"
"4306130";"Cruzaltense (RS)";"92822,3"
"4306205";"Cruzeiro do Sul (RS)";"407246,9"
"4306304";"David Canabarro (RS)";"155640,1"
"4306320";"Derrubadas (RS)";"108919,1"
"4306353";"Dezesseis de Novembro (RS)";"40484,4"
"4306379";"Dilermando de Aguiar (RS)";"131637,5"
"4306403";"Dois Irmãos (RS)";"1951688,1"
"4306429";"Dois Irmãos das Missões (RS)";"122713,3"
"4306452";"Dois Lajeados (RS)";"128165,4"
"4306502";"Dom Feliciano (RS)";"270476,9"
"4306551";"Dom Pedro de Alcântara (RS)";"53319,3"
"4306601";"Dom Pedrito (RS)";"1401819,6"
"4306700";"Dona Francisca (RS)";"83267,9"
"4306734";"Doutor Maurício Cardoso (RS)";"204655,9"
"4306759";"Doutor Ricardo (RS)";"56175,7"
"4306767";"Eldorado do Sul (RS)";"1804067,0"
"4306809";"Encantado (RS)";"1020452,9"
"4306908";"Encruzilhada do Sul (RS)";"594418,6"
"4306924";"Engenho Velho (RS)";"53408,9"
"4306932";"Entre-Ijuís (RS)";"347391,9"
"4306957";"Entre Rios do Sul (RS)";"224589,9"
"4306973";"Erebango (RS)";"121487,3"
"4307005";"Erechim (RS)";"5858572,3"
"4307054";"Ernestina (RS)";"144782,1"
"4307104";"Herval (RS)";"142578,3"
"4307203";"Erval Grande (RS)";"117071,0"
"4307302";"Erval Seco (RS)";"248221,8"
"4307401";"Esmeralda (RS)";"215851,5"
"4307450";"Esperança do Sul (RS)";"87151,0"
"4307500";"Espumoso (RS)";"623991,0"
"4307559";"Estação (RS)";"244194,1"
"4307609";"Estância Velha (RS)";"1540299,7"
"4307708";"Esteio (RS)";"3346091,8"
"4307807";"Estrela (RS)";"1796495,7"
"4307815";"Estrela Velha (RS)";"107258,6"
"4307831";"Eugênio de Castro (RS)";"171719,9"
"4307864";"Fagundes Varela (RS)";"137463,5"
"4307906";"Farroupilha (RS)";"3603714,4"
"4308003";"Faxinal do Soturno (RS)";"226904,9"
"4308052";"Faxinalzinho (RS)";"73414,3"
"4308078";"Fazenda Vilanova (RS)";"101958,1"
"4308102";"Feliz (RS)";"471552,1"
"4308201";"Flores da Cunha (RS)";"1947453,2"
"4308250";"Floriano Peixoto (RS)";"61963,9"
"4308300";"Fontoura Xavier (RS)";"245234,6"
"4308409";"Formigueiro (RS)";"193066,1"
"4308433";"Forquetinha (RS)";"46815,8"
"4308458";"Fortaleza dos Valos (RS)";"255970,1"
"4308508";"Frederico Westphalen (RS)";"1202660,6"
"4308607";"Garibaldi (RS)";"2299712,9"
"4308656";"Garruchos (RS)";"148185,7"
"4308706";"Gaurama (RS)";"240383,7"
"4308805";"General Câmara (RS)";"156429,5"
"4308854";"Gentil (RS)";"126567,9"
"4308904";"Getúlio Vargas (RS)";"649483,8"
"4309001";"Giruá (RS)";"765092,5"
"4309050";"Glorinha (RS)";"275838,4"
"4309100";"Gramado (RS)";"1986861,0"
"4309126";"Gramado dos Loureiros (RS)";"60440,8"
"4309159";"Gramado Xavier (RS)";"79053,9"
"4309209";"Gravataí (RS)";"10639392,7"
"4309258";"Guabiju (RS)";"71861,1"
"4309308";"Guaíba (RS)";"5822965,1"
"4309407";"Guaporé (RS)";"959997,3"
"4309506";"Guarani das Missões (RS)";"295620,6"
"4309555";"Harmonia (RS)";"201783,2"
"4309571";"Herveiras (RS)";"59498,5"
"4309605";"Horizontina (RS)";"1706944,0"
"4309654";"Hulha Negra (RS)";"213188,0"
"4309704";"Humaitá (RS)";"184550,5"
"4309753";"Ibarama (RS)";"83450,7"
"4309803";"Ibiaçá (RS)";"225260,9"
"4309902";"Ibiraiaras (RS)";"241916,8"
"4309951";"Ibirapuitã (RS)";"111042,4"
"4310009";"Ibirubá (RS)";"1203393,0"
"4310108";"Igrejinha (RS)";"1709846,0"
"4310207";"Ijuí (RS)";"4391523,4"
"4310306";"Ilópolis (RS)";"122453,2"
"4310330";"Imbé (RS)";"552945,3"
"4310363";"Imigrante (RS)";"742319,6"
"4310405";"Independência (RS)";"326957,5"
"4310413";"Inhacorá (RS)";"73185,9"
"4310439";"Ipê (RS)";"192506,7"
"4310462";"Ipiranga do Sul (RS)";"102464,1"
"4310504";"Iraí (RS)";"203810,2"
"4310538";"Itaara (RS)";"196825,1"
"4310553";"Itacurubi (RS)";"95708,1"
"4310579";"Itapuca (RS)";"73412,0"
"4310603";"Itaqui (RS)";"1571712,6"
"4310652";"Itati (RS)";"72179,0"
"4310702";"Itatiba do Sul (RS)";"70948,8"
"4310751";"Ivorá (RS)";"37497,3"
"4310801";"Ivoti (RS)";"978588,3"
"4310850";"Jaboticaba (RS)";"106688,9"
"4310876";"Jacuizinho (RS)";"76501,3"
"4310900";"Jacutinga (RS)";"157740,4"
"4311007";"Jaguarão (RS)";"747896,2"
"4311106";"Jaguari (RS)";"255741,3"
"4311122";"Jaquirana (RS)";"75646,5"
"4311130";"Jari (RS)";"154903,4"
"4311155";"Jóia (RS)";"431283,7"
"4311205";"Júlio de Castilhos (RS)";"1142743,8"
"4311239";"Lagoa Bonita do Sul (RS)";"53812,3"
"4311254";"Lagoão (RS)";"101874,5"
"4311270";"Lagoa dos Três Cantos (RS)";"74274,6"
"4311304";"Lagoa Vermelha (RS)";"1134349,4"
"4311403";"Lajeado (RS)";"4694652,5"
"4311429";"Lajeado do Bugre (RS)";"50755,9"
"4311502";"Lavras do Sul (RS)";"269703,1"
"4311601";"Liberato Salzano (RS)";"122085,7"
"4311627";"Lindolfo Collor (RS)";"318191,5"
"4311643";"Linha Nova (RS)";"55572,2"
"4311700";"Machadinho (RS)";"186692,6"
"4311718";"Maçambará (RS)";"331618,7"
"4311734";"Mampituba (RS)";"53591,7"
"4311759";"Manoel Viana (RS)";"278722,9"
"4311775";"Maquiné (RS)";"153856,0"
"4311791";"Maratá (RS)";"76329,7"
"4311809";"Marau (RS)";"2225395,6"
"4311908";"Marcelino Ramos (RS)";"143402,2"
"4311981";"Mariana Pimentel (RS)";"82291,3"
"4312005";"Mariano Moro (RS)";"62930,9"
"4312054";"Marques de Souza (RS)";"98746,9"
"4312104";"Mata (RS)";"113491,8"
"4312138";"Mato Castelhano (RS)";"111581,4"
"4312153";"Mato Leitão (RS)";"147076,8"
"4312179";"Mato Queimado (RS)";"46840,3"
"4312203";"Maximiliano de Almeida (RS)";"112480,2"
"4312252";"Minas do Leão (RS)";"199416,2"
"4312302";"Miraguaí (RS)";"143344,8"
"4312351";"Montauri (RS)";"60260,6"
"4312377";"Monte Alegre dos Campos (RS)";"83125,3"
"4312385";"Monte Belo do Sul (RS)";"74318,3"
"4312401";"Montenegro (RS)";"3902315,6"
"4312427";"Mormaço (RS)";"83860,9"
"4312443";"Morrinhos do Sul (RS)";"59971,7"
"4312450";"Morro Redondo (RS)";"103657,0"
"4312476";"Morro Reuter (RS)";"211177,0"
"4312500";"Mostardas (RS)";"433997,3"
"4312609";"Muçum (RS)";"284354,0"
"4312617";"Muitos Capões (RS)";"724742,6"
"4312625";"Muliterno (RS)";"55102,3"
"4312658";"Não-Me-Toque (RS)";"1370955,0"
"4312674";"Nicolau Vergueiro (RS)";"80338,4"
"4312708";"Nonoai (RS)";"408122,3"
"4312757";"Nova Alvorada (RS)";"196224,9"
"4312807";"Nova Araçá (RS)";"263546,2"
"4312906";"Nova Bassano (RS)";"621858,6"
"4312955";"Nova Boa Vista (RS)";"113947,1"
"4313003";"Nova Bréscia (RS)";"115139,5"
"4313011";"Nova Candelária (RS)";"187708,3"
"4313037";"Nova Esperança do Sul (RS)";"123156,2"
"4313060";"Nova Hartz (RS)";"701492,7"
"4313086";"Nova Pádua (RS)";"78857,1"
"4313102";"Nova Palma (RS)";"284284,8"
"4313201";"Nova Petrópolis (RS)";"826034,2"
"4313300";"Nova Prata (RS)";"1322298,3"
"4313334";"Nova Ramada (RS)";"150245,5"
"4313359";"Nova Roma do Sul (RS)";"201120,6"
"4313375";"Nova Santa Rita (RS)";"1919670,4"
"4313391";"Novo Cabrais (RS)";"79824,6"
"4313409";"Novo Hamburgo (RS)";"9287465,5"
"4313425";"Novo Machado (RS)";"147311,0"
"4313441";"Novo Tiradentes (RS)";"47893,4"
"4313466";"Novo Xingu (RS)";"57571,3"
"4313490";"Novo Barreiro (RS)";"99165,4"
"4313508";"Osório (RS)";"1693469,8"
"4313607";"Paim Filho (RS)";"126715,9"
"4313656";"Palmares do Sul (RS)";"565777,2"
"4313706";"Palmeira das Missões (RS)";"1478442,4"
"4313805";"Palmitinho (RS)";"234675,1"
"4313904";"Panambi (RS)";"2104034,6"
"4313953";"Pantano Grande (RS)";"360800,0"
"4314001";"Paraí (RS)";"314458,2"
"4314027";"Paraíso do Sul (RS)";"150472,4"
"4314035";"Pareci Novo (RS)";"110325,0"
"4314050";"Parobé (RS)";"1278652,1"
"4314068";"Passa Sete (RS)";"98751,4"
"4314076";"Passo do Sobrado (RS)";"173782,4"
"4314100";"Passo Fundo (RS)";"10045733,6"
"4314134";"Paulo Bento (RS)";"133337,9"
"4314159";"Paverama (RS)";"201835,3"
"4314175";"Pedras Altas (RS)";"144461,6"
"4314209";"Pedro Osório (RS)";"145914,5"
"4314308";"Pejuçara (RS)";"244763,2"
"4314407";"Pelotas (RS)";"9491040,1"
"4314423";"Picada Café (RS)";"298241,2"
"4314456";"Pinhal (RS)";"102490,9"
"4314464";"Pinhal da Serra (RS)";"214381,4"
"4314472";"Pinhal Grande (RS)";"784930,1"
"4314498";"Pinheirinho do Vale (RS)";"114764,9"
"4314506";"Pinheiro Machado (RS)";"304415,2"
"4314548";"Pinto Bandeira (RS)";"64387,1"
"4314555";"Pirapó (RS)";"72000,3"
"4314605";"Piratini (RS)";"498981,1"
"4314704";"Planalto (RS)";"208514,6"
"4314753";"Poço das Antas (RS)";"105942,8"
"4314779";"Pontão (RS)";"273743,3"
"4314787";"Ponte Preta (RS)";"61604,0"
"4314803";"Portão (RS)";"1308714,8"
"4314902";"Porto Alegre (RS)";"75976656,4"
"4315008";"Porto Lucena (RS)";"113895,4"
"4315057";"Porto Mauá (RS)";"68542,8"
"4315073";"Porto Vera Cruz (RS)";"35780,4"
"4315107";"Porto Xavier (RS)";"187841,0"
"4315131";"Pouso Novo (RS)";"50748,6"
"4315149";"Presidente Lucena (RS)";"161413,6"
"4315156";"Progresso (RS)";"131943,7"
"4315172";"Protásio Alves (RS)";"68243,3"
"4315206";"Putinga (RS)";"106088,1"
"4315305";"Quaraí (RS)";"500201,0"
"4315313";"Quatro Irmãos (RS)";"103357,9"
"4315321";"Quevedos (RS)";"168190,4"
"4315354";"Quinze de Novembro (RS)";"158919,6"
"4315404";"Redentora (RS)";"160252,9"
"4315453";"Relvado (RS)";"60973,9"
"4315503";"Restinga Sêca (RS)";"467980,3"
"4315552";"Rio dos Índios (RS)";"101837,9"
"4315602";"Rio Grande (RS)";"9965068,7"
"4315701";"Rio Pardo (RS)";"922723,3"
"4315750";"Riozinho (RS)";"128934,7"
"4315800";"Roca Sales (RS)";"469611,9"
"4315909";"Rodeio Bonito (RS)";"209988,9"
"4315958";"Rolador (RS)";"95978,1"
"4316006";"Rolante (RS)";"602197,9"
"4316105";"Ronda Alta (RS)";"352907,3"
"4316204";"Rondinha (RS)";"224403,8"
"4316303";"Roque Gonzales (RS)";"333572,5"
"4316402";"Rosário do Sul (RS)";"976021,9"
"4316428";"Sagrada Família (RS)";"55136,2"
"4316436";"Saldanha Marinho (RS)";"137618,4"
"4316451";"Salto do Jacuí (RS)";"929682,8"
"4316477";"Salvador das Missões (RS)";"137081,1"
"4316501";"Salvador do Sul (RS)";"306128,3"
"4316600";"Sananduva (RS)";"666312,6"
"4316709";"Santa Bárbara do Sul (RS)";"723928,1"
"4316733";"Santa Cecília do Sul (RS)";"81488,6"
"4316758";"Santa Clara do Sul (RS)";"273169,1"
"4316808";"Santa Cruz do Sul (RS)";"10489874,0"
"4316907";"Santa Maria (RS)";"8735113,9"
"4316956";"Santa Maria do Herval (RS)";"214638,9"
"4316972";"Santa Margarida do Sul (RS)";"210848,9"
"4317004";"Santana da Boa Vista (RS)";"143309,4"
"4317103";"Sant'Ana do Livramento (RS)";"2306420,4"
"4317202";"Santa Rosa (RS)";"3145814,9"
"4317251";"Santa Tereza (RS)";"43117,1"
"4317301";"Santa Vitória do Palmar (RS)";"1144978,6"
"4317400";"Santiago (RS)";"1469636,5"
"4317509";"Santo Ângelo (RS)";"2724675,2"
"4317558";"Santo Antônio do Palma (RS)";"76337,9"
"4317608";"Santo Antônio da Patrulha (RS)";"1401253,1"
"4317707";"Santo Antônio das Missões (RS)";"407855,9"
"4317756";"Santo Antônio do Planalto (RS)";"107623,3"
"4317806";"Santo Augusto (RS)";"615945,6"
"4317905";"Santo Cristo (RS)";"641884,1"
"4317954";"Santo Expedito do Sul (RS)";"85019,9"
"4318002";"São Borja (RS)";"2009844,0"
"4318051";"São Domingos do Sul (RS)";"85482,4"
"4318101";"São Francisco de Assis (RS)";"459797,8"
"4318200";"São Francisco de Paula (RS)";"791903,9"
"4318309";"São Gabriel (RS)";"1928164,4"
"4318408";"São Jerônimo (RS)";"613870,9"
"4318424";"São João da Urtiga (RS)";"145320,1"
"4318432";"São João do Polêsine (RS)";"93360,1"
"4318440";"São Jorge (RS)";"91743,9"
"4318457";"São José das Missões (RS)";"55046,6"
"4318465";"São José do Herval (RS)";"50827,7"
"4318481";"São José do Hortêncio (RS)";"111753,2"
"4318499";"São José do Inhacorá (RS)";"118703,5"
"4318507";"São José do Norte (RS)";"463904,9"
"4318606";"São José do Ouro (RS)";"309494,6"
"4318614";"São José do Sul (RS)";"75975,7"
"4318622";"São José dos Ausentes (RS)";"116146,3"
"4318705";"São Leopoldo (RS)";"9785014,4"
"4318804";"São Lourenço do Sul (RS)";"1126843,8"
"4318903";"São Luiz Gonzaga (RS)";"1432454,3"
"4319000";"São Marcos (RS)";"967974,6"
"4319109";"São Martinho (RS)";"275683,3"
"4319125";"São Martinho da Serra (RS)";"156825,8"
"4319158";"São Miguel das Missões (RS)";"413443,8"
"4319208";"São Nicolau (RS)";"185807,4"
"4319307";"São Paulo das Missões (RS)";"175957,1"
"4319356";"São Pedro da Serra (RS)";"84254,8"
"4319364";"São Pedro das Missões (RS)";"66564,7"
"4319372";"São Pedro do Butiá (RS)";"125906,2"
"4319406";"São Pedro do Sul (RS)";"401984,1"
"4319505";"São Sebastião do Caí (RS)";"764819,4"
"4319604";"São Sepé (RS)";"823917,8"
"4319703";"São Valentim (RS)";"102212,1"
"4319711";"São Valentim do Sul (RS)";"65719,6"
"4319737";"São Valério do Sul (RS)";"63588,8"
"4319752";"São Vendelino (RS)";"71561,0"
"4319802";"São Vicente do Sul (RS)";"463815,2"
"4319901";"Sapiranga (RS)";"3182886,3"
"4320008";"Sapucaia do Sul (RS)";"3492826,9"
"4320107";"Sarandi (RS)";"1024941,2"
"4320206";"Seberi (RS)";"470004,8"
"4320230";"Sede Nova (RS)";"120419,0"
"4320263";"Segredo (RS)";"111931,2"
"4320305";"Selbach (RS)";"228984,5"
"4320321";"Senador Salgado Filho (RS)";"95533,1"
"4320354";"Sentinela do Sul (RS)";"91831,0"
"4320404";"Serafina Corrêa (RS)";"655477,5"
"4320453";"Sério (RS)";"48977,2"
"4320503";"Sertão (RS)";"290759,9"
"4320552";"Sertão Santana (RS)";"296889,8"
"4320578";"Sete de Setembro (RS)";"63298,7"
"4320602";"Severiano de Almeida (RS)";"122180,9"
"4320651";"Silveira Martins (RS)";"58018,6"
"4320677";"Sinimbu (RS)";"188663,6"
"4320701";"Sobradinho (RS)";"381270,2"
"4320800";"Soledade (RS)";"892120,2"
"4320859";"Tabaí (RS)";"110479,3"
"4320909";"Tapejara (RS)";"1291018,1"
"4321006";"Tapera (RS)";"431558,0"
"4321105";"Tapes (RS)";"420847,9"
"4321204";"Taquara (RS)";"1403338,8"
"4321303";"Taquari (RS)";"855712,5"
"4321329";"Taquaruçu do Sul (RS)";"144644,8"
"4321352";"Tavares (RS)";"93114,7"
"4321402";"Tenente Portela (RS)";"507563,3"
"4321436";"Terra de Areia (RS)";"252913,4"
"4321451";"Teutônia (RS)";"1447894,4"
"4321469";"Tio Hugo (RS)";"101832,0"
"4321477";"Tiradentes do Sul (RS)";"143279,6"
"4321493";"Toropi (RS)";"67632,7"
"4321501";"Torres (RS)";"1239246,2"
"4321600";"Tramandaí (RS)";"1150735,2"
"4321626";"Travesseiro (RS)";"67350,8"
"4321634";"Três Arroios (RS)";"106650,7"
"4321667";"Três Cachoeiras (RS)";"267732,2"
"4321709";"Três Coroas (RS)";"766975,4"
"4321808";"Três de Maio (RS)";"1148718,9"
"4321832";"Três Forquilhas (RS)";"57857,6"
"4321857";"Três Palmeiras (RS)";"132969,9"
"4321907";"Três Passos (RS)";"923911,0"
"4321956";"Trindade do Sul (RS)";"254613,8"
"4322004";"Triunfo (RS)";"7207369,4"
"4322103";"Tucunduva (RS)";"232885,2"
"4322152";"Tunas (RS)";"71197,4"
"4322186";"Tupanci do Sul (RS)";"60753,7"
"4322202";"Tupanciretã (RS)";"1188505,7"
"4322251";"Tupandi (RS)";"506978,6"
"4322301";"Tuparendi (RS)";"318662,1"
"4322327";"Turuçu (RS)";"95531,8"
"4322343";"Ubiretama (RS)";"72636,2"
"4322350";"União da Serra (RS)";"53537,4"
"4322376";"Unistalda (RS)";"88204,6"
"4322400";"Uruguaiana (RS)";"2843973,2"
"4322509";"Vacaria (RS)";"2540707,0"
"4322525";"Vale Verde (RS)";"83356,9"
"4322533";"Vale do Sol (RS)";"220382,5"
"4322541";"Vale Real (RS)";"168213,1"
"4322558";"Vanini (RS)";"65435,5"
"4322608";"Venâncio Aires (RS)";"3671022,8"
"4322707";"Vera Cruz (RS)";"746966,3"
"4322806";"Veranópolis (RS)";"1631711,1"
"4322855";"Vespasiano Corrêa (RS)";"74331,5"
"4322905";"Viadutos (RS)";"148690,1"
"4323002";"Viamão (RS)";"4235787,7"
"4323101";"Vicente Dutra (RS)";"112506,8"
"4323200";"Victor Graeff (RS)";"145076,7"
"4323309";"Vila Flores (RS)";"212276,6"
"4323358";"Vila Lângaro (RS)";"119067,9"
"4323408";"Vila Maria (RS)";"252346,3"
"4323457";"Vila Nova do Sul (RS)";"102025,7"
"4323507";"Vista Alegre (RS)";"111076,3"
"4323606";"Vista Alegre do Prata (RS)";"62112,0"
"4323705";"Vista Gaúcha (RS)";"84438,5"
"4323754";"Vitória das Missões (RS)";"107974,1"
"4323770";"Westfália (RS)";"201755,7"
"4323804";"Xangri-lá (RS)";"622082,3"
"5000203";"Água Clara (MS)";"1083939,3"
"5000252";"Alcinópolis (MS)";"240729,3"
"5000609";"Amambai (MS)";"1275207,1"
"5000708";"Anastácio (MS)";"582334,4"
"5000807";"Anaurilândia (MS)";"322117,1"
"5000856";"Angélica (MS)";"952294,6"
"5000906";"Antônio João (MS)";"533686,9"
"5001003";"Aparecida do Taboado (MS)";"1236361,8"
"5001102";"Aquidauana (MS)";"1034955,3"
"5001243";"Aral Moreira (MS)";"956114,0"
"5001508";"Bandeirantes (MS)";"573409,5"
"5001904";"Bataguassu (MS)";"918829,1"
"5002001";"Batayporã (MS)";"514261,1"
"5002100";"Bela Vista (MS)";"687331,3"
"5002159";"Bodoquena (MS)";"265252,2"
"5002209";"Bonito (MS)";"961001,7"
"5002308";"Brasilândia (MS)";"729586,6"
"5002407";"Caarapó (MS)";"1908492,4"
"5002605";"Camapuã (MS)";"540187,3"
"5002704";"Campo Grande (MS)";"30139204,0"
"5002803";"Caracol (MS)";"145826,9"
"5002902";"Cassilândia (MS)";"732608,3"
"5002951";"Chapadão do Sul (MS)";"2113588,5"
"5003108";"Corguinho (MS)";"125794,4"
"5003157";"Coronel Sapucaia (MS)";"265900,6"
"5003207";"Corumbá (MS)";"2885545,6"
"5003256";"Costa Rica (MS)";"1966225,5"
"5003306";"Coxim (MS)";"1007859,8"
"5003454";"Deodápolis (MS)";"398478,5"
"5003488";"Dois Irmãos do Buriti (MS)";"267368,3"
"5003504";"Douradina (MS)";"181442,5"
"5003702";"Dourados (MS)";"10856422,3"
"5003751";"Eldorado (MS)";"443891,2"
"5003801";"Fátima do Sul (MS)";"596151,2"
"5003900";"Figueirão (MS)";"126629,8"
"5004007";"Glória de Dourados (MS)";"255438,1"
"5004106";"Guia Lopes da Laguna (MS)";"319745,7"
"5004304";"Iguatemi (MS)";"576432,7"
"5004403";"Inocência (MS)";"296497,2"
"5004502";"Itaporã (MS)";"1059152,1"
"5004601";"Itaquiraí (MS)";"935133,3"
"5004700";"Ivinhema (MS)";"1459965,7"
"5004809";"Japorã (MS)";"138566,9"
"5004908";"Jaraguari (MS)";"261042,0"
"5005004";"Jardim (MS)";"715522,6"
"5005103";"Jateí (MS)";"401857,4"
"5005152";"Juti (MS)";"414151,7"
"5005202";"Ladário (MS)";"327066,3"
"5005251";"Laguna Carapã (MS)";"725817,8"
"5005400";"Maracaju (MS)";"3680728,8"
"5005608";"Miranda (MS)";"561024,0"
"5005681";"Mundo Novo (MS)";"640595,6"
"5005707";"Naviraí (MS)";"2541335,7"
"5005806";"Nioaque (MS)";"400245,0"
"5006002";"Nova Alvorada do Sul (MS)";"1782899,8"
"5006200";"Nova Andradina (MS)";"2494320,3"
"5006259";"Novo Horizonte do Sul (MS)";"247156,2"
"5006275";"Paraíso das Águas (MS)";"903104,1"
"5006309";"Paranaíba (MS)";"1401591,6"
"5006358";"Paranhos (MS)";"233592,0"
"5006408";"Pedro Gomes (MS)";"263208,6"
"5006606";"Ponta Porã (MS)";"4288574,4"
"5006903";"Porto Murtinho (MS)";"405854,3"
"5007109";"Ribas do Rio Pardo (MS)";"1591001,7"
"5007208";"Rio Brilhante (MS)";"3121463,9"
"5007307";"Rio Negro (MS)";"110440,3"
"5007406";"Rio Verde de Mato Grosso (MS)";"549512,2"
"5007505";"Rochedo (MS)";"228387,4"
"5007554";"Santa Rita do Pardo (MS)";"328379,6"
"5007695";"São Gabriel do Oeste (MS)";"1842228,4"
"5007703";"Sete Quedas (MS)";"318954,7"
"5007802";"Selvíria (MS)";"2656110,0"
"5007901";"Sidrolândia (MS)";"2710628,5"
"5007935";"Sonora (MS)";"882706,4"
"5007950";"Tacuru (MS)";"259254,8"
"5007976";"Taquarussu (MS)";"165460,6"
"5008008";"Terenos (MS)";"653287,4"
"5008305";"Três Lagoas (MS)";"11624342,1"
"5008404";"Vicentina (MS)";"285919,9"
"5100102";"Acorizal (MT)";"105486,4"
"5100201";"Água Boa (MT)";"1487485,9"
"5100250";"Alta Floresta (MT)";"1814866,4"
"5100300";"Alto Araguaia (MT)";"944265,6"
"5100359";"Alto Boa Vista (MT)";"177251,4"
"5100409";"Alto Garças (MT)";"849032,4"
"5100508";"Alto Paraguai (MT)";"136156,4"
"5100607";"Alto Taquari (MT)";"974752,1"
"5100805";"Apiacás (MT)";"181921,0"
"5101001";"Araguaiana (MT)";"94097,1"
"5101209";"Araguainha (MT)";"22949,4"
"5101258";"Araputanga (MT)";"560461,1"
"5101308";"Arenápolis (MT)";"201208,6"
"5101407";"Aripuanã (MT)";"1302651,8"
"5101605";"Barão de Melgaço (MT)";"104154,5"
"5101704";"Barra do Bugres (MT)";"1413569,6"
"5101803";"Barra do Garças (MT)";"2289403,2"
"5101852";"Bom Jesus do Araguaia (MT)";"551468,8"
"5101902";"Brasnorte (MT)";"1483474,6"
"5102504";"Cáceres (MT)";"2043511,2"
"5102603";"Campinápolis (MT)";"370963,5"
"5102637";"Campo Novo do Parecis (MT)";"4610006,8"
"5102678";"Campo Verde (MT)";"3601419,6"
"5102686";"Campos de Júlio (MT)";"1914450,1"
"5102694";"Canabrava do Norte (MT)";"171454,0"
"5102702";"Canarana (MT)";"1813956,1"
"5102793";"Carlinda (MT)";"220339,8"
"5102850";"Castanheira (MT)";"162896,6"
"5103007";"Chapada dos Guimarães (MT)";"846168,1"
"5103056";"Cláudia (MT)";"866709,7"
"5103106";"Cocalinho (MT)";"215530,8"
"5103205";"Colíder (MT)";"1019732,4"
"5103254";"Colniza (MT)";"705122,3"
"5103304";"Comodoro (MT)";"952274,4"
"5103353";"Confresa (MT)";"1108242,8"
"5103361";"Conquista D'Oeste (MT)";"112756,3"
"5103379";"Cotriguaçu (MT)";"267784,2"
"5103403";"Cuiabá (MT)";"26555611,1"
"5103437";"Curvelândia (MT)";"115332,9"
"5103452";"Denise (MT)";"643570,1"
"5103502";"Diamantino (MT)";"3358057,8"
"5103601";"Dom Aquino (MT)";"440424,9"
"5103700";"Feliz Natal (MT)";"797193,3"
"5103809";"Figueirópolis D'Oeste (MT)";"69856,8"
"5103858";"Gaúcha do Norte (MT)";"855855,8"
"5103908";"General Carneiro (MT)";"339517,5"
"5103957";"Glória D'Oeste (MT)";"78781,3"
"5104104";"Guarantã do Norte (MT)";"1015783,1"
"5104203";"Guiratinga (MT)";"490692,0"
"5104500";"Indiavaí (MT)";"77577,6"
"5104526";"Ipiranga do Norte (MT)";"1327308,3"
"5104542";"Itanhangá (MT)";"506095,6"
"5104559";"Itaúba (MT)";"326622,5"
"5104609";"Itiquira (MT)";"1503294,7"
"5104807";"Jaciara (MT)";"1087948,8"
"5104906";"Jangada (MT)";"167571,0"
"5105002";"Jauru (MT)";"319274,0"
"5105101";"Juara (MT)";"1085394,8"
"5105150";"Juína (MT)";"1180117,5"
"5105176";"Juruena (MT)";"264031,8"
"5105200";"Juscimeira (MT)";"417336,0"
"5105234";"Lambari D'Oeste (MT)";"225193,3"
"5105259";"Lucas do Rio Verde (MT)";"5818008,8"
"5105309";"Luciara (MT)";"34937,1"
"5105507";"Vila Bela da Santíssima Trindade (MT)";"458993,6"
"5105580";"Marcelândia (MT)";"471092,8"
"5105606";"Matupá (MT)";"1040943,4"
"5105622";"Mirassol d'Oeste (MT)";"799980,2"
"5105903";"Nobres (MT)";"821279,2"
"5106000";"Nortelândia (MT)";"213079,4"
"5106109";"Nossa Senhora do Livramento (MT)";"351463,7"
"5106158";"Nova Bandeirantes (MT)";"258637,2"
"5106174";"Nova Nazaré (MT)";"100659,4"
"5106182";"Nova Lacerda (MT)";"289565,3"
"5106190";"Nova Santa Helena (MT)";"233116,5"
"5106208";"Nova Brasilândia (MT)";"88502,1"
"5106216";"Nova Canaã do Norte (MT)";"714881,3"
"5106224";"Nova Mutum (MT)";"4649826,0"
"5106232";"Nova Olímpia (MT)";"741648,8"
"5106240";"Nova Ubiratã (MT)";"2270023,0"
"5106257";"Nova Xavantina (MT)";"883910,1"
"5106265";"Novo Mundo (MT)";"329215,5"
"5106273";"Novo Horizonte do Norte (MT)";"81001,1"
"5106281";"Novo São Joaquim (MT)";"584125,3"
"5106299";"Paranaíta (MT)";"673181,0"
"5106307";"Paranatinga (MT)";"1498134,0"
"5106315";"Novo Santo Antônio (MT)";"49004,2"
"5106372";"Pedra Preta (MT)";"1113068,1"
"5106422";"Peixoto de Azevedo (MT)";"721848,8"
"5106455";"Planalto da Serra (MT)";"171878,4"
"5106505";"Poconé (MT)";"619385,7"
"5106653";"Pontal do Araguaia (MT)";"94489,9"
"5106703";"Ponte Branca (MT)";"27248,9"
"5106752";"Pontes e Lacerda (MT)";"2001467,7"
"5106778";"Porto Alegre do Norte (MT)";"323085,2"
"5106802";"Porto dos Gaúchos (MT)";"948673,5"
"5106828";"Porto Esperidião (MT)";"239066,7"
"5106851";"Porto Estrela (MT)";"64819,7"
"5107008";"Poxoréu (MT)";"786266,3"
"5107040";"Primavera do Leste (MT)";"5182236,6"
"5107065";"Querência (MT)";"2794894,1"
"5107107";"São José dos Quatro Marcos (MT)";"395670,0"
"5107156";"Reserva do Cabaçal (MT)";"44053,7"
"5107180";"Ribeirão Cascalheira (MT)";"486843,1"
"5107198";"Ribeirãozinho (MT)";"112607,1"
"5107206";"Rio Branco (MT)";"109728,5"
"5107248";"Santa Carmem (MT)";"670118,9"
"5107263";"Santo Afonso (MT)";"114140,7"
"5107297";"São José do Povo (MT)";"51884,5"
"5107305";"São José do Rio Claro (MT)";"1113152,0"
"5107354";"São José do Xingu (MT)";"584668,6"
"5107404";"São Pedro da Cipa (MT)";"66900,2"
"5107578";"Rondolândia (MT)";"84617,0"
"5107602";"Rondonópolis (MT)";"12854569,1"
"5107701";"Rosário Oeste (MT)";"384947,7"
"5107743";"Santa Cruz do Xingu (MT)";"165843,6"
"5107750";"Salto do Céu (MT)";"65532,4"
"5107768";"Santa Rita do Trivelato (MT)";"898176,2"
"5107776";"Santa Terezinha (MT)";"195451,1"
"5107792";"Santo Antônio do Leste (MT)";"694997,4"
"5107800";"Santo Antônio de Leverger (MT)";"479802,2"
"5107859";"São Félix do Araguaia (MT)";"1191537,8"
"5107875";"Sapezal (MT)";"3738301,5"
"5107883";"Serra Nova Dourada (MT)";"55184,4"
"5107909";"Sinop (MT)";"8076306,4"
"5107925";"Sorriso (MT)";"9120040,3"
"5107941";"Tabaporã (MT)";"793263,1"
"5107958";"Tangará da Serra (MT)";"4079361,6"
"5108006";"Tapurah (MT)";"1382946,2"
"5108055";"Terra Nova do Norte (MT)";"350746,0"
"5108105";"Tesouro (MT)";"208882,9"
"5108204";"Torixoréu (MT)";"154892,5"
"5108303";"União do Sul (MT)";"336589,0"
"5108352";"Vale de São Domingos (MT)";"62693,6"
"5108402";"Várzea Grande (MT)";"9042539,4"
"5108501";"Vera (MT)";"850059,5"
"5108600";"Vila Rica (MT)";"663240,4"
"5108808";"Nova Guarita (MT)";"120822,2"
"5108857";"Nova Marilândia (MT)";"310950,9"
"5108907";"Nova Maringá (MT)";"799338,7"
"5108956";"Nova Monte Verde (MT)";"248107,3"
"5200050";"Abadia de Goiás (GO)";"261714,0"
"5200100";"Abadiânia (GO)";"415403,0"
"5200134";"Acreúna (GO)";"796338,3"
"5200159";"Adelândia (GO)";"42399,0"
"5200175";"Água Fria de Goiás (GO)";"352453,4"
"5200209";"Água Limpa (GO)";"55231,2"
"5200258";"Águas Lindas de Goiás (GO)";"2088076,1"
"5200308";"Alexânia (GO)";"981027,2"
"5200506";"Aloândia (GO)";"55233,8"
"5200555";"Alto Horizonte (GO)";"789933,6"
"5200605";"Alto Paraíso de Goiás (GO)";"220371,7"
"5200803";"Alvorada do Norte (GO)";"154911,7"
"5200829";"Amaralina (GO)";"88003,5"
"5200852";"Americano do Brasil (GO)";"80067,2"
"5200902";"Amorinópolis (GO)";"80047,5"
"5201108";"Anápolis (GO)";"15273049,7"
"5201207";"Anhanguera (GO)";"20033,7"
"5201306";"Anicuns (GO)";"455136,4"
"5201405";"Aparecida de Goiânia (GO)";"14327746,2"
"5201454";"Aparecida do Rio Doce (GO)";"94778,0"
"5201504";"Aporé (GO)";"309730,4"
"5201603";"Araçu (GO)";"68603,0"
"5201702";"Aragarças (GO)";"258359,9"
"5201801";"Aragoiânia (GO)";"150972,4"
"5202155";"Araguapaz (GO)";"147259,1"
"5202353";"Arenópolis (GO)";"177253,0"
"5202502";"Aruanã (GO)";"231231,4"
"5202601";"Aurilândia (GO)";"72934,4"
"5202809";"Avelinópolis (GO)";"58620,9"
"5203104";"Baliza (GO)";"95226,0"
"5203203";"Barro Alto (GO)";"1524944,2"
"5203302";"Bela Vista de Goiás (GO)";"1324591,8"
"5203401";"Bom Jardim de Goiás (GO)";"196445,0"
"5203500";"Bom Jesus de Goiás (GO)";"983146,3"
"5203559";"Bonfinópolis (GO)";"108015,3"
"5203575";"Bonópolis (GO)";"114206,8"
"5203609";"Brazabrantes (GO)";"83269,6"
"5203807";"Britânia (GO)";"159553,4"
"5203906";"Buriti Alegre (GO)";"379435,5"
"5203939";"Buriti de Goiás (GO)";"49178,4"
"5203962";"Buritinópolis (GO)";"84624,3"
"5204003";"Cabeceiras (GO)";"314072,2"
"5204102";"Cachoeira Alta (GO)";"291673,2"
"5204201";"Cachoeira de Goiás (GO)";"34046,7"
"5204250";"Cachoeira Dourada (GO)";"414064,9"
"5204300";"Caçu (GO)";"912047,6"
"5204409";"Caiapônia (GO)";"575955,5"
"5204508";"Caldas Novas (GO)";"2474883,6"
"5204557";"Caldazinha (GO)";"75696,9"
"5204607";"Campestre de Goiás (GO)";"61004,7"
"5204656";"Campinaçu (GO)";"77184,0"
"5204706";"Campinorte (GO)";"293969,3"
"5204805";"Campo Alegre de Goiás (GO)";"592166,3"
"5204854";"Campo Limpo de Goiás (GO)";"144775,2"
"5204904";"Campos Belos (GO)";"290687,7"
"5204953";"Campos Verdes (GO)";"50572,3"
"5205000";"Carmo do Rio Verde (GO)";"378378,5"
"5205059";"Castelândia (GO)";"108462,2"
"5205109";"Catalão (GO)";"7307786,6"
"5205208";"Caturaí (GO)";"78558,3"
"5205307";"Cavalcante (GO)";"452687,4"
"5205406";"Ceres (GO)";"664403,6"
"5205455";"Cezarina (GO)";"335443,7"
"5205471";"Chapadão do Céu (GO)";"1844756,2"
"5205497";"Cidade Ocidental (GO)";"862841,7"
"5205513";"Cocalzinho de Goiás (GO)";"373550,6"
"5205521";"Colinas do Sul (GO)";"54503,9"
"5205703";"Córrego do Ouro (GO)";"62883,2"
"5205802";"Corumbá de Goiás (GO)";"240739,9"
"5205901";"Corumbaíba (GO)";"658103,6"
"5206206";"Cristalina (GO)";"3435520,9"
"5206305";"Cristianópolis (GO)";"87507,6"
"5206404";"Crixás (GO)";"626985,0"
"5206503";"Cromínia (GO)";"88292,8"
"5206602";"Cumari (GO)";"77750,2"
"5206701";"Damianópolis (GO)";"41269,1"
"5206800";"Damolândia (GO)";"43973,9"
"5206909";"Davinópolis (GO)";"604466,9"
"5207105";"Diorama (GO)";"72482,3"
"5207253";"Doverlândia (GO)";"269182,4"
"5207352";"Edealina (GO)";"335450,1"
"5207402";"Edéia (GO)";"820021,8"
"5207501";"Estrela do Norte (GO)";"60855,3"
"5207535";"Faina (GO)";"131208,2"
"5207600";"Fazenda Nova (GO)";"121216,2"
"5207808";"Firminópolis (GO)";"222696,5"
"5207907";"Flores de Goiás (GO)";"191862,3"
"5208004";"Formosa (GO)";"2739361,1"
"5208103";"Formoso (GO)";"97332,9"
"5208152";"Gameleira de Goiás (GO)";"221833,5"
"5208301";"Divinópolis de Goiás (GO)";"81087,6"
"5208400";"Goianápolis (GO)";"242757,3"
"5208509";"Goiandira (GO)";"161848,6"
"5208608";"Goianésia (GO)";"1580848,3"
"5208707";"Goiânia (GO)";"51830626,2"
"5208806";"Goianira (GO)";"976948,7"
"5208905";"Goiás (GO)";"619899,4"
"5209101";"Goiatuba (GO)";"1904513,4"
"5209150";"Gouvelândia (GO)";"168066,2"
"5209200";"Guapó (GO)";"266396,9"
"5209291";"Guaraíta (GO)";"44005,0"
"5209408";"Guarani de Goiás (GO)";"68552,6"
"5209457";"Guarinos (GO)";"54129,0"
"5209606";"Heitoraí (GO)";"68624,4"
"5209705";"Hidrolândia (GO)";"1167456,2"
"5209804";"Hidrolina (GO)";"75166,1"
"5209903";"Iaciara (GO)";"199611,3"
"5209937";"Inaciolândia (GO)";"229087,1"
"5209952";"Indiara (GO)";"424854,9"
"5210000";"Inhumas (GO)";"1260483,0"
"5210109";"Ipameri (GO)";"1843276,8"
"5210158";"Ipiranga de Goiás (GO)";"60505,9"
"5210208";"Iporá (GO)";"748908,3"
"5210307";"Israelândia (GO)";"58608,0"
"5210406";"Itaberaí (GO)";"1434744,9"
"5210562";"Itaguari (GO)";"84342,2"
"5210604";"Itaguaru (GO)";"85712,7"
"5210802";"Itajá (GO)";"108989,3"
"5210901";"Itapaci (GO)";"458300,6"
"5211008";"Itapirapuã (GO)";"180096,4"
"5211206";"Itapuranga (GO)";"495810,8"
"5211305";"Itarumã (GO)";"271916,5"
"5211404";"Itauçu (GO)";"179937,6"
"5211503";"Itumbiara (GO)";"4768952,3"
"5211602";"Ivolândia (GO)";"133325,0"
"5211701";"Jandaia (GO)";"335619,8"
"5211800";"Jaraguá (GO)";"799955,3"
"5211909";"Jataí (GO)";"6134597,9"
"5212006";"Jaupaci (GO)";"64816,3"
"5212055";"Jesúpolis (GO)";"33582,1"
"5212105";"Joviânia (GO)";"266175,6"
"5212204";"Jussara (GO)";"584131,3"
"5212253";"Lagoa Santa (GO)";"42412,4"
"5212303";"Leopoldo de Bulhões (GO)";"281988,7"
"5212501";"Luziânia (GO)";"4782444,6"
"5212600";"Mairipotaba (GO)";"71658,8"
"5212709";"Mambaí (GO)";"88248,2"
"5212808";"Mara Rosa (GO)";"253910,6"
"5212907";"Marzagão (GO)";"52604,3"
"5212956";"Matrinchã (GO)";"132535,1"
"5213004";"Maurilândia (GO)";"222073,7"
"5213053";"Mimoso de Goiás (GO)";"173593,7"
"5213087";"Minaçu (GO)";"973387,6"
"5213103";"Mineiros (GO)";"2623685,6"
"5213400";"Moiporá (GO)";"43160,9"
"5213509";"Monte Alegre de Goiás (GO)";"100052,9"
"5213707";"Montes Claros de Goiás (GO)";"441205,7"
"5213756";"Montividiu (GO)";"1049591,5"
"5213772";"Montividiu do Norte (GO)";"80569,1"
"5213806";"Morrinhos (GO)";"1554733,1"
"5213855";"Morro Agudo de Goiás (GO)";"46932,7"
"5213905";"Mossâmedes (GO)";"111645,7"
"5214002";"Mozarlândia (GO)";"913954,0"
"5214051";"Mundo Novo (GO)";"130437,8"
"5214101";"Mutunópolis (GO)";"73396,0"
"5214408";"Nazário (GO)";"248897,8"
"5214507";"Nerópolis (GO)";"941503,3"
"5214606";"Niquelândia (GO)";"1068984,7"
"5214705";"Nova América (GO)";"41987,8"
"5214804";"Nova Aurora (GO)";"57586,6"
"5214838";"Nova Crixás (GO)";"483339,2"
"5214861";"Nova Glória (GO)";"121446,8"
"5214879";"Nova Iguaçu de Goiás (GO)";"51081,4"
"5214903";"Nova Roma (GO)";"55298,6"
"5215009";"Nova Veneza (GO)";"171298,3"
"5215207";"Novo Brasil (GO)";"71636,6"
"5215231";"Novo Gama (GO)";"1069301,8"
"5215256";"Novo Planalto (GO)";"115692,9"
"5215306";"Orizona (GO)";"635832,3"
"5215405";"Ouro Verde de Goiás (GO)";"154308,3"
"5215504";"Ouvidor (GO)";"598557,1"
"5215603";"Padre Bernardo (GO)";"771158,5"
"5215652";"Palestina de Goiás (GO)";"117568,6"
"5215702";"Palmeiras de Goiás (GO)";"1416290,1"
"5215801";"Palmelo (GO)";"43094,6"
"5215900";"Palminópolis (GO)";"174619,5"
"5216007";"Panamá (GO)";"92562,3"
"5216304";"Paranaiguara (GO)";"203974,8"
"5216403";"Paraúna (GO)";"1226510,5"
"5216452";"Perolândia (GO)";"485672,6"
"5216809";"Petrolina de Goiás (GO)";"162692,9"
"5216908";"Pilar de Goiás (GO)";"159841,5"
"5217104";"Piracanjuba (GO)";"1086580,7"
"5217203";"Piranhas (GO)";"496190,0"
"5217302";"Pirenópolis (GO)";"528233,8"
"5217401";"Pires do Rio (GO)";"1068207,6"
"5217609";"Planaltina (GO)";"1280901,5"
"5217708";"Pontalina (GO)";"589522,6"
"5218003";"Porangatu (GO)";"1003161,2"
"5218052";"Porteirão (GO)";"210442,1"
"5218102";"Portelândia (GO)";"235750,2"
"5218300";"Posse (GO)";"593449,3"
"5218391";"Professor Jamil (GO)";"62693,9"
"5218508";"Quirinópolis (GO)";"1958670,8"
"5218607";"Rialma (GO)";"268703,9"
"5218706";"Rianápolis (GO)";"76720,8"
"5218789";"Rio Quente (GO)";"182983,1"
"5218805";"Rio Verde (GO)";"12056918,6"
"5218904";"Rubiataba (GO)";"521566,2"
"5219001";"Sanclerlândia (GO)";"188886,7"
"5219100";"Santa Bárbara de Goiás (GO)";"117143,8"
"5219209";"Santa Cruz de Goiás (GO)";"171026,1"
"5219258";"Santa Fé de Goiás (GO)";"286733,0"
"5219308";"Santa Helena de Goiás (GO)";"1277688,2"
"5219357";"Santa Isabel (GO)";"87429,4"
"5219407";"Santa Rita do Araguaia (GO)";"154067,0"
"5219456";"Santa Rita do Novo Destino (GO)";"89869,9"
"5219506";"Santa Rosa de Goiás (GO)";"48970,6"
"5219605";"Santa Tereza de Goiás (GO)";"68385,7"
"5219704";"Santa Terezinha de Goiás (GO)";"155292,7"
"5219712";"Santo Antônio da Barra (GO)";"269951,8"
"5219738";"Santo Antônio de Goiás (GO)";"143829,0"
"5219753";"Santo Antônio do Descoberto (GO)";"743346,9"
"5219803";"São Domingos (GO)";"263136,2"
"5219902";"São Francisco de Goiás (GO)";"108181,9"
"5220009";"São João d'Aliança (GO)";"448454,5"
"5220058";"São João da Paraúna (GO)";"66209,3"
"5220108";"São Luís de Montes Belos (GO)";"1271538,3"
"5220157";"São Luiz do Norte (GO)";"138020,2"
"5220207";"São Miguel do Araguaia (GO)";"546951,1"
"5220264";"São Miguel do Passa Quatro (GO)";"199135,2"
"5220280";"São Patrício (GO)";"46302,1"
"5220405";"São Simão (GO)";"1402774,4"
"5220454";"Senador Canedo (GO)";"3926280,5"
"5220504";"Serranópolis (GO)";"505789,1"
"5220603";"Silvânia (GO)";"884853,2"
"5220686";"Simolândia (GO)";"145664,8"
"5220702";"Sítio d'Abadia (GO)";"64789,4"
"5221007";"Taquaral de Goiás (GO)";"82374,3"
"5221080";"Teresina de Goiás (GO)";"35211,2"
"5221197";"Terezópolis de Goiás (GO)";"178598,9"
"5221304";"Três Ranchos (GO)";"56767,6"
"5221403";"Trindade (GO)";"2428017,6"
"5221452";"Trombas (GO)";"58454,3"
"5221502";"Turvânia (GO)";"111595,8"
"5221551";"Turvelândia (GO)";"467805,3"
"5221577";"Uirapuru (GO)";"58205,8"
"5221601";"Uruaçu (GO)";"1057154,0"
"5221700";"Uruana (GO)";"295947,6"
"5221809";"Urutaí (GO)";"105526,4"
"5221858";"Valparaíso de Goiás (GO)";"2673712,2"
"5221908";"Varjão (GO)";"85489,0"
"5222005";"Vianópolis (GO)";"559058,1"
"5222054";"Vicentinópolis (GO)";"419757,0"
"5222203";"Vila Boa (GO)";"126149,8"
"5222302";"Vila Propício (GO)";"217935,4"
"5300108";"Brasília (DF)";"265847334,0"
"Fonte: IBGE, em parceria com os Órgãos Estaduais de Estatística, Secretarias Estaduais de Governo e Superintendência da Zona Franca de Manaus - SUFRAMA"

"Notas"
"1 - Os dados de 2022 e 2023 estarão sujeitos a revisão na próxima publicação."
"2 - Para os anos de 2022 e 2023 foram divulgados apenas o Produto Interno Bruto e o Produto Interno Bruto per capita, conforme a nota técnica 02/2024 do Sistema de Contas Nacionais, que pode ser acessada em https://biblioteca.ibge.gov.br/visualizacao/livros/liv102094.pdf."
"3 - Os dados da série retropolada (de 2002 a 2009) também têm como referência o ano de 2010, seguindo a nova referência das Contas Nacionais."
""
"Legenda"
"Símbolo";"Significado"
"-";"Zero absoluto, não resultante de um cálculo ou arredondamento.
Ex: Em determinado município não existem pessoas de 14 anos de idade sem instrução."
"0";"Zero resultante de um cálculo ou arredondamento.
Ex: A inflação do feijão em determinada Região Metropolitana foi 0.
Determinado município produziu 400 kg de sementes de girassol e os dados da tabela são expressos em toneladas."
"X";"Valor inibido para não identificar o informante.
Ex: Determinado município só possui uma empresa produtora de cimento, logo o valor de sua produção deve ser inibido."
"..";"Valor não se aplica.
Ex: Não se pode obter o total da produção agrícola em determinado município quando os produtos agrícolas são contabilizados com unidades de medida distintas."
"...";"Valor não disponível.
Ex: A produção de feijão em determinado município não foi pesquisada ou determinado município não existia no ano da pesquisa."
"A a Z
(exceto X)";"Significa uma faixa de valores. Varia em função da tabela (se for o caso).
Ex: O nível de precisão da produção estimada de combustíveis está na faixa A (95 a 100%)"
