id_municipio,nome_municipio,populacao,id_chave,total_obitos_evitaveis,total_beneficiarios,pib_per_capita,taxa_mortalidade_evitavel,perc_cobertura_saude
1100015,Alta Floresta D'Oeste - RO,21494,110001,102.0,1123.0,919520.3,474.5510374988369,5.224713873639155
1100023,Ariquemes - RO,96833,110002,389.0,6721.0,3809355.1,401.72255326180124,6.940815631034875
1100031,Cabixi - RO,5351,110003,20.0,159.0,289782.7,373.76191366099795,2.9714072136049334
1100049,Cacoal - RO,86887,110004,324.0,8607.0,3195489.5,372.89813205657924,9.905969822873386
1100056,Cerejeiras - RO,15890,110005,68.0,672.0,903098.5,427.94210195091256,4.229074889867841
1100064,Colorado do Oeste - RO,15663,110006,62.0,1012.0,514218.5,395.8373236289344,6.4610866372980915
1100072,Corumbiara - RO,7519,110007,22.0,80.0,473844.8,292.5921000132996,1.063971272775635
1100080,Costa Marques - RO,12627,110008,43.0,207.0,349795.6,340.5401124574325,1.639344262295082
1100098,Espigão D'Oeste - RO,29414,110009,117.0,1233.0,921381.7,397.7697694975182,4.191881417012308
1100106,Guajará-Mirim - RO,39387,110010,179.0,1715.0,1057883.5,454.4646710843679,4.354228552568106
1100114,Jaru - RO,50591,110011,183.0,2636.0,2113514.9,361.72441738649167,5.210412919293946
1100122,Ji-Paraná - RO,124333,110012,474.0,14015.0,4934531.7,381.2342660436087,11.272148182702903
1100130,Machadinho D'Oeste - RO,30707,110013,126.0,585.0,909026.7,410.3298922069887,1.9051030709610186
1100148,Nova Brasilândia D'Oeste - RO,15679,110014,71.0,672.0,641839.0,452.8350022322852,4.28598762676191
1100155,Ouro Preto do Oeste - RO,35044,110015,143.0,2489.0,1089382.2,408.0584408172583,7.1024997146444475
1100189,Pimenta Bueno - RO,35079,110018,132.0,3514.0,1714399.7,376.29350893697085,10.01738932124633
1100205,Porto Velho - RO,460434,110020,1885.0,87935.0,22537532.7,409.39635213733135,19.098285530608077
1100254,Presidente Médici - RO,19327,110025,84.0,1084.0,653357.0,434.6251358203549,5.608733895586485
1100262,Rio Crespo - RO,3471,110026,11.0,53.0,265661.2,316.91155286660904,1.5269374819936616
1100288,Rolim de Moura - RO,56406,110028,238.0,3289.0,1906485.4,421.94092827004215,5.830939970925079
1100296,Santa Luzia D'Oeste - RO,7419,110029,37.0,192.0,262242.6,498.7195039762771,2.587949858471492
1100304,Vilhena - RO,95832,110030,360.0,12365.0,4515119.5,375.6574004507889,12.902788212705568
1100320,São Miguel do Guaporé - RO,21635,110032,88.0,591.0,1383948.4,406.7483244742316,2.7316847700485325
1100338,Nova Mamoré - RO,25444,110033,82.0,342.0,928841.8,322.2763716396793,1.3441282817167113
1100346,Alvorada D'Oeste - RO,13117,110034,64.0,625.0,435099.5,487.9164443089121,4.76480902645422
1100379,Alto Alegre dos Parecis - RO,11479,110037,45.0,105.0,570359.8,392.0202108197578,0.9147138252461017
1100403,Alto Paraíso - RO,16320,110040,55.0,212.0,605617.1,337.0098039215686,1.2990196078431373
1100452,Buritis - RO,27992,110045,118.0,638.0,1104420.3,421.54901400400115,2.2792226350385825
1100502,Novo Horizonte do Oeste - RO,7667,110050,26.0,139.0,268863.5,339.1156906221469,1.8129646537107085
1100601,Cacaulândia - RO,4150,110060,15.0,66.0,219344.7,361.44578313253015,1.5903614457831325
1100700,Campo Novo de Rondônia - RO,8844,110070,31.0,65.0,398840.8,350.5201266395296,0.7349615558570782
1100809,Candeias do Jamari - RO,22310,110080,116.0,556.0,791507.0,519.9462124607799,2.492155983863738
1100908,Castanheiras - RO,3233,110090,16.0,50.0,121873.1,494.89638107021347,1.546551190844417
1100924,Chupinguaia - RO,9324,110092,25.0,218.0,638874.9,268.1252681252681,2.338052338052338
1100940,Cujubim - RO,14863,110094,60.0,192.0,519136.5,403.687008006459,1.291798425620669
1101005,Governador Jorge Teixeira - RO,8001,110100,26.0,72.0,283464.5,324.9593800774903,0.8998875140607425
1101104,Itapuã do Oeste - RO,8548,110110,32.0,719.0,289966.7,374.3565746373421,8.41132428638278
1101203,Ministro Andreazza - RO,6466,110120,26.0,183.0,414490.0,402.1033096195484,2.8301886792452833
1101302,Mirante da Serra - RO,9235,110130,45.0,204.0,310402.1,487.2766648619383,2.2089875473741203
1101401,Monte Negro - RO,11548,110140,43.0,155.0,452939.4,372.358850017319,1.342223761690336
1101435,Nova União - RO,6200,110143,21.0,60.0,168139.4,338.7096774193548,0.967741935483871
1101450,Parecis - RO,4125,110145,10.0,69.0,164072.9,242.42424242424244,1.6727272727272726
1101468,Pimenteiras do Oeste - RO,2156,110146,10.0,62.0,327048.0,463.821892393321,2.87569573283859
1101476,Primavera de Rondônia - RO,3076,110147,2.0,108.0,130972.8,65.01950585175553,3.5110533159947983
1101484,São Felipe D'Oeste - RO,5258,110148,19.0,146.0,157329.7,361.3541270445036,2.7767211867630275
1101492,São Francisco do Guaporé - RO,16286,110149,63.0,280.0,573985.3,386.83531867861967,1.7192680830160876
1101500,Seringueiras - RO,11171,110150,49.0,156.0,381162.7,438.6357532897681,1.3964730104735474
1101559,Teixeirópolis - RO,4256,110155,15.0,82.0,141105.3,352.44360902255636,1.9266917293233081
1101609,Theobroma - RO,8113,110160,26.0,70.0,284565.2,320.47331443362503,0.8628127696289906
1101708,Urupá - RO,10725,110170,38.0,303.0,317567.8,354.31235431235433,2.825174825174825
1101757,Vale do Anari - RO,7788,110175,40.0,81.0,234964.7,513.6106831022086,1.0400616332819723
1101807,Vale do Paraíso - RO,6479,110180,24.0,78.0,199086.5,370.4275351134434,1.2038894891186913
1200013,Acrelândia - AC,14021,120001,45.0,547.0,445829.3,320.94715070251766,3.9012909207617144
1200054,Assis Brasil - AC,8100,120005,29.0,78.0,164920.8,358.0246913580247,0.962962962962963
1200104,Brasiléia - AC,26000,120010,99.0,301.0,820792.8,380.7692307692308,1.1576923076923076
1200138,Bujari - AC,12917,120013,32.0,138.0,344752.5,247.7355423085856,1.0683595262057752
1200179,Capixaba - AC,10392,120017,37.0,63.0,717612.0,356.0431100846805,0.6062355658198615
1200203,Cruzeiro do Sul - AC,91888,120020,225.0,1428.0,2313075.2,244.863311857914,1.5540658192582273
1200252,Epitaciolândia - AC,18757,120025,69.0,217.0,776867.6,367.86266460521404,1.1569014234685717
1200302,Feijó - AC,35426,120030,79.0,289.0,639843.6,223.00005645571048,0.8157850166544346
1200328,Jordão - AC,9222,120032,13.0,33.0,136531.1,140.96725222294515,0.357839947950553
1200336,Mâncio Lima - AC,19294,120033,41.0,29.0,289345.1,212.50129573960817,0.1503057945475277
1200344,Manoel Urbano - AC,11996,120034,33.0,58.0,231082.0,275.0916972324108,0.4834944981660554
1200351,Marechal Thaumaturgo - AC,17093,120035,19.0,25.0,256481.0,111.1566138185222,0.14625870239279237
1200385,Plácido de Castro - AC,16560,120038,57.0,284.0,829047.0,344.2028985507246,1.714975845410628
1200393,Porto Walter - AC,10735,120039,13.0,22.0,177517.4,121.09920819748487,0.20493712156497437
1200401,Rio Branco - AC,364756,120040,1204.0,38105.0,11266899.1,330.0836723727643,10.446709581199487
1200427,Rodrigues Alves - AC,14938,120042,32.0,25.0,253224.6,214.21877091980184,0.1673584147810952
1200435,Santa Rosa do Purus - AC,6723,120043,21.0,40.0,114984.1,312.3605533244088,0.5949724825226833
1200450,Senador Guiomard - AC,21454,120045,67.0,413.0,1037716.2,312.2960753239489,1.9250489419222523
1200500,Sena Madureira - AC,41343,120050,112.0,317.0,841620.6,270.90438526473645,0.7667561618653702
1200609,Tarauacá - AC,43467,120060,106.0,275.0,800495.6,243.86316055858467,0.6326638599397244
1200708,Xapuri - AC,18243,120070,58.0,151.0,632359.6,317.9301649947925,0.8277147399002358
1200807,Porto Acre - AC,16693,120080,51.0,95.0,585138.6,305.5172826933445,0.5691008207032888
1300029,Alvarães - AM,15866,130002,22.0,10.0,222261.7,138.66128828942394,0.06302785831337451
1300060,Amaturá - AM,10819,130006,12.0,21.0,124174.9,110.9159811442832,0.1941029670024956
1300086,Anamã - AM,9962,130008,15.0,22.0,135488.4,150.57217426219634,0.22083918891788798
1300102,Anori - AM,17194,130010,31.0,55.0,252603.1,180.29545190182623,0.3198790275677562
1300144,Apuí - AM,20647,130014,65.0,56.0,321020.4,314.8157117256744,0.27122584394827337
1300201,Atalaia do Norte - AM,15314,130020,29.0,33.0,177564.8,189.36920464934047,0.21548909494580124
1300300,Autazes - AM,41564,130030,98.0,81.0,567927.8,235.78096429602542,0.19488018477528632
1300409,Barcelos - AM,18834,130040,42.0,51.0,207958.6,223.00095571838168,0.270786874800892
1300508,Barreirinha - AM,31051,130050,67.0,51.0,377493.4,215.7740491449551,0.16424591800586133
1300607,Benjamin Constant - AM,37648,130060,92.0,97.0,390615.6,244.36889077773054,0.25764980875478116
1300631,Beruri - AM,20718,130063,27.0,18.0,239687.4,130.32145960034754,0.08688097306689835
1300680,Boa Vista do Ramos - AM,23785,130068,38.0,19.0,216113.4,159.76455749421905,0.07988227874710951
1300706,Boca do Acre - AM,35447,130070,100.0,100.0,576050.8,282.11132112731684,0.28211132112731685
1300805,Borba - AM,33080,130080,95.0,82.0,415320.9,287.1825876662636,0.2478839177750907
1300839,Caapiranga - AM,13469,130083,31.0,33.0,195341.5,230.15814091617787,0.24500705323335067
1300904,Canutama - AM,16869,130090,21.0,13.0,177302.9,124.48870709585631,0.07706443772600628
1301001,Carauari - AM,28742,130100,56.0,192.0,406023.4,194.8368241597662,0.6680119685477698
1301100,Careiro - AM,30792,130110,114.0,52.0,398453.0,370.2260327357755,0.16887503247596777
1301159,Careiro da Várzea - AM,19637,130115,32.0,32.0,355856.7,162.9576819269746,0.1629576819269746
1301209,Coari - AM,70616,130120,225.0,442.0,4861890.6,318.6246742947774,0.625920471281296
1301308,Codajás - AM,23549,130130,50.0,84.0,522890.7,212.3232409019491,0.35670304471527453
1301407,Eirunepé - AM,33170,130140,99.0,88.0,578742.5,298.4624660838107,0.26529996985227616
1301506,Envira - AM,17186,130150,40.0,33.0,209889.2,232.74758524380312,0.19201675782613756
1301605,Fonte Boa - AM,25871,130160,58.0,56.0,297891.5,224.18924664682464,0.2164585829693479
1301654,Guajará - AM,13815,130165,32.0,13.0,166381.4,231.63228374954758,0.09410061527325371
1301704,Humaitá - AM,57473,130170,128.0,527.0,960741.5,222.71327405912342,0.9169523080402971
1301803,Ipixuna - AM,24311,130180,36.0,24.0,214596.6,148.08111554440376,0.09872074369626918
1301852,Iranduba - AM,61163,130185,214.0,754.0,1044311.8,349.88473423474977,1.2327714467897257
1301902,Itacoatiara - AM,103598,130190,275.0,2628.0,2775137.7,265.4491399447866,2.5367285082723607
1301951,Itamarati - AM,10937,130195,20.0,26.0,161303.7,182.8655024229679,0.2377251531498583
1302009,Itapiranga - AM,10162,130200,21.0,138.0,173994.0,206.65223381224166,1.3580003936233025
1302108,Japurá - AM,8858,130210,17.0,44.0,127519.9,191.91691126665162,0.4967261232783924
1302207,Juruá - AM,10742,130220,19.0,34.0,130664.0,176.8758145596723,0.31651461552783466
1302306,Jutaí - AM,25172,130230,39.0,40.0,351354.6,154.93405371047197,0.1589067217543302
1302405,Lábrea - AM,45448,130240,85.0,133.0,665442.4,187.02693187819045,0.2926421404682274
1302504,Manacapuru - AM,101883,130250,265.0,625.0,1776202.5,260.1022741772425,0.6134487598519871
1302553,Manaquiri - AM,17107,130255,35.0,25.0,264184.6,204.5946103934062,0.14613900742386157
1302603,Manaus - AM,2063689,130260,7879.0,569030.0,113465434.9,381.7920238950734,27.57343766429922
1302702,Manicoré - AM,53914,130270,113.0,73.0,781078.1,209.59305560707796,0.13540082353377603
1302801,Maraã - AM,15529,130280,21.0,22.0,181102.3,135.23085839397257,0.14167042307939984
1302900,Maués - AM,61204,130290,158.0,217.0,649736.2,258.15306189137965,0.3545519900660088
1303007,Nhamundá - AM,20136,130300,39.0,15.0,220804.3,193.68295589988082,0.07449344457687723
1303106,Nova Olinda do Norte - AM,27062,130310,65.0,54.0,325557.8,240.18919518143522,0.1995417929199616
1303205,Novo Airão - AM,15761,130320,44.0,41.0,201709.7,279.17010341983377,0.2601357781866633
1303304,Novo Aripuanã - AM,23818,130330,42.0,36.0,264809.6,176.3372239482744,0.15114619195566378
1303403,Parintins - AM,96372,130340,278.0,656.0,1511650.2,288.46552940688167,0.6806956377371021
1303502,Pauini - AM,19373,130350,39.0,25.0,221857.5,201.31110308160842,0.12904557889846693
1303536,Presidente Figueiredo - AM,30668,130353,90.0,393.0,592973.4,293.46550149993476,1.281466023216382
1303569,Rio Preto da Eva - AM,24936,130356,81.0,133.0,406486.8,324.83156881616935,0.5333654154635867
1303601,Santa Isabel do Rio Negro - AM,14164,130360,50.0,11.0,197124.0,353.00762496469923,0.07766167749223384
1303700,Santo Antônio do Içá - AM,28211,130370,53.0,58.0,305336.4,187.8699797951154,0.20559356279465454
1303809,São Gabriel da Cachoeira - AM,51795,130380,161.0,127.0,511306.6,310.84081475045855,0.2451974128776909
1303908,São Paulo de Olivença - AM,32967,130390,72.0,104.0,328403.7,218.40021840021842,0.3154669821336488
1303957,São Sebastião do Uatumã - AM,11670,130395,25.0,11.0,129935.1,214.22450728363324,0.09425878320479864
1304005,Silves - AM,11559,130400,21.0,23.0,378318.4,181.67661562418894,0.19897915044554026
1304062,Tabatinga - AM,66764,130406,219.0,331.0,824248.5,328.02108920975377,0.4957761667964772
1304104,Tapauá - AM,19599,130410,45.0,19.0,279445.3,229.60355120159193,0.09694372161844991
1304203,Tefé - AM,73669,130420,172.0,495.0,1386544.5,233.47676770419037,0.6719244186835711
1304237,Tonantins - AM,19247,130423,12.0,25.0,202743.1,62.34737881228243,0.1298903725255884
1304260,Uarini - AM,14431,130426,22.0,27.0,250157.4,152.44958769316054,0.18709722125978798
1304302,Urucará - AM,18631,130430,44.0,45.0,220397.6,236.16553056733403,0.24153292898931888
1304401,Urucurituba - AM,23945,130440,45.0,20.0,262905.6,187.93067446230947,0.08352474420547087
1400027,Amajari - RR,13927,140002,58.0,30.0,300390.2,416.4572413297911,0.21540891792920228
1400050,Alto Alegre - RR,21096,140005,98.0,32.0,700057.8,464.5430413348502,0.15168752370117558
1400100,Boa Vista - RR,413486,140010,1456.0,31195.0,15213965.7,352.1280043338831,7.5443908620848115
1400159,Bonfim - RR,13923,140015,53.0,28.0,705964.5,380.6650865474395,0.20110608345902461
1400175,Cantá - RR,18682,140017,58.0,160.0,405868.0,310.4592656032545,0.8564393533882882
1400209,Caracaraí - RR,20957,140020,63.0,125.0,530515.0,300.6155461182421,0.596459416901274
1400233,Caroebe - RR,10656,140023,21.0,12.0,276635.1,197.07207207207205,0.11261261261261261
1400282,Iracema - RR,10023,140028,18.0,12.0,235247.0,179.58695001496557,0.11972463334331039
1400308,Mucajaí - RR,18095,140030,62.0,89.0,481025.4,342.63608731693836,0.49184857695496
1400407,Normandia - RR,13986,140040,39.0,24.0,270719.8,278.85027885027887,0.1716001716001716
1400456,Pacaraima - RR,19305,140045,55.0,126.0,393277.7,284.90028490028493,0.6526806526806527
1400472,Rorainópolis - RR,32647,140047,88.0,168.0,828529.3,269.5500352252887,0.5145955217937329
1400506,São João da Baliza - RR,8858,140050,12.0,42.0,343559.2,135.47076089410703,0.4741476631293746
1400605,São Luiz - RR,7315,140060,13.0,39.0,192540.5,177.717019822283,0.5331510594668489
1400704,Uiramutã - RR,13751,140070,41.0,6.0,217046.6,298.1601338084503,0.043633190313431755
1500107,Abaetetuba - PA,158188,150010,488.0,9686.0,2193300.0,308.4936910511543,6.123094040003035
1500131,Abel Figueiredo - PA,6136,150013,27.0,69.0,126585.0,440.02607561929597,1.124511082138201
1500206,Acará - PA,59023,150020,166.0,392.0,1242612.0,281.2462938176643,0.6641478745573759
1500305,Afuá - PA,37765,150030,58.0,88.0,539302.8,153.5813584006355,0.23301999205613666
1500347,Água Azul do Norte - PA,18080,150034,42.0,631.0,848598.2,232.3008849557522,3.49004424778761
1500404,Alenquer - PA,69377,150040,161.0,485.0,919275.5,232.06538189890023,0.6990789454718422
1500503,Almeirim - PA,34280,150050,92.0,2040.0,687485.2,268.37806301050176,5.950991831971995
1500602,Altamira - PA,126279,150060,512.0,6825.0,3457957.0,405.45142105971695,5.404699118618297
1500701,Anajás - PA,28011,150070,50.0,126.0,304791.3,178.50130305951234,0.4498232837099711
1500800,Ananindeua - PA,478778,150080,1739.0,93235.0,9983645.0,363.21635497036203,19.473534707108513
1500859,Anapu - PA,31850,150085,102.0,148.0,687043.0,320.2511773940345,0.46467817896389324
1500909,Augusto Corrêa - PA,44573,150090,121.0,179.0,405344.8,271.4647881004195,0.4015884055369842
1500958,Aurora do Pará - PA,23774,150095,81.0,135.0,340026.9,340.7083368385631,0.5678472280642719
1501006,Aveiro - PA,18290,150100,34.0,59.0,186421.6,185.89393110989613,0.3225806451612903
1501105,Bagre - PA,31892,150110,46.0,44.0,277457.6,144.23679919729085,0.13796563401479994
1501204,Baião - PA,51641,150120,88.0,135.0,694648.0,170.4072345616855,0.26142018938440387
1501253,Bannach - PA,4031,150125,9.0,10.0,138929.4,223.2696601339618,0.24807740014884647
1501303,Barcarena - PA,126650,150130,326.0,20715.0,8408789.1,257.4022897749704,16.356099486774575
1501402,Belém - PA,1303403,150140,5413.0,409220.0,37604333.5,415.2974943283083,31.396275748943342
1501451,Belterra - PA,18099,150145,65.0,341.0,340703.5,359.1358638598818,1.8840819934803028
1501501,Benevides - PA,63567,150150,236.0,4490.0,2700819.2,371.2618182390234,7.063413406327182
1501576,Bom Jesus do Tocantins - PA,18005,150157,58.0,202.0,292675.0,322.1327409053041,1.121910580394335
1501600,Bonito - PA,12622,150160,44.0,263.0,232988.6,348.59768657898906,2.0836634447789573
1501709,Bragança - PA,123082,150170,435.0,1785.0,1737012.2,353.4229213044962,1.4502526770770705
1501725,Brasil Novo - PA,24718,150172,64.0,186.0,440739.5,258.92062464600696,0.7524880653774577
1501758,Brejo Grande do Araguaia - PA,6783,150175,31.0,51.0,129481.3,457.0249152292496,0.7518796992481203
1501782,Breu Branco - PA,45712,150178,148.0,919.0,767219.2,323.7661883094155,2.0104130206510322
1501808,Breves - PA,106968,150180,204.0,851.0,1227011.4,190.71124074489566,0.7955650287936579
1501907,Bujaru - PA,24383,150190,68.0,121.0,544690.3,278.8828281999754,0.4962473854734856
1501956,Cachoeira do Piriá - PA,19630,150195,50.0,43.0,214722.0,254.71217524197655,0.21905247070809986
1502004,Cachoeira do Arari - PA,23981,150200,69.0,99.0,293835.1,287.72778449605937,0.4128268212334765
1502103,Cametá - PA,134184,150210,318.0,867.0,1640809.3,236.988016455017,0.6461277052405652
1502152,Canaã dos Carajás - PA,77079,150215,171.0,25414.0,16061772.9,221.85030942279997,32.97136703901192
1502202,Capanema - PA,70394,150220,256.0,3558.0,1598656.1,363.6673580134671,5.0544080461402965
1502301,Capitão Poço - PA,56506,150230,177.0,680.0,691741.2,313.2410717445935,1.2034120270413762
1502400,Castanhal - PA,192256,150240,715.0,15821.0,5688912.4,371.89996671105195,8.229131990679095
1502509,Chaves - PA,20757,150250,17.0,48.0,293848.4,81.9000819000819,0.2312472900708195
1502608,Colares - PA,12868,150260,35.0,50.0,120635.0,271.99253963319865,0.3885607709045695
1502707,Conceição do Araguaia - PA,44617,150270,214.0,1660.0,765891.6,479.6378062173611,3.72055494542439
1502756,Concórdia do Pará - PA,26881,150275,77.0,347.0,452741.2,286.44767679773815,1.2908745954391576
1502764,Cumaru do Norte - PA,14036,150276,53.0,21.0,431267.7,377.6004559703619,0.14961527500712452
1502772,Curionópolis - PA,19950,150277,77.0,2382.0,1503196.6,385.96491228070175,11.93984962406015
1502806,Curralinho - PA,33903,150280,49.0,93.0,328648.5,144.52998259741025,0.2743120077869215
1502855,Curuá - PA,14117,150285,41.0,45.0,171988.9,290.4299780406602,0.31876461004462703
1502905,Curuçá - PA,41262,150290,135.0,191.0,443371.0,327.177548349571,0.46289564247976345
1502939,Dom Eliseu - PA,58484,150293,152.0,1276.0,1261537.9,259.90014362902673,2.1817933109910403
1502954,Eldorado do Carajás - PA,28192,150295,132.0,277.0,605964.4,468.21793416572075,0.9825482406356414
1503002,Faro - PA,8728,150300,21.0,70.0,89800.5,240.60494958753438,0.8020164986251146
1503044,Floresta do Araguaia - PA,17898,150304,52.0,125.0,566641.3,290.5352553357917,0.6984020560956532
1503077,Garrafão do Norte - PA,24703,150307,80.0,55.0,314532.5,323.8473059952232,0.22264502287171598
1503093,Goianésia do Pará - PA,26362,150309,118.0,164.0,522757.1,447.6139898338518,0.622107579091116
1503101,Gurupá - PA,31786,150310,53.0,89.0,398198.9,166.74007424652362,0.2799974831686906
1503200,Igarapé-Açu - PA,35797,150320,147.0,692.0,499454.6,410.64893706176497,1.9331228873927984
1503309,Igarapé-Miri - PA,64831,150330,175.0,617.0,818860.3,269.9325939751045,0.9517052027579399
1503408,Inhangapi - PA,10325,150340,48.0,79.0,201526.4,464.8910411622276,0.7651331719128329
1503457,Ipixuna do Pará - PA,30329,150345,124.0,545.0,607746.9,408.8496158791915,1.7969600052754788
1503507,Irituia - PA,30955,150350,107.0,193.0,317600.2,345.6630592795994,0.6234857050557261
1503606,Itaituba - PA,123314,150360,560.0,12584.0,3757069.6,454.1252412540344,10.204842921322802
1503705,Itupiranga - PA,49754,150370,147.0,322.0,889870.3,295.4536318687945,0.6471841459983116
1503754,Jacareacanga - PA,24042,150375,71.0,82.0,657774.7,295.3165294068713,0.34106979452624575
1503804,Jacundá - PA,37707,150380,159.0,479.0,658641.9,421.6723685257379,1.270321160527223
1503903,Juruti - PA,50881,150390,114.0,4711.0,1294172.5,224.05220023191367,9.258858906074959
1504000,Limoeiro do Ajuru - PA,29569,150400,50.0,55.0,525619.4,169.09601271602014,0.18600561398762216
1504059,Mãe do Rio - PA,34353,150405,139.0,520.0,422738.5,404.622594824324,1.5136960381917153
1504109,Magalhães Barata - PA,8115,150410,25.0,33.0,110100.9,308.07147258163894,0.4066543438077634
1504208,Marabá - PA,266533,150420,1034.0,27113.0,12233453.0,387.94445715915106,10.172473952568724
1504307,Maracanã - PA,25971,150430,75.0,100.0,310995.1,288.78364329444383,0.38504485772592506
1504406,Marapanim - PA,26573,150440,88.0,188.0,297449.5,331.1632107778572,0.7074850412072404
1504422,Marituba - PA,111785,150442,462.0,5989.0,2475912.6,413.2933756765219,5.357606118888938
1504455,Medicilândia - PA,27094,150445,85.0,196.0,979332.8,313.72259540857755,0.7234073964715435
1504505,Melgaço - PA,27881,150450,28.0,21.0,270905.3,100.42681395932713,0.07532011046949535
1504604,Mocajuba - PA,27198,150460,80.0,218.0,381653.0,294.13927494668724,0.8015295242297228
1504703,Moju - PA,84094,150470,183.0,758.0,1537609.0,217.61362285061952,0.901372273883987
1504752,Mojuí dos Campos - PA,23501,150475,44.0,171.0,464580.1,187.22607548614954,0.7276286115484447
1504802,Monte Alegre - PA,60012,150480,189.0,677.0,1063686.2,314.93701259748053,1.1281077117909752
1504901,Muaná - PA,45368,150490,84.0,181.0,395395.8,185.1525304179157,0.39895961911479455
1504950,Nova Esperança do Piriá - PA,20478,150495,52.0,56.0,274260.5,253.93104795390173,0.2734642054888173
1504976,Nova Ipixuna - PA,13955,150497,53.0,44.0,202161.3,379.79218917950556,0.31529917592260837
1505007,Nova Timboteua - PA,12806,150500,48.0,188.0,167479.4,374.82430110885525,1.468061846009683
1505031,Novo Progresso - PA,33638,150503,143.0,754.0,1280246.9,425.1144538914323,2.2415125750639158
1505064,Novo Repartimento - PA,60732,150506,201.0,249.0,1233474.1,330.9622604228413,0.40999802410590797
1505106,Óbidos - PA,52229,150510,138.0,600.0,982930.2,264.22102663271363,1.1487870723161462
1505205,Oeiras do Pará - PA,33844,150520,79.0,133.0,454247.0,233.42394516014656,0.3929795532442974
1505304,Oriximiná - PA,68294,150530,182.0,6185.0,1802512.1,266.49486045626264,9.056432483087825
1505403,Ourém - PA,17855,150540,56.0,108.0,231548.9,313.637636516382,0.6048725847101653
1505437,Ourilândia do Norte - PA,32467,150543,115.0,3279.0,1778205.4,354.2058089752672,10.099485631564358
1505486,Pacajá - PA,41097,150548,142.0,194.0,1071885.4,345.5240041852203,0.472053921210794
1505494,Palestina do Pará - PA,6885,150549,29.0,29.0,117612.9,421.2055192447349,0.4212055192447349
1505502,Paragominas - PA,105550,150550,338.0,11021.0,5020674.3,320.22738038844153,10.441496920890573
1505536,Parauapebas - PA,267836,150553,723.0,92122.0,25317042.0,269.94130736719484,34.394928239669056
1505551,Pau D'Arco - PA,6931,150555,28.0,67.0,120432.3,403.98210936372817,0.9666714759774924
1505601,Peixe-Boi - PA,8285,150560,40.0,57.0,81669.4,482.8002414001207,0.687990343995172
1505635,Piçarra - PA,12832,150563,28.0,29.0,324867.5,218.20448877805484,0.22599750623441398
1505650,Placas - PA,18668,150565,48.0,56.0,379126.3,257.12449110777806,0.2999785729590743
1505700,Ponta de Pedras - PA,24984,150570,59.0,179.0,277170.9,236.15113672750562,0.7164585334614153
1505809,Portel - PA,62503,150580,135.0,244.0,870234.5,215.9896324976401,0.39038126169943843
1505908,Porto de Moz - PA,40597,150590,75.0,168.0,452978.3,184.74271497893935,0.4138236815528241
1506005,Prainha - PA,35577,150600,79.0,85.0,494695.7,222.05357393821853,0.23891840233858955
1506104,Primavera - PA,10851,150610,36.0,302.0,486676.9,331.7666574509262,2.7831536263938808
1506112,Quatipuru - PA,11524,150611,34.0,109.0,123175.9,295.03644567858385,0.9458521346754598
1506138,Redenção - PA,85597,150613,386.0,4677.0,3292754.1,450.9503837751323,5.463976541233921
1506161,Rio Maria - PA,18384,150616,77.0,672.0,872543.1,418.8424717145344,3.6553524804177546
1506187,Rondon do Pará - PA,53143,150618,166.0,1451.0,938381.5,312.3647517076567,2.730369004384397
1506195,Rurópolis - PA,35769,150619,81.0,199.0,516465.0,226.4530738907993,0.5563476753613464
1506203,Salinópolis - PA,44772,150620,140.0,681.0,732524.5,312.6954346466542,1.521039935674082
1506302,Salvaterra - PA,24129,150630,86.0,186.0,235242.5,356.4175887935679,0.7708566455302748
1506351,Santa Bárbara do Pará - PA,21087,150635,72.0,601.0,278332.5,341.4425949637217,2.8500972162943996
1506401,Santa Cruz do Arari - PA,7445,150640,10.0,38.0,98542.6,134.3183344526528,0.5104096709200806
1506500,Santa Izabel do Pará - PA,73019,150650,212.0,2243.0,1505978.5,290.3353921582054,3.0718032292964845
1506559,Santa Luzia do Pará - PA,20370,150655,64.0,118.0,233057.7,314.18753068237606,0.5792832596956309
1506583,Santa Maria das Barreiras - PA,16548,150658,59.0,169.0,696577.2,356.53855450809766,1.021271452743534
1506609,Santa Maria do Pará - PA,24624,150660,99.0,339.0,499868.4,402.046783625731,1.3767056530214423
1506708,Santana do Araguaia - PA,32413,150670,127.0,547.0,1764088.5,391.81809767685803,1.687594483694814
1506807,Santarém - PA,331942,150680,1079.0,36687.0,7764936.4,325.0567870290593,11.052232016436607
1506906,Santarém Novo - PA,6116,150690,22.0,30.0,67380.4,359.71223021582733,0.49051667756703726
1507003,Santo Antônio do Tauá - PA,27461,150700,108.0,487.0,582208.8,393.28502239539705,1.7734241287644295
1507102,São Caetano de Odivelas - PA,16666,150710,64.0,75.0,200863.9,384.0153606144246,0.45001800072002884
1507151,São Domingos do Araguaia - PA,21092,150715,76.0,224.0,425974.4,360.3261900246539,1.0620140337568746
1507201,São Domingos do Capim - PA,30599,150720,79.0,90.0,589309.6,258.1783718422171,0.29412725906075365
1507300,São Félix do Xingu - PA,65418,150730,222.0,479.0,2020084.7,339.3561405117857,0.7322143752484026
1507409,São Francisco do Pará - PA,14894,150740,57.0,181.0,326142.7,382.7044447428495,1.2152544648851886
1507458,São Geraldo do Araguaia - PA,24255,150745,99.0,240.0,937038.1,408.16326530612247,0.9894867037724181
1507466,São João da Ponta - PA,4430,150746,18.0,16.0,66007.6,406.32054176072234,0.3611738148984198
1507474,São João de Pirabas - PA,20689,150747,92.0,83.0,203685.4,444.68074822369374,0.4011793706800716
1507508,São João do Araguaia - PA,13664,150750,48.0,57.0,214553.5,351.288056206089,0.4171545667447307
1507607,São Miguel do Guamá - PA,52894,150760,214.0,656.0,938620.7,404.58275040647334,1.2402162816198434
1507706,São Sebastião da Boa Vista - PA,25643,150770,54.0,112.0,264513.8,210.58378504855125,0.4367663689895878
1507755,Sapucaia - PA,5847,150775,15.0,612.0,160507.2,256.5418163160595,10.466906105695228
1507805,Senador José Porfírio - PA,22576,150780,31.0,138.0,327336.4,137.31396172927003,0.611268603827073
1507904,Soure - PA,24204,150790,86.0,283.0,277731.8,355.31317137663194,1.1692282267393819
1507953,Tailândia - PA,72493,150795,271.0,2228.0,1738043.0,373.82919730180845,3.0734001903632078
1507961,Terra Alta - PA,10400,150796,35.0,43.0,101759.8,336.53846153846155,0.4134615384615385
1507979,Terra Santa - PA,18782,150797,52.0,505.0,875905.2,276.86082419337663,2.6887445426472154
1508001,Tomé-Açu - PA,67585,150800,225.0,1829.0,1297601.6,332.91410816009466,2.7062217947769476
1508035,Tracuateua - PA,28595,150803,90.0,90.0,339249.0,314.74033922014337,0.3147403392201434
1508050,Trairão - PA,15242,150805,57.0,119.0,373497.3,373.96667104054586,0.7807374360320167
1508084,Tucumã - PA,39550,150808,149.0,1750.0,1174447.7,376.73830594184574,4.424778761061947
1508100,Tucuruí - PA,91306,150810,320.0,4178.0,5999822.8,350.46984864083413,4.5758219613168905
1508126,Ulianópolis - PA,37972,150812,87.0,334.0,2302813.2,229.1161908774887,0.8795954914147266
1508159,Uruará - PA,43558,150815,165.0,359.0,870209.2,378.8052711327425,0.8241884384039672
1508209,Vigia - PA,50832,150820,172.0,560.0,520317.4,338.3695310040919,1.1016682404784388
1508308,Viseu - PA,58692,150830,150.0,144.0,700430.6,255.5714577795952,0.24534859946841137
1508357,Vitória do Xingu - PA,15607,150835,67.0,197.0,4086688.1,429.2945473185109,1.2622541167424874
1508407,Xinguara - PA,52893,150840,164.0,2216.0,2091023.3,310.0599323161855,4.189590304955288
1600055,Serra do Navio - AP,4673,160005,13.0,321.0,99725.0,278.1938797346458,6.869248876524717
1600105,Amapá - AP,7943,160010,28.0,177.0,184055.7,352.51164547400225,2.2283771874606573
1600154,Pedra Branca do Amapari - AP,12847,160015,27.0,539.0,391427.2,210.1657974624426,4.195532030824317
1600204,Calçoene - AP,10612,160020,28.0,81.0,231683.7,263.8522427440633,0.7632868450810403
1600212,Cutias - AP,4461,160021,11.0,24.0,94530.6,246.58148397220356,0.5379959650302623
1600238,Ferreira Gomes - AP,6666,160023,10.0,110.0,478972.3,150.01500150015,1.65016501650165
1600253,Itaubal - AP,5599,160025,11.0,10.0,108364.7,196.46365422396855,0.1786033220217896
1600279,Laranjal do Jari - AP,35114,160027,121.0,1148.0,1168830.5,344.5919006664009,3.269351255909324
1600303,Macapá - AP,442933,160030,1615.0,51532.0,15571144.8,364.61496433997917,11.634265227472326
1600402,Mazagão - AP,21924,160040,44.0,171.0,468715.1,200.69330414157997,0.7799671592775042
1600501,Oiapoque - AP,27482,160050,67.0,242.0,696943.9,243.79593916017757,0.8805763772651191
1600535,Porto Grande - AP,17848,160053,37.0,810.0,426170.0,207.30614074406097,4.538323621694308
1600550,Pracuúba - AP,3803,160055,12.0,7.0,82806.5,315.5403628714173,0.18406521167499343
1600600,Santana - AP,107618,160060,332.0,6150.0,3091307.1,308.49857830474457,5.714657399319816
1600709,Tartarugalzinho - AP,12945,160070,29.0,174.0,266854.0,224.0247199691,1.3441483198146003
1600808,Vitória do Jari - AP,11291,160080,17.0,578.0,252760.5,150.5623948277389,5.119121424143123
1700251,Abreulândia - TO,2576,170025,11.0,37.0,109870.9,427.0186335403727,1.436335403726708
1700301,Aguiarnópolis - TO,4497,170030,25.0,85.0,224319.9,555.926173004225,1.890148988214365
1700350,Aliança do Tocantins - TO,5147,170035,32.0,174.0,233447.1,621.7213911016127,3.3806100641150185
1700400,Almas - TO,6499,170040,36.0,198.0,273731.7,553.9313740575473,3.04662255731651
1700707,Alvorada - TO,8802,170070,34.0,635.0,628959.3,386.27584639854575,7.214269484208134
1701002,Ananás - TO,10325,170100,36.0,138.0,173648.6,348.6682808716707,1.3365617433414043
1701051,Angico - TO,2876,170105,12.0,51.0,49246.9,417.2461752433936,1.773296244784423
1701101,Aparecida do Rio Negro - TO,4856,170110,11.0,76.0,288442.1,226.52388797364085,1.5650741350906094
1701309,Aragominas - TO,5290,170130,18.0,18.0,93577.0,340.26465028355386,0.3402646502835539
1701903,Araguacema - TO,5927,170190,11.0,80.0,347916.9,185.59136156571623,1.3497553568415726
1702000,Araguaçu - TO,8133,170200,31.0,313.0,388687.8,381.1631624246895,3.848518381900898
1702109,Araguaína - TO,171301,170210,643.0,17628.0,6165264.5,375.3626657170711,10.290657964635349
1702158,Araguanã - TO,4310,170215,23.0,47.0,90228.2,533.6426914153133,1.0904872389791183
1702208,Araguatins - TO,31918,170220,109.0,1368.0,785528.9,341.50009399085155,4.285982831004449
1702307,Arapoema - TO,5550,170230,35.0,140.0,153137.5,630.6306306306307,2.5225225225225225
1702406,Arraias - TO,10287,170240,26.0,747.0,205200.2,252.74618450471468,7.26159230096238
1702554,Augustinópolis - TO,17484,170255,73.0,546.0,346878.2,417.5245939144361,3.1228551818805768
1702703,Aurora do Tocantins - TO,3342,170270,11.0,66.0,61532.5,329.1442250149611,1.9748653500897666
1702901,Axixá do Tocantins - TO,10262,170290,52.0,205.0,167496.2,506.7238355096472,1.9976612746053402
1703008,Babaçulândia - TO,7880,170300,38.0,74.0,149213.2,482.2335025380711,0.9390862944162437
1703057,Bandeirantes do Tocantins - TO,3407,170305,9.0,492.0,219237.7,264.16201937188146,14.440857058996185
1703073,Barra do Ouro - TO,4476,170307,24.0,19.0,122562.7,536.1930294906166,0.42448614834673815
1703107,Barrolândia - TO,4846,170310,21.0,92.0,124496.3,433.3470903838217,1.8984729673957903
1703206,Bernardo Sayão - TO,4229,170320,11.0,95.0,117016.9,260.1087727595176,2.2463939465594702
1703305,Bom Jesus do Tocantins - TO,4038,170330,17.0,420.0,157713.4,421.00049529470033,10.401188707280832
1703602,Brasilândia do Tocantins - TO,1974,170360,4.0,4.0,120747.6,202.6342451874367,0.2026342451874367
1703701,Brejinho de Nazaré - TO,4725,170370,29.0,48.0,264926.8,613.7566137566138,1.0158730158730158
1703800,Buriti do Tocantins - TO,10307,170380,30.0,87.0,147595.0,291.0643252158727,0.8440865431260309
1703826,Cachoeirinha - TO,1961,170382,10.0,188.0,44838.1,509.94390617032127,9.58694543600204
1703842,Campos Lindos - TO,8653,170384,27.0,163.0,1241420.1,312.0305096498324,1.883739743441581
1703867,Cariri do Tocantins - TO,4007,170386,17.0,143.0,925418.9,424.2575492887447,3.5687546793112057
1703883,Carmolândia - TO,2201,170388,6.0,34.0,60121.3,272.60336210813267,1.5447523852794183
1703891,Carrasco Bonito - TO,3318,170389,19.0,9.0,75057.4,572.6341169379144,0.27124773960216997
1703909,Caseara - TO,4847,170390,9.0,71.0,447727.3,185.68186507117807,1.4648236022281824
1704105,Centenário - TO,2131,170410,6.0,60.0,79763.6,281.55795401220087,2.8155795401220085
1704600,Chapada de Areia - TO,1501,170460,2.0,1.0,44846.4,133.24450366422386,0.06662225183211193
1705102,Chapada da Natividade - TO,3117,170510,12.0,14.0,165621.9,384.98556304138594,0.44914982354828364
1705508,Colinas do Tocantins - TO,34233,170550,131.0,1833.0,1119263.7,382.6716910583355,5.3544825168696875
1705557,Combinado - TO,4756,170555,21.0,109.0,82898.8,441.5475189234651,2.2918418839360806
1705607,Conceição do Tocantins - TO,3887,170560,13.0,36.0,75126.4,334.44816053511704,0.926164136866478
1706001,Couto Magalhães - TO,5331,170600,25.0,62.0,234431.6,468.95516788595006,1.1630088163571564
1706100,Cristalândia - TO,6371,170610,26.0,195.0,187366.1,408.09919949772404,3.0607439962329304
1706258,Crixás do Tocantins - TO,1470,170625,9.0,6.0,82923.0,612.2448979591836,0.40816326530612246
1706506,Darcinópolis - TO,5827,170650,25.0,55.0,247899.1,429.0372404324695,0.9438819289514331
1707009,Dianópolis - TO,17739,170700,75.0,1059.0,777790.5,422.79722645019444,5.969896837476746
1707108,Divinópolis do Tocantins - TO,7024,170710,34.0,153.0,481319.1,484.0546697038725,2.178246013667426
1707207,Dois Irmãos do Tocantins - TO,6327,170720,19.0,54.0,199598.7,300.3003003003003,0.8534850640113799
1707306,Dueré - TO,4248,170730,27.0,60.0,248721.2,635.5932203389831,1.4124293785310735
1707405,Esperantina - TO,7530,170740,31.0,35.0,109800.5,411.6865869853918,0.46480743691899074
1707553,Fátima - TO,3467,170755,18.0,70.0,102788.4,519.1808479953851,2.0190366310931642
1707652,Figueirópolis - TO,5211,170765,21.0,220.0,317328.5,402.9936672423719,4.221838418729611
1707702,Filadélfia - TO,7712,170770,19.0,67.0,131905.7,246.36929460580913,0.8687759336099585
1708205,Formoso do Araguaia - TO,18881,170820,95.0,1010.0,857600.2,503.1513161379164,5.349292939992585
1708254,Tabocão - TO,3455,170825,13.0,39.0,221095.9,376.26628075253257,1.1287988422575976
1708304,Goianorte - TO,4738,170830,19.0,60.0,211187.5,401.01308569016464,1.2663571127057829
1709005,Goiatins - TO,12433,170900,47.0,99.0,257057.4,378.0262205421057,0.7962679964610312
1709302,Guaraí - TO,24775,170930,84.0,1650.0,1021436.6,339.05146316851665,6.659939455095863
1709500,Gurupi - TO,85125,170950,317.0,11364.0,3307378.5,372.3935389133627,13.349779735682821
1709807,Ipueiras - TO,1590,170980,7.0,6.0,49268.5,440.251572327044,0.37735849056603776
1710508,Itacajá - TO,6819,171050,27.0,81.0,155966.9,395.9524857017158,1.1878574571051475
1710706,Itaguatins - TO,5172,171070,24.0,60.0,88498.6,464.0371229698376,1.160092807424594
1710904,Itapiratins - TO,3577,171090,12.0,29.0,156514.5,335.47665641599104,0.8107352530053118
1711100,Itaporã do Tocantins - TO,2404,171110,4.0,21.0,69210.7,166.38935108153078,0.8735440931780365
1711506,Jaú do Tocantins - TO,3334,171150,16.0,45.0,95141.4,479.90401919616073,1.349730053989202
1711803,Juarina - TO,2243,171180,6.0,14.0,48217.6,267.4988854213108,0.6241640659830584
1711902,Lagoa da Confusão - TO,15288,171190,50.0,394.0,941717.8,327.0538984824699,2.577184720041863
1711951,Lagoa do Tocantins - TO,3516,171195,16.0,15.0,82842.6,455.0625711035267,0.42662116040955633
1712009,Lajeado - TO,3357,171200,8.0,143.0,95998.5,238.3080131069407,4.259755734286565
1712157,Lavandeira - TO,1626,171215,3.0,25.0,35046.4,184.50184501845018,1.5375153751537516
1712405,Lizarda - TO,2999,171240,11.0,25.0,63169.0,366.78892964321443,0.8336112037345782
1712454,Luzinópolis - TO,2717,171245,9.0,28.0,56666.4,331.24769966875226,1.0305483989694517
1712504,Marianópolis do Tocantins - TO,4615,171250,13.0,74.0,336342.3,281.69014084507046,1.6034669555796317
1712702,Mateiros - TO,2748,171270,8.0,34.0,320676.9,291.1208151382824,1.2372634643377
1712801,Maurilândia do Tocantins - TO,3095,171280,11.0,13.0,54949.5,355.4119547657512,0.420032310177706
1713205,Miracema do Tocantins - TO,18566,171320,86.0,888.0,716542.9,463.2123236022838,4.782936550684046
1713304,Miranorte - TO,12701,171330,50.0,292.0,423866.1,393.6697897803322,2.2990315723171406
1713601,Monte do Carmo - TO,5694,171360,19.0,154.0,330390.5,333.6845802599227,2.704601334738321
1713700,Monte Santo do Tocantins - TO,2396,171370,6.0,3.0,74642.6,250.41736227045075,0.12520868113522537
1713809,Palmeiras do Tocantins - TO,4872,171380,12.0,23.0,94883.0,246.30541871921181,0.47208538587848936
1713957,Muricilândia - TO,3367,171395,12.0,25.0,70558.6,356.4003564003564,0.7425007425007425
1714203,Natividade - TO,8754,171420,24.0,447.0,285990.5,274.16038382453735,5.106237148732008
1714302,Nazaré - TO,4521,171430,13.0,60.0,70455.2,287.54700287547,1.3271400132714002
1714880,Nova Olinda - TO,10367,171488,44.0,166.0,392347.4,424.4236519726054,1.6012346869875567
1715002,Nova Rosalândia - TO,3362,171500,20.0,87.0,111315.3,594.883997620464,2.587745389649019
1715101,Novo Acordo - TO,3969,171510,18.0,66.0,163934.6,453.51473922902494,1.6628873771730914
1715150,Novo Alegre - TO,1846,171515,10.0,67.0,34679.3,541.7118093174431,3.629469122426869
1715259,Novo Jardim - TO,2230,171525,10.0,43.0,46606.3,448.4304932735426,1.9282511210762334
1715507,Oliveira de Fátima - TO,1164,171550,3.0,17.0,34139.2,257.7319587628866,1.4604810996563573
1715705,Palmeirante - TO,4798,171570,22.0,46.0,236266.9,458.5243851604835,0.9587328053355566
1715754,Palmeirópolis - TO,6975,171575,24.0,257.0,195734.7,344.0860215053763,3.6845878136200714
1716109,Paraíso do Tocantins - TO,52360,171610,191.0,3327.0,2046928.7,364.7822765469825,6.354087089381206
1716208,Paranã - TO,10542,171620,39.0,124.0,329731.7,369.9487763232783,1.1762473913868337
1716307,Pau D'Arco - TO,4043,171630,19.0,31.0,93067.4,469.9480583724957,0.7667573583972298
1716505,Pedro Afonso - TO,14055,171650,41.0,1917.0,944174.9,291.7111348274635,13.639274279615796
1716604,Peixe - TO,9317,171660,29.0,231.0,942483.9,311.25898894493935,2.479338842975207
1716653,Pequizeiro - TO,4921,171665,27.0,92.0,136571.3,548.6689697216012,1.8695387116439748
1716703,Colméia - TO,8941,171670,33.0,199.0,204686.0,369.08623196510456,2.2257018230622974
1717008,Pindorama do Tocantins - TO,4478,171700,23.0,46.0,108191.5,513.622152746762,1.0272443054935239
1717206,Piraquê - TO,2282,171720,8.0,40.0,102183.2,350.56967572304995,1.7528483786152498
1717503,Pium - TO,7128,171750,28.0,68.0,383001.2,392.8170594837262,0.9539842873176206
1717800,Ponte Alta do Bom Jesus - TO,4220,171780,14.0,116.0,71274.7,331.7535545023697,2.748815165876777
1717909,Ponte Alta do Tocantins - TO,7586,171790,34.0,78.0,125340.7,448.19404165568153,1.0282098602689165
1718006,Porto Alegre do Tocantins - TO,2866,171800,12.0,71.0,51166.4,418.70202372644803,2.4773203070481506
1718204,Porto Nacional - TO,64418,171820,244.0,4325.0,3850165.2,378.7761184762023,6.713961936104814
1718303,Praia Norte - TO,9044,171830,18.0,40.0,132429.2,199.02697921273773,0.4422821760283061
1718402,Presidente Kennedy - TO,3047,171840,20.0,62.0,71876.0,656.3833278634722,2.0347883163767637
1718451,Pugmil - TO,2193,171845,14.0,16.0,101396.9,638.3948928408572,0.729594163246694
1718501,Recursolândia - TO,3421,171850,17.0,42.0,164680.2,496.9307220111079,1.2277111955568547
1718550,Riachinho - TO,3960,171855,11.0,63.0,66631.4,277.77777777777777,1.5909090909090908
1718659,Rio da Conceição - TO,1768,171865,6.0,13.0,29757.6,339.3665158371041,0.7352941176470588
1718709,Rio dos Bois - TO,2738,171870,8.0,5.0,94635.0,292.18407596785977,0.18261504747991236
1718758,Rio Sono - TO,4841,171875,11.0,40.0,105483.1,227.2257797975625,0.8262755629002272
1718808,Sampaio - TO,4215,171880,15.0,43.0,87893.4,355.8718861209964,1.0201660735468565
1718840,Sandolândia - TO,3723,171884,11.0,51.0,119920.6,295.46065001343,1.36986301369863
1718865,Santa Fé do Araguaia - TO,7216,171886,26.0,105.0,195532.0,360.31042128603104,1.45509977827051
1718881,Santa Maria do Tocantins - TO,2680,171888,4.0,26.0,112561.8,149.2537313432836,0.9701492537313432
1718899,Santa Rita do Tocantins - TO,2219,171889,5.0,3.0,222462.9,225.3267237494367,0.135196034249662
1718907,Santa Rosa do Tocantins - TO,4653,171890,10.0,82.0,464796.6,214.9151085321298,1.7623038899634644
1719004,Santa Tereza do Tocantins - TO,2781,171900,9.0,32.0,47244.0,323.62459546925567,1.1506652283351313
1720002,Santa Terezinha do Tocantins - TO,2406,172000,6.0,24.0,42844.6,249.37655860349128,0.997506234413965
1720101,São Bento do Tocantins - TO,5654,172010,18.0,39.0,79930.0,318.35868411743894,0.6897771489211179
1720150,São Félix do Tocantins - TO,1783,172015,3.0,17.0,33019.4,168.25574873808188,0.9534492428491307
1720200,São Miguel do Tocantins - TO,13241,172020,32.0,218.0,233758.4,241.67358960803563,1.6464013292047428
1720259,São Salvador do Tocantins - TO,2385,172025,8.0,37.0,49679.8,335.4297693920335,1.551362683438155
1720309,São Sebastião do Tocantins - TO,4100,172030,20.0,50.0,61444.1,487.8048780487805,1.2195121951219512
1720499,São Valério - TO,4422,172049,18.0,91.0,178992.8,407.05563093622794,2.0578923563998193
1720655,Silvanópolis - TO,5108,172065,21.0,96.0,286765.2,411.1198120595145,1.8794048551292093
1720804,Sítio Novo do Tocantins - TO,10830,172080,28.0,325.0,160124.4,258.54108956602033,3.0009233610341646
1720853,Sucupira - TO,1577,172085,6.0,14.0,160088.0,380.46924540266326,0.8877615726062142
1720903,Taguatinga - TO,14011,172090,55.0,895.0,314405.2,392.5487117265006,6.387838127185782
1720937,Taipas do Tocantins - TO,2021,172093,3.0,17.0,35214.1,148.44136566056406,0.8411677387431964
1720978,Talismã - TO,2456,172097,10.0,115.0,162121.5,407.1661237785016,4.682410423452769
1721000,Palmas - TO,302692,172100,888.0,58921.0,11951579.3,293.36751549429783,19.465661464458922
1721109,Tocantínia - TO,7459,172110,35.0,67.0,159208.9,469.23180050945166,0.8982437324038075
1721208,Tocantinópolis - TO,22615,172120,60.0,786.0,448286.1,265.3106345346009,3.475569312403272
1721257,Tupirama - TO,1909,172125,5.0,187.0,111988.0,261.91723415400736,9.795704557359874
1721307,Tupiratins - TO,1874,172130,7.0,16.0,38382.8,373.5325506937033,0.8537886872998933
1722081,Wanderlândia - TO,10522,172208,50.0,106.0,192953.9,475.19482988025095,1.007413039346132
1722107,Xambioá - TO,10517,172210,46.0,981.0,598804.0,437.3870875725017,9.32775506323096
2100055,Açailândia - MA,106550,210005,400.0,14770.0,4148952.6,375.4106053496011,13.862036602534022
2100105,Afonso Cunha - MA,6144,210010,13.0,78.0,117492.7,211.58854166666666,1.26953125
2100154,Água Doce do Maranhão - MA,12142,210015,37.0,35.0,120773.9,304.72739252182504,0.2882556415746994
2100204,Alcântara - MA,18467,210020,57.0,89.0,153680.5,308.65868847132725,0.48194075919207235
2100303,Aldeias Altas - MA,23286,210030,69.0,521.0,369369.7,296.3153826333419,2.237395860173495
2100402,Altamira do Maranhão - MA,6447,210040,21.0,25.0,79336.0,325.7328990228013,0.38777726074143015
2100436,Alto Alegre do Maranhão - MA,24048,210043,114.0,136.0,359926.4,474.0518962075849,0.5655355954757153
2100477,Alto Alegre do Pindaré - MA,25710,210047,82.0,251.0,282348.5,318.94204589653833,0.9762738234150137
2100501,Alto Parnaíba - MA,11109,210050,43.0,272.0,787087.3,387.0735439733549,2.448465208389594
2100550,Amapá do Maranhão - MA,7170,210055,19.0,18.0,77337.0,264.9930264993027,0.2510460251046025
2100600,Amarante do Maranhão - MA,37085,210060,109.0,315.0,435131.5,293.91937441013886,0.8494000269650801
2100709,Anajatuba - MA,25322,210070,66.0,128.0,236141.8,260.6429192006951,0.5054892978437723
2100808,Anapurus - MA,13793,210080,34.0,120.0,178126.3,246.50184876386572,0.8700065250489379
2100832,Apicum-Açu - MA,17519,210083,38.0,15.0,152577.9,216.90735772589758,0.08562132541811747
2100873,Araguanã - MA,11181,210087,27.0,23.0,112188.4,241.48108398175475,0.20570610857705032
2100907,Araioses - MA,39052,210090,116.0,103.0,311060.6,297.03984431015056,0.2637508962409096
2100956,Arame - MA,25517,210095,98.0,57.0,296103.5,384.0576870321746,0.22338049143708116
2101004,Arari - MA,29472,210100,96.0,690.0,363216.6,325.7328990228013,2.3412052117263844
2101103,Axixá - MA,11790,210110,35.0,62.0,106711.9,296.86174724342663,0.5258693808312129
2101202,Bacabal - MA,103711,210120,411.0,4918.0,1748315.4,396.2935464897648,4.742023507631784
2101251,Bacabeira - MA,16966,210125,34.0,812.0,450355.1,200.4008016032064,4.786042673582459
2101301,Bacuri - MA,16290,210130,60.0,61.0,138556.1,368.3241252302026,0.374462860650706
2101350,Bacurituba - MA,5252,210135,16.0,7.0,45480.4,304.64584920030467,0.13328255902513328
2101400,Balsas - MA,101767,210140,387.0,6818.0,8010408.2,380.2804445448918,6.6996177542818405
2101509,Barão de Grajaú - MA,18984,210150,59.0,723.0,293767.6,310.7880320269701,3.808470290771176
2101608,Barra do Corda - MA,84532,210160,269.0,1114.0,1034428.5,318.2226849003927,1.3178441300335968
2101707,Barreirinhas - MA,65589,210170,172.0,450.0,753456.2,262.23909497019315,0.6860906554452728
2101731,Belágua - MA,8460,210173,14.0,5.0,91671.9,165.48463356973994,0.0591016548463357
2101772,Bela Vista do Maranhão - MA,11750,210177,43.0,41.0,124651.1,365.9574468085106,0.34893617021276596
2101806,Benedito Leite - MA,5469,210180,28.0,98.0,95654.5,511.97659535564094,1.791918083744743
2101905,Bequimão - MA,19584,210190,61.0,95.0,158757.7,311.4787581699347,0.48508986928104575
2101939,Bernardo do Mearim - MA,5840,210193,21.0,9.0,105329.2,359.5890410958904,0.1541095890410959
2101970,Boa Vista do Gurupi - MA,7574,210197,22.0,8.0,80574.3,290.4673884341167,0.10562450488513335
2102002,Bom Jardim - MA,33100,210200,109.0,203.0,502148.6,329.30513595166167,0.6132930513595166
2102036,Bom Jesus das Selvas - MA,28599,210203,105.0,435.0,425063.8,367.1457043952586,1.521032203923214
2102077,Bom Lugar - MA,12212,210207,30.0,75.0,128771.0,245.6600065509335,0.6141500163773338
2102101,Brejo - MA,34120,210210,96.0,373.0,386372.9,281.3599062133646,1.0932004689331771
2102150,Brejo de Areia - MA,9218,210215,23.0,19.0,82005.4,249.51182469082232,0.2061184638750271
2102200,Buriti - MA,29685,210220,79.0,611.0,317302.1,266.1276739093818,2.0582785918814217
2102309,Buriti Bravo - MA,22455,210230,86.0,168.0,302954.1,382.9881986194612,0.7481629926519706
2102325,Buriticupu - MA,55499,210232,214.0,784.0,995134.0,385.5925331987964,1.4126380655507307
2102358,Buritirana - MA,12918,210235,45.0,62.0,139628.6,348.35113794705063,0.4799504567270475
2102374,Cachoeira Grande - MA,9732,210237,22.0,8.0,75802.0,226.0583641594739,0.08220304151253596
2102408,Cajapió - MA,10121,210240,27.0,25.0,73805.0,266.772058097026,0.24701116490465372
2102507,Cajari - MA,16412,210250,51.0,23.0,134712.2,310.7482330002437,0.1401413599805021
2102556,Campestre do Maranhão - MA,12301,210255,50.0,303.0,279970.0,406.4710186163727,2.4632143728152185
2102606,Cândido Mendes - MA,19932,210260,41.0,178.0,177499.4,205.69937788480837,0.8930363234998996
2102705,Cantanhede - MA,24303,210270,49.0,54.0,189289.4,201.62119902892647,0.222194790766572
2102754,Capinzal do Norte - MA,11374,210275,36.0,103.0,310504.3,316.51134165640934,0.9055741164058378
2102804,Carolina - MA,24062,210280,90.0,477.0,652287.8,374.0337461557643,1.9823788546255507
2102903,Carutapera - MA,24238,210290,71.0,155.0,235574.5,292.9284594438485,0.6394917072365707
2103000,Caxias - MA,156973,210300,637.0,12624.0,2440068.2,405.802271728259,8.04214737566333
2103109,Cedral - MA,10208,210310,27.0,33.0,84024.3,264.4984326018809,0.3232758620689655
2103125,Central do Maranhão - MA,7094,210312,33.0,10.0,68881.8,465.18184381167185,0.140964195094446
2103158,Centro do Guilherme - MA,12342,210315,20.0,18.0,126887.3,162.04829039053638,0.14584346135148274
2103174,Centro Novo do Maranhão - MA,16267,210317,40.0,72.0,213797.6,245.89660047949837,0.44261388086309705
2103208,Chapadinha - MA,81386,210320,272.0,1345.0,1042455.8,334.2098149558892,1.6526183864546728
2103257,Cidelândia - MA,12878,210325,46.0,468.0,232142.5,357.1983227209194,3.6341046746389187
2103307,Codó - MA,114275,210330,417.0,3323.0,1633740.7,364.9092102384599,2.9078976154014438
2103406,Coelho Neto - MA,41658,210340,190.0,4164.0,531449.0,456.0948677324883,9.99567910125306
2103505,Colinas - MA,40316,210350,146.0,456.0,687286.8,362.13910110129973,1.1310645897410458
2103554,Conceição do Lago-Açu - MA,14915,210355,31.0,12.0,164032.6,207.8444518940664,0.08045591686221924
2103604,Coroatá - MA,59566,210360,264.0,409.0,595188.0,443.2058556894873,0.6866333143068193
2103703,Cururupu - MA,31558,210370,120.0,196.0,302878.5,380.25223398187467,0.621078648837062
2103752,Davinópolis - MA,14404,210375,65.0,609.0,218594.8,451.2635379061372,4.227992224382116
2103802,Dom Pedro - MA,23053,210380,90.0,388.0,296095.9,390.40471955927643,1.683078124322214
2103901,Duque Bacelar - MA,10223,210390,37.0,201.0,109869.6,361.9289836642864,1.9661547490951774
2104008,Esperantinópolis - MA,18311,210400,59.0,193.0,185078.5,322.2106930260499,1.054011250068265
2104057,Estreito - MA,33294,210405,126.0,810.0,1105184.6,378.4465669489998,2.4328707875292848
2104073,Feira Nova do Maranhão - MA,8048,210407,18.0,26.0,133185.4,223.65805168986083,0.3230616302186879
2104081,Fernando Falcão - MA,10873,210408,26.0,10.0,141250.1,239.12443667800974,0.0919709371838499
2104099,Formosa da Serra Negra - MA,17719,210409,46.0,50.0,222175.7,259.6083300411987,0.28218296743608556
2104107,Fortaleza dos Nogueiras - MA,12640,210410,40.0,292.0,423550.4,316.4556962025316,2.3101265822784813
2104206,Fortuna - MA,16976,210420,49.0,97.0,206608.4,288.64278982092367,0.5713949104618284
2104305,Godofredo Viana - MA,10186,210430,25.0,2483.0,977589.6,245.4349106616925,24.3765953269193
2104404,Gonçalves Dias - MA,17206,210440,67.0,116.0,171046.0,389.39904684412414,0.6741834243868418
2104503,Governador Archer - MA,10231,210450,28.0,68.0,97467.5,273.67803733750367,0.664646662105366
2104552,Governador Edison Lobão - MA,18411,210455,80.0,681.0,382611.2,434.5228396067568,3.698875672152518
2104602,Governador Eugênio Barros - MA,13930,210460,53.0,97.0,171337.0,380.4737975592247,0.6963388370423546
2104628,Governador Luiz Rocha - MA,7063,210462,16.0,12.0,99981.2,226.53263485770918,0.16989947614328188
2104651,Governador Newton Bello - MA,10713,210465,19.0,16.0,103325.8,177.35461588723982,0.1493512554839914
2104677,Governador Nunes Freire - MA,23128,210467,69.0,198.0,300656.0,298.33967485299206,0.8561051539259772
2104701,Graça Aranha - MA,6023,210470,21.0,32.0,57513.2,348.66345674912833,0.5312966959986718
2104800,Grajaú - MA,73872,210480,265.0,904.0,1267468.6,358.72861165258826,1.2237383582412822
2104909,Guimarães - MA,10290,210490,43.0,44.0,100951.9,417.88143828960153,0.4275996112730806
2105005,Humberto de Campos - MA,25680,210500,71.0,85.0,208097.0,276.4797507788162,0.3309968847352025
2105104,Icatu - MA,24794,210510,54.0,62.0,188044.4,217.79462773251595,0.25006049850770345
2105153,Igarapé do Meio - MA,13974,210515,31.0,38.0,442682.2,221.84056104193502,0.27193359095463
2105203,Igarapé Grande - MA,10231,210520,45.0,122.0,119170.7,439.8397028638452,1.1924543055419803
2105302,Imperatriz - MA,273110,210530,1056.0,47864.0,8773106.6,386.6573907949178,17.525539160045405
2105351,Itaipava do Grajaú - MA,13828,210535,32.0,33.0,121516.2,231.41452126120913,0.23864622505062194
2105401,Itapecuru Mirim - MA,60440,210540,212.0,1159.0,836920.8,350.7610853739246,1.9176042356055591
2105427,Itinga do Maranhão - MA,22513,210542,94.0,295.0,637759.2,417.53653444676405,1.3103540176786745
2105450,Jatobá - MA,7471,210545,26.0,7.0,78619.3,348.01231428189,0.09369562307589345
2105476,Jenipapo dos Vieiras - MA,17076,210547,42.0,20.0,139195.3,245.9592410400562,0.11712344811431248
2105500,João Lisboa - MA,24709,210550,99.0,1245.0,315181.1,400.6637257679388,5.038649884657413
2105609,Joselândia - MA,14924,210560,44.0,67.0,140781.7,294.82712409541676,0.4489413025998392
2105658,Junco do Maranhão - MA,5146,210565,13.0,6.0,67825.9,252.62339681305866,0.1165954139137194
2105708,Lago da Pedra - MA,44403,210570,170.0,343.0,553461.9,382.85701416570953,0.7724703285814021
2105807,Lago do Junco - MA,9506,210580,32.0,49.0,98654.4,336.6294971596886,0.5154639175257731
2105906,Lago Verde - MA,14769,210590,44.0,21.0,148282.8,297.921321687318,0.14218972171440178
2105922,Lagoa do Mato - MA,10572,210592,36.0,93.0,172304.2,340.522133938706,0.8796821793416572
2105948,Lago dos Rodrigues - MA,8758,210594,33.0,32.0,91323.8,376.7983557889929,0.3653802237953871
2105963,Lagoa Grande do Maranhão - MA,11411,210596,39.0,7.0,116771.9,341.7754798001928,0.0613443168872141
2105989,Lajeado Novo - MA,7057,210598,18.0,42.0,115529.6,255.06589202210571,0.59515374805158
2106003,Lima Campos - MA,11297,210600,48.0,152.0,275398.3,424.89156413207047,1.3454899530848896
2106102,Loreto - MA,11597,210610,42.0,157.0,527370.4,362.16262826593083,1.353798396136932
2106201,Luís Domingues - MA,7161,210620,20.0,41.0,66411.1,279.290601871247,0.5725457338360564
2106300,Magalhães de Almeida - MA,13807,210630,43.0,100.0,169829.6,311.4362280002897,0.7242702976750923
2106326,Maracaçumé - MA,21149,210632,63.0,122.0,250129.8,297.8864248900657,0.5768594259775877
2106359,Marajá do Sena - MA,7027,210635,14.0,2.0,90904.3,199.23153550590578,0.028461647929415114
2106375,Maranhãozinho - MA,13761,210637,35.0,34.0,143227.8,254.34198096068602,0.2470750672189521
2106409,Mata Roma - MA,17090,210640,52.0,32.0,203945.7,304.2715038033938,0.18724400234055003
2106508,Matinha - MA,22034,210650,69.0,112.0,211634.8,313.1524008350731,0.5083053462830172
2106607,Matões - MA,32174,210660,86.0,618.0,317187.6,267.2965748741219,1.9208056194442718
2106631,Matões do Norte - MA,17432,210663,18.0,37.0,117796.4,103.25837540156036,0.2122533272143185
2106672,Milagres do Maranhão - MA,8818,210667,23.0,15.0,82048.3,260.8301202086641,0.17010660013608528
2106706,Mirador - MA,21030,210670,65.0,63.0,381899.6,309.0822634331907,0.2995720399429387
2106755,Miranda do Norte - MA,23864,210675,68.0,302.0,538577.3,284.9480388870265,1.2655045256453235
2106805,Mirinzal - MA,13978,210680,38.0,78.0,121873.5,271.85577335813423,0.558019745314065
2106904,Monção - MA,27751,210690,119.0,75.0,290603.9,428.81337609455517,0.2702605311520305
2107001,Montes Altos - MA,9106,210700,37.0,147.0,104605.0,406.3254996705469,1.6143202284208216
2107100,Morros - MA,18554,210710,33.0,72.0,168263.1,177.8592217311631,0.38805648377708307
2107209,Nina Rodrigues - MA,14176,210720,24.0,111.0,103301.3,169.3002257336343,0.7830135440180587
2107258,Nova Colinas - MA,5021,210725,18.0,66.0,100921.9,358.49432383987255,1.3144791874128658
2107308,Nova Iorque - MA,4320,210730,12.0,39.0,52127.6,277.77777777777777,0.9027777777777777
2107357,Nova Olinda do Maranhão - MA,14314,210735,42.0,52.0,177467.9,293.41903031996645,0.36328070420567277
2107407,Olho d'Água das Cunhãs - MA,17919,210740,65.0,128.0,206604.2,362.74345666610856,0.7143255762040293
2107456,Olinda Nova do Maranhão - MA,13577,210745,43.0,31.0,128664.4,316.712086617073,0.22832731825882008
2107506,Paço do Lumiar - MA,145643,210750,357.0,13622.0,1540541.8,245.1199165081741,9.35300701029229
2107605,Palmeirândia - MA,21059,210760,68.0,41.0,166373.4,322.90232204758064,0.194691105940453
2107704,Paraibano - MA,18274,210770,80.0,163.0,199976.3,437.78045310276894,0.8919776731968917
2107803,Parnarama - MA,31250,210780,105.0,965.0,396200.4,336.0,3.088
2107902,Passagem Franca - MA,17220,210790,73.0,209.0,200601.7,423.9256678281069,1.213704994192799
2108009,Pastos Bons - MA,18802,210800,65.0,160.0,341451.1,345.7079034145304,0.8509733007126902
2108058,Paulino Neves - MA,17056,210805,36.0,118.0,147290.4,211.06941838649158,0.6918386491557224
2108108,Paulo Ramos - MA,20341,210810,66.0,96.0,233124.5,324.4678236074923,0.4719531979745342
2108207,Pedreiras - MA,37050,210820,152.0,1852.0,873113.4,410.2564102564103,4.998650472334683
2108256,Pedro do Rosário - MA,24320,210825,53.0,12.0,206963.9,217.92763157894734,0.049342105263157895
2108306,Penalva - MA,32511,210830,117.0,87.0,286030.7,359.878195072437,0.2676017347974532
2108405,Peri Mirim - MA,11108,210840,50.0,40.0,103427.3,450.12603528988114,0.3601008282319049
2108454,Peritoró - MA,20479,210845,76.0,101.0,253047.4,371.11187069681137,0.4931881439523414
2108504,Pindaré-Mirim - MA,31429,210850,115.0,340.0,344863.4,365.9041013077095,1.081803429953228
2108603,Pinheiro - MA,84621,210860,283.0,1627.0,1185383.2,334.432351307595,1.9226905850793539
2108702,Pio XII - MA,21886,210870,85.0,69.0,242199.4,388.37613085991046,0.31527003563922146
2108801,Pirapemas - MA,17714,210880,61.0,65.0,156608.8,344.3603929095631,0.36694140228068195
2108900,Poção de Pedras - MA,17161,210890,58.0,168.0,181008.4,337.97564244507896,0.9789639298409184
2109007,Porto Franco - MA,23903,210900,102.0,1717.0,1127831.5,426.72467891059705,7.183198761661716
2109056,Porto Rico do Maranhão - MA,5954,210905,19.0,7.0,56998.7,319.1132012092711,0.11756802149815251
2109106,Presidente Dutra - MA,45155,210910,160.0,1401.0,907199.4,354.33506809877093,3.102646440039863
2109205,Presidente Juscelino - MA,11356,210920,20.0,36.0,96643.8,176.11835153222964,0.3170130327580134
2109239,Presidente Médici - MA,4696,210923,14.0,15.0,70166.9,298.1260647359455,0.31942078364565585
2109270,Presidente Sarney - MA,17511,210927,47.0,57.0,179657.2,268.40271829135975,0.32550967962994687
2109304,Presidente Vargas - MA,10549,210930,35.0,34.0,93347.5,331.78500331785006,0.3223054317944829
2109403,Primeira Cruz - MA,13614,210940,22.0,20.0,106239.9,161.59835463493462,0.14690759512266785
2109452,Raposa - MA,30839,210945,94.0,1330.0,327263.8,304.8088459418269,4.312720905347126
2109502,Riachão - MA,22145,210950,93.0,144.0,855714.0,419.95935877173173,0.6502596522917137
2109551,Ribamar Fiquene - MA,7420,210955,25.0,114.0,133864.8,336.9272237196766,1.5363881401617252
2109601,Rosário - MA,38475,210960,152.0,1050.0,481118.9,395.0617283950617,2.729044834307992
2109700,Sambaíba - MA,5568,210970,5.0,84.0,630539.2,89.79885057471265,1.5086206896551724
2109759,Santa Filomena do Maranhão - MA,6697,210975,20.0,14.0,64531.9,298.64118261908317,0.2090488278333582
2109809,Santa Helena - MA,41561,210980,105.0,181.0,394235.2,252.6406968071028,0.4355044392579581
2109908,Santa Inês - MA,85014,210990,334.0,2543.0,1716444.9,392.87646740536854,2.9912720257839887
2110005,Santa Luzia - MA,57635,211000,201.0,361.0,888803.4,348.74642144530236,0.6263555131430555
2110039,Santa Luzia do Paruá - MA,24307,211003,74.0,168.0,339199.0,304.4390504792858,0.6911589254124326
2110104,Santa Quitéria do Maranhão - MA,23957,211010,68.0,101.0,311349.0,283.8418833743791,0.42158867971782776
2110203,Santa Rita - MA,37035,211020,114.0,605.0,341522.9,307.8169299311462,1.633589847441609
2110237,Santana do Maranhão - MA,10567,211023,27.0,11.0,105332.8,255.51244440238477,0.10409766253430491
2110278,Santo Amaro do Maranhão - MA,13949,211027,29.0,26.0,114431.6,207.9002079002079,0.1863932898415657
2110302,Santo Antônio dos Lopes - MA,14304,211030,41.0,296.0,3117474.1,286.6331096196868,2.069351230425056
2110401,São Benedito do Rio Preto - MA,18364,211040,48.0,37.0,158301.6,261.3809627532128,0.20148115878893488
2110500,São Bento - MA,46395,211050,116.0,241.0,372912.1,250.02694255846538,0.5194525272119841
2110609,São Bernardo - MA,26943,211060,79.0,164.0,330314.9,293.2115948483836,0.6086924247485432
2110658,São Domingos do Azeitão - MA,7992,211065,33.0,65.0,472476.1,412.9129129129129,0.8133133133133134
2110708,São Domingos do Maranhão - MA,34034,211070,111.0,224.0,445024.4,326.1444437915026,0.658165364047717
2110807,São Félix de Balsas - MA,4402,211080,20.0,23.0,104127.3,454.3389368468878,0.5224897773739209
2110856,São Francisco do Brejão - MA,9051,211085,28.0,176.0,123480.1,309.3580819798917,1.9445365153021765
2110906,São Francisco do Maranhão - MA,12064,211090,37.0,106.0,108323.1,306.6976127320955,0.8786472148541113
2111003,São João Batista - MA,18544,211100,52.0,81.0,145858.2,280.4141501294219,0.43679896462467643
2111029,São João do Carú - MA,12251,211102,45.0,17.0,138136.9,367.31695371806387,0.138764182515713
2111052,São João do Paraíso - MA,9904,211105,35.0,39.0,171923.3,353.3925686591276,0.3937802907915994
2111078,São João do Soter - MA,16889,211107,64.0,74.0,217961.7,378.94487536266206,0.438155012138078
2111102,São João dos Patos - MA,25020,211110,115.0,1022.0,396337.2,459.6322941646682,4.084732214228618
2111201,São José de Ribamar - MA,244579,211120,626.0,26342.0,2872682.9,255.95002023885942,10.770344142383442
2111250,São José dos Basílios - MA,6957,211125,16.0,27.0,69266.6,229.98418858703462,0.38809831824062097
2111300,São Luís - MA,1037775,211130,3736.0,290531.0,39578221.9,360.00096360000964,27.995567439955675
2111409,São Luís Gonzaga do Maranhão - MA,17818,211140,67.0,105.0,187079.2,376.02424514535863,0.5892917274666067
2111508,São Mateus do Maranhão - MA,38829,211150,151.0,418.0,464927.1,388.8845965644235,1.0765149759200598
2111532,São Pedro da Água Branca - MA,14338,211153,42.0,721.0,142979.2,292.9278839447622,5.0285953410517505
2111573,São Pedro dos Crentes - MA,5783,211157,13.0,9.0,101116.2,224.79681826041846,0.155628566487982
2111607,São Raimundo das Mangabeiras - MA,18672,211160,84.0,451.0,863569.8,449.87146529562983,2.415381319622965
2111631,São Raimundo do Doca Bezerra - MA,5650,211163,15.0,12.0,53237.6,265.4867256637168,0.21238938053097348
2111672,São Roberto - MA,4544,211167,17.0,7.0,49972.1,374.11971830985914,0.15404929577464788
2111706,São Vicente Ferrer - MA,19498,211170,47.0,75.0,163913.1,241.05036413991178,0.38465483639347625
2111722,Satubinha - MA,8784,211172,23.0,13.0,100254.1,261.8397085610201,0.14799635701275046
2111748,Senador Alexandre Costa - MA,10207,211174,37.0,40.0,179371.7,362.49632605074953,0.3918879200548643
2111763,Senador La Rocque - MA,14700,211176,70.0,602.0,197143.7,476.19047619047626,4.095238095238096
2111789,Serrano do Maranhão - MA,10202,211178,30.0,8.0,101872.5,294.05998823760046,0.07841599686336012
2111805,Sítio Novo - MA,17074,211180,63.0,119.0,249392.4,368.9820780133536,0.6969661473585569
2111904,Sucupira do Norte - MA,10238,211190,31.0,54.0,154316.2,302.7935143582731,0.5274467669466693
2111953,Sucupira do Riachão - MA,4985,211195,16.0,24.0,59316.5,320.962888665998,0.481444332998997
2112001,Tasso Fragoso - MA,8862,211200,18.0,629.0,3322534.1,203.1144211238998,7.097720604829609
2112100,Timbiras - MA,26484,211210,81.0,120.0,214654.9,305.8450385138197,0.4531037607612143
2112209,Timon - MA,174465,211220,703.0,24803.0,2619876.1,402.9461496575244,14.21660504972344
2112233,Trizidela do Vale - MA,22484,211223,85.0,620.0,493378.3,378.0466109233232,2.7575164561465932
2112274,Tufilândia - MA,5507,211227,15.0,15.0,64355.7,272.3806065008171,0.27238060650081714
2112308,Tuntum - MA,36251,211230,121.0,239.0,379878.7,333.7838956166727,0.6592921574577253
2112407,Turiaçu - MA,37491,211240,81.0,47.0,331393.6,216.0518524445867,0.12536342055426636
2112456,Turilândia - MA,31638,211245,60.0,32.0,262626.1,189.64536317087047,0.10114419369113092
2112506,Tutóia - MA,53356,211250,146.0,524.0,611978.1,273.6337056750881,0.9820826148886723
2112605,Urbano Santos - MA,32812,211260,64.0,144.0,303701.4,195.05059124710473,0.43886383030598564
2112704,Vargem Grande - MA,43261,211270,131.0,190.0,448144.7,302.8131573472643,0.43919465569450544
2112803,Viana - MA,51442,211280,171.0,502.0,570707.7,332.41320321915947,0.9758563041872399
2112852,Vila Nova dos Martírios - MA,10362,211285,37.0,347.0,179480.5,357.07392395290486,3.348774367882648
2112902,Vitória do Mearim - MA,30805,211290,107.0,461.0,366775.1,347.34621003083913,1.4965103067683818
2113009,Vitorino Freire - MA,30845,211300,101.0,228.0,368451.7,327.4436699627168,0.7391797698168261
2114007,Zé Doca - MA,40801,211400,139.0,396.0,641091.9,340.6779245606725,0.9705644469498297
2200053,Acauã - PI,6420,220005,19.0,68.0,69703.2,295.9501557632399,1.0591900311526479
2200103,Agricolândia - PI,4940,220010,24.0,82.0,51901.7,485.82995951417007,1.6599190283400809
2200202,Água Branca - PI,17573,220020,74.0,1033.0,267272.9,421.100551983156,5.878336083764866
2200251,Alagoinha do Piauí - PI,6819,220025,27.0,113.0,75805.5,395.9524857017158,1.6571344771960699
2200277,Alegrete do Piauí - PI,4634,220027,19.0,70.0,54724.0,410.0129477772983,1.5105740181268883
2200301,Alto Longá - PI,13479,220030,63.0,312.0,128594.6,467.3937235699978,2.314711773870465
2200400,Altos - PI,47453,220040,167.0,3193.0,660824.3,351.9271700419362,6.728763197268877
2200459,Alvorada do Gurguéia - PI,5322,220045,13.0,112.0,95670.5,244.26907177752724,2.1044720030063884
2200509,Amarante - PI,17234,220050,71.0,398.0,220119.3,411.9763258674713,2.309388418243008
2200608,Angical do Piauí - PI,6827,220060,35.0,321.0,75215.1,512.6702797714955,4.701918851618574
2200707,Anísio de Abreu - PI,9407,220070,39.0,65.0,111663.3,414.58488359732115,0.6909748059955353
2200806,Antônio Almeida - PI,3152,220080,10.0,154.0,218386.2,317.25888324873097,4.885786802030457
2200905,Aroazes - PI,5369,220090,17.0,58.0,58914.1,316.6325200223505,1.080275656546843
2200954,Aroeiras do Itaim - PI,2690,220095,6.0,11.0,27965.8,223.04832713754647,0.40892193308550184
2201002,Arraial - PI,4520,220100,9.0,55.0,49462.7,199.1150442477876,1.2168141592920354
2201051,Assunção do Piauí - PI,7452,220105,26.0,21.0,68897.4,348.8996242619431,0.28180354267310787
2201101,Avelino Lopes - PI,10866,220110,40.0,87.0,104500.9,368.1207436039021,0.800662617338487
2201150,Baixa Grande do Ribeiro - PI,13272,220115,41.0,667.0,2332225.7,308.921036769138,5.0256178420735385
2201176,Barra D'Alcântara - PI,3995,220117,14.0,43.0,42721.2,350.43804755944933,1.0763454317897372
2201200,Barras - PI,47938,220120,162.0,1276.0,575074.6,337.93650131419747,2.6617714547957783
2201309,Barreiras do Piauí - PI,3264,220130,6.0,76.0,124724.0,183.8235294117647,2.3284313725490198
2201408,Barro Duro - PI,6640,220140,28.0,125.0,102783.9,421.68674698795184,1.8825301204819278
2201507,Batalha - PI,26300,220150,101.0,331.0,272161.2,384.03041825095056,1.258555133079848
2201556,Bela Vista do Piauí - PI,4091,220155,11.0,121.0,51937.4,268.8829137130286,2.9577120508433143
2201572,Belém do Piauí - PI,3423,220157,9.0,25.0,43967.5,262.9272567922875,0.7303534910896874
2201606,Beneditinos - PI,9929,220160,31.0,304.0,97628.0,312.2167388458052,3.061738342229832
2201705,Bertolínia - PI,5562,220170,24.0,198.0,78169.2,431.4994606256742,3.559870550161812
2201739,Betânia do Piauí - PI,6220,220173,19.0,23.0,232079.9,305.4662379421222,0.36977491961414793
2201770,Boa Hora - PI,6902,220177,30.0,220.0,71473.3,434.65662126919733,3.187481889307447
2201804,Bocaina - PI,4078,220180,26.0,89.0,51900.7,637.5674350171653,2.1824423737126044
2201903,Bom Jesus - PI,28796,220190,93.0,2472.0,1931867.1,322.96152243367135,8.584525628559522
2201919,Bom Princípio do Piauí - PI,5636,220191,30.0,45.0,69422.8,532.292405961675,0.7984386089425125
2201929,Bonfim do Piauí - PI,5913,220192,16.0,23.0,61162.8,270.5902249281245,0.3889734483341789
2201945,Boqueirão do Piauí - PI,6545,220194,22.0,181.0,57203.3,336.1344537815126,2.7654698242933535
2201960,Brasileira - PI,8436,220196,25.0,197.0,76412.9,296.34898055950686,2.3352299668089143
2201988,Brejo do Piauí - PI,3904,220198,11.0,20.0,45922.2,281.76229508196724,0.5122950819672131
2202000,Buriti dos Lopes - PI,19654,220200,84.0,326.0,236634.0,427.39391472473795,1.6586954309555306
2202026,Buriti dos Montes - PI,7434,220202,19.0,29.0,82158.7,255.58245897228946,0.39009954264191554
2202059,Cabeceiras do Piauí - PI,10212,220205,37.0,171.0,88954.3,362.3188405797101,1.6745005875440657
2202075,Cajazeiras do Piauí - PI,3108,220207,10.0,18.0,35141.6,321.75032175032175,0.5791505791505791
2202083,Cajueiro da Praia - PI,7957,220208,35.0,108.0,133053.5,439.86427045368856,1.357295463114239
2202091,Caldeirão Grande do Piauí - PI,5503,220209,17.0,167.0,247291.0,308.9224059603852,3.034708340904961
2202109,Campinas do Piauí - PI,4938,220210,23.0,50.0,63550.7,465.7756176589712,1.012555690562981
2202117,Campo Alegre do Fidalgo - PI,4616,220211,16.0,107.0,56512.3,346.6204506065858,2.318024263431542
2202133,Campo Grande do Piauí - PI,6020,220213,28.0,76.0,68258.7,465.1162790697674,1.2624584717607974
2202174,Campo Largo do Piauí - PI,7419,220217,17.0,20.0,63333.0,229.14139371883005,0.2695781102574471
2202208,Campo Maior - PI,45793,220220,217.0,3895.0,769318.3,473.87155242067564,8.505666804970193
2202251,Canavieira - PI,3414,220225,13.0,15.0,43652.0,380.78500292911536,0.4393673110720563
2202307,Canto do Buriti - PI,19365,220230,80.0,614.0,288516.5,413.11644719855406,3.1706687322489024
2202406,Capitão de Campos - PI,11100,220240,42.0,242.0,121311.3,378.3783783783784,2.18018018018018
2202455,Capitão Gervásio Oliveira - PI,3974,220245,16.0,146.0,49633.9,402.6170105686965,3.6738802214393558
2202505,Caracol - PI,10318,220250,30.0,340.0,109248.9,290.75402209730566,3.295212250436131
2202539,Caraúbas do Piauí - PI,5630,220253,17.0,21.0,59424.1,301.9538188277087,0.37300177619893427
2202554,Caridade do Piauí - PI,5033,220255,19.0,60.0,58151.3,377.5084442678323,1.1921319292668389
2202604,Castelo do Piauí - PI,19288,220260,71.0,488.0,213046.2,368.1045209456657,2.5300705101617584
2202653,Caxingó - PI,5496,220265,13.0,24.0,60407.7,236.53566229985447,0.43668122270742354
2202703,Cocal - PI,28212,220270,88.0,264.0,306564.2,311.92400396994185,0.9357720119098255
2202711,Cocal de Telha - PI,4911,220271,14.0,87.0,51048.9,285.074322948483,1.77153329260843
2202729,Cocal dos Alves - PI,6386,220272,22.0,36.0,66999.9,344.5036016285625,0.563733166301284
2202737,Coivaras - PI,4117,220273,15.0,46.0,44160.7,364.34296818071414,1.1173184357541899
2202752,Colônia do Gurguéia - PI,6150,220275,24.0,114.0,79557.6,390.2439024390244,1.8536585365853657
2202778,Colônia do Piauí - PI,6994,220277,31.0,35.0,73244.3,443.23706033743207,0.5004289390906491
2202802,Conceição do Canindé - PI,4932,220280,23.0,96.0,62905.5,466.3422546634225,1.9464720194647203
2202851,Coronel José Dias - PI,4250,220285,16.0,16.0,48787.9,376.47058823529414,0.3764705882352941
2202901,Corrente - PI,27278,220290,99.0,773.0,781393.1,362.92983356551065,2.8337854681428256
2203008,Cristalândia do Piauí - PI,7356,220300,21.0,74.0,75395.6,285.48123980424145,1.0059815116911366
2203107,Cristino Castro - PI,10503,220310,43.0,259.0,131510.5,409.40683614205466,2.465962106064934
2203206,Curimatá - PI,11270,220320,39.0,129.0,166600.1,346.0514640638864,1.1446317657497782
2203230,Currais - PI,4854,220323,15.0,155.0,616191.3,309.02348578491967,3.1932426864441696
2203255,Curralinhos - PI,4413,220325,12.0,699.0,45190.4,271.9238613188307,15.83956492182189
2203271,Curral Novo do Piauí - PI,5073,220327,10.0,25.0,370814.0,197.12201852946973,0.4928050463236744
2203305,Demerval Lobão - PI,16352,220330,54.0,1327.0,292740.3,330.2348336594912,8.115215264187867
2203354,Dirceu Arcoverde - PI,7054,220335,31.0,47.0,74932.8,439.46696909554856,0.6662886305642188
2203404,Dom Expedito Lopes - PI,6320,220340,24.0,197.0,88388.9,379.746835443038,3.117088607594937
2203420,Domingos Mourão - PI,4075,220342,11.0,48.0,49241.6,269.93865030674846,1.177914110429448
2203453,Dom Inocêncio - PI,9159,220345,34.0,49.0,156531.4,371.219565454744,0.5349929031553663
2203503,Elesbão Veloso - PI,13607,220350,52.0,257.0,173676.3,382.15624311016387,1.8887337399867716
2203602,Eliseu Martins - PI,4377,220360,15.0,115.0,57179.0,342.7004797806717,2.6273703449851493
2203701,Esperantina - PI,40970,220370,179.0,1321.0,538674.2,436.9050524774225,3.224310471076398
2203750,Fartura do Piauí - PI,5284,220375,11.0,9.0,53212.7,208.1756245268736,0.17032551097653292
2203800,Flores do Piauí - PI,4414,220380,19.0,52.0,49842.0,430.4485727231536,1.1780697779791574
2203859,Floresta do Piauí - PI,2333,220385,7.0,6.0,27972.8,300.04286326618086,0.2571795970852979
2203909,Floriano - PI,62036,220390,243.0,8401.0,1510317.3,391.7080404926172,13.54213682377974
2204006,Francinópolis - PI,4505,220400,38.0,63.0,49002.7,843.5072142064372,1.3984461709211986
2204105,Francisco Ayres - PI,4412,220410,15.0,43.0,58490.2,339.9818676337262,0.9746146872166819
2204154,Francisco Macedo - PI,2929,220415,10.0,88.0,33190.8,341.41345168999663,3.00443837487197
2204204,Francisco Santos - PI,8237,220420,45.0,192.0,93402.8,546.3154060944519,2.330945732669661
2204303,Fronteiras - PI,10259,220430,49.0,423.0,129708.5,477.62939857685933,4.123208889755336
2204352,Geminiano - PI,5445,220435,28.0,99.0,63986.2,514.2332415059687,1.8181818181818181
2204402,Gilbués - PI,10892,220440,29.0,318.0,517713.3,266.2504590525156,2.9195739992655163
2204501,Guadalupe - PI,10270,220450,35.0,644.0,561165.9,340.79844206426486,6.270691333982473
2204550,Guaribas - PI,4276,220455,13.0,35.0,51221.6,304.022450888681,0.8185219831618336
2204600,Hugo Napoleão - PI,3518,220460,16.0,83.0,36113.2,454.8038658328596,2.359295054007959
2204659,Ilha Grande - PI,9274,220465,35.0,110.0,119887.8,377.39918050463666,1.1861117101574292
2204709,Inhuma - PI,14958,220470,64.0,266.0,168787.0,427.86468779248565,1.7783126086375185
2204808,Ipiranga do Piauí - PI,9420,220480,52.0,185.0,87654.3,552.0169851380042,1.9639065817409767
2204907,Isaías Coelho - PI,7774,220490,25.0,61.0,81559.3,321.58476974530487,0.784666838178544
2205003,Itainópolis - PI,10790,220500,55.0,131.0,111035.0,509.73123262279887,1.2140871177015755
2205102,Itaueira - PI,10323,220510,37.0,164.0,151816.7,358.42293906810033,1.5886854596532016
2205151,Jacobina do Piauí - PI,5613,220515,23.0,21.0,77917.9,409.76305006235526,0.3741314804917157
2205201,Jaicós - PI,17527,220520,71.0,340.0,199386.1,405.08929080846696,1.939864209505335
2205250,Jardim do Mulato - PI,4180,220525,14.0,56.0,44071.2,334.9282296650718,1.3397129186602872
2205276,Jatobá do Piauí - PI,4494,220527,18.0,59.0,65517.4,400.5340453938585,1.312861593235425
2205300,Jerumenha - PI,4497,220530,18.0,74.0,61916.9,400.26684456304207,1.6455414720925061
2205359,João Costa - PI,2970,220535,14.0,8.0,71554.8,471.38047138047136,0.26936026936026936
2205409,Joaquim Pires - PI,13886,220540,33.0,135.0,125267.9,237.649431081665,0.9722022180613568
2205458,Joca Marques - PI,5394,220545,16.0,24.0,53159.3,296.62588060808304,0.44493882091212456
2205508,José de Freitas - PI,42559,220550,141.0,2185.0,458096.6,331.3047768979534,5.134049202283888
2205516,Juazeiro do Piauí - PI,5214,220551,6.0,33.0,60019.6,115.07479861910241,0.6329113924050633
2205524,Júlio Borges - PI,5388,220552,11.0,18.0,112304.5,204.15738678544915,0.33407572383073497
2205532,Jurema - PI,4425,220553,17.0,23.0,51630.3,384.180790960452,0.519774011299435
2205540,Lagoinha do Piauí - PI,2939,220554,25.0,47.0,49901.5,850.6294658046954,1.5991833957128276
2205557,Lagoa Alegre - PI,8256,220555,22.0,97.0,82593.3,266.47286821705427,1.1749031007751938
2205565,Lagoa do Barro do Piauí - PI,4995,220556,28.0,292.0,378789.8,560.5605605605605,5.8458458458458455
2205573,Lagoa de São Francisco - PI,6331,220557,22.0,26.0,60414.8,347.4964460590744,0.41067761806981523
2205581,Lagoa do Piauí - PI,4810,220558,16.0,139.0,98557.7,332.64033264033264,2.88981288981289
2205599,Lagoa do Sítio - PI,4520,220559,23.0,26.0,47233.3,508.84955752212386,0.5752212389380531
2205607,Landri Sales - PI,5213,220560,24.0,102.0,121521.4,460.38749280644544,1.956646844427393
2205706,Luís Correia - PI,30641,220570,162.0,576.0,419366.9,528.7033712998923,1.8798342090662838
2205805,Luzilândia - PI,25375,220580,97.0,391.0,272272.5,382.2660098522167,1.540886699507389
2205854,Madeiro - PI,8032,220585,18.0,36.0,78153.9,224.10358565737053,0.4482071713147411
2205904,Manoel Emídio - PI,5209,220590,16.0,88.0,60167.0,307.1606834325206,1.6893837588788634
2205953,Marcolândia - PI,8533,220595,41.0,403.0,238023.7,480.4875190437126,4.7228407359662485
2206001,Marcos Parente - PI,4724,220600,24.0,81.0,59887.8,508.0440304826418,1.714648602878916
2206050,Massapê do Piauí - PI,5218,220605,21.0,14.0,53999.3,402.45304714449975,0.2683020314296665
2206100,Matias Olímpio - PI,10641,220610,34.0,153.0,106731.3,319.5188422140776,1.4378347899633492
2206209,Miguel Alves - PI,32150,220620,113.0,622.0,342933.8,351.47744945567655,1.9346811819595646
2206308,Miguel Leão - PI,1318,220630,7.0,20.0,33055.9,531.1077389984825,1.5174506828528074
2206357,Milton Brandão - PI,6542,220635,15.0,16.0,62177.3,229.28767960868237,0.24457352491592785
2206407,Monsenhor Gil - PI,10255,220640,39.0,322.0,146652.6,380.3022915650902,3.1399317406143346
2206506,Monsenhor Hipólito - PI,7577,220650,35.0,51.0,83185.8,461.92424442391444,0.6730896133034183
2206605,Monte Alegre do Piauí - PI,10660,220660,33.0,320.0,348508.5,309.5684803001876,3.0018761726078798
2206654,Morro Cabeça no Tempo - PI,4377,220665,13.0,6.0,43848.8,297.0070824765821,0.1370801919122687
2206670,Morro do Chapéu do Piauí - PI,6425,220667,28.0,57.0,67850.5,435.79766536964985,0.88715953307393
2206696,Murici dos Portelas - PI,9797,220669,19.0,49.0,87472.9,193.93691946514238,0.5001531080943146
2206704,Nazaré do Piauí - PI,6665,220670,28.0,72.0,71018.3,420.10502625656414,1.0802700675168793
2206720,Nazária - PI,10262,220672,42.0,438.0,113043.2,409.2769440654843,4.268173845254336
2206753,Nossa Senhora de Nazaré - PI,5228,220675,25.0,121.0,63188.7,478.1943381790359,2.3144605967865344
2206803,Nossa Senhora dos Remédios - PI,8525,220680,19.0,70.0,98187.1,222.87390029325513,0.8211143695014663
2206902,Novo Oriente do Piauí - PI,6097,220690,32.0,67.0,61165.0,524.8482860423159,1.098901098901099
2206951,Novo Santo Antônio - PI,2827,220695,12.0,31.0,33260.8,424.47824548991866,1.0965688008489565
2207009,Oeiras - PI,38161,220700,166.0,1721.0,668469.4,434.9990828332591,4.5098398888918005
2207108,Olho D'Água do Piauí - PI,2637,220710,11.0,34.0,31361.6,417.14069017823283,1.2893439514599925
2207207,Padre Marcos - PI,6382,220720,33.0,162.0,76715.3,517.0792854904419,2.538389219680351
2207306,Paes Landim - PI,4088,220730,23.0,59.0,45800.5,562.6223091976516,1.443248532289628
2207355,Pajeú do Piauí - PI,3000,220735,3.0,20.0,44277.8,100.0,0.6666666666666667
2207405,Palmeira do Piauí - PI,4952,220740,22.0,148.0,147783.7,444.2649434571891,2.988691437802908
2207504,Palmeirais - PI,13264,220750,39.0,253.0,148985.5,294.02895054282266,1.9074185765983112
2207553,Paquetá - PI,3813,220755,15.0,21.0,50376.8,393.3910306845004,0.5507474429583006
2207603,Parnaguá - PI,10103,220760,25.0,39.0,117191.1,247.45125210333566,0.3860239532812036
2207702,Parnaíba - PI,162159,220770,631.0,15986.0,3273603.6,389.12425458963116,9.858225568731923
2207751,Passagem Franca do Piauí - PI,4135,220775,19.0,38.0,51808.2,459.49214026602175,0.9189842805320435
2207777,Patos do Piauí - PI,5425,220777,24.0,76.0,59641.7,442.3963133640553,1.400921658986175
2207793,Pau D'Arco do Piauí - PI,3880,220779,10.0,13.0,37201.4,257.7319587628866,0.33505154639175255
2207801,Paulistana - PI,21055,220780,83.0,713.0,294110.7,394.20565186416525,3.3863690334837333
2207850,Pavussu - PI,3628,220785,16.0,21.0,41355.8,441.0143329658214,0.5788313120176406
2207900,Pedro II - PI,37894,220790,153.0,762.0,425039.6,403.7578508470998,2.010872433630654
2207934,Pedro Laurentino - PI,2458,220793,7.0,16.0,33800.7,284.78437754271766,0.6509357200976403
2207959,Nova Santa Rita - PI,4076,220795,10.0,59.0,46224.3,245.33856722276744,1.4474975466143278
2208007,Picos - PI,83090,220800,323.0,9387.0,2168531.8,388.73510651101213,11.297388374052233
2208106,Pimenteiras - PI,11341,220810,29.0,104.0,111831.5,255.70937307115776,0.9170267172207036
2208205,Pio IX - PI,17613,220820,70.0,357.0,219870.7,397.43371373417364,2.0269119400442857
2208304,Piracuruca - PI,28846,220830,105.0,868.0,408400.4,364.0019413436872,3.009082715107814
2208403,Piripiri - PI,65538,220840,284.0,4085.0,1033833.1,433.3363849980164,6.233025115200342
2208502,Porto - PI,12052,220850,38.0,157.0,139204.5,315.30036508463326,1.3026883504812479
2208551,Porto Alegre do Piauí - PI,2364,220855,10.0,36.0,49545.4,423.01184433164127,1.5228426395939088
2208601,Prata do Piauí - PI,3042,220860,12.0,50.0,34283.4,394.47731755424064,1.6436554898093358
2208650,Queimada Nova - PI,8738,220865,27.0,230.0,256472.6,308.9951934081025,2.6321812771801327
2208700,Redenção do Gurguéia - PI,8394,220870,25.0,82.0,112570.8,297.83178460805334,0.9768882535144151
2208809,Regeneração - PI,17133,220880,70.0,415.0,300295.1,408.56826008288095,2.4222261133485086
2208858,Riacho Frio - PI,4165,220885,12.0,8.0,48446.9,288.11524609843934,0.19207683073229292
2208874,Ribeira do Piauí - PI,4055,220887,7.0,27.0,233945.8,172.62638717632552,0.6658446362515413
2208908,Ribeiro Gonçalves - PI,6164,220890,31.0,183.0,886993.8,502.9201817001947,2.9688513951979236
2209005,Rio Grande do Piauí - PI,5801,220900,26.0,130.0,60569.5,448.19858645061197,2.24099293225306
2209104,Santa Cruz do Piauí - PI,5831,220910,19.0,100.0,66207.0,325.8446235637112,1.7149717029669012
2209153,Santa Cruz dos Milagres - PI,3435,220915,12.0,102.0,46884.4,349.34497816593887,2.96943231441048
2209203,Santa Filomena - PI,6087,220920,33.0,254.0,849997.3,542.1389847215378,4.172827336947593
2209302,Santa Luz - PI,5336,220930,22.0,57.0,73650.5,412.2938530734633,1.068215892053973
2209351,Santana do Piauí - PI,4125,220935,8.0,49.0,44360.0,193.93939393939394,1.187878787878788
2209377,Santa Rosa do Piauí - PI,4650,220937,27.0,33.0,54217.4,580.6451612903227,0.7096774193548387
2209401,Santo Antônio de Lisboa - PI,5839,220940,30.0,84.0,86075.4,513.7866072957698,1.4386025004281555
2209450,Santo Antônio dos Milagres - PI,2138,220945,5.0,48.0,21017.7,233.86342376052386,2.245088868101029
2209500,Santo Inácio do Piauí - PI,3646,220950,21.0,52.0,44443.7,575.973669775096,1.426220515633571
2209559,São Braz do Piauí - PI,4358,220955,27.0,6.0,42999.8,619.5502524093621,0.13767783386874713
2209609,São Félix do Piauí - PI,2842,220960,13.0,91.0,33366.9,457.4243490499648,3.201970443349754
2209658,São Francisco de Assis do Piauí - PI,5572,220965,16.0,28.0,60351.0,287.1500358937545,0.5025125628140703
2209708,São Francisco do Piauí - PI,5392,220970,38.0,58.0,58610.0,704.7477744807121,1.0756676557863503
2209757,São Gonçalo do Gurguéia - PI,2947,220975,7.0,26.0,60001.0,237.52969121140143,0.8822531387852053
2209807,São Gonçalo do Piauí - PI,4837,220980,19.0,271.0,74940.9,392.80545792846806,5.60264626834815
2209856,São João da Canabrava - PI,4242,220985,14.0,27.0,48417.5,330.03300330033005,0.6364922206506365
2209872,São João da Fronteira - PI,5522,220987,16.0,29.0,64032.9,289.7500905469033,0.5251720391162622
2209906,São João da Serra - PI,6114,220990,38.0,78.0,66616.8,621.5243702976775,1.2757605495583906
2209955,São João da Varjota - PI,4383,220995,27.0,17.0,39664.5,616.0164271047228,0.38786219484371437
2209971,São João do Arraial - PI,8186,220997,39.0,47.0,81968.7,476.4231614952358,0.5741509894942585
2210003,São João do Piauí - PI,21421,221000,63.0,1030.0,389746.5,294.10391671724005,4.808365622519957
2210052,São José do Divino - PI,4841,221005,19.0,84.0,66797.7,392.4808923776079,1.7351786820904773
2210102,São José do Peixe - PI,3297,221010,14.0,34.0,44547.6,424.6284501061571,1.0312405216863816
2210201,São José do Piauí - PI,6597,221020,27.0,61.0,70489.5,409.2769440654843,0.9246627254812795
2210300,São Julião - PI,6025,221030,28.0,112.0,62242.8,464.7302904564316,1.8589211618257262
2210359,São Lourenço do Piauí - PI,4410,221035,11.0,20.0,49852.1,249.4331065759637,0.45351473922902497
2210375,São Luis do Piauí - PI,2309,221037,15.0,17.0,24473.7,649.63187527068,0.7362494586401039
2210383,São Miguel da Baixa Grande - PI,2269,221038,12.0,51.0,31222.4,528.8673424416043,2.247686205376818
2210391,São Miguel do Fidalgo - PI,2829,221039,10.0,52.0,32902.3,353.4817956875221,1.838105337575115
2210409,São Miguel do Tapuio - PI,17554,221040,66.0,282.0,173924.6,375.98268200979834,1.606471459496411
2210508,São Pedro do Piauí - PI,13755,221050,61.0,270.0,143275.7,443.47509996364954,1.9629225736095965
2210607,São Raimundo Nonato - PI,38934,221060,129.0,1410.0,653625.8,331.3299429804284,3.621513330251194
2210623,Sebastião Barros - PI,3202,221062,16.0,4.0,53028.9,499.6876951905059,0.12492192379762648
2210631,Sebastião Leal - PI,4446,221063,18.0,823.0,686686.9,404.8582995951417,18.51102114260009
2210656,Sigefredo Pacheco - PI,9460,221065,39.0,89.0,82609.7,412.262156448203,0.9408033826638478
2210706,Simões - PI,14350,221070,44.0,281.0,412377.6,306.62020905923345,1.9581881533101044
2210805,Simplício Mendes - PI,13870,221080,53.0,445.0,207880.6,382.11968276856527,3.2083633741888966
2210904,Socorro do Piauí - PI,4141,221090,22.0,36.0,43637.0,531.2726394590679,0.8693552282057475
2210938,Sussuapara - PI,6220,221093,43.0,144.0,71571.6,691.3183279742765,2.315112540192926
2210953,Tamboril do Piauí - PI,2949,221095,7.0,15.0,33718.5,237.3685995252628,0.508646998982706
2210979,Tanque do Piauí - PI,2316,221097,6.0,17.0,36929.0,259.0673575129534,0.7340241796200345
2211001,Teresina - PI,866300,221100,3364.0,288537.0,25943688.0,388.31813459540575,33.30682211704952
2211100,União - PI,46119,221110,193.0,1912.0,516520.9,418.4826210455561,4.1457967432077885
2211209,Uruçuí - PI,25203,221120,103.0,2502.0,3903796.4,408.6815061699004,9.92738959647661
2211308,Valença do Piauí - PI,22279,221130,98.0,949.0,327235.2,439.87611652228554,4.259616679384173
2211357,Várzea Branca - PI,5055,221135,19.0,3.0,52620.1,375.8654797230465,0.05934718100890207
2211407,Várzea Grande - PI,4417,221140,21.0,376.0,46140.9,475.43581616481777,8.512565089427213
2211506,Vera Mendes - PI,3185,221150,10.0,8.0,37034.0,313.97174254317116,0.25117739403453687
2211605,Vila Nova do Piauí - PI,2935,221160,12.0,18.0,37315.6,408.85860306643957,0.6132879045996593
2211704,Wall Ferraz - PI,4059,221170,16.0,18.0,44373.8,394.1857600394186,0.4434589800443459
2300101,Abaiara - CE,10038,230010,41.0,1094.0,126793.5,408.44789798764697,10.898585375572823
2300150,Acarape - CE,14027,230015,49.0,221.0,183506.6,349.3262992799601,1.5755329008341055
2300200,Acaraú - CE,65264,230020,238.0,1334.0,1184672.5,364.6727139004658,2.0440058837950477
2300309,Acopiara - CE,44962,230030,216.0,566.0,604192.2,480.4056759040968,1.2588407988968462
2300408,Aiuaba - CE,14076,230040,46.0,73.0,146744.4,326.79738562091507,0.5186132423984086
2300507,Alcântaras - CE,11369,230050,37.0,128.0,105769.8,325.4463893042484,1.1258685900255079
2300606,Altaneira - CE,6782,230060,27.0,128.0,82200.9,398.11265113535836,1.8873488646416987
2300705,Alto Santo - CE,14155,230070,69.0,287.0,240389.5,487.4602613917344,2.027552101730837
2300754,Amontada - CE,42156,230075,151.0,620.0,684586.0,358.1933769807382,1.4707277730334947
2300804,Antonina do Norte - CE,7245,230080,24.0,58.0,89237.6,331.26293995859214,0.800552104899931
2300903,Apuiarés - CE,12928,230090,57.0,79.0,134458.5,440.90346534653463,0.6110767326732673
2301000,Aquiraz - CE,80645,230100,320.0,8968.0,4429049.6,396.80079360158726,11.120342240684481
2301109,Aracati - CE,75113,230110,253.0,4852.0,1791174.4,336.82584905409186,6.459600868025508
2301208,Aracoiaba - CE,25553,230120,137.0,295.0,285456.9,536.140570578797,1.1544632724141979
2301257,Ararendá - CE,11096,230125,60.0,61.0,117633.6,540.7354001441961,0.549747656813266
2301307,Araripe - CE,19783,230130,79.0,171.0,219194.2,399.3327604508922,0.8643785067987667
2301406,Aratuba - CE,11224,230140,66.0,67.0,159277.5,588.0256593014968,0.5969351389878831
2301505,Arneiroz - CE,7429,230150,31.0,58.0,81650.6,417.28361825279313,0.7807241889890968
2301604,Assaré - CE,21697,230160,77.0,354.0,273041.4,354.887772503111,1.6315619670922248
2301703,Aurora - CE,23714,230170,85.0,273.0,250837.2,358.43805347052376,1.1512186893817997
2301802,Baixio - CE,5704,230180,26.0,13.0,69658.0,455.820476858345,0.22791023842917252
2301851,Banabuiú - CE,17195,230185,63.0,306.0,296956.3,366.3855772026752,1.7795870892701366
2301901,Barbalha - CE,75033,230190,256.0,5398.0,1599702.7,341.1832127197366,7.194167899457573
2301950,Barreira - CE,22392,230195,93.0,416.0,267357.2,415.32690246516614,1.8578063594140763
2302008,Barro - CE,19381,230200,78.0,253.0,262523.3,402.4560136215881,1.3054021980289976
2302057,Barroquinha - CE,14567,230205,64.0,128.0,150759.4,439.3492139767969,0.8786984279535938
2302107,Baturité - CE,35218,230210,129.0,1199.0,503467.6,366.2899653586234,3.404509057868135
2302206,Beberibe - CE,53114,230220,202.0,1280.0,1208892.2,380.3140414956509,2.409910757992243
2302305,Bela Cruz - CE,32775,230230,110.0,282.0,353476.1,335.62166285278414,0.860411899313501
2302404,Boa Viagem - CE,50411,230240,209.0,732.0,584404.2,414.5920533216957,1.452064033643451
2302503,Brejo Santo - CE,51090,230250,189.0,2655.0,1009687.7,369.9354081033471,5.196711685261303
2302602,Camocim - CE,62326,230260,216.0,1294.0,855906.2,346.56483650482943,2.0761800853576355
2302701,Campos Sales - CE,25135,230270,107.0,767.0,314915.2,425.7012134473841,3.051521782375174
2302800,Canindé - CE,74174,230280,276.0,2098.0,1021411.3,372.09803974438483,2.8284843745786934
2302909,Capistrano - CE,17254,230290,62.0,127.0,190139.6,359.3369653413701,0.7360612031992582
2303006,Caridade - CE,16377,230300,61.0,183.0,187436.7,372.47359101178483,1.1174207730353545
2303105,Cariré - CE,17632,230310,60.0,122.0,208196.2,340.2903811252269,0.6919237749546279
2303204,Caririaçu - CE,26320,230320,95.0,665.0,271670.5,360.9422492401216,2.5265957446808507
2303303,Cariús - CE,17015,230330,61.0,120.0,193985.5,358.5071995298266,0.7052600646488393
2303402,Carnaubal - CE,17210,230340,63.0,88.0,185439.7,366.0662405578152,0.5113306217315514
2303501,Cascavel - CE,72720,230350,288.0,2553.0,1182739.8,396.03960396039605,3.5107260726072607
2303600,Catarina - CE,10243,230360,42.0,81.0,132472.8,410.0361222298155,0.7907839500146442
2303659,Catunda - CE,10444,230365,36.0,20.0,117229.6,344.6955189582535,0.19149751053236308
2303709,Caucaia - CE,355679,230370,1286.0,59980.0,9891543.8,361.56197020346997,16.86352019658175
2303808,Cedro - CE,22344,230380,103.0,494.0,260564.1,460.97386322950234,2.2108843537414966
2303907,Chaval - CE,12462,230390,50.0,61.0,125251.4,401.2197079120526,0.4894880436527042
2303931,Choró - CE,12113,230393,33.0,73.0,192950.8,272.43457442417235,0.6026583009989267
2303956,Chorozinho - CE,20163,230395,85.0,482.0,255376.8,421.56425135148544,2.3905172841343054
2304004,Coreaú - CE,20953,230400,96.0,198.0,236193.1,458.1682813916862,0.9449720803703527
2304103,Crateús - CE,76390,230410,351.0,3938.0,1088879.3,459.4842256839901,5.155125016363398
2304202,Crato - CE,131050,230420,515.0,18169.0,2178406.1,392.9797787104158,13.864173979397176
2304236,Croatá - CE,17481,230423,72.0,41.0,233557.2,411.8757508151707,0.23454035810308335
2304251,Cruz - CE,29761,230425,101.0,336.0,470272.5,339.3703168576325,1.1289943214273714
2304269,Deputado Irapuan Pinheiro - CE,8932,230426,39.0,47.0,111391.7,436.63233318405736,0.5261979399910435
2304277,Ereré - CE,6474,230427,21.0,32.0,93228.4,324.3744207599629,0.4942848316342292
2304285,Eusébio - CE,74170,230428,204.0,24920.0,4557315.8,275.04381825535927,33.59848995550762
2304301,Farias Brito - CE,18217,230430,71.0,240.0,225754.9,389.7458417961245,1.3174507328319702
2304350,Forquilha - CE,24173,230435,104.0,539.0,310509.8,430.23207711082614,2.2297604765647625
2304400,Fortaleza - CE,2428708,230440,9560.0,959100.0,81362332.6,393.6249232102006,39.490132201977346
2304459,Fortim - CE,17294,230445,61.0,408.0,331346.3,352.7234879148838,2.3591997224470913
2304509,Frecheirinha - CE,15657,230450,55.0,300.0,356850.7,351.2805773775308,1.9160758766047135
2304608,General Sampaio - CE,6734,230460,26.0,39.0,89926.0,386.1003861003861,0.5791505791505791
2304657,Graça - CE,13801,230465,56.0,64.0,136808.0,405.7676979928991,0.46373451199188465
2304707,Granja - CE,53344,230470,164.0,394.0,514903.2,307.43851229754046,0.7386022795440912
2304806,Granjeiro - CE,4841,230480,21.0,30.0,55419.4,433.7946705226193,0.6197066721751705
2304905,Groaíras - CE,10910,230490,41.0,819.0,123686.5,375.8020164986251,7.5068744271310734
2304954,Guaiúba - CE,24325,230495,84.0,852.0,272367.9,345.32374100719426,3.50256937307297
2305001,Guaraciaba do Norte - CE,42053,230500,169.0,408.0,728027.4,401.8738258863815,0.9702042660452286
2305100,Guaramiranga - CE,5654,230510,21.0,67.0,94083.0,371.4184648036788,1.1850017686593561
2305209,Hidrolândia - CE,17855,230520,59.0,194.0,204119.5,330.439652758331,1.0865303836460374
2305233,Horizonte - CE,74755,230523,242.0,5273.0,2501483.0,323.7241656076516,7.05370878202127
2305266,Ibaretama - CE,11956,230526,44.0,44.0,144293.5,368.01605888256944,0.36801605888256944
2305308,Ibiapina - CE,23965,230530,93.0,271.0,380747.3,388.0659294804924,1.130815773002295
2305332,Ibicuitinga - CE,11611,230533,62.0,66.0,125308.2,533.9764016880545,0.5684264921195418
2305357,Icapuí - CE,21433,230535,67.0,543.0,400632.2,312.60206224047033,2.5334764148742592
2305407,Icó - CE,62642,230540,223.0,1379.0,796420.4,355.9911880208167,2.201398422783436
2305506,Iguatu - CE,98064,230550,416.0,7680.0,2054538.7,424.2127590145211,7.831620166421928
2305605,Independência - CE,24024,230560,112.0,412.0,347467.5,466.2004662004662,1.7149517149517148
2305654,Ipaporanga - CE,11575,230565,37.0,61.0,116772.3,319.65442764578836,0.5269978401727862
2305704,Ipaumirim - CE,12083,230570,35.0,137.0,167158.4,289.66316312174126,1.1338243813622446
2305803,Ipu - CE,41081,230580,139.0,640.0,575071.9,338.3559309656532,1.5578978116404176
2305902,Ipueiras - CE,36798,230590,172.0,310.0,385582.1,467.41670742975157,0.8424370889722267
2306009,Iracema - CE,14001,230600,62.0,247.0,211261.8,442.8255124633955,1.7641597028783658
2306108,Irauçuba - CE,23915,230610,73.0,141.0,251621.0,305.2477524566172,0.5895881246079866
2306207,Itaiçaba - CE,7536,230620,31.0,144.0,89380.3,411.3588110403397,1.910828025477707
2306256,Itaitinga - CE,64650,230625,158.0,5581.0,1588814.1,244.39288476411446,8.632637277648879
2306306,Itapajé - CE,46426,230630,180.0,992.0,702418.1,387.7137810709516,2.136733726791022
2306405,Itapipoca - CE,131123,230640,379.0,3893.0,2129866.0,289.04158690694993,2.9689680681497523
2306504,Itapiúna - CE,17841,230650,60.0,111.0,182346.8,336.30401883302505,0.6221624348410963
2306553,Itarema - CE,42957,230655,144.0,393.0,722769.1,335.21893987010264,0.9148683567288217
2306603,Itatira - CE,20424,230660,56.0,119.0,190134.7,274.1872307089699,0.5826478652565609
2306702,Jaguaretama - CE,17232,230670,58.0,227.0,257163.2,336.58310120705664,1.3173166202414113
2306801,Jaguaribara - CE,10356,230680,55.0,207.0,165067.3,531.0930861336424,1.998841251448436
2306900,Jaguaribe - CE,33726,230690,139.0,1129.0,637710.5,412.14493269287794,3.3475656763328
2307007,Jaguaruana - CE,31701,230700,116.0,820.0,598756.6,365.919056181193,2.5866691902463645
2307106,Jardim - CE,27411,230710,103.0,467.0,310207.8,375.7615555798767,1.7036955966582759
2307205,Jati - CE,7861,230720,28.0,139.0,140333.6,356.18878005342833,1.7682228724080904
2307254,Jijoca de Jericoacoara - CE,25555,230725,75.0,386.0,696532.4,293.48464097045587,1.5104676188612796
2307304,Juazeiro do Norte - CE,286120,230730,1055.0,46983.0,5783730.2,368.7264084999301,16.420732559765135
2307403,Jucás - CE,23922,230740,86.0,350.0,347056.8,359.50171390351977,1.4630883705375806
2307502,Lavras da Mangabeira - CE,30802,230750,97.0,440.0,390628.1,314.9146159340302,1.4284786702162198
2307601,Limoeiro do Norte - CE,59560,230760,247.0,4675.0,1651935.9,414.7078576225655,7.849227669576897
2307635,Madalena - CE,16896,230763,53.0,134.0,208237.6,313.6837121212121,0.7930871212121212
2307650,Maracanaú - CE,234509,230765,919.0,55929.0,14004933.7,391.88261431330994,23.849404500466935
2307700,Maranguape - CE,105093,230770,341.0,9336.0,1793354.4,324.4745130503459,8.883560275184836
2307809,Marco - CE,25799,230780,94.0,416.0,410771.0,364.35520756618473,1.6124655994418389
2307908,Martinópole - CE,10846,230790,31.0,47.0,109551.6,285.8196570164116,0.43333947999262395
2308005,Massapê - CE,37697,230800,131.0,526.0,441702.2,347.5077592381357,1.395336498925644
2308104,Mauriti - CE,45561,230810,172.0,773.0,640788.7,377.5158578608898,1.6966265007352779
2308203,Meruoca - CE,15157,230820,52.0,158.0,143854.6,343.075806558026,1.0424226430032328
2308302,Milagres - CE,25900,230830,95.0,808.0,317938.3,366.7953667953668,3.1196911196911197
2308351,Milhã - CE,14123,230835,48.0,188.0,226109.4,339.8711321957091,1.3311619344331942
2308377,Miraíma - CE,14196,230837,38.0,49.0,127318.2,267.68103691180613,0.34516765285996054
2308401,Missão Velha - CE,36822,230840,136.0,1183.0,586551.4,369.3444136657433,3.212753245342458
2308500,Mombaça - CE,37735,230850,148.0,573.0,531261.6,392.2088246985557,1.5184841658937325
2308609,Monsenhor Tabosa - CE,17149,230860,72.0,102.0,179307.3,419.84955390984896,0.5947868680389528
2308708,Morada Nova - CE,61443,230870,258.0,1873.0,1570710.1,419.9013720033201,3.048353758768289
2308807,Moraújo - CE,8254,230880,40.0,47.0,80171.5,484.61352071722797,0.569420886842743
2308906,Morrinhos - CE,22753,230890,59.0,157.0,220951.4,259.30646508152773,0.6900188986067771
2309003,Mucambo - CE,13666,230900,51.0,209.0,144254.1,373.18893604566074,1.529342894775355
2309102,Mulungu - CE,10569,230910,56.0,107.0,134731.5,529.8514523606775,1.0123947393320087
2309201,Nova Olinda - CE,15399,230920,62.0,220.0,179076.9,402.62354698357035,1.4286641989739592
2309300,Nova Russas - CE,30699,230930,136.0,825.0,381139.3,443.01117300237786,2.687383953874719
2309409,Novo Oriente - CE,27545,230940,139.0,185.0,302449.9,504.62878925394807,0.6716282446905064
2309458,Ocara - CE,24493,230945,92.0,163.0,304031.8,375.61752337402527,0.6654962642387621
2309508,Orós - CE,19675,230950,108.0,277.0,234968.2,548.9199491740789,1.4078780177890724
2309607,Pacajus - CE,70983,230960,267.0,6956.0,1534458.0,376.1464012510038,9.799529464801433
2309706,Pacatuba - CE,81524,230970,261.0,7683.0,1460732.8,320.1511211422403,9.42421863500319
2309805,Pacoti - CE,11186,230980,47.0,141.0,153002.4,420.16806722689074,1.2605042016806722
2309904,Pacujá - CE,6175,230990,19.0,41.0,68377.2,307.6923076923077,0.6639676113360323
2310001,Palhano - CE,9346,231000,46.0,67.0,116455.4,492.1891718382195,0.716884228546972
2310100,Palmácia - CE,10242,231010,39.0,120.0,120067.5,380.78500292911536,1.1716461628588166
2310209,Paracuru - CE,38980,231020,164.0,1508.0,595518.3,420.7285787583376,3.868650590046178
2310258,Paraipaba - CE,32216,231025,120.0,892.0,643387.6,372.4857213806804,2.7688105289297242
2310308,Parambu - CE,31445,231030,134.0,202.0,309634.8,426.14088090316426,0.642391477182382
2310407,Paramoti - CE,10384,231040,37.0,62.0,121523.7,356.3174114021572,0.5970724191063174
2310506,Pedra Branca - CE,40187,231050,168.0,295.0,411066.1,418.04563664866754,0.7340682310199815
2310605,Penaforte - CE,8972,231060,50.0,113.0,142781.4,557.2893446277308,1.2594739188586714
2310704,Pentecoste - CE,37813,231070,136.0,695.0,537432.9,359.6646655911988,1.8379922248961997
2310803,Pereiro - CE,15274,231080,65.0,5288.0,530452.0,425.559774780673,34.62092444677229
2310852,Pindoretama - CE,23391,231085,80.0,972.0,320047.1,342.01188491300076,4.155444401692958
2310902,Piquet Carneiro - CE,16616,231090,65.0,61.0,181463.4,391.1892152142513,0.36711603273952814
2310951,Pires Ferreira - CE,10606,231095,25.0,11.0,91197.8,235.71563266075805,0.10371487837073355
2311009,Poranga - CE,12065,231100,60.0,47.0,128390.1,497.3062577704103,0.3895565685868214
2311108,Porteiras - CE,17050,231110,53.0,240.0,207091.3,310.85043988269797,1.4076246334310851
2311207,Potengi - CE,8833,231120,36.0,177.0,115651.1,407.56254953017094,2.003849201856674
2311231,Potiretama - CE,5974,231123,28.0,38.0,92923.5,468.6976899899564,0.6360897221292267
2311264,Quiterianópolis - CE,20213,231126,73.0,72.0,211390.9,361.1537129570079,0.3562064018206105
2311306,Quixadá - CE,84168,231130,285.0,3729.0,1283066.1,338.60849729113204,4.430424864556601
2311355,Quixelô - CE,15910,231135,64.0,117.0,214522.4,402.26272784412316,0.7353865493400378
2311405,Quixeramobim - CE,82177,231140,277.0,1753.0,1725839.5,337.07728439831095,2.1332002871849784
2311504,Quixeré - CE,20874,231150,72.0,487.0,682149.8,344.92670307559644,2.333045894414104
2311603,Redenção - CE,27214,231160,125.0,841.0,450867.3,459.3224075843316,3.090321158227383
2311702,Reriutaba - CE,18606,231170,74.0,188.0,213295.1,397.7211652155219,1.0104267440610555
2311801,Russas - CE,72928,231180,301.0,4101.0,1332637.8,412.73584905660374,5.623354541465555
2311900,Saboeiro - CE,13854,231190,58.0,80.0,164969.8,418.651652952216,0.57745055579616
2311959,Salitre - CE,16633,231195,57.0,21.0,187866.8,342.69223832140926,0.1262550351710455
2312007,Santana do Acaraú - CE,30628,231200,94.0,320.0,313119.9,306.90871098341387,1.04479561185843
2312106,Santana do Cariri - CE,16954,231210,51.0,183.0,164590.8,300.8139672053793,1.0793912940898904
2312205,Santa Quitéria - CE,40183,231220,138.0,810.0,715964.5,343.4288131797029,2.0157778164895603
2312304,São Benedito - CE,47640,231230,198.0,890.0,710000.0,415.61712846347604,1.868178001679261
2312403,São Gonçalo do Amarante - CE,54143,231240,213.0,8687.0,6894155.5,393.4026559296678,16.044548695122177
2312502,São João do Jaguaribe - CE,5855,231250,49.0,105.0,114371.2,836.8915456874466,1.7933390264730997
2312601,São Luís do Curu - CE,10822,231260,59.0,117.0,147888.4,545.1857327665866,1.0811310293845868
2312700,Senador Pompeu - CE,24266,231270,104.0,513.0,432507.6,428.5832028352427,2.114069067831534
2312809,Senador Sá - CE,7262,231280,22.0,23.0,71512.4,302.94684659873315,0.31671715780776644
2312908,Sobral - CE,203023,231290,764.0,23482.0,6016969.5,376.3120434630559,11.566177231151151
2313005,Solonópole - CE,18179,231300,71.0,282.0,318203.0,390.5605368832169,1.5512404422685515
2313104,Tabuleiro do Norte - CE,30652,231310,141.0,1348.0,563949.8,460.00260994388617,4.397755448257863
2313203,Tamboril - CE,24815,231320,132.0,194.0,316962.5,531.9363288333669,0.7817852105581301
2313252,Tarrafas - CE,7529,231325,35.0,49.0,88539.0,464.86917253287294,0.650816841546022
2313302,Tauá - CE,61227,231330,223.0,1542.0,802394.9,364.2184003789178,2.518496741633593
2313351,Tejuçuoca - CE,17154,231335,61.0,55.0,153336.6,355.6021919085928,0.3206249271306984
2313401,Tianguá - CE,81506,231340,290.0,2508.0,1913963.7,355.8020268446495,3.077074080435796
2313500,Trairi - CE,58415,231350,207.0,1045.0,947832.6,354.36103740477614,1.7889240777197637
2313559,Tururu - CE,15412,231355,73.0,94.0,154601.5,473.6568907344926,0.6099143524526343
2313609,Ubajara - CE,32767,231360,120.0,1220.0,714256.1,366.2221137119663,3.7232581560716578
2313708,Umari - CE,6871,231370,34.0,31.0,75947.8,494.83335758987045,0.45117159074370544
2313757,Umirim - CE,17470,231375,59.0,104.0,194960.7,337.7218088151116,0.5953062392673154
2313807,Uruburetama - CE,20189,231380,76.0,276.0,460849.8,376.44261726682845,1.3670810837584824
2313906,Uruoca - CE,13746,231390,44.0,112.0,238457.4,320.093117997963,0.8147824821766332
2313955,Varjota - CE,18105,231395,84.0,159.0,404964.3,463.960231980116,0.8782104391052195
2314003,Várzea Alegre - CE,38984,231400,155.0,622.0,502913.9,397.5990149805048,1.5955263697927355
2314102,Viçosa do Ceará - CE,59712,231410,191.0,497.0,642464.8,319.86870310825293,0.832328510182208
2400109,Acari - RN,10597,240010,38.0,397.0,173700.0,358.59205435500616,3.7463433047088794
2400208,Açu - RN,56496,240020,227.0,3710.0,2146108.4,401.798357405834,6.566836590201077
2400307,Afonso Bezerra - RN,10839,240030,37.0,170.0,193262.6,341.35990405018913,1.5684103699603282
2400406,Água Nova - RN,2946,240040,10.0,24.0,37808.7,339.44331296673454,0.8146639511201629
2400505,Alexandria - RN,13640,240050,51.0,285.0,178559.1,373.90029325513194,2.089442815249267
2400604,Almino Afonso - RN,4687,240060,11.0,70.0,61041.5,234.6917004480478,1.4934926392148495
2400703,Alto do Rodrigues - RN,12484,240070,40.0,2213.0,792175.9,320.41012495994875,17.726690163409163
2400802,Angicos - RN,11632,240080,54.0,602.0,214392.8,464.2365887207703,5.175378266850069
2400901,Antônio Martins - RN,6577,240090,38.0,40.0,70796.8,577.7710202219857,0.6081800212863008
2401008,Apodi - RN,36093,240100,127.0,628.0,895177.5,351.8687834206079,1.7399495747097773
2401107,Areia Branca - RN,24093,240110,123.0,2738.0,1218377.5,510.52172830282655,11.364296683684058
2401206,Arês - RN,13251,240120,38.0,843.0,440357.6,286.77080975020755,6.361784016300656
2401305,Campo Grande - RN,9730,240130,32.0,153.0,119802.0,328.879753340185,1.5724563206577595
2401404,Baía Formosa - RN,8825,240140,26.0,249.0,276105.2,294.61756373937675,2.821529745042493
2401453,Baraúna - RN,26913,240145,101.0,660.0,783898.8,375.2833203284658,2.4523464496711624
2401503,Barcelona - RN,3986,240150,16.0,81.0,55407.7,401.4049172102358,2.032112393376819
2401602,Bento Fernandes - RN,4807,240160,13.0,94.0,120352.7,270.4389432078219,1.9554815893488662
2401651,Bodó - RN,2306,240165,10.0,46.0,229572.1,433.6513443191674,1.99479618386817
2401701,Bom Jesus - RN,9952,240170,41.0,349.0,130762.9,411.9774919614147,3.5068327974276525
2401800,Brejinho - RN,12202,240180,41.0,428.0,165970.2,336.01049008359286,3.5076217013604327
2401859,Caiçara do Norte - RN,6293,240185,16.0,180.0,115654.9,254.25075480692834,2.8603209915779435
2401909,Caiçara do Rio do Vento - RN,3268,240190,17.0,57.0,197692.0,520.1958384332926,1.744186046511628
2402006,Caicó - RN,61146,240200,283.0,5087.0,1598738.7,462.8266771334184,8.319432178719785
2402105,Campo Redondo - RN,10215,240210,23.0,149.0,120903.5,225.15907978463045,1.4586392559960841
2402204,Canguaretama - RN,29668,240220,128.0,1076.0,639754.6,431.4412835378185,3.626803289739787
2402303,Caraúbas - RN,19727,240230,98.0,354.0,538285.2,496.7810614893294,1.7944948547675774
2402402,Carnaúba dos Dantas - RN,7992,240240,24.0,175.0,142819.8,300.3003003003003,2.18968968968969
2402501,Carnaubais - RN,9714,240250,37.0,150.0,302477.9,380.8935556928145,1.5441630636195183
2402600,Ceará-Mirim - RN,79115,240260,261.0,5098.0,1186373.6,329.89951336661824,6.443784364532642
2402709,Cerro Corá - RN,11000,240270,44.0,225.0,171108.3,400.0,2.0454545454545454
2402808,Coronel Ezequiel - RN,5117,240280,6.0,19.0,58595.5,117.2562048075044,0.3713113152237639
2402907,Coronel João Pessoa - RN,4237,240290,17.0,39.0,46989.1,401.22728345527497,0.9204625914562191
2403004,Cruzeta - RN,8005,240300,49.0,125.0,141940.0,612.1174266083698,1.5615240474703311
2403103,Currais Novos - RN,41313,240310,171.0,2986.0,930341.6,413.91329605693124,7.227749134654951
2403202,Doutor Severiano - RN,7044,240320,19.0,39.0,91968.6,269.73310618966497,0.5536626916524702
2403251,Parnamirim - RN,252716,240325,761.0,83715.0,7490687.9,301.12853954636824,33.126117855616585
2403301,Encanto - RN,6016,240330,26.0,30.0,70242.2,432.1808510638298,0.49867021276595747
2403400,Equador - RN,5360,240340,23.0,62.0,85665.9,429.1044776119403,1.1567164179104477
2403509,Espírito Santo - RN,10620,240350,23.0,221.0,113843.9,216.5725047080979,2.080979284369115
2403608,Extremoz - RN,61635,240360,186.0,7157.0,844764.6,301.7765879776101,11.611908818041696
2403707,Felipe Guerra - RN,5944,240370,24.0,98.0,396782.0,403.7685060565276,1.648721399730821
2403756,Fernando Pedroza - RN,2938,240375,17.0,56.0,43861.6,578.6249149081008,1.9060585432266848
2403806,Florânia - RN,10196,240380,40.0,215.0,137719.0,392.31071008238524,2.1086700666928206
2403905,Francisco Dantas - RN,2700,240390,14.0,32.0,36903.6,518.5185185185185,1.1851851851851851
2404002,Frutuoso Gomes - RN,4122,240400,14.0,62.0,52613.9,339.6409509946628,1.5041242115477924
2404101,Galinhos - RN,2104,240410,2.0,47.0,124331.9,95.05703422053232,2.2338403041825097
2404200,Goianinha - RN,26741,240420,105.0,3215.0,658982.9,392.65547286937664,12.022736621667104
2404309,Governador Dix-Sept Rosado - RN,11938,240430,42.0,168.0,600065.9,351.81772491204555,1.4072708996481822
2404408,Grossos - RN,9924,240440,29.0,228.0,164487.6,292.22087867795244,2.2974607013301087
2404507,Guamaré - RN,15295,240450,73.0,1314.0,2748777.5,477.2801569140242,8.591042824452435
2404606,Ielmo Marinho - RN,11615,240460,44.0,85.0,157087.9,378.82049074472667,0.7318123116659492
2404705,Ipanguaçu - RN,14131,240470,38.0,342.0,215667.3,268.91232043025974,2.4202108838723375
2404804,Ipueira - RN,2035,240480,4.0,25.0,37971.3,196.56019656019654,1.2285012285012284
2404853,Itajá - RN,7292,240485,25.0,164.0,145395.3,342.8414701042238,2.249040043883708
2404903,Itaú - RN,5320,240490,27.0,86.0,84154.8,507.51879699248127,1.6165413533834587
2405009,Jaçanã - RN,7834,240500,26.0,55.0,91187.9,331.8866479448557,0.702067909114118
2405108,Jandaíra - RN,6562,240510,20.0,127.0,234017.5,304.7851264858275,1.9353855531850046
2405207,Janduís - RN,4746,240520,16.0,37.0,84487.8,337.126000842815,0.7796038769490097
2405306,Januário Cicco - RN,9051,240530,36.0,122.0,96939.1,397.74610540271794,1.3479173571980996
2405405,Japi - RN,5117,240540,12.0,26.0,58421.4,234.5124096150088,0.5081102208325191
2405504,Jardim de Angicos - RN,2437,240550,9.0,38.0,62530.3,369.3065244152647,1.5592942141977841
2405603,Jardim de Piranhas - RN,13977,240560,50.0,232.0,243966.4,357.73055734420836,1.6598697860771265
2405702,Jardim do Seridó - RN,11655,240570,56.0,356.0,237956.5,480.4804804804805,3.0544830544830543
2405801,João Câmara - RN,33290,240580,106.0,2493.0,1419595.6,318.41393811955544,7.488735355962752
2405900,João Dias - RN,2076,240590,10.0,11.0,28716.6,481.6955684007707,0.5298651252408477
2406007,José da Penha - RN,5803,240600,31.0,49.0,77868.3,534.2064449422712,0.8443908323281062
2406106,Jucurutu - RN,17793,240610,78.0,283.0,391756.6,438.3746417130332,1.5905131231383127
2406155,Jundiá - RN,3739,240615,13.0,37.0,47189.3,347.68654720513507,0.9895694035838459
2406205,Lagoa d'Anta - RN,6654,240620,15.0,107.0,81851.2,225.4283137962128,1.6080553050796513
2406304,Lagoa de Pedras - RN,7338,240630,23.0,107.0,90590.5,313.4369037884982,1.45816298718997
2406403,Lagoa de Velhos - RN,2567,240640,8.0,31.0,42744.1,311.6478379431243,1.2076353720296065
2406502,Lagoa Nova - RN,15573,240650,53.0,248.0,291874.4,340.3326269825981,1.5924998394657421
2406601,Lagoa Salgada - RN,8319,240660,30.0,262.0,113113.7,360.62026685899747,3.1494169972352446
2406700,Lajes - RN,9866,240670,38.0,433.0,230308.6,385.1611595378066,4.388810054733428
2406809,Lajes Pintadas - RN,4787,240680,23.0,65.0,62555.9,480.4679339878839,1.3578441612701064
2406908,Lucrécia - RN,3490,240690,15.0,59.0,53827.4,429.7994269340974,1.69054441260745
2407005,Luís Gomes - RN,9070,240700,48.0,85.0,97477.3,529.2171995589856,0.9371554575523704
2407104,Macaíba - RN,82249,240710,295.0,6765.0,2109144.6,358.66697467446414,8.22502401245
2407203,Macau - RN,27369,240720,138.0,2999.0,1493271.0,504.22010303628196,10.957652818882679
2407252,Major Sales - RN,3924,240725,17.0,32.0,56007.0,433.2313965341488,0.8154943934760449
2407302,Marcelino Vieira - RN,7896,240730,31.0,123.0,92507.9,392.60385005065854,1.5577507598784195
2407401,Martins - RN,8179,240740,28.0,238.0,125502.6,342.34013938134245,2.909891184741411
2407500,Maxaranguape - RN,10255,240750,36.0,219.0,145542.1,351.04826913700634,2.1355436372501218
2407609,Messias Targino - RN,4274,240760,21.0,35.0,59492.9,491.3430042115114,0.8189050070191858
2407708,Montanhas - RN,11444,240770,33.0,280.0,151805.5,288.36071303739953,2.446696959105208
2407807,Monte Alegre - RN,23031,240780,92.0,711.0,325278.2,399.4615952411966,3.087143415396639
2407906,Monte das Gameleiras - RN,2276,240790,4.0,34.0,37848.8,175.7469244288225,1.493848857644991
2408003,Mossoró - RN,264577,240800,1173.0,73392.0,9582884.8,443.3491951303401,27.739372658999084
2408102,Natal - RN,751300,240810,3115.0,335139.0,27497422.5,414.61466790895776,44.6078796752296
2408201,Nísia Floresta - RN,31942,240820,109.0,979.0,573064.8,341.24350385072944,3.0649301859620564
2408300,Nova Cruz - RN,34269,240830,138.0,1278.0,631949.8,402.696314453296,3.729318042545741
2408409,Olho d'Água do Borges - RN,3905,240840,22.0,59.0,48871.1,563.3802816901409,1.5108834827144686
2408508,Ouro Branco - RN,4913,240850,19.0,122.0,72852.0,386.7290860981071,2.4832078159983717
2408607,Paraná - RN,3934,240860,13.0,32.0,50385.5,330.4524656837824,0.813421453990849
2408706,Paraú - RN,3579,240870,6.0,69.0,59380.0,167.64459346186086,1.9279128248113997
2408805,Parazinho - RN,4801,240880,20.0,172.0,510446.1,416.57987919183506,3.5825869610497816
2408904,Parelhas - RN,21499,240890,92.0,616.0,423937.5,427.9268803200149,2.8652495464905345
2408953,Rio do Fogo - RN,10351,240895,33.0,254.0,211825.1,318.8097768331562,2.453869191382475
2409100,Passa e Fica - RN,10896,240910,39.0,117.0,171299.0,357.9295154185022,1.0737885462555066
2409209,Passagem - RN,3115,240920,9.0,54.0,52291.6,288.92455858747996,1.7335473515248796
2409308,Patu - RN,11007,240930,54.0,194.0,182565.4,490.5968928863451,1.7625147633324247
2409332,Santa Maria - RN,4847,240933,19.0,225.0,86696.0,391.99504848359817,4.642046626779451
2409407,Pau dos Ferros - RN,30479,240940,107.0,1876.0,798632.2,351.0613865284294,6.155057580629285
2409506,Pedra Grande - RN,3618,240950,13.0,124.0,243846.3,359.31453841901606,3.4273079049198447
2409605,Pedra Preta - RN,2441,240960,5.0,50.0,43026.2,204.83408439164276,2.0483408439164275
2409704,Pedro Avelino - RN,6242,240970,24.0,164.0,98424.1,384.4921499519385,2.62736302467158
2409803,Pedro Velho - RN,13824,240980,53.0,313.0,178730.2,383.3912037037037,2.264178240740741
2409902,Pendências - RN,12278,240990,47.0,451.0,695059.2,382.7985013845903,3.673236683498941
2410009,Pilões - RN,2965,241000,15.0,73.0,43979.3,505.90219224283305,2.4620573355817874
2410108,Poço Branco - RN,12390,241010,51.0,169.0,143410.7,411.62227602905574,1.364003228410008
2410207,Portalegre - RN,7601,241020,34.0,102.0,91230.2,447.3095645309828,1.3419286935929482
2410256,Porto do Mangue - RN,5228,241025,29.0,93.0,172748.5,554.7054322876818,1.7788829380260138
2410306,Serra Caiada - RN,10125,241030,36.0,175.0,137082.3,355.5555555555556,1.728395061728395
2410405,Pureza - RN,9362,241040,12.0,97.0,136764.0,128.1777397991882,1.0361033967101048
2410504,Rafael Fernandes - RN,5432,241050,17.0,80.0,57950.3,312.960235640648,1.4727540500736376
2410603,Rafael Godeiro - RN,2934,241060,13.0,66.0,45689.6,443.0811179277437,2.2494887525562373
2410702,Riacho da Cruz - RN,2701,241070,15.0,52.0,37690.5,555.3498704183636,1.9252128841169935
2410801,Riacho de Santana - RN,4127,241080,14.0,25.0,48437.5,339.2294645020596,0.605766900896535
2410900,Riachuelo - RN,7389,241090,19.0,202.0,345299.5,257.1389903911219,2.7337934767898227
2411007,Rodolfo Fernandes - RN,4242,241100,32.0,28.0,64939.5,754.3611504007544,0.6600660066006601
2411056,Tibau - RN,5382,241105,25.0,193.0,137774.1,464.5113340765515,3.5860274990709775
2411106,Ruy Barbosa - RN,3206,241110,6.0,30.0,203594.4,187.14909544603867,0.9357454772301934
2411205,Santa Cruz - RN,37313,241120,134.0,2136.0,675849.6,359.12416584032377,5.724546404738295
2411403,Santana do Matos - RN,12456,241140,54.0,281.0,179803.0,433.5260115606936,2.255940912010276
2411429,Santana do Seridó - RN,2696,241142,7.0,45.0,44372.9,259.64391691394655,1.6691394658753709
2411502,Santo Antônio - RN,22177,241150,71.0,633.0,328015.3,320.15150831943004,2.8543085178337915
2411601,São Bento do Norte - RN,3304,241160,12.0,110.0,421480.9,363.19612590799034,3.3292978208232444
2411700,São Bento do Trairí - RN,3792,241170,5.0,43.0,55558.1,131.85654008438817,1.1339662447257384
2411809,São Fernando - RN,3492,241180,13.0,46.0,68978.9,372.27949599083615,1.3172966781214204
2411908,São Francisco do Oeste - RN,4161,241190,12.0,27.0,65016.1,288.3922134102379,0.6488824801730353
2412005,São Gonçalo do Amarante - RN,115838,241200,404.0,19594.0,2307193.7,348.7629275367323,16.915001985531518
2412104,São João do Sabugi - RN,5956,241210,20.0,105.0,94944.4,335.795836131632,1.7629281396910679
2412203,São José de Mipibu - RN,47286,241220,202.0,2693.0,1359847.7,427.1877511314131,5.69513175146978
2412302,São José do Campestre - RN,11121,241230,45.0,215.0,141196.0,404.63987051524145,1.933279381350598
2412401,São José do Seridó - RN,4558,241240,12.0,109.0,95605.5,263.2733655111891,2.3913997367266346
2412500,São Miguel - RN,23537,241250,114.0,421.0,386805.1,484.34379912478227,1.7886731529081872
2412559,São Miguel do Gostoso - RN,10221,241255,34.0,408.0,722955.1,332.64846883866545,3.991781626063986
2412609,São Paulo do Potengi - RN,16786,241260,62.0,824.0,273441.6,369.35541522697486,4.9088526152746335
2412708,São Pedro - RN,5776,241270,27.0,595.0,68282.6,467.4515235457063,10.301246537396121
2412807,São Rafael - RN,7711,241280,34.0,127.0,97419.4,440.92854363895736,1.6469977953572819
2412906,São Tomé - RN,9972,241290,39.0,240.0,120593.5,391.09506618531896,2.406738868832732
2413003,São Vicente - RN,6310,241300,21.0,395.0,90507.3,332.80507131537246,6.259904912836767
2413102,Senador Elói de Souza - RN,5965,241310,27.0,109.0,73626.9,452.64040234702435,1.8273260687342832
2413201,Senador Georgino Avelino - RN,4065,241320,10.0,55.0,105581.0,246.00246002460025,1.3530135301353015
2413300,Serra de São Bento - RN,5703,241330,25.0,101.0,73394.1,438.365772400491,1.7709977204979834
2413359,Serra do Mel - RN,13091,241335,43.0,131.0,976555.1,328.469941180964,1.0006874952257276
2413409,Serra Negra do Norte - RN,7597,241340,38.0,110.0,134899.8,500.1974463604055,1.4479399763064367
2413508,Serrinha - RN,6436,241350,28.0,116.0,81783.1,435.052827843381,1.8023617153511498
2413557,Serrinha dos Pintos - RN,4659,241355,20.0,75.0,56137.6,429.27666881305004,1.6097875080489377
2413607,Severiano Melo - RN,5487,241360,23.0,91.0,92737.8,419.17258975760893,1.658465463823583
2413706,Sítio Novo - RN,4654,241370,29.0,47.0,58723.2,623.1198968629136,1.0098839707778255
2413805,Taboleiro Grande - RN,2338,241380,13.0,21.0,37504.8,556.0307955517536,0.8982035928143712
2413904,Taipu - RN,11422,241390,34.0,165.0,174534.5,297.6711609175276,1.444580633864472
2414001,Tangará - RN,13281,241400,48.0,412.0,213678.0,361.41856787892476,3.1021760409607713
2414100,Tenente Ananias - RN,10262,241410,45.0,147.0,128347.0,438.5110114987331,1.4324693042291952
2414159,Tenente Laurentino Cruz - RN,5891,241415,23.0,67.0,117559.8,390.4260736717026,1.137328127652351
2414209,Tibau do Sul - RN,16929,241420,51.0,1208.0,578303.6,301.25819599503814,7.135684328666785
2414308,Timbaúba dos Batistas - RN,2348,241430,6.0,40.0,44946.8,255.53662691652468,1.7035775127768313
2414407,Touros - RN,33035,241440,95.0,1187.0,979897.5,287.5737853791433,3.5931587710004544
2414456,Triunfo Potiguar - RN,3376,241445,7.0,42.0,52838.7,207.34597156398107,1.2440758293838863
2414506,Umarizal - RN,10078,241450,37.0,177.0,167033.6,367.13633657471723,1.7563008533439173
2414605,Upanema - RN,13577,241460,58.0,204.0,330522.9,427.19304706488913,1.5025410620902997
2414704,Várzea - RN,5233,241470,24.0,163.0,65328.0,458.6279380852283,3.1148480794955096
2414753,Venha-Ver - RN,3014,241475,13.0,10.0,42293.5,431.32050431320505,0.33178500331785005
2414803,Vera Cruz - RN,10735,241480,41.0,324.0,149591.1,381.9282720074522,3.0181648812296227
2414902,Viçosa - RN,1822,241490,6.0,79.0,25574.8,329.3084522502744,4.33589462129528
2415008,Vila Flor - RN,3174,241500,13.0,54.0,47193.8,409.5778197857593,1.7013232514177694
2500106,Água Branca - PB,9335,250010,42.0,117.0,95193.0,449.9196572040707,1.253347616497054
2500205,Aguiar - PB,5003,250020,19.0,37.0,61115.3,379.7721367179692,0.7395562662402558
2500304,Alagoa Grande - PB,26062,250030,127.0,656.0,320351.1,487.2995165374875,2.5170746680991485
2500403,Alagoa Nova - PB,21013,250040,83.0,1263.0,377884.7,394.9935754057012,6.010564888402418
2500502,Alagoinha - PB,13725,250050,53.0,204.0,152279.6,386.1566484517304,1.4863387978142077
2500536,Alcantil - PB,5578,250053,21.0,41.0,62649.2,376.4790247400502,0.7350304768734314
2500577,Algodão de Jandaíra - PB,2953,250057,5.0,24.0,33767.8,169.31933626820182,0.8127328140873687
2500601,Alhandra - PB,21730,250060,106.0,1004.0,3639169.1,487.8048780487805,4.620340543028072
2500700,São João do Rio do Peixe - PB,17964,250070,72.0,246.0,248471.6,400.8016032064128,1.3694054776219104
2500734,Amparo - PB,2234,250073,15.0,45.0,33047.8,671.4413607878245,2.0143240823634736
2500775,Aparecida - PB,7960,250077,37.0,61.0,125775.7,464.82412060301505,0.7663316582914573
2500809,Araçagi - PB,16646,250080,72.0,154.0,200370.3,432.5363450678842,0.9251471825063078
2500908,Arara - PB,12212,250090,58.0,168.0,119681.5,474.94267933180475,1.3756960366852276
2501005,Araruna - PB,17189,250100,59.0,237.0,210531.4,343.24277153993836,1.3787887602536506
2501104,Areia - PB,22633,250110,94.0,861.0,303548.9,415.322758803517,3.804179737551363
2501153,Areia de Baraúnas - PB,2005,250115,4.0,1.0,48609.1,199.501246882793,0.04987531172069825
2501203,Areial - PB,7128,250120,26.0,148.0,71784.6,364.7586980920314,2.0763187429854097
2501302,Aroeiras - PB,18705,250130,80.0,294.0,314453.4,427.6931301790965,1.5717722534081795
2501351,Assunção - PB,4152,250135,30.0,48.0,53156.4,722.543352601156,1.1560693641618496
2501401,Baía da Traição - PB,9224,250140,37.0,130.0,117262.0,401.1274934952298,1.409366869037294
2501500,Bananeiras - PB,23134,250150,83.0,594.0,320676.6,358.7792858995418,2.567649347281058
2501534,Baraúna - PB,4762,250153,11.0,7.0,54869.5,230.99538009239816,0.14699706005879884
2501575,Barra de Santana - PB,8059,250157,26.0,76.0,101341.5,322.6206725400174,0.9430450428092816
2501609,Barra de Santa Rosa - PB,12904,250160,54.0,223.0,156128.7,418.4748915065096,1.7281463112213267
2501708,Barra de São Miguel - PB,5906,250170,21.0,68.0,86302.8,355.57060616322383,1.1513714866237725
2501807,Bayeux - PB,82742,250180,415.0,6133.0,1492127.1,501.5590631118417,7.412196949554035
2501906,Belém - PB,16401,250190,69.0,731.0,241955.5,420.70605450887143,4.457045302115724
2502003,Belém do Brejo do Cruz - PB,6268,250200,33.0,14.0,82367.0,526.4837268666241,0.22335673261008296
2502052,Bernardino Batista - PB,3504,250205,18.0,5.0,45715.7,513.6986301369863,0.14269406392694062
2502102,Boa Ventura - PB,5207,250210,34.0,62.0,56351.1,652.9671595928558,1.1907048204340311
2502151,Boa Vista - PB,6377,250215,11.0,345.0,305885.5,172.49490355966756,5.410067429825937
2502201,Bom Jesus - PB,2286,250220,10.0,121.0,35756.0,437.4453193350831,5.293088363954506
2502300,Bom Sucesso - PB,4661,250230,15.0,160.0,57235.1,321.81935207037117,3.4327397554172925
2502409,Bonito de Santa Fé - PB,10252,250240,40.0,74.0,98917.6,390.1677721420211,0.721810378462739
2502508,Boqueirão - PB,17598,250250,57.0,707.0,265029.5,323.90044323218547,4.017501988862371
2502607,Igaracy - PB,5648,250260,35.0,59.0,64888.8,619.6883852691218,1.0446175637393769
2502706,Borborema - PB,4214,250270,22.0,41.0,73308.0,522.0692928334124,0.9729473184622686
2502805,Brejo do Cruz - PB,13613,250280,44.0,165.0,169245.2,323.2204510394476,1.2120766913979284
2502904,Brejo dos Santos - PB,5742,250290,30.0,53.0,71212.5,522.466039707419,0.9230233368164402
2503001,Caaporã - PB,21193,250300,95.0,1082.0,456330.2,448.261218326806,5.105459349785306
2503100,Cabaceiras - PB,5335,250310,24.0,70.0,143538.3,449.8594189315839,1.3120899718837862
2503209,Cabedelo - PB,66519,250320,273.0,15211.0,3605029.1,410.40905605917106,22.867150738886636
2503308,Cachoeira dos Índios - PB,9151,250330,30.0,76.0,134515.3,327.8330237132554,0.8305103267402469
2503407,Cacimba de Areia - PB,3291,250340,8.0,20.0,41057.6,243.0872075357034,0.6077180188392586
2503506,Cacimba de Dentro - PB,16064,250350,72.0,79.0,160536.7,448.20717131474106,0.4917828685258964
2503555,Cacimbas - PB,7223,250355,31.0,14.0,76001.1,429.18454935622316,0.19382528035442337
2503605,Caiçara - PB,6602,250360,27.0,79.0,75521.0,408.9669797031203,1.1966070887609817
2503704,Cajazeiras - PB,63239,250370,256.0,3330.0,1425034.5,404.81348534923075,5.26573791489429
2503753,Cajazeirinhas - PB,2740,250375,17.0,10.0,44211.6,620.4379562043796,0.36496350364963503
2503803,Caldas Brandão - PB,5753,250380,25.0,68.0,81716.3,434.55588388666786,1.1819920041717364
2503902,Camalaú - PB,6085,250390,33.0,42.0,76257.3,542.3171733771569,0.6902218570254725
2504009,Campina Grande - PB,419379,250400,1739.0,89233.0,11505703.7,414.66072454748564,21.27741255523047
2504033,Capim - PB,6970,250403,34.0,43.0,87593.1,487.8048780487805,0.6169296987087518
2504074,Caraúbas - PB,3944,250407,15.0,50.0,47319.9,380.32454361054766,1.2677484787018256
2504108,Carrapateira - PB,2312,250410,9.0,12.0,34001.0,389.27335640138404,0.5190311418685121
2504157,Casserengue - PB,6889,250415,25.0,18.0,75140.2,362.8973726230222,0.261286108288576
2504207,Catingueira - PB,4491,250420,26.0,40.0,57035.8,578.9356490759296,0.890670229347584
2504306,Catolé do Rocha - PB,30661,250430,133.0,807.0,568709.1,433.77580639900856,2.6320080884511268
2504355,Caturité - PB,5254,250435,18.0,345.0,75914.3,342.5961172440046,6.566425580510088
2504405,Conceição - PB,18260,250440,76.0,217.0,234852.7,416.210295728368,1.1883899233296824
2504504,Condado - PB,6451,250450,25.0,441.0,77145.9,387.5368159975198,6.836149434196248
2504603,Conde - PB,27605,250460,131.0,1135.0,1418528.8,474.5517116464409,4.1115739902191635
2504702,Congo - PB,4933,250470,16.0,29.0,68739.7,324.3462396107845,0.5878775592945469
2504801,Coremas - PB,14683,250480,71.0,197.0,229337.8,483.5524075461418,1.341687666008309
2504850,Coxixola - PB,1824,250485,8.0,17.0,26736.0,438.59649122807014,0.9320175438596491
2504900,Cruz do Espírito Santo - PB,17095,250490,100.0,215.0,209447.0,584.9663644340451,1.2576776835331969
2505006,Cubati - PB,7580,250500,19.0,84.0,86843.1,250.65963060686016,1.108179419525066
2505105,Cuité - PB,19719,250510,67.0,388.0,242714.7,339.7738222019372,1.9676454181246514
2505204,Cuitegi - PB,6730,250520,43.0,76.0,77090.7,638.9301634472511,1.1292719167904903
2505238,Cuité de Mamanguape - PB,6251,250523,22.0,50.0,78110.5,351.94368900975843,0.7998720204767237
2505279,Curral de Cima - PB,5254,250527,21.0,14.0,61995.2,399.6954701180053,0.26646364674533685
2505303,Curral Velho - PB,2292,250530,6.0,8.0,29807.3,261.7801047120419,0.34904013961605584
2505352,Damião - PB,4982,250535,19.0,18.0,54716.3,381.372942593336,0.3613006824568446
2505402,Desterro - PB,8067,250540,41.0,46.0,82416.1,508.24346101400766,0.5702243708937648
2505501,Vista Serrana - PB,3641,250550,11.0,35.0,43723.2,302.11480362537765,0.9612743751716563
2505600,Diamante - PB,6299,250560,21.0,14.0,71581.4,333.3862517859978,0.2222575011906652
2505709,Dona Inês - PB,10380,250570,43.0,65.0,104756.7,414.25818882466285,0.6262042389210019
2505808,Duas Estradas - PB,3327,250580,24.0,39.0,52063.3,721.370604147881,1.1722272317403066
2505907,Emas - PB,3011,250590,12.0,21.0,43294.7,398.53869146462966,0.6974427100631019
2506004,Esperança - PB,31231,250600,141.0,1279.0,793127.1,451.4744964938683,4.095289936281259
2506103,Fagundes - PB,11049,250610,60.0,411.0,120961.4,543.0355688297583,3.719793646483845
2506202,Frei Martinho - PB,2846,250620,10.0,33.0,33079.0,351.3703443429374,1.1595221363316937
2506251,Gado Bravo - PB,8179,250625,37.0,59.0,85089.1,452.3780413253454,0.7213595794106858
2506301,Guarabira - PB,57484,250630,255.0,3918.0,1325438.8,443.6016978637534,6.815809616588964
2506400,Gurinhém - PB,13766,250640,46.0,124.0,170587.5,334.1566177538864,0.9007700130756937
2506509,Gurjão - PB,3242,250650,18.0,30.0,43684.3,555.2128315854411,0.9253547193090685
2506608,Ibiara - PB,5631,250660,27.0,40.0,60876.6,479.48854555141185,0.7103534008169065
2506707,Imaculada - PB,10392,250670,39.0,35.0,102541.8,375.28868360277136,0.3367975365665897
2506806,Ingá - PB,17692,250680,78.0,360.0,236604.4,440.8772326475243,2.0348179968347275
2506905,Itabaiana - PB,23182,250690,136.0,935.0,370500.3,586.6620653955656,4.033301699594513
2507002,Itaporanga - PB,23940,250700,125.0,608.0,377082.4,522.1386800334168,2.5396825396825395
2507101,Itapororoca - PB,18382,250710,65.0,255.0,234764.2,353.6067892503536,1.3872266347513873
2507200,Itatuba - PB,10499,250720,36.0,126.0,180344.1,342.8897990284789,1.200114296599676
2507309,Jacaraú - PB,14477,250730,58.0,184.0,192521.0,400.63549077847625,1.2709815569524072
2507408,Jericó - PB,7516,250740,34.0,106.0,86264.3,452.3682810005322,1.410324640766365
2507507,João Pessoa - PB,833932,250750,3171.0,242944.0,24669918.6,380.2468306768418,29.132351318812567
2507606,Juarez Távora - PB,7796,250760,32.0,131.0,84468.7,410.4669061056952,1.6803488968701898
2507705,Juazeirinho - PB,17007,250770,68.0,299.0,220993.2,399.8353619098018,1.75809960604457
2507804,Junco do Seridó - PB,6793,250780,33.0,76.0,105293.8,485.79419991167373,1.1187987634329457
2507903,Juripiranga - PB,10012,250790,65.0,180.0,130971.5,649.2209348781463,1.797842588893328
2508000,Juru - PB,9234,250800,32.0,77.0,96436.9,346.54537578514186,0.8338748104829976
2508109,Lagoa - PB,4415,250810,13.0,55.0,57360.5,294.4507361268403,1.245753114382786
2508208,Lagoa de Dentro - PB,7819,250820,29.0,74.0,93702.7,370.8914183399412,0.9464125847295051
2508307,Lagoa Seca - PB,27730,250830,102.0,1587.0,357094.2,367.83267219617744,5.7230436350522895
2508406,Lastro - PB,3162,250840,10.0,17.0,34151.0,316.25553447185325,0.5376344086021506
2508505,Livramento - PB,6877,250850,40.0,49.0,75589.0,581.6489748436819,0.7125199941835103
2508554,Logradouro - PB,4797,250855,13.0,23.0,54880.1,271.00271002710025,0.4794663331248697
2508604,Lucena - PB,12560,250860,52.0,530.0,249895.6,414.01273885350315,4.219745222929936
2508703,Mãe d'Água - PB,3583,250870,10.0,17.0,41425.1,279.09572983533354,0.47446274072006694
2508802,Malta - PB,6046,250880,27.0,76.0,68216.1,446.5762487595104,1.257029440952696
2508901,Mamanguape - PB,44599,250890,187.0,1474.0,893543.8,419.29191237471696,3.305006838718357
2509008,Manaíra - PB,10434,250900,51.0,48.0,105530.9,488.786658999425,0.46003450258769407
2509057,Marcação - PB,8999,250905,31.0,32.0,109424.8,344.4827203022558,0.35559506611845765
2509107,Mari - PB,21512,250910,83.0,301.0,257312.1,385.83116400148754,1.399219040535515
2509156,Marizópolis - PB,6705,250915,36.0,70.0,87286.2,536.9127516778523,1.0439970171513795
2509206,Massaranduba - PB,14139,250920,51.0,271.0,161375.9,360.7044345427541,1.9166843482565952
2509305,Mataraca - PB,8244,250930,37.0,117.0,196941.6,448.81125667151866,1.4192139737991267
2509339,Matinhas - PB,4571,250933,9.0,30.0,64161.5,196.8934587617589,0.656311529205863
2509370,Mato Grosso - PB,2543,250937,6.0,31.0,34675.5,235.94180102241447,1.2190326386158081
2509396,Maturéia - PB,6433,250939,33.0,30.0,68505.0,512.9799471475206,0.46634540649774603
2509404,Mogeiro - PB,13899,250940,39.0,147.0,189354.6,280.5957263112454,1.057630045327002
2509503,Montadas - PB,5812,250950,15.0,203.0,64384.5,258.086717136958,3.492773571920165
2509602,Monte Horebe - PB,4338,250960,20.0,21.0,53561.1,461.04195481788844,0.48409405255878285
2509701,Monteiro - PB,32277,250970,149.0,921.0,753021.0,461.6290237630511,2.853425039501812
2509800,Mulungu - PB,8791,250980,37.0,75.0,100809.9,420.88499601865544,0.8531452621999773
2509909,Natuba - PB,8945,250990,30.0,51.0,110578.2,335.3828954723309,0.5701509223029626
2510006,Nazarezinho - PB,7203,251000,32.0,78.0,69768.5,444.25933638761626,1.0828821324448146
2510105,Nova Floresta - PB,9724,251010,44.0,125.0,102651.0,452.48868778280547,1.2854792266556974
2510204,Nova Olinda - PB,5787,251020,25.0,35.0,63671.7,432.00276481769487,0.6048038707447727
2510303,Nova Palmeira - PB,4259,251030,15.0,79.0,49123.8,352.1953510213665,1.854895515379197
2510402,Olho d'Água - PB,6060,251040,32.0,61.0,67370.0,528.0528052805281,1.0066006600660065
2510501,Olivedos - PB,3580,251050,12.0,72.0,46787.0,335.195530726257,2.011173184357542
2510600,Ouro Velho - PB,2918,251060,18.0,35.0,42297.5,616.860863605209,1.1994516792323509
2510659,Parari - PB,1720,251065,18.0,11.0,24668.9,1046.5116279069766,0.6395348837209303
2510709,Passagem - PB,2463,251070,8.0,31.0,32130.2,324.8071457572067,1.2586276898091757
2510808,Patos - PB,103165,251080,446.0,6622.0,2210177.4,432.3171618281394,6.4188436000581595
2510907,Paulista - PB,11834,251090,53.0,2432.0,178361.7,447.86209227649147,20.550954875781645
2511004,Pedra Branca - PB,3739,251100,27.0,27.0,42759.0,722.1182134260497,0.7221182134260498
2511103,Pedra Lavrada - PB,6859,251110,27.0,51.0,84890.3,393.64338824901586,0.7435486222481411
2511202,Pedras de Fogo - PB,29662,251120,126.0,911.0,695261.3,424.7859213808914,3.0712696379205715
2511301,Piancó - PB,16441,251130,70.0,244.0,224955.8,425.7648561523022,1.4840946414451675
2511400,Picuí - PB,18333,251140,65.0,371.0,245332.1,354.55190094365355,2.0236731576937763
2511509,Pilar - PB,12311,251150,57.0,145.0,139093.8,463.0005685971895,1.1778084639753066
2511608,Pilões - PB,6815,251160,32.0,119.0,108635.6,469.55245781364636,1.7461482024944974
2511707,Pilõezinhos - PB,5329,251170,14.0,37.0,58975.3,262.7134546819291,0.6943141302308126
2511806,Pirpirituba - PB,9340,251180,43.0,167.0,106136.2,460.3854389721628,1.7880085653104925
2511905,Pitimbu - PB,16751,251190,76.0,552.0,427279.6,453.7042564623008,3.295325652199869
2512002,Pocinhos - PB,17469,251200,66.0,594.0,295224.4,377.81212433453544,3.400309119010819
2512036,Poço Dantas - PB,3830,251203,16.0,8.0,46464.0,417.75456919060053,0.20887728459530025
2512077,Poço de José de Moura - PB,4006,251207,8.0,37.0,52955.1,199.700449326011,0.9236145781328009
2512101,Pombal - PB,32473,251210,147.0,982.0,514593.8,452.6837680534598,3.024050749853725
2512200,Prata - PB,3915,251220,13.0,55.0,65920.0,332.0561941251596,1.40485312899106
2512309,Princesa Isabel - PB,21114,251230,76.0,299.0,299712.3,359.95074358245716,1.4161220043572984
2512408,Puxinanã - PB,14277,251240,59.0,541.0,168481.5,413.2520837711004,3.7893114800028016
2512507,Queimadas - PB,47658,251250,157.0,3331.0,688425.9,329.43052582987116,6.989382684963699
2512606,Quixaba - PB,1743,251260,11.0,18.0,29630.6,631.0958118187034,1.0327022375215147
2512705,Remígio - PB,17885,251270,79.0,560.0,194545.2,441.7109309477215,3.131115459882583
2512721,Pedro Régis - PB,5766,251272,28.0,20.0,60802.5,485.6052722858134,0.346860908775581
2512747,Riachão - PB,2927,251274,17.0,14.0,38501.5,580.7994533652203,0.47830543218312266
2512754,Riachão do Bacamarte - PB,4690,251275,22.0,68.0,57921.2,469.0831556503198,1.4498933901918978
2512762,Riachão do Poço - PB,4738,251276,17.0,41.0,62938.6,358.8011819333052,0.8653440270156184
2512788,Riacho de Santo Antônio - PB,1955,251278,13.0,39.0,32621.4,664.9616368286445,1.9948849104859334
2512804,Riacho dos Cavalos - PB,8493,251280,41.0,38.0,103303.5,482.75050041210403,0.44742729306487694
2512903,Rio Tinto - PB,24581,251290,111.0,690.0,357814.7,451.5682844473374,2.8070460925104754
2513000,Salgadinho - PB,3355,251300,10.0,7.0,34736.7,298.06259314456037,0.20864381520119224
2513109,Salgado de São Félix - PB,11505,251310,37.0,92.0,140789.6,321.59930465015213,0.7996523250760539
2513158,Santa Cecília - PB,7670,251315,24.0,19.0,81960.8,312.9074315514993,0.24771838331160367
2513208,Santa Cruz - PB,5947,251320,26.0,63.0,64858.6,437.19522448293253,1.0593576593240288
2513307,Santa Helena - PB,5865,251330,31.0,17.0,67436.0,528.5592497868713,0.2898550724637681
2513356,Santa Inês - PB,3227,251335,9.0,10.0,37776.3,278.89680818097304,0.30988534242330334
2513406,Santa Luzia - PB,14959,251340,52.0,505.0,794095.9,347.61681930610337,3.375894110568888
2513505,Santana de Mangueira - PB,5010,251350,9.0,19.0,54851.2,179.64071856287424,0.3792415169660679
2513604,Santana dos Garrotes - PB,6569,251360,39.0,45.0,75269.2,593.6976708783681,0.6850357740904247
2513653,Joca Claudino - PB,2539,251365,7.0,25.0,35228.4,275.69909413154784,0.9846396218983853
2513703,Santa Rita - PB,149910,251370,695.0,10068.0,2846355.2,463.61150023347346,6.716029617770662
2513802,Santa Teresinha - PB,4402,251380,25.0,30.0,62606.9,567.9236710586098,0.6815084052703316
2513851,Santo André - PB,2622,251385,13.0,423.0,34481.9,495.80472921434017,16.132723112128147
2513901,São Bento - PB,32235,251390,149.0,483.0,627757.0,462.23049480378467,1.498371335504886
2513927,São Bentinho - PB,4327,251392,13.0,24.0,58645.7,300.43910330483016,0.5546568061012249
2513943,São Domingos do Cariri - PB,2585,251394,12.0,15.0,33208.1,464.21663442940036,0.5802707930367506
2513968,São Domingos - PB,2595,251396,10.0,10.0,39036.4,385.35645472061657,0.3853564547206166
2513984,São Francisco - PB,3137,251398,22.0,30.0,42733.0,701.3069811922219,0.956327701625757
2514008,São João do Cariri - PB,4226,251400,17.0,110.0,61607.6,402.27165168007576,2.602934216753431
2514107,São João do Tigre - PB,4263,251410,18.0,19.0,45782.1,422.237860661506,0.4456955195871452
2514206,São José da Lagoa Tapada - PB,7126,251420,36.0,56.0,78660.7,505.1922537187763,0.7858546168958742
2514305,São José de Caiana - PB,5034,251430,15.0,30.0,55327.6,297.97377830750895,0.5959475566150179
2514404,São José de Espinharas - PB,4083,251440,20.0,9.0,58222.7,489.83590497183445,0.2204261572373255
2514453,São José dos Ramos - PB,5891,251445,15.0,12.0,69570.8,254.6257002206756,0.2037005601765405
2514503,São José de Piranhas - PB,19067,251450,82.0,344.0,255978.3,430.06241149630256,1.8041642628625374
2514552,São José de Princesa - PB,3416,251455,9.0,1.0,37035.9,263.4660421545667,0.02927400468384075
2514602,São José do Bonfim - PB,3242,251460,12.0,16.0,35043.3,370.1418877236274,0.4935225169648365
2514651,São José do Brejo do Cruz - PB,1699,251465,6.0,0.0,32475.6,353.1489111241907,0.0
2514701,São José do Sabugi - PB,4138,251470,16.0,61.0,279771.8,386.66022232962786,1.4741420976317061
2514800,São José dos Cordeiros - PB,3411,251480,17.0,22.0,40204.1,498.3875696276752,0.6449721489299325
2514909,São Mamede - PB,7470,251490,36.0,122.0,130821.3,481.9277108433735,1.6331994645247656
2515005,São Miguel de Taipu - PB,7066,251500,38.0,34.0,98867.0,537.786583639966,0.4811774695726012
2515104,São Sebastião de Lagoa de Roça - PB,11040,251510,38.0,333.0,114293.8,344.2028985507246,3.016304347826087
2515203,São Sebastião do Umbuzeiro - PB,3279,251520,14.0,24.0,40190.9,426.95943885330894,0.7319304666056725
2515302,Sapé - PB,51306,251530,211.0,1619.0,766290.4,411.2579425408334,3.15557634584649
2515401,São Vicente do Seridó - PB,10291,251540,36.0,44.0,98023.7,349.8202312700418,0.4275580604411622
2515500,Serra Branca - PB,13614,251550,57.0,403.0,160559.5,418.68664609960337,2.960188041721757
2515609,Serra da Raiz - PB,3094,251560,14.0,26.0,41753.0,452.48868778280547,0.8403361344537815
2515708,Serra Grande - PB,2942,251570,11.0,22.0,36499.8,373.89530931339226,0.7477906186267845
2515807,Serra Redonda - PB,6828,251580,34.0,87.0,65848.0,497.949619214997,1.2741652021089631
2515906,Serraria - PB,4885,251590,22.0,71.0,70089.0,450.35823950870014,1.4534288638689867
2515930,Sertãozinho - PB,5054,251593,16.0,131.0,60561.5,316.58092599920855,2.59200633161852
2515971,Sobrado - PB,8236,251597,25.0,107.0,121745.3,303.5454103933949,1.29917435648373
2516003,Solânea - PB,26774,251600,112.0,792.0,381992.7,418.31627698513483,2.9580936729663105
2516102,Soledade - PB,13968,251610,63.0,402.0,299841.4,451.0309278350515,2.8780068728522337
2516151,Sossêgo - PB,3345,251615,10.0,8.0,42450.0,298.95366218236177,0.2391629297458894
2516201,Sousa - PB,67259,251620,295.0,4341.0,1466568.2,438.6030122362807,6.4541548342972686
2516300,Sumé - PB,17166,251630,93.0,436.0,226700.1,541.768612373296,2.539904462309216
2516409,Tacima - PB,8010,251640,27.0,44.0,94201.5,337.07865168539325,0.5493133583021224
2516508,Taperoá - PB,14068,251650,59.0,283.0,150681.8,419.39152686949103,2.011657662780779
2516607,Tavares - PB,14101,251660,53.0,104.0,154106.1,375.8598680944614,0.7375363449400753
2516706,Teixeira - PB,14631,251670,60.0,188.0,188082.2,410.0881689563256,1.284942929396487
2516755,Tenório - PB,2966,251675,8.0,17.0,36698.7,269.72353337828724,0.5731625084288604
2516805,Triunfo - PB,9892,251680,31.0,194.0,102133.6,313.38455317428225,1.9611807521229276
2516904,Uiraúna - PB,14930,251690,72.0,586.0,219080.5,482.25050234427323,3.9249832551908908
2517001,Umbuzeiro - PB,9124,251700,34.0,161.0,95803.9,372.6435773783428,1.7645769399386235
2517100,Várzea - PB,2668,251710,12.0,40.0,41254.6,449.7751124437781,1.4992503748125936
2517209,Vieirópolis - PB,4864,251720,10.0,17.0,49371.0,205.5921052631579,0.3495065789473684
2517407,Zabelê - PB,2228,251740,3.0,9.0,30160.8,134.64991023339317,0.4039497307001795
2600054,Abreu e Lima - PE,98462,260005,435.0,17469.0,1942161.2,441.79480408685583,17.741869959984562
2600104,Afogados da Ingazeira - PE,40241,260010,143.0,929.0,601793.6,355.3589622524291,2.3085907407867596
2600203,Afrânio - PE,18674,260020,69.0,555.0,248783.9,369.49769733319056,2.9720466959408802
2600302,Agrestina - PE,23779,260030,127.0,699.0,339884.5,534.0846965810168,2.939568526851424
2600401,Água Preta - PE,26461,260040,130.0,171.0,253239.9,491.2890669286875,0.6462340803446581
2600500,Águas Belas - PE,41548,260050,179.0,617.0,451412.1,430.8269952825647,1.4850293636276113
2600609,Alagoinha - PE,13542,260060,65.0,226.0,166384.2,479.9881849062177,1.668881996750849
2600708,Aliança - PE,35741,260070,190.0,1120.0,435530.8,531.6023614336476,3.1336560252930807
2600807,Altinho - PE,20674,260080,102.0,789.0,256376.2,493.37331914481956,3.816387733384928
2600906,Amaraji - PE,18205,260090,95.0,304.0,248291.7,521.8346608074705,1.6698709145839055
2601003,Angelim - PE,10241,260100,51.0,319.0,151341.4,497.99824235914457,3.1149301825993554
2601052,Araçoiaba - PE,19243,260105,71.0,444.0,177209.1,368.96533804500336,2.307332536506782
2601102,Araripina - PE,85088,260110,319.0,1679.0,1539413.5,374.90597969161337,1.973251222264009
2601201,Arcoverde - PE,77742,260120,334.0,5259.0,1360081.8,429.6261994803324,6.764683182835533
2601300,Barra de Guabiraba - PE,12263,260130,55.0,141.0,173697.8,448.5036288020876,1.1498002120198973
2601409,Barreiros - PE,40121,260140,215.0,827.0,563603.7,535.8789661274644,2.0612646743600607
2601508,Belém de Maria - PE,10378,260150,50.0,74.0,100935.1,481.7883985353632,0.7130468298323377
2601607,Belém do São Francisco - PE,18301,260160,71.0,307.0,612707.8,387.95694224359323,1.6775039615321568
2601706,Belo Jardim - PE,79507,260170,348.0,5561.0,3276283.7,437.6973096708466,6.994352698504534
2601805,Betânia - PE,11232,260180,50.0,36.0,113173.5,445.15669515669515,0.3205128205128205
2601904,Bezerros - PE,61694,260190,326.0,2829.0,1200901.0,528.4144325218011,4.585535060135507
2602001,Bodocó - PE,34478,260200,97.0,347.0,338010.3,281.3388247578166,1.0064388885666222
2602100,Bom Conselho - PE,44294,260210,173.0,1516.0,728908.1,390.572086512846,3.4225854517541876
2602209,Bom Jardim - PE,37629,260220,162.0,338.0,387052.8,430.5190145898111,0.8982433761194824
2602308,Bonito - PE,37474,260230,169.0,1108.0,624055.4,450.9793456796712,2.956716656882105
2602407,Brejão - PE,9079,260240,45.0,196.0,201664.7,495.6493005837647,2.1588280647648417
2602506,Brejinho - PE,7720,260250,38.0,32.0,93476.9,492.2279792746114,0.41450777202072536
2602605,Brejo da Madre de Deus - PE,48648,260260,213.0,1232.0,490436.3,437.83917118894914,2.5324782108205888
2602704,Buenos Aires - PE,12808,260270,59.0,58.0,149124.1,460.6495940037476,0.452841973766396
2602803,Buíque - PE,52097,260280,174.0,518.0,578158.7,333.99236040462984,0.9942990959172313
2602902,Cabo de Santo Agostinho - PE,203440,260290,1021.0,38802.0,14474713.8,501.86787259142744,19.07294534014943
2603009,Cabrobó - PE,30294,260300,122.0,923.0,482236.9,402.7200105631478,3.046807948768733
2603108,Cachoeirinha - PE,19899,260310,94.0,317.0,267051.5,472.3855470124127,1.5930448766269663
2603207,Caetés - PE,28827,260320,80.0,169.0,411350.0,277.51760502306865,0.5862559406112325
2603306,Calçado - PE,11093,260330,25.0,45.0,111556.1,225.36734877850895,0.40566122780131614
2603405,Calumbi - PE,5228,260340,29.0,79.0,56926.3,554.7054322876818,1.5110941086457537
2603454,Camaragibe - PE,147771,260345,694.0,28563.0,2277081.4,469.64560028693046,19.32923239336541
2603504,Camocim de São Félix - PE,17419,260350,57.0,506.0,188598.7,327.22888799586656,2.9048739881738332
2603603,Camutanga - PE,7750,260360,34.0,119.0,391183.6,438.7096774193549,1.535483870967742
2603702,Canhotinho - PE,24329,260370,87.0,330.0,276707.0,357.5979283982079,1.3564059353035471
2603801,Capoeiras - PE,18338,260380,69.0,170.0,238706.7,376.26785909041337,0.9270367542807285
2603900,Carnaíba - PE,18644,260390,70.0,120.0,198851.7,375.45591074876637,0.6436387041407423
2603926,Carnaubeira da Penha - PE,12239,260392,55.0,18.0,102753.0,449.3831195359098,0.1470708391208432
2604007,Carpina - PE,79293,260400,364.0,6290.0,1877611.9,459.05691549064863,7.932604391308186
2604106,Caruaru - PE,378048,260410,1550.0,55076.0,9587869.5,410.0008464533604,14.568520399525987
2604155,Casinhas - PE,12967,260415,61.0,55.0,111258.8,470.42492480913086,0.42415362072954427
2604205,Catende - PE,32156,260420,187.0,563.0,376204.7,581.5399925363852,1.7508396566737157
2604304,Cedro - PE,10518,260430,46.0,126.0,123537.5,437.3455029473284,1.1979463776383343
2604403,Chã de Alegria - PE,12984,260440,53.0,246.0,190073.9,408.19470117067164,1.8946395563770795
2604502,Chã Grande - PE,20546,260450,84.0,304.0,259385.6,408.83870339725496,1.4796067361043512
2604601,Condado - PE,24587,260460,134.0,1507.0,289546.0,545.0034571114817,6.129255297514947
2604700,Correntes - PE,17131,260470,54.0,146.0,200065.7,315.2180258011792,0.8522561438328178
2604809,Cortês - PE,10198,260480,62.0,115.0,131068.9,607.9623455579525,1.12767209256717
2604908,Cumaru - PE,15920,260490,65.0,266.0,145927.7,408.2914572864322,1.670854271356784
2605004,Cupira - PE,23518,260500,118.0,941.0,301381.0,501.7433455225784,4.001190577430053
2605103,Custódia - PE,37699,260510,136.0,504.0,754985.2,360.75227459614314,1.3369054882092364
2605152,Dormentes - PE,17188,260515,63.0,1480.0,285811.6,366.5347917151501,8.610658599022573
2605202,Escada - PE,59891,260520,328.0,3938.0,1604330.6,547.6615852131372,6.575278422467483
2605301,Exu - PE,31843,260530,113.0,372.0,362060.4,354.8660616147976,1.1682316364664134
2605400,Feira Nova - PE,21427,260540,97.0,359.0,255594.9,452.6998646567415,1.6754562001213422
2605459,Fernando de Noronha - PE,3167,260545,4.0,656.0,301152.0,126.30249447426586,20.713609093779603
2605509,Ferreiros - PE,15026,260550,59.0,131.0,152316.9,392.6527352588846,0.8718221748968455
2605608,Flores - PE,20347,260560,96.0,119.0,204658.6,471.8140266378336,0.5848528038531479
2605707,Floresta - PE,30137,260570,86.0,683.0,550801.6,285.3635066529515,2.266317151674022
2605806,Frei Miguelinho - PE,13636,260580,57.0,163.0,136979.2,418.0111469639191,1.1953652097389265
2605905,Gameleira - PE,18214,260590,101.0,238.0,239836.9,554.5185022510157,1.3066871637202153
2606002,Garanhuns - PE,142506,260600,603.0,16562.0,3537056.7,423.14007831249216,11.621966794380588
2606101,Glória do Goitá - PE,29347,260610,96.0,1965.0,601948.0,327.120318942311,6.695744028350428
2606200,Goiana - PE,81055,260620,348.0,13956.0,12768634.7,429.3381037567084,17.217938436863857
2606309,Granito - PE,6967,260630,26.0,54.0,83022.4,373.18788574709345,0.775082531936271
2606408,Gravatá - PE,86516,260640,386.0,4054.0,1398192.4,446.16024781543297,4.685838457626335
2606507,Iati - PE,17165,260650,72.0,93.0,213964.7,419.45819982522573,0.5418001747742499
2606606,Ibimirim - PE,26593,260660,111.0,172.0,365085.2,417.40307599744295,0.6467867483924341
2606705,Ibirajuba - PE,7140,260670,35.0,42.0,90588.3,490.19607843137254,0.5882352941176471
2606804,Igarassu - PE,115196,260680,468.0,20371.0,3582882.2,406.264106392583,17.683773742143824
2606903,Iguaracy - PE,11081,260690,42.0,86.0,117172.8,379.0271636133923,0.7761032397798032
2607000,Inajá - PE,25603,260700,55.0,64.0,241060.3,214.81857594813107,0.24997070655782525
2607109,Ingazeira - PE,4765,260710,10.0,33.0,59766.2,209.86358866736623,0.6925498426023086
2607208,Ipojuca - PE,98932,260720,372.0,7415.0,17815112.4,376.0158492702058,7.495047103060688
2607307,Ipubi - PE,29009,260730,112.0,157.0,364184.3,386.0870764245579,0.541211348202282
2607406,Itacuruba - PE,4284,260740,8.0,64.0,81087.8,186.74136321195147,1.4939309056956116
2607505,Itaíba - PE,32650,260750,88.0,149.0,341185.5,269.5252679938744,0.45635528330781006
2607604,Ilha de Itamaracá - PE,24540,260760,97.0,1032.0,297782.6,395.2730236348818,4.205378973105135
2607653,Itambé - PE,34935,260765,165.0,1140.0,529257.4,472.30571060541007,3.2632030914555603
2607703,Itapetim - PE,13791,260770,77.0,120.0,160416.1,558.3351461097817,0.8701326952360234
2607752,Itapissuma - PE,27749,260775,97.0,2308.0,2732811.9,349.56214638365344,8.317416843850229
2607802,Itaquitinga - PE,16554,260780,103.0,1110.0,189703.8,622.2061133260844,6.7053280173976075
2607901,Jaboatão dos Guararapes - PE,644037,260790,2856.0,150151.0,18514597.8,443.4527829922815,23.3140331999559
2607950,Jaqueira - PE,10247,260795,56.0,149.0,124767.4,546.5014150483069,1.4540841221821021
2608008,Jataúba - PE,15843,260800,71.0,157.0,166513.4,448.14744682194026,0.9909739317048539
2608057,Jatobá - PE,14020,260805,64.0,396.0,161439.4,456.490727532097,2.82453637660485
2608107,João Alfredo - PE,27725,260810,138.0,340.0,333326.0,497.74571686203785,1.2263300270513977
2608206,Joaquim Nabuco - PE,13269,260820,65.0,97.0,167790.4,489.86359183058255,0.731027206270254
2608255,Jucati - PE,11517,260825,55.0,124.0,128676.6,477.5549188156638,1.0766692715116783
2608305,Jupi - PE,15329,260830,77.0,322.0,205887.7,502.31587187683476,2.1005936460303998
2608404,Jurema - PE,13648,260840,63.0,141.0,135761.8,461.6060961313013,1.0331184056271983
2608453,Lagoa do Carro - PE,17981,260845,70.0,524.0,296864.2,389.2998164729437,2.9141871975974643
2608503,Lagoa de Itaenga - PE,19003,260850,96.0,213.0,444479.9,505.18339209598486,1.1208756512129663
2608602,Lagoa do Ouro - PE,11933,260860,52.0,75.0,137606.4,435.7663621888879,0.628509176233973
2608701,Lagoa dos Gatos - PE,14076,260870,64.0,185.0,150140.4,454.6746234725774,1.314293833475419
2608750,Lagoa Grande - PE,24088,260875,89.0,1025.0,514910.8,369.4785785453338,4.2552308203254725
2608800,Lajedo - PE,39582,260880,211.0,1484.0,692122.3,533.0705876408468,3.74917891971098
2608909,Limoeiro - PE,56510,260890,270.0,2028.0,879346.8,477.7915413201203,3.5887453548044594
2609006,Macaparana - PE,23879,260900,121.0,341.0,316671.4,506.72138699275513,1.4280329997068555
2609105,Machados - PE,11333,260910,59.0,99.0,239370.9,520.6035471631519,0.8735551045618989
2609154,Manari - PE,23763,260915,41.0,31.0,162688.3,172.53713756680554,0.13045490889197492
2609204,Maraial - PE,9359,260920,51.0,67.0,98381.7,544.9300138903728,0.715888449620686
2609303,Mirandiba - PE,14166,260930,54.0,84.0,202095.5,381.19440914866584,0.5929690808979247
2609402,Moreno - PE,55292,260940,277.0,5940.0,973954.7,500.9766331476525,10.742964624177096
2609501,Nazaré da Mata - PE,30648,260950,182.0,1407.0,707307.8,593.8397285304097,4.590837901331246
2609600,Olinda - PE,349976,260960,1753.0,102559.0,6430542.0,500.891489702151,29.30458088554644
2609709,Orobó - PE,21808,260970,99.0,246.0,470896.5,453.96184886280264,1.128026412325752
2609808,Orocó - PE,13613,260980,42.0,230.0,186876.5,308.52861235583634,1.6895614486152941
2609907,Ouricuri - PE,65245,260990,200.0,1107.0,856598.6,306.53689937926276,1.6966817380642194
2610004,Palmares - PE,54584,261000,301.0,1949.0,1061834.8,551.4436464898139,3.5706434119888617
2610103,Palmeirina - PE,7031,261010,32.0,99.0,84019.6,455.127293414877,1.4080500640022757
2610202,Panelas - PE,22991,261020,113.0,371.0,249257.6,491.49667261102167,1.6136749162715847
2610301,Paranatama - PE,12199,261030,62.0,111.0,264237.4,508.238380195098,0.9099106484138044
2610400,Parnamirim - PE,18612,261040,75.0,599.0,249781.5,402.9658284977434,3.218353750268644
2610509,Passira - PE,28340,261050,121.0,273.0,284208.4,426.9583627381793,0.963302752293578
2610608,Paudalho - PE,56665,261060,228.0,1387.0,1042984.9,402.3647754345716,2.447719050560311
2610707,Paulista - PE,342167,261070,1366.0,80628.0,6393105.8,399.22026378931923,23.56393223192184
2610806,Pedra - PE,22795,261080,95.0,324.0,353678.8,416.75806097828473,1.4213643342838342
2610905,Pesqueira - PE,62722,261090,353.0,2250.0,967516.9,562.8009310927586,3.5872580593731067
2611002,Petrolândia - PE,34161,261100,127.0,594.0,1499748.5,371.7689763180235,1.738824975849653
2611101,Petrolina - PE,386791,261110,1362.0,69327.0,8834261.3,352.1281518959852,17.923633176573396
2611200,Poção - PE,10500,261120,50.0,150.0,121515.7,476.19047619047626,1.4285714285714286
2611309,Pombos - PE,27552,261130,107.0,848.0,583029.6,388.35656213704993,3.077816492450639
2611408,Primavera - PE,13838,261140,51.0,153.0,275307.9,368.55036855036855,1.1056511056511056
2611507,Quipapá - PE,17928,261150,85.0,243.0,195626.4,474.11869701026325,1.355421686746988
2611533,Quixaba - PE,6554,261153,28.0,74.0,72508.7,427.22001830942935,1.1290814769606348
2611606,Recife - PE,1488920,261160,7479.0,635383.0,60078763.5,502.31039948418993,42.67408591462268
2611705,Riacho das Almas - PE,20639,261170,103.0,894.0,286997.7,499.0551867823053,4.331605213430883
2611804,Ribeirão - PE,33507,261180,181.0,1028.0,562387.6,540.1856328528366,3.0680156385232937
2611903,Rio Formoso - PE,20009,261190,79.0,367.0,369563.5,394.8223299515218,1.834174621420361
2612000,Sairé - PE,10887,261200,50.0,369.0,214022.4,459.26334160007355,3.3893634610085424
2612109,Salgadinho - PE,5727,261210,31.0,40.0,69834.2,541.2956172516151,0.6984459577440195
2612208,Salgueiro - PE,62372,261220,236.0,2220.0,1380862.3,378.3749118194062,3.559289424741871
2612307,Saloá - PE,13836,261230,62.0,89.0,195909.9,448.10638912980625,0.6432494940734317
2612406,Sanharó - PE,18624,261240,106.0,449.0,248472.4,569.1580756013745,2.410867697594502
2612455,Santa Cruz - PE,13841,261245,33.0,171.0,155452.2,238.4220793295282,1.2354598656166462
2612471,Santa Cruz da Baixa Verde - PE,11567,261247,58.0,71.0,130227.0,501.42647185960055,0.6138151638281317
2612505,Santa Cruz do Capibaribe - PE,98254,261250,273.0,6897.0,1924163.5,277.8512834083091,7.019561544568161
2612554,Santa Filomena - PE,12106,261255,44.0,65.0,119282.6,363.4561374525029,0.5369238394184701
2612604,Santa Maria da Boa Vista - PE,40578,261260,133.0,1187.0,610413.5,327.7638129035438,2.9252304204248607
2612703,Santa Maria do Cambucá - PE,14013,261270,53.0,81.0,137961.0,378.2202240776422,0.5780346820809248
2612802,Santa Terezinha - PE,10244,261280,38.0,48.0,114030.8,370.9488481062085,0.4685669660288949
2612901,São Benedito do Sul - PE,13113,261290,47.0,141.0,125362.3,358.42293906810033,1.0752688172043012
2613008,São Bento do Una - PE,49449,261300,199.0,1333.0,1589736.1,402.43483184695344,2.695706687698437
2613107,São Caitano - PE,37126,261310,178.0,1420.0,542553.1,479.44836502720466,3.824812799655228
2613206,São João - PE,23837,261320,106.0,236.0,293432.4,444.6868313965684,0.9900574736753787
2613305,São Joaquim do Monte - PE,20037,261330,99.0,265.0,193748.2,494.08594100913314,1.3225532764385886
2613404,São José da Coroa Grande - PE,18825,261340,86.0,465.0,358490.5,456.8393094289509,2.4701195219123506
2613503,São José do Belmonte - PE,34843,261350,141.0,522.0,397691.1,404.6723875670867,1.4981488390781506
2613602,São José do Egito - PE,31004,261360,149.0,558.0,457226.8,480.5831505612179,1.7997677719004
2613701,São Lourenço da Mata - PE,111249,261370,520.0,13000.0,1549069.7,467.4199318645561,11.685498296613902
2613800,São Vicente Férrer - PE,16677,261380,81.0,198.0,302255.8,485.6988667026443,1.1872638963842417
2613909,Serra Talhada - PE,92228,261390,330.0,4284.0,1903947.2,357.80890835754866,4.645010192132541
2614006,Serrita - PE,18207,261400,47.0,73.0,175837.3,258.14247267534466,0.4009446916021311
2614105,Sertânia - PE,32811,261410,120.0,822.0,372221.8,365.7310048459358,2.5052573831946603
2614204,Sirinhaém - PE,37596,261420,159.0,415.0,732786.5,422.9173316310245,1.1038408341312906
2614303,Moreilândia - PE,10540,261430,26.0,85.0,93144.4,246.67931688804552,0.8064516129032258
2614402,Solidão - PE,5210,261440,13.0,11.0,61668.9,249.52015355086374,0.21113243761996162
2614501,Surubim - PE,64120,261450,259.0,2140.0,968590.9,403.93013100436684,3.337492202121023
2614600,Tabira - PE,27681,261460,129.0,261.0,319694.1,466.02362631407823,0.9428850113796466
2614709,Tacaimbó - PE,13738,261470,58.0,248.0,198366.5,422.186635609259,1.805211821225797
2614808,Tacaratu - PE,23902,261480,71.0,149.0,240651.7,297.04627227847044,0.6233787967534097
2614857,Tamandaré - PE,23561,261485,103.0,455.0,408347.9,437.1631085268028,1.9311574211620899
2615003,Taquaritinga do Norte - PE,24736,261500,112.0,595.0,366125.6,452.7813712807244,2.4054010349288486
2615102,Terezinha - PE,6513,261510,26.0,85.0,76191.3,399.2015968063872,1.3050821434054967
2615201,Terra Nova - PE,8920,261520,20.0,74.0,115451.2,224.2152466367713,0.8295964125560539
2615300,Timbaúba - PE,46147,261530,245.0,1480.0,901619.6,530.9120852926517,3.2071423927882634
2615409,Toritama - PE,41137,261540,125.0,2651.0,768526.6,303.8627026764227,6.444320198361572
2615508,Tracunhaém - PE,13867,261550,69.0,300.0,184770.2,497.58419268767574,2.163409533424677
2615607,Trindade - PE,30321,261560,130.0,359.0,640191.5,428.74575376801556,1.1839978892516736
2615706,Triunfo - PE,14705,261570,63.0,411.0,177202.7,428.42570554233254,2.7949676980618836
2615805,Tupanatinga - PE,26937,261580,64.0,228.0,272240.6,237.59141701006052,0.8464194230983405
2615904,Tuparetama - PE,8005,261590,43.0,107.0,91119.5,537.1642723297939,1.3366645846346032
2616001,Venturosa - PE,17251,261600,82.0,355.0,248461.3,475.33476320213316,2.0578517187409426
2616100,Verdejante - PE,9169,261610,37.0,52.0,89660.7,403.533645981023,0.567128367324681
2616183,Vertente do Lério - PE,7558,261618,23.0,41.0,92447.6,304.3133103995766,0.5424715533209844
2616209,Vertentes - PE,21959,261620,70.0,394.0,212447.9,318.77590054191904,1.794252925907373
2616308,Vicência - PE,26359,261630,135.0,400.0,557087.2,512.1590348647521,1.5175082514511173
2616407,Vitória de Santo Antão - PE,134084,261640,621.0,16528.0,5429995.1,463.14250768175174,12.326601235046688
2616506,Xexéu - PE,11611,261650,68.0,85.0,193886.8,585.6515373352855,0.7320644216691069
2700102,Água Branca - AL,19008,270010,59.0,210.0,218171.8,310.3956228956229,1.10479797979798
2700201,Anadia - AL,13966,270020,71.0,403.0,234236.9,508.37748818559356,2.885579263926679
2700300,Arapiraca - AL,234696,270030,933.0,21736.0,5859831.3,397.53553533081094,9.261342332208473
2700409,Atalaia - AL,37512,270040,209.0,1185.0,1135583.1,557.1550437193431,3.1589891234804863
2700508,Barra de Santo Antônio - AL,16365,270050,98.0,325.0,268712.3,598.8389856400856,1.9859456156431408
2700607,Barra de São Miguel - AL,7944,270060,30.0,694.0,259441.6,377.6435045317221,8.736153071500503
2700706,Batalha - AL,16448,270070,63.0,446.0,247802.9,383.02529182879374,2.7115758754863815
2700805,Belém - AL,4722,270080,26.0,4341.0,145721.2,550.6141465480729,91.93138500635324
2700904,Belo Monte - AL,5936,270090,14.0,32.0,111702.3,235.84905660377356,0.5390835579514826
2701001,Boca da Mata - AL,21187,270100,94.0,1807.0,425181.4,443.668287157219,8.528814839288243
2701100,Branquinha - AL,9603,270110,47.0,37.0,643725.1,489.43038633760284,0.38529626158492136
2701209,Cacimbinhas - AL,10482,270120,38.0,200.0,171398.8,362.52623545124976,1.9080328181644723
2701308,Cajueiro - AL,16024,270130,89.0,571.0,207396.6,555.4168746879681,3.563404892661008
2701357,Campestre - AL,6665,270135,20.0,136.0,91713.2,300.0750187546887,2.0405101275318827
2701407,Campo Alegre - AL,32106,270140,142.0,665.0,669688.8,442.2849311655142,2.0712639382046967
2701506,Campo Grande - AL,8143,270150,47.0,1045.0,105162.7,577.1828564411151,12.833108191084367
2701605,Canapi - AL,15559,270160,78.0,130.0,204471.1,501.31756539623376,0.8355292756603895
2701704,Capela - AL,15032,270170,58.0,428.0,233253.7,385.8435337945716,2.847259180415114
2701803,Carneiros - AL,8999,270180,31.0,26.0,87643.8,344.4827203022558,0.2889209912212468
2701902,Chã Preta - AL,5910,270190,24.0,98.0,255386.2,406.0913705583757,1.6582064297800336
2702009,Coité do Nóia - AL,10810,270200,53.0,148.0,199719.6,490.2867715078631,1.3691026827012025
2702108,Colônia Leopoldina - AL,15816,270210,83.0,159.0,342422.6,524.7850278199292,1.0053110773899847
2702207,Coqueiro Seco - AL,5581,270220,25.0,316.0,95555.6,447.94839634474107,5.662067729797527
2702306,Coruripe - AL,50414,270230,226.0,2477.0,1773231.5,448.28817391994284,4.913317729202206
2702355,Craíbas - AL,25397,270235,87.0,648.0,496516.9,342.56014489900383,2.5514824585580973
2702405,Delmiro Gouveia - AL,51318,270240,218.0,1650.0,783771.5,424.8022136482326,3.215246112475155
2702504,Dois Riachos - AL,9805,270250,47.0,46.0,126223.5,479.34727180010196,0.46914839367669553
2702553,Estrela de Alagoas - AL,15429,270255,64.0,149.0,161951.8,414.8032925011342,0.9657139153542031
2702603,Feira Grande - AL,22712,270260,87.0,258.0,403888.0,383.0574145825995,1.1359633673828813
2702702,Feliz Deserto - AL,3963,270270,16.0,59.0,176508.5,403.73454453696695,1.4887711329800657
2702801,Flexeiras - AL,9618,270280,62.0,155.0,214146.0,644.624662091911,1.6115616552297776
2702900,Girau do Ponciano - AL,36102,270290,132.0,372.0,489079.5,365.6307129798903,1.0304138274887817
2703007,Ibateguara - AL,13731,270300,53.0,152.0,195194.2,385.9879105673294,1.106984196344039
2703106,Igaci - AL,23995,270310,124.0,273.0,282346.9,516.7743279849968,1.137737028547614
2703205,Igreja Nova - AL,21372,270320,76.0,83.0,514258.7,355.6054650945162,0.38835860003743217
2703304,Inhapi - AL,15167,270330,68.0,69.0,183087.8,448.341794685831,0.45493505637238746
2703403,Jacaré dos Homens - AL,5083,270340,24.0,94.0,78946.4,472.1621089907535,1.8493015935471178
2703502,Jacuípe - AL,5352,270350,25.0,13.0,155769.8,467.1150971599402,0.2428998505231689
2703601,Japaratinga - AL,9219,270360,42.0,268.0,312410.1,455.5808656036446,2.907039809089923
2703700,Jaramataia - AL,4985,270370,23.0,57.0,69404.7,461.38415245737207,1.1434302908726177
2703759,Jequiá da Praia - AL,9470,270375,33.0,105.0,341153.6,348.4688489968321,1.1087645195353748
2703809,Joaquim Gomes - AL,17150,270380,93.0,93.0,393912.8,542.2740524781341,0.5422740524781341
2703908,Jundiá - AL,4092,270390,15.0,48.0,63236.6,366.5689149560117,1.1730205278592376
2704005,Junqueiro - AL,23907,270400,95.0,599.0,594025.7,397.3731543062701,2.5055423097837455
2704104,Lagoa da Canoa - AL,18457,270410,73.0,305.0,231718.8,395.5138971663867,1.6524895703527116
2704203,Limoeiro de Anadia - AL,24740,270420,89.0,206.0,577870.6,359.74130962004847,0.8326596604688763
2704302,Maceió - AL,957916,270430,4376.0,292779.0,29381840.4,456.82502432363594,30.564162202113753
2704401,Major Isidoro - AL,17700,270440,62.0,252.0,283337.6,350.28248587570624,1.423728813559322
2704500,Maragogi - AL,32174,270450,123.0,1221.0,1141443.9,382.29626406415116,3.794989743270964
2704609,Maravilha - AL,9534,270460,47.0,128.0,104088.2,492.97251940423746,1.342563457100902
2704708,Marechal Deodoro - AL,60370,270470,244.0,8235.0,2862078.4,404.17425873778365,13.640881232400199
2704807,Maribondo - AL,13679,270480,59.0,465.0,194281.3,431.3180788069303,3.399371299071569
2704906,Mar Vermelho - AL,3155,270490,10.0,44.0,49138.1,316.9572107765452,1.3946117274167988
2705002,Mata Grande - AL,21844,270500,83.0,181.0,303389.2,379.96703900384546,0.8286028199963377
2705101,Matriz de Camaragibe - AL,23857,270510,126.0,439.0,371511.1,528.1468751309887,1.840130779226223
2705200,Messias - AL,15405,270520,75.0,569.0,274868.6,486.85491723466413,3.693605972086985
2705309,Minador do Negrão - AL,4845,270530,20.0,128.0,77725.5,412.79669762641896,2.6418988648090815
2705408,Monteirópolis - AL,7184,270540,20.0,42.0,162517.5,278.39643652561244,0.5846325167037862
2705507,Murici - AL,25187,270550,122.0,1361.0,666677.9,484.3768610791281,5.403581212530273
2705606,Novo Lino - AL,10020,270560,43.0,73.0,199091.1,429.14171656686625,0.7285429141716567
2705705,Olho d'Água das Flores - AL,20695,270570,85.0,531.0,290123.0,410.72722879922685,2.5658371587339937
2705804,Olho d'Água do Casado - AL,8349,270580,34.0,32.0,93247.5,407.23439932926095,0.3832794346628339
2705903,Olho d'Água Grande - AL,4330,270590,23.0,27.0,67755.8,531.1778290993071,0.6235565819861432
2706000,Olivença - AL,10812,270600,39.0,45.0,121166.3,360.7103218645949,0.41620421753607106
2706109,Ouro Branco - AL,11446,270610,45.0,108.0,134314.7,393.150445570505,0.943561069369212
2706208,Palestina - AL,4325,270620,13.0,14.0,51599.9,300.5780346820809,0.3236994219653179
2706307,Palmeira dos Índios - AL,71574,270630,337.0,4529.0,1240873.6,470.84136697683516,6.32771676865901
2706406,Pão de Açúcar - AL,23823,270640,80.0,432.0,248373.8,335.80993157872643,1.813373630525123
2706422,Pariconha - AL,10573,270642,44.0,52.0,126222.4,416.1543554336518,0.4918187836943157
2706448,Paripueira - AL,13835,270644,52.0,936.0,252605.7,375.858330321648,6.765449945789665
2706505,Passo de Camaragibe - AL,13804,270650,60.0,188.0,323343.6,434.65662126919733,1.3619240799768184
2706604,Paulo Jacinto - AL,6576,270660,38.0,112.0,89081.7,577.8588807785887,1.70316301703163
2706703,Penedo - AL,58650,270670,248.0,3338.0,992394.2,422.847399829497,5.691389599317988
2706802,Piaçabuçu - AL,15908,270680,82.0,268.0,401870.7,515.4639175257732,1.684686949962283
2706901,Pilar - AL,35370,270690,188.0,3015.0,889362.2,531.5238903025163,8.524173027989821
2707008,Pindoba - AL,2731,270700,10.0,64.0,50767.0,366.16623947272063,2.343463932625412
2707107,Piranhas - AL,22609,270710,101.0,612.0,333005.1,446.72475562828964,2.706886638064488
2707206,Poço das Trincheiras - AL,12518,270720,48.0,87.0,121598.5,383.4478351174309,0.6949992011503435
2707305,Porto Calvo - AL,24071,270730,114.0,862.0,423604.5,473.5989364795812,3.5810726600473597
2707404,Porto de Pedras - AL,9295,270740,36.0,173.0,418368.4,387.3050026896181,1.8612157073695537
2707503,Porto Real do Colégio - AL,20082,270750,75.0,171.0,254627.3,373.46877801015836,0.851508813863161
2707602,Quebrangulo - AL,11080,270760,47.0,220.0,172004.3,424.187725631769,1.9855595667870036
2707701,Rio Largo - AL,93927,270770,416.0,7821.0,1612079.9,442.89714352635553,8.326679229614488
2707800,Roteiro - AL,6474,270780,31.0,31.0,175267.2,478.83843064565957,0.47883843064565956
2707909,Santa Luzia do Norte - AL,6919,270790,31.0,616.0,233337.2,448.04162451221276,8.90302066772655
2708006,Santana do Ipanema - AL,46220,270800,185.0,1925.0,718308.2,400.2596278667244,4.16486369536997
2708105,Santana do Mundaú - AL,11323,270810,51.0,219.0,1540873.6,450.41066855073746,1.9341164002472842
2708204,São Brás - AL,6555,270820,29.0,99.0,104202.2,442.4103737604882,1.5102974828375286
2708303,São José da Laje - AL,20813,270830,91.0,336.0,462590.0,437.22673329169265,1.6143756306154808
2708402,São José da Tapera - AL,30604,270840,104.0,226.0,347514.3,339.8248594954908,0.7384655600575089
2708501,São Luís do Quitunde - AL,30873,270850,129.0,657.0,782973.7,417.8408317947721,2.128073073559421
2708600,São Miguel dos Campos - AL,51990,270860,245.0,3392.0,1272245.1,471.24447009040205,6.524331602231198
2708709,São Miguel dos Milagres - AL,8482,270870,32.0,197.0,282989.1,377.269511907569,2.3225654326809715
2708808,São Sebastião - AL,31786,270880,129.0,441.0,611062.1,405.839048637765,1.3874032592965455
2708907,Satuba - AL,24278,270890,96.0,2927.0,299423.7,395.41972155861276,12.056182552104787
2708956,Senador Rui Palmeira - AL,12303,270895,43.0,29.0,121207.9,349.50825002032025,0.23571486629277413
2709004,Tanque d'Arca - AL,5796,270900,25.0,61.0,87853.1,431.3319530710835,1.0524499654934438
2709103,Taquarana - AL,19032,270910,98.0,338.0,392585.1,514.9222362337116,1.7759562841530054
2709152,Teotônio Vilela - AL,38053,270915,163.0,776.0,807896.8,428.3499329882007,2.039261030667753
2709202,Traipu - AL,23565,270920,81.0,243.0,276306.1,343.7301082113304,1.031190324633991
2709301,União dos Palmares - AL,59280,270930,339.0,2390.0,1432363.2,571.8623481781377,4.031713900134952
2709400,Viçosa - AL,24092,270940,90.0,775.0,503851.8,373.5679893740661,3.216835464054458
2800100,Amparo do São Francisco - SE,2170,280010,15.0,61.0,39348.4,691.2442396313364,2.8110599078341014
2800209,Aquidabã - SE,20131,280020,90.0,557.0,293234.4,447.0716804927723,2.7668769559386024
2800308,Aracaju - SE,602757,280030,2191.0,240876.0,20604498.2,363.49640070542523,39.9623728965404
2800407,Arauá - SE,10318,280040,50.0,125.0,153674.5,484.59003682884276,1.211475092072107
2800506,Areia Branca - SE,18081,280050,70.0,425.0,282928.5,387.14672861014327,2.350533709418727
2800605,Barra dos Coqueiros - SE,41511,280060,111.0,6669.0,2283499.2,267.39900267399,16.065621160656214
2800670,Boquim - SE,24636,280067,100.0,720.0,365383.4,405.91005033284625,2.922552362396493
2800704,Brejo Grande - SE,7841,280070,26.0,43.0,108239.8,331.59035837265657,0.5483994388470859
2801009,Campo do Brito - SE,18149,280100,76.0,545.0,277079.5,418.7558543170423,3.0029202710893164
2801108,Canhoba - SE,3791,280110,14.0,48.0,77113.3,369.2957003429174,1.2661566868900025
2801207,Canindé de São Francisco - SE,26834,280120,107.0,349.0,2954227.8,398.74785719609446,1.3005888052470747
2801306,Capela - SE,31645,280130,134.0,754.0,439115.1,423.44762205719707,2.3826828882919893
2801405,Carira - SE,19939,280140,72.0,394.0,458583.8,361.1013591453935,1.9760268819900697
2801504,Carmópolis - SE,13853,280150,47.0,3058.0,362970.6,339.2766909694651,22.074640872013283
2801603,Cedro de São João - SE,5391,280160,26.0,215.0,71098.8,482.2852902986459,3.9881283620849564
2801702,Cristinápolis - SE,17100,280170,66.0,250.0,283845.5,385.96491228070175,1.461988304093567
2801900,Cumbe - SE,3824,280190,12.0,96.0,63884.0,313.8075313807531,2.510460251046025
2802007,Divina Pastora - SE,4340,280200,10.0,83.0,191830.4,230.4147465437788,1.912442396313364
2802106,Estância - SE,65078,280210,263.0,5147.0,2383397.4,404.13042810166263,7.908970773533299
2802205,Feira Nova - SE,5975,280220,29.0,31.0,112341.3,485.3556485355648,0.5188284518828452
2802304,Frei Paulo - SE,14530,280230,69.0,413.0,442101.8,474.87955953200276,2.842395044735031
2802403,Gararu - SE,11096,280240,34.0,123.0,176744.4,306.41672674837776,1.108507570295602
2802502,General Maynard - SE,3037,280250,11.0,132.0,47625.4,362.1995390187685,4.346394468225222
2802601,Graccho Cardoso - SE,5834,280260,24.0,77.0,99164.2,411.381556393555,1.3198491600959892
2802700,Ilha das Flores - SE,8321,280270,33.0,72.0,102803.9,396.5869486840524,0.8652806153106598
2802809,Indiaroba - SE,16549,280280,54.0,126.0,254736.2,326.30370415130824,0.7613753096863859
2802908,Itabaiana - SE,103440,280290,392.0,6985.0,2510210.1,378.96365042536735,6.752706883217324
2803005,Itabaianinha - SE,40678,280300,123.0,713.0,588847.1,302.37474802104333,1.7527902060081617
2803104,Itabi - SE,4745,280310,18.0,90.0,83596.0,379.34668071654374,1.8967334035827188
2803203,Itaporanga d'Ajuda - SE,34411,280320,144.0,1341.0,1099233.0,418.4708378134899,3.897009677138125
2803302,Japaratuba - SE,16209,280330,68.0,672.0,453870.6,419.52001974211856,4.145844900980936
2803401,Japoatã - SE,13407,280340,52.0,158.0,230263.7,387.8570895800701,1.1784888491086747
2803500,Lagarto - SE,101579,280350,411.0,8798.0,2127213.7,404.61118932062726,8.661239035627442
2803609,Laranjeiras - SE,23975,280360,95.0,2602.0,1415005.9,396.2460896767466,10.852971845672576
2803708,Macambira - SE,6838,280370,31.0,85.0,101487.7,453.3489324363849,1.2430535244223457
2803807,Malhada dos Bois - SE,3579,280380,15.0,60.0,58964.1,419.11148365465215,1.6764459346186085
2803906,Malhador - SE,11533,280390,51.0,188.0,185938.2,442.2093124078731,1.6301049163270613
2804003,Maruim - SE,15719,280400,68.0,1569.0,468340.8,432.59749347922894,9.98155098924868
2804102,Moita Bonita - SE,11050,280410,46.0,219.0,202404.9,416.28959276018105,1.9819004524886878
2804201,Monte Alegre de Sergipe - SE,14336,280420,40.0,153.0,238046.6,279.01785714285717,1.0672433035714286
2804300,Muribeca - SE,7822,280430,22.0,245.0,105508.2,281.2579902838149,3.1321912554333933
2804409,Neópolis - SE,16426,280440,82.0,514.0,318547.7,499.208571776452,3.1291854377206865
2804458,Nossa Senhora Aparecida - SE,9232,280445,42.0,126.0,126196.5,454.9393414211438,1.3648180242634316
2804508,Nossa Senhora da Glória - SE,41212,280450,138.0,1620.0,943165.6,334.8539260409589,3.930893914393866
2804607,Nossa Senhora das Dores - SE,24996,280460,119.0,949.0,467048.6,476.07617218755,3.796607457193151
2804706,Nossa Senhora de Lourdes - SE,6268,280470,23.0,107.0,89604.3,366.9432035737077,1.7070835992342055
2804805,Nossa Senhora do Socorro - SE,192330,280480,676.0,20405.0,3804226.3,351.4792284095045,10.609369313159673
2804904,Pacatuba - SE,12502,280490,45.0,329.0,281549.0,359.94240921452564,2.631578947368421
2805000,Pedra Mole - SE,2778,280500,10.0,23.0,58162.0,359.9712023038157,0.827933765298776
2805109,Pedrinhas - SE,7396,280510,38.0,155.0,103298.2,513.7912385073013,2.09572742022715
2805208,Pinhão - SE,5677,280520,22.0,78.0,132055.5,387.5286242733838,1.3739651224238154
2805307,Pirambu - SE,7913,280530,33.0,276.0,159527.6,417.0352584354859,3.4879312523695187
2805406,Poço Redondo - SE,33439,280540,92.0,233.0,462181.8,275.1278447321989,0.6967911719848081
2805505,Poço Verde - SE,21794,280550,82.0,366.0,392809.6,376.2503441314123,1.6793612920987429
2805604,Porto da Folha - SE,26576,280560,80.0,328.0,405211.5,301.02347983142687,1.2341962673088502
2805703,Propriá - SE,26618,280570,140.0,1803.0,573817.0,525.9598767751146,6.77361184161094
2805802,Riachão do Dantas - SE,18313,280580,83.0,126.0,365972.2,453.22994594004257,0.6880358215475345
2805901,Riachuelo - SE,8748,280590,41.0,296.0,225681.7,468.6785550983082,3.383630544124371
2806008,Ribeirópolis - SE,17033,280600,71.0,540.0,356224.0,416.8379028943815,3.1703164445488174
2806107,Rosário do Catete - SE,9295,280610,38.0,693.0,513849.3,408.82194728348577,7.455621301775148
2806206,Salgado - SE,20279,280620,71.0,622.0,286738.5,350.11588342620445,3.06721238719858
2806305,Santa Luzia do Itanhy - SE,13616,280630,59.0,41.0,217036.2,433.3137485311399,0.3011163337250294
2806404,Santana do São Francisco - SE,7346,280640,25.0,301.0,119178.5,340.3212632725293,4.097468009801252
2806503,Santa Rosa de Lima - SE,3937,280650,13.0,58.0,58258.0,330.2006604013208,1.4732029464058927
2806602,Santo Amaro das Brotas - SE,11092,280660,50.0,525.0,201708.6,450.7753335737469,4.7331410025243414
2806701,São Cristóvão - SE,95612,280670,319.0,10109.0,1175116.6,333.6401288541187,10.572940635066729
2806800,São Domingos - SE,10327,280680,30.0,124.0,139978.0,290.5006294180304,1.200735934927859
2806909,São Francisco - SE,3243,280690,11.0,45.0,52946.5,339.19210607462225,1.3876040703052728
2807006,São Miguel do Aleixo - SE,3434,280700,21.0,20.0,52286.5,611.531741409435,0.5824111822947
2807105,Simão Dias - SE,42578,280710,164.0,1403.0,897435.4,385.17544271689604,3.29512893982808
2807204,Siriri - SE,7834,280720,32.0,180.0,181479.6,408.4758743936687,2.2976767934643862
2807303,Telha - SE,3274,280730,11.0,55.0,44599.8,335.98045204642636,1.6799022602321318
2807402,Tobias Barreto - SE,50905,280740,183.0,1292.0,717304.9,359.4931735585895,2.5380610941950694
2807501,Tomar do Geru - SE,12012,280750,55.0,128.0,157899.3,457.87545787545787,1.0656010656010655
2807600,Umbaúba - SE,23917,280760,96.0,618.0,492745.7,401.3881339632897,2.5839361123886775
2900108,Abaíra - BA,7301,290010,28.0,238.0,79219.6,383.5091083413231,3.2598274209012463
2900207,Abaré - BA,17639,290020,60.0,117.0,206161.5,340.1553376041726,0.6633029083281364
2900306,Acajutiba - BA,13795,290030,88.0,126.0,157503.8,637.9122870605291,0.913374411018485
2900355,Adustina - BA,14201,290035,50.0,87.0,368395.1,352.08788113513134,0.6126329131751285
2900405,Água Fria - BA,14497,290040,60.0,241.0,159896.4,413.87873353107534,1.6624129130164862
2900504,Érico Cardoso - BA,10604,290050,31.0,72.0,89979.9,292.3425122595247,0.6789890607317993
2900603,Aiquara - BA,4447,290060,16.0,39.0,63586.6,359.7931189566,0.8769957274567124
2900702,Alagoinhas - BA,151055,290070,651.0,24013.0,5150945.9,430.96885240475325,15.896858760054286
2900801,Alcobaça - BA,24530,290080,129.0,631.0,365754.1,525.8866693844273,2.572360375050958
2900900,Almadina - BA,5218,290090,44.0,128.0,71248.2,843.234955921809,2.4530471444998083
2901007,Amargosa - BA,36521,290100,151.0,986.0,534104.1,413.4607486103886,2.6998165439062456
2901106,Amélia Rodrigues - BA,24138,290110,93.0,2607.0,483418.6,385.28461347253295,10.800397713149392
2901155,América Dourada - BA,15137,290115,50.0,41.0,172892.2,330.3164431525401,0.2708594833850829
2901205,Anagé - BA,25438,290120,78.0,149.0,260324.7,306.62787955027915,0.5857378724742511
2901304,Andaraí - BA,13080,290130,38.0,163.0,163054.2,290.519877675841,1.2461773700305812
2901353,Andorinha - BA,15012,290135,72.0,2559.0,222631.4,479.6163069544364,17.046362909672265
2901403,Angical - BA,13732,290140,57.0,110.0,203278.0,415.0888435770463,0.801048645499563
2901502,Anguera - BA,11031,290150,45.0,157.0,92255.9,407.9412564590699,1.4232617169794217
2901601,Antas - BA,14206,290160,53.0,101.0,172127.9,373.08179642404616,0.7109671969590314
2901700,Antônio Cardoso - BA,11146,290170,49.0,229.0,133060.2,439.61959447335363,2.0545487170285304
2901809,Antônio Gonçalves - BA,10862,290180,54.0,153.0,93416.3,497.14601362548336,1.4085803719388696
2901908,Aporá - BA,15922,290190,63.0,114.0,168038.9,395.67893480718504,0.7159904534606205
2901957,Apuarema - BA,6913,290195,39.0,27.0,84490.4,564.1544915376827,0.39056849414147254
2902005,Aracatu - BA,13936,290200,45.0,127.0,164867.9,322.90470723306544,0.911308840413318
2902054,Araçás - BA,11557,290205,47.0,508.0,418583.6,406.67993423898935,4.395604395604396
2902104,Araci - BA,48294,290210,139.0,1031.0,549715.9,287.8204331801052,2.1348407669689817
2902203,Aramari - BA,9833,290220,47.0,302.0,127076.1,477.9823044848978,3.0712905522221092
2902252,Arataca - BA,10191,290225,35.0,86.0,115193.7,343.44029045235993,0.8438818565400843
2902302,Aratuípe - BA,8677,290230,37.0,47.0,91212.9,426.4146594445085,0.5416618646997811
2902401,Aurelino Leal - BA,11179,290240,85.0,153.0,152785.6,760.3542356203595,1.3686376241166471
2902500,Baianópolis - BA,13614,290250,51.0,72.0,353299.8,374.614367562803,0.5288673424416042
2902609,Baixa Grande - BA,18220,290260,75.0,196.0,215809.0,411.635565312843,1.0757409440175631
2902658,Banzaê - BA,11958,290265,45.0,29.0,126552.5,376.3171098845961,0.2425154708145175
2902708,Barra - BA,51092,290270,205.0,422.0,489346.3,401.23698426368117,0.8259610115086511
2902807,Barra da Estiva - BA,26026,290280,74.0,299.0,427687.0,284.3310535618228,1.1488511488511488
2902906,Barra do Choça - BA,36539,290290,162.0,981.0,495488.3,443.361887298503,2.684802539752046
2903003,Barra do Mendes - BA,13836,290300,59.0,157.0,132407.3,426.4238219138479,1.1347210176351545
2903102,Barra do Rocha - BA,5775,290310,22.0,127.0,88764.7,380.95238095238096,2.1991341991341993
2903201,Barreiras - BA,159734,290320,523.0,14382.0,8761076.6,327.4193346438454,9.003718682309339
2903235,Barro Alto - BA,13453,290323,54.0,84.0,122267.0,401.39745781610054,0.6243960454917119
2903276,Barrocas - BA,15203,290327,49.0,781.0,278897.7,322.30480826152734,5.137143984739854
2903300,Barro Preto - BA,5833,290330,33.0,267.0,93134.6,565.7466140922339,4.577404423109892
2903409,Belmonte - BA,20121,290340,122.0,880.0,375199.7,606.3316932558024,4.3735400825008695
2903508,Belo Campo - BA,18412,290350,84.0,196.0,195500.0,456.2242016076472,1.06452313708451
2903607,Biritinga - BA,15146,290360,61.0,196.0,161989.0,402.7465997623135,1.294071041859237
2903706,Boa Nova - BA,13690,290370,61.0,127.0,130837.5,445.58071585098617,0.9276844411979547
2903805,Boa Vista do Tupim - BA,16873,290380,35.0,98.0,163553.7,207.43199193978546,0.5808095774313993
2903904,Bom Jesus da Lapa - BA,65550,290390,245.0,2504.0,1478785.7,373.76048817696415,3.8199847444698705
2903953,Bom Jesus da Serra - BA,9730,290395,43.0,31.0,81010.8,441.9321685508736,0.31860226104830425
2904001,Boninal - BA,13622,290400,39.0,56.0,131798.1,286.30157098810747,0.41109969167523125
2904050,Bonito - BA,15844,290405,50.0,97.0,250498.6,315.57687452663464,0.6122191365816713
2904100,Boquira - BA,19322,290410,73.0,187.0,200438.4,377.8076803643515,0.9678087154538868
2904209,Botuporã - BA,11024,290420,27.0,51.0,120411.6,244.92017416545718,0.46262699564586357
2904308,Brejões - BA,12943,290430,53.0,151.0,149394.3,409.4877539983002,1.1666537896932705
2904407,Brejolândia - BA,9108,290440,26.0,38.0,128957.8,285.4633289415898,0.417215634606939
2904506,Brotas de Macaúbas - BA,11765,290450,50.0,68.0,106716.1,424.9893752656183,0.577985550361241
2904605,Brumado - BA,70510,290460,241.0,6640.0,1916461.3,341.7954900014183,9.417103956885548
2904704,Buerarema - BA,14804,290470,107.0,600.0,212174.0,722.7776276681977,4.05295865982167
2904753,Buritirama - BA,19589,290475,63.0,65.0,175031.9,321.60906631272655,0.33181887794170195
2904803,Caatiba - BA,6205,290480,26.0,50.0,84896.4,419.016921837228,0.8058017727639
2904852,Cabaceiras do Paraguaçu - BA,16559,290485,66.0,180.0,157530.8,398.5747931638384,1.0870221631741048
2904902,Cachoeira - BA,29250,290490,142.0,910.0,518096.4,485.47008547008545,3.111111111111111
2905008,Caculé - BA,22462,290500,99.0,501.0,380460.0,440.7443682664055,2.230433621226961
2905107,Caém - BA,10384,290510,54.0,54.0,102600.4,520.0308166409861,0.5200308166409862
2905156,Caetanos - BA,11266,290515,28.0,53.0,102401.2,248.53541629682232,0.4704420379904137
2905206,Caetité - BA,52012,290520,189.0,2120.0,1154744.6,363.3776820733677,4.0759824655848655
2905305,Cafarnaum - BA,17466,290530,60.0,47.0,235496.5,343.52456200618343,0.269094240238177
2905404,Cairu - BA,17761,290540,60.0,210.0,2228400.6,337.81881650807946,1.1823658577782783
2905503,Caldeirão Grande - BA,13080,290550,49.0,57.0,119189.8,374.6177370030581,0.4357798165137615
2905602,Camacan - BA,22579,290560,157.0,918.0,391543.0,695.3363745072855,4.065724788520306
2905701,Camaçari - BA,300372,290570,1153.0,72646.0,30465888.6,383.8573502190617,24.18534350738418
2905800,Camamu - BA,30469,290580,149.0,311.0,496817.4,489.0216285404838,1.0207095736650367
2905909,Campo Alegre de Lourdes - BA,30671,290590,85.0,358.0,336862.0,277.13475269798835,1.1672263701868215
2906006,Campo Formoso - BA,71377,290600,280.0,3014.0,1675839.2,392.28322849097043,4.222648752399232
2906105,Canápolis - BA,10225,290610,25.0,65.0,95083.9,244.49877750611248,0.6356968215158924
2906204,Canarana - BA,24206,290620,108.0,101.0,270466.7,446.17037098240104,0.4172519210113195
2906303,Canavieiras - BA,32683,290630,135.0,492.0,438491.7,413.0587767340819,1.505369764097543
2906402,Candeal - BA,7772,290640,45.0,205.0,73428.7,579.0015440041174,2.637673700463201
2906501,Candeias - BA,72382,290650,328.0,12602.0,7207729.2,453.1513359675057,17.41040590201984
2906600,Candiba - BA,13016,290660,42.0,132.0,152302.2,322.679778733866,1.014136447449293
2906709,Cândido Sales - BA,25247,290670,128.0,640.0,262985.6,506.9909296153998,2.5349546480769996
2906808,Cansanção - BA,37439,290680,128.0,243.0,442763.4,341.88947354363097,0.6490557974304869
2906824,Canudos - BA,16105,290682,58.0,79.0,185457.8,360.1366035392735,0.49053089102763114
2906857,Capela do Alto Alegre - BA,10744,290685,44.0,127.0,134755.9,409.5309009679821,1.1820551005212212
2906873,Capim Grosso - BA,33235,290687,121.0,338.0,704240.3,364.0740183541447,1.017000150443809
2906899,Caraíbas - BA,9940,290689,34.0,38.0,98638.9,342.0523138832998,0.3822937625754527
2906907,Caravelas - BA,20580,290690,80.0,1198.0,373367.4,388.7269193391642,5.821185617103984
2907004,Cardeal da Silva - BA,8365,290700,31.0,224.0,145418.4,370.5917513448894,2.6778242677824267
2907103,Carinhanha - BA,28869,290710,89.0,184.0,337539.3,308.2891683120302,0.6373618760608265
2907202,Casa Nova - BA,72086,290720,290.0,2219.0,930298.8,402.2972560552673,3.0782676247815113
2907301,Castro Alves - BA,24712,290730,107.0,478.0,367434.4,432.9880220135966,1.934282939462609
2907400,Catolândia - BA,3434,290740,9.0,19.0,90210.0,262.085032032615,0.553290623179965
2907509,Catu - BA,48148,290750,202.0,8923.0,871419.5,419.53975243000747,18.532441638281963
2907558,Caturama - BA,8841,290755,20.0,46.0,87384.8,226.21875353466802,0.5203031331297365
2907608,Central - BA,16348,290760,67.0,120.0,177929.5,409.8360655737705,0.7340347443112307
2907707,Chorrochó - BA,10579,290770,38.0,59.0,119313.1,359.2021930239153,0.557708668116079
2907806,Cícero Dantas - BA,30907,290780,121.0,438.0,445985.0,391.4970718607435,1.4171546898760798
2907905,Cipó - BA,17230,290790,73.0,173.0,179188.0,423.67962855484615,1.004062681369704
2908002,Coaraci - BA,17333,290800,107.0,982.0,221185.0,617.319563837766,5.665493567183985
2908101,Cocos - BA,19151,290810,60.0,143.0,664816.5,313.29956660226617,0.7466973004020678
2908200,Conceição da Feira - BA,20800,290820,80.0,878.0,415483.1,384.61538461538464,4.221153846153846
2908309,Conceição do Almeida - BA,15794,290830,81.0,307.0,219702.0,512.8529821451184,1.9437761175129797
2908408,Conceição do Coité - BA,67825,290840,288.0,1588.0,1009568.5,424.62218945816437,2.341319572429045
2908507,Conceição do Jacuípe - BA,35308,290850,157.0,3981.0,2886973.8,444.658434349156,11.275065141044523
2908606,Conde - BA,23654,290860,82.0,408.0,331196.9,346.6644119387841,1.724866830134438
2908705,Condeúba - BA,17053,290870,58.0,317.0,191635.1,340.1161086025919,1.8589104556383043
2908804,Contendas do Sincorá - BA,4333,290880,17.0,39.0,57759.4,392.33787214401104,0.9000692360950842
2908903,Coração de Maria - BA,26692,290890,78.0,1086.0,278464.2,292.22238873070586,4.068634796942904
2909000,Cordeiros - BA,7546,290900,21.0,85.0,74074.0,278.29313543599255,1.1264245958123509
2909109,Coribe - BA,13990,290910,61.0,61.0,182548.2,436.02573266619015,0.43602573266619016
2909208,Coronel João Sá - BA,17056,290920,53.0,51.0,209198.1,310.74108818011257,0.29901500938086306
2909307,Correntina - BA,32457,290930,95.0,523.0,4110432.2,292.69495024185846,1.6113627260683365
2909406,Cotegipe - BA,13063,290940,41.0,28.0,185362.9,313.86358416902704,0.21434586235933553
2909505,Cravolândia - BA,4415,290950,20.0,35.0,48367.7,453.0011325028313,0.7927519818799547
2909604,Crisópolis - BA,19729,290960,83.0,101.0,218506.5,420.70049166202034,0.511936742865832
2909703,Cristópolis - BA,13993,290970,51.0,45.0,188180.1,364.4679482598442,0.32158936611162725
2909802,Cruz das Almas - BA,60348,290980,257.0,4652.0,1163112.0,425.86332604228807,7.70862331808842
2909901,Curaçá - BA,34180,290990,106.0,987.0,411633.8,310.122878876536,2.88765359859567
2910008,Dário Meira - BA,10820,291000,46.0,23.0,144586.3,425.1386321626617,0.21256931608133084
2910057,Dias d'Ávila - BA,71485,291005,319.0,10258.0,2208895.7,446.2474645030426,14.349863607749876
2910107,Dom Basílio - BA,11884,291010,32.0,275.0,157646.5,269.26960619320096,2.3140356782228206
2910206,Dom Macedo Costa - BA,4407,291020,21.0,106.0,48993.2,476.5146358066712,2.405264352167007
2910305,Elísio Medrado - BA,7808,291030,39.0,139.0,88469.2,499.4877049180328,1.7802254098360657
2910404,Encruzilhada - BA,19107,291040,87.0,144.0,248726.2,455.3305071439786,0.753650494583137
2910503,Entre Rios - BA,38098,291050,150.0,2328.0,843516.2,393.7214551944984,6.110556984618616
2910602,Esplanada - BA,32554,291060,123.0,594.0,864600.0,377.8337531486146,1.8246605639859925
2910701,Euclides da Cunha - BA,61456,291070,205.0,1252.0,858571.2,333.5719864618589,2.0372298880499873
2910727,Eunápolis - BA,113710,291072,482.0,20467.0,3948115.7,423.88532231114243,17.99929645589658
2910750,Fátima - BA,17895,291075,60.0,112.0,276559.6,335.28918692372173,0.6258731489242805
2910776,Feira da Mata - BA,5631,291077,14.0,21.0,71637.6,248.62369028591726,0.37293553542887586
2910800,Feira de Santana - BA,616272,291080,2606.0,137926.0,19625071.6,422.86522834073264,22.38070202767609
2910859,Filadélfia - BA,17897,291085,62.0,184.0,170964.5,346.42677543722414,1.0281052690395038
2910909,Firmino Alves - BA,4873,291090,21.0,38.0,76622.8,430.9460291401601,0.779807100348861
2911006,Floresta Azul - BA,11059,291100,53.0,211.0,116438.5,479.2476715797089,1.9079482774211052
2911105,Formosa do Rio Preto - BA,25899,291110,101.0,609.0,5987521.1,389.97644696706436,2.35144214062319
2911204,Gandu - BA,32178,291120,147.0,705.0,512869.4,456.83386164460194,2.1909379078873763
2911253,Gavião - BA,4360,291125,15.0,23.0,55139.7,344.03669724770646,0.5275229357798166
2911303,Gentio do Ouro - BA,10884,291130,44.0,59.0,137667.0,404.26313855200294,0.5420801176038221
2911402,Glória - BA,15524,291140,59.0,162.0,223389.5,380.0566864210255,1.0435454779695954
2911501,Gongogi - BA,5555,291150,30.0,81.0,79733.5,540.0540054005401,1.458145814581458
2911600,Governador Mangabeira - BA,20605,291160,83.0,427.0,240625.3,402.8148507643776,2.0723125454986655
2911659,Guajeru - BA,8050,291165,26.0,22.0,78556.5,322.98136645962734,0.27329192546583847
2911709,Guanambi - BA,87817,291170,334.0,4681.0,1848370.2,380.33638133846523,5.330402997141784
2911808,Guaratinga - BA,19049,291180,82.0,349.0,284896.8,430.46879101265154,1.832117171505066
2911857,Heliópolis - BA,12309,291185,46.0,36.0,151762.5,373.71029328133886,0.2924689251767
2911907,Iaçu - BA,24607,291190,120.0,469.0,286123.9,487.6661112691511,1.9059617182102653
2912004,Ibiassucê - BA,10429,291200,28.0,79.0,108316.9,268.48211717326683,0.7575031163102887
2912103,Ibicaraí - BA,21665,291210,133.0,836.0,230352.5,613.8933764135703,3.858758366028156
2912202,Ibicoara - BA,20785,291220,59.0,140.0,496149.4,283.8585518402694,0.6735626653836901
2912301,Ibicuí - BA,13934,291230,55.0,178.0,199377.8,394.7179560786565,1.2774508396727429
2912400,Ibipeba - BA,16603,291240,66.0,29.0,183117.9,397.5185207492622,0.17466722881406974
2912509,Ibipitanga - BA,13863,291250,55.0,40.0,133688.7,396.73952246988387,0.2885378345235519
2912608,Ibiquera - BA,3725,291260,20.0,14.0,42163.7,536.9127516778523,0.37583892617449666
2912707,Ibirapitanga - BA,25344,291270,97.0,261.0,314018.3,382.73358585858585,1.0298295454545454
2912806,Ibirapuã - BA,8896,291280,29.0,500.0,440051.7,325.98920863309354,5.620503597122302
2912905,Ibirataia - BA,18792,291290,105.0,256.0,245793.8,558.7484035759898,1.362281822051937
2913002,Ibitiara - BA,14637,291300,52.0,65.0,124077.1,355.2640568422491,0.4440800710528114
2913101,Ibititá - BA,16969,291310,60.0,113.0,165480.2,353.58595085155287,0.6659202074370911
2913200,Ibotirama - BA,26309,291320,121.0,535.0,482520.1,459.9186590140256,2.0335246493595345
2913309,Ichu - BA,6190,291330,17.0,68.0,64299.0,274.63651050080773,1.098546042003231
2913408,Igaporã - BA,15527,291340,55.0,122.0,213020.3,354.22167836671605,0.7857280865588974
2913457,Igrapiúna - BA,13151,291345,46.0,345.0,225550.2,349.78328644209563,2.623374648315717
2913507,Iguaí - BA,21491,291350,95.0,206.0,247343.2,442.0455074217114,0.9585407845144479
2913606,Ilhéus - BA,178649,291360,893.0,24368.0,6704943.1,499.8628595738012,13.640154716791026
2913705,Inhambupe - BA,33790,291370,153.0,1152.0,668474.7,452.7966854098846,3.4092926901450133
2913804,Ipecaetá - BA,13709,291380,57.0,194.0,125727.0,415.7852505653221,1.4151287475381136
2913903,Ipiaú - BA,40706,291390,201.0,3295.0,640794.7,493.7847000442195,8.094629784306981
2914000,Ipirá - BA,56876,291400,221.0,1507.0,765627.8,388.56459666643224,2.649623742879246
2914109,Ipupiara - BA,9935,291410,32.0,46.0,120660.5,322.09360845495723,0.463009562154001
2914208,Irajuba - BA,6101,291420,28.0,23.0,76989.0,458.94115718734633,0.3769873791181773
2914307,Iramaia - BA,10752,291430,38.0,99.0,117392.0,353.42261904761904,0.9207589285714286
2914406,Iraquara - BA,23879,291440,93.0,420.0,766674.8,389.46354537459695,1.758867624272373
2914505,Irará - BA,28043,291450,104.0,1035.0,332675.3,370.8590379060728,3.690760617622936
2914604,Irecê - BA,74507,291460,293.0,3294.0,1779885.1,393.2516407854296,4.4210611083522355
2914653,Itabela - BA,28165,291465,169.0,1479.0,549081.1,600.035505059471,5.2511982957571455
2914703,Itaberaba - BA,65073,291470,290.0,3002.0,1160119.4,445.6533431684416,4.61328046962642
2914802,Itabuna - BA,186708,291480,995.0,38402.0,4780912.1,532.9177110782613,20.567945669173255
2914901,Itacaré - BA,27704,291490,86.0,609.0,482599.1,310.424487438637,2.198238521513139
2915007,Itaeté - BA,13472,291500,71.0,114.0,129630.2,527.019002375297,0.8461995249406176
2915106,Itagi - BA,13803,291510,77.0,69.0,144578.9,557.8497428095342,0.49989132797217994
2915205,Itagibá - BA,15310,291520,64.0,1242.0,876118.7,418.02743305029395,8.112344872632267
2915304,Itagimirim - BA,6347,291530,30.0,409.0,139384.7,472.6642508271624,6.443989286276981
2915353,Itaguaçu da Bahia - BA,12311,291535,42.0,30.0,150049.1,341.1583137031923,0.24368450978799447
2915403,Itaju do Colônia - BA,6037,291540,25.0,73.0,117698.5,414.11297001822095,1.2092098724532052
2915502,Itajuípe - BA,18781,291550,91.0,1100.0,339263.0,484.5322400298174,5.8569831212395504
2915601,Itamaraju - BA,59605,291560,327.0,2776.0,1258909.0,548.6116936498615,4.657327405419009
2915700,Itamari - BA,7051,291570,35.0,31.0,101927.4,496.3834917033045,0.4396539497943554
2915809,Itambé - BA,24394,291580,121.0,377.0,352106.7,496.023612363696,1.5454619988521767
2915908,Itanagra - BA,5914,291590,21.0,101.0,102243.6,355.0896178559351,1.7078119715928306
2916005,Itanhém - BA,17813,291600,90.0,391.0,305819.4,505.2489754673553,2.1950261045303994
2916104,Itaparica - BA,19789,291610,114.0,810.0,285799.7,576.0776188791752,4.093183081509929
2916203,Itapé - BA,10341,291620,43.0,303.0,125798.5,415.82052025916255,2.9300841311285177
2916302,Itapebi - BA,9174,291630,41.0,342.0,297356.3,446.9151951166339,3.727926749509483
2916401,Itapetinga - BA,65897,291640,376.0,4005.0,1707485.5,570.5874319013005,6.0776666616082675
2916500,Itapicuru - BA,31679,291650,121.0,58.0,453942.9,381.9565011521828,0.18308658732914548
2916609,Itapitanga - BA,10279,291660,34.0,86.0,110954.6,330.7714758244965,0.8366572623796089
2916708,Itaquara - BA,8153,291670,38.0,44.0,95765.4,466.0861032748682,0.5396786458972158
2916807,Itarantim - BA,17052,291680,65.0,494.0,356225.5,381.1869575416373,2.897020877316444
2916856,Itatim - BA,15737,291685,63.0,471.0,520384.8,400.3304314672428,2.9929465590646247
2916906,Itiruçu - BA,10999,291690,59.0,121.0,127757.6,536.4124011273752,1.1001000090917357
2917003,Itiúba - BA,33872,291700,105.0,417.0,388107.1,309.99055266887103,1.2311053377420877
2917102,Itororó - BA,16617,291710,89.0,495.0,263958.4,535.5960763073961,2.978877053619787
2917201,Ituaçu - BA,17914,291720,76.0,215.0,277476.8,424.24919057720217,1.2001786312381377
2917300,Ituberá - BA,21902,291730,80.0,446.0,386726.3,365.26344626061547,2.0363437129029314
2917334,Iuiu - BA,11118,291733,56.0,47.0,149731.3,503.6877136175571,0.42273790250044974
2917359,Jaborandi - BA,9275,291735,33.0,89.0,1665178.4,355.79514824797843,0.9595687331536389
2917409,Jacaraci - BA,14436,291740,41.0,83.0,136009.3,284.01219174286507,0.5749515101136049
2917508,Jacobina - BA,82590,291750,382.0,10463.0,1816304.2,462.5257295072043,12.668603947209107
2917607,Jaguaquara - BA,45964,291760,203.0,777.0,750298.9,441.6499869463058,1.6904533983117223
2917706,Jaguarari - BA,32703,291770,141.0,9848.0,865035.5,431.1531052197046,30.113445249671283
2917805,Jaguaripe - BA,17659,291780,73.0,85.0,221946.7,413.3869415029164,0.48134095928421766
2917904,Jandaíra - BA,9285,291790,28.0,49.0,183483.3,301.5616585891222,0.5277329025309638
2918001,Jequié - BA,158813,291800,776.0,11118.0,3613954.1,488.62498661948325,7.0006863417982155
2918100,Jeremoabo - BA,37626,291810,130.0,341.0,611471.3,345.5057672885771,0.9062882049646521
2918209,Jiquiriçá - BA,13629,291820,58.0,78.0,162566.2,425.56313742754423,0.572309046885318
2918308,Jitaúna - BA,14355,291830,62.0,187.0,207889.4,431.9052594914664,1.3026819923371646
2918357,João Dourado - BA,24854,291835,80.0,253.0,309356.0,321.87977790295326,1.0179447976180895
2918407,Juazeiro - BA,237821,291840,997.0,33181.0,5505939.0,419.2228608911745,13.952090017281904
2918456,Jucuruçu - BA,9655,291845,36.0,19.0,138907.7,372.8638011393061,0.1967892283790782
2918506,Jussara - BA,16354,291850,57.0,86.0,133627.0,348.5385838327015,0.5258652317475847
2918555,Jussari - BA,5888,291855,40.0,95.0,78885.9,679.3478260869565,1.6134510869565215
2918605,Jussiape - BA,7379,291860,31.0,48.0,79497.9,420.1111261688576,0.6504946469711342
2918704,Lafaiete Coutinho - BA,4075,291870,21.0,41.0,64057.7,515.3374233128834,1.0061349693251533
2918753,Lagoa Real - BA,14105,291875,32.0,37.0,132847.8,226.86990428925913,0.2623183268344559
2918803,Laje - BA,21052,291880,95.0,263.0,314683.4,451.2635379061372,1.2492874786243586
2918902,Lajedão - BA,3845,291890,25.0,75.0,124139.7,650.1950585175553,1.950585175552666
2919009,Lajedinho - BA,3527,291900,12.0,8.0,74608.2,340.2324922030054,0.22682166146867025
2919058,Lajedo do Tabocal - BA,7494,291905,38.0,25.0,84400.5,507.0723245262877,0.33360021350413666
2919108,Lamarão - BA,9015,291910,32.0,74.0,75343.4,354.9639489739323,0.8208541320022186
2919157,Lapão - BA,25736,291915,113.0,207.0,334842.9,439.0736711221635,0.8043207957724587
2919207,Lauro de Freitas - BA,203331,291920,801.0,74552.0,8004189.9,393.93894684037355,36.66533878257619
2919306,Lençóis - BA,10774,291930,36.0,225.0,184446.0,334.1377390012994,2.0883608687581217
2919405,Licínio de Almeida - BA,11834,291940,41.0,219.0,155601.2,346.45935440256886,1.8505999661990873
2919504,Livramento de Nossa Senhora - BA,43903,291950,136.0,733.0,623588.2,309.7738195567501,1.6695897774639545
2919553,Luís Eduardo Magalhães - BA,107909,291955,307.0,7242.0,11938895.1,284.49897598902777,6.711210371702083
2919603,Macajuba - BA,10454,291960,44.0,93.0,100246.5,420.89152477520565,0.8896116319112302
2919702,Macarani - BA,21599,291970,100.0,749.0,251739.5,462.9843974258067,3.467753136719293
2919801,Macaúbas - BA,41859,291980,138.0,480.0,466083.4,329.6782054038558,1.1467068014047157
2919900,Macururé - BA,7256,291990,17.0,25.0,74830.3,234.2888643880926,0.34454244762954794
2919926,Madre de Deus - BA,18504,291992,61.0,1649.0,580018.5,329.6584522265456,8.911586683960225
2919959,Maetinga - BA,6973,291995,22.0,74.0,68888.3,315.5026530904919,1.0612361967589274
2920007,Maiquinique - BA,8731,292000,43.0,279.0,178235.0,492.49799564769216,3.1955102508303748
2920106,Mairi - BA,17674,292010,66.0,205.0,177569.8,373.4298970238769,1.1598958922711327
2920205,Malhada - BA,15398,292020,47.0,110.0,208455.9,305.2344460319522,0.7143784907130796
2920304,Malhada de Pedras - BA,8670,292030,32.0,38.0,92034.6,369.0888119953864,0.4382929642445213
2920403,Manoel Vitorino - BA,13860,292040,42.0,111.0,147474.7,303.030303030303,0.8008658008658008
2920452,Mansidão - BA,13919,292045,24.0,25.0,106246.7,172.42618004166965,0.17961060421007258
2920502,Maracás - BA,27620,292050,122.0,1942.0,621278.2,441.70890658942795,7.031136857349747
2920601,Maragogipe - BA,35859,292060,162.0,522.0,430082.1,451.76943026855184,1.4557014975320004
2920700,Maraú - BA,24527,292070,53.0,233.0,396613.0,216.08839238390345,0.9499734985933869
2920809,Marcionílio Souza - BA,9267,292080,27.0,25.0,100169.5,291.3564260278407,0.26977446854429693
2920908,Mascote - BA,13544,292090,54.0,108.0,180089.6,398.70053160070876,0.7974010632014176
2921005,Mata de São João - BA,42566,292100,203.0,5058.0,1657803.5,476.9064511582014,11.882723300286614
2921054,Matina - BA,10330,292105,35.0,156.0,98504.7,338.81897386253627,1.510164569215876
2921104,Medeiros Neto - BA,22194,292110,108.0,800.0,486192.4,486.61800486618006,3.604577813823556
2921203,Miguel Calmon - BA,24661,292120,130.0,514.0,308661.1,527.1481286241434,2.084262600867767
2921302,Milagres - BA,11071,292130,55.0,116.0,174737.2,496.79342426158433,1.0477824948062506
2921401,Mirangaba - BA,15734,292140,69.0,65.0,151436.4,438.54073979916103,0.413118088216601
2921450,Mirante - BA,10187,292145,26.0,75.0,92560.0,255.2272504171984,0.7362324531265338
2921500,Monte Santo - BA,47780,292150,136.0,245.0,514352.8,284.63792381749687,0.512766848053579
2921609,Morpará - BA,7996,292160,40.0,27.0,87064.2,500.25012506253125,0.3376688344172086
2921708,Morro do Chapéu - BA,33594,292170,137.0,590.0,737034.1,407.8109186164196,1.7562659998809311
2921807,Mortugaba - BA,11143,292180,25.0,80.0,114248.3,224.35609799874362,0.7179395135959795
2921906,Mucugê - BA,12137,292190,32.0,150.0,560967.7,263.6565872950482,1.2358902529455384
2922003,Mucuri - BA,37977,292200,158.0,6917.0,2968295.7,416.0412881480897,18.213655633673014
2922052,Mulungu do Morro - BA,13152,292205,54.0,38.0,254974.9,410.5839416058394,0.2889294403892944
2922102,Mundo Novo - BA,17305,292210,96.0,269.0,190073.6,554.7529615718,1.554464027737648
2922201,Muniz Ferreira - BA,7190,292220,35.0,167.0,77665.5,486.78720445062584,2.322670375521558
2922250,Muquém do São Francisco - BA,10443,292225,33.0,30.0,234871.8,316.0011490950876,0.2872737719046251
2922300,Muritiba - BA,28707,292230,135.0,897.0,320965.0,470.2685756087365,3.124673424600272
2922409,Mutuípe - BA,20037,292240,82.0,456.0,554458.8,409.24290063382745,2.2757897888905525
2922508,Nazaré - BA,27060,292250,109.0,934.0,411315.6,402.80857354028086,3.451589061345159
2922607,Nilo Peçanha - BA,12063,292260,40.0,55.0,200143.9,331.5924728508663,0.45593965016994115
2922656,Nordestina - BA,18523,292265,62.0,585.0,171364.2,334.7189980024834,3.1582357069589158
2922706,Nova Canaã - BA,13715,292270,44.0,128.0,196102.0,320.81662413415967,0.9332847247539191
2922730,Nova Fátima - BA,7967,292273,37.0,98.0,102026.1,464.41571482364753,1.2300740554788503
2922755,Nova Ibiá - BA,6501,292275,22.0,26.0,106669.0,338.409475465313,0.3999384710044608
2922805,Nova Itarana - BA,7780,292280,30.0,57.0,81200.9,385.60411311053986,0.7326478149100257
2922854,Nova Redenção - BA,7538,292285,41.0,33.0,83312.2,543.9108516847971,0.4377819050145927
2922904,Nova Soure - BA,24236,292290,105.0,174.0,291499.7,433.2398085492656,0.7179402541673543
2923001,Nova Viçosa - BA,39509,292300,183.0,4204.0,646041.3,463.18560328026524,10.640613531094182
2923035,Novo Horizonte - BA,11162,292303,35.0,97.0,115005.8,313.56387744131877,0.8690198889087977
2923050,Novo Triunfo - BA,10660,292305,33.0,21.0,114668.6,309.5684803001876,0.19699812382739215
2923100,Olindina - BA,22633,292310,108.0,154.0,270816.7,477.1793399019131,0.6804223920823577
2923209,Oliveira dos Brejinhos - BA,20715,292320,86.0,114.0,371571.1,415.1580979966208,0.5503258508327299
2923308,Ouriçangas - BA,7716,292330,30.0,236.0,106666.1,388.8024883359254,3.0585795749092792
2923357,Ourolândia - BA,19243,292335,76.0,198.0,281119.4,394.9488125552149,1.0289455906043756
2923407,Palmas de Monte Alto - BA,20078,292340,77.0,142.0,259686.2,383.5043331009065,0.7072417571471262
2923506,Palmeiras - BA,10339,292350,35.0,154.0,135574.7,338.52403520649966,1.4895057549085984
2923605,Paramirim - BA,20351,292360,64.0,260.0,284095.7,314.4808608913567,1.2775784973711366
2923704,Paratinga - BA,29252,292370,120.0,130.0,287939.9,410.2283604539861,0.4444140571584849
2923803,Paripiranga - BA,26604,292380,88.0,531.0,572979.6,330.77732671778676,1.9959404600811907
2923902,Pau Brasil - BA,9370,292390,49.0,93.0,118827.8,522.9455709711847,0.9925293489861259
2924009,Paulo Afonso - BA,112870,292400,494.0,9035.0,4009274.1,437.67165765925404,8.004784265083725
2924058,Pé de Serra - BA,13243,292405,39.0,126.0,162950.2,294.49520501396967,0.9514460469682096
2924108,Pedrão - BA,6235,292410,28.0,50.0,56137.6,449.07778668805133,0.8019246190858059
2924207,Pedro Alexandre - BA,13954,292420,28.0,32.0,169733.4,200.6593091586642,0.22932492475275906
2924306,Piatã - BA,20086,292430,68.0,202.0,213258.3,338.54425968336153,1.0056755949417506
2924405,Pilão Arcado - BA,35357,292440,106.0,129.0,313744.4,299.7991911078429,0.36484995898973327
2924504,Pindaí - BA,14731,292450,41.0,158.0,247172.2,278.32462154639876,1.0725680537641709
2924603,Pindobaçu - BA,19083,292460,101.0,166.0,187999.5,529.2668867578473,0.8698841901168579
2924652,Pintadas - BA,10325,292465,38.0,141.0,121618.6,368.03874092009687,1.3656174334140436
2924678,Piraí do Norte - BA,10974,292467,19.0,25.0,138883.5,173.13650446509934,0.227811190085657
2924702,Piripá - BA,9152,292470,28.0,181.0,83834.1,305.94405594405595,1.9777097902097904
2924801,Piritiba - BA,17566,292480,74.0,225.0,197758.0,421.26835933052485,1.2808835249914607
2924900,Planaltino - BA,8022,292490,31.0,52.0,80129.3,386.4372974320618,0.6482174021441036
2925006,Planalto - BA,23334,292500,123.0,700.0,311911.9,527.1277963486758,2.9999142881631955
2925105,Poções - BA,48293,292510,183.0,1261.0,622824.6,378.9369059698093,2.611144472283768
2925204,Pojuca - BA,32136,292520,153.0,7253.0,2808750.0,476.1015683345781,22.569703759024147
2925253,Ponto Novo - BA,17938,292525,60.0,104.0,176483.4,334.4854498829301,0.5797747797970788
2925303,Porto Seguro - BA,168326,292530,627.0,11598.0,4440532.3,372.4914748761332,6.890201157278139
2925402,Potiraguá - BA,10274,292540,45.0,73.0,130208.8,437.9988320031147,0.7105314385828305
2925501,Prado - BA,35003,292550,165.0,823.0,719701.4,471.38816672856615,2.3512270376824844
2925600,Presidente Dutra - BA,15130,292560,53.0,264.0,145533.3,350.2974223397224,1.7448777263714477
2925709,Presidente Jânio Quadros - BA,12621,292570,37.0,65.0,111215.1,293.16219000079235,0.5150146581095001
2925758,Presidente Tancredo Neves - BA,27734,292575,120.0,167.0,365592.5,432.6819066849354,0.6021489868032018
2925808,Queimadas - BA,25988,292580,99.0,233.0,282522.1,380.9450515622595,0.896567646606126
2925907,Quijingue - BA,25272,292590,71.0,93.0,271168.2,280.94333649889205,0.3679962013295347
2925931,Quixabeira - BA,9461,292593,41.0,28.0,95437.8,433.3579959835112,0.2959518021350809
2925956,Rafael Jambeiro - BA,19662,292595,62.0,236.0,423684.4,315.3290611331502,1.2002848133455397
2926004,Remanso - BA,40586,292600,174.0,777.0,523254.0,428.7192627999803,1.9144532597447397
2926103,Retirolândia - BA,13651,292610,54.0,86.0,174335.7,395.57541572046006,0.62999047688814
2926202,Riachão das Neves - BA,21642,292620,83.0,131.0,2108395.2,383.5135384899732,0.6053045005082709
2926301,Riachão do Jacuípe - BA,33386,292630,138.0,949.0,506570.6,413.34691187923084,2.8425088360390585
2926400,Riacho de Santana - BA,30711,292640,121.0,368.0,355432.1,393.9956367425353,1.1982677216632476
2926509,Ribeira do Amparo - BA,13841,292650,60.0,35.0,172531.0,433.4946896900513,0.2528719023191966
2926608,Ribeira do Pombal - BA,54010,292660,203.0,2027.0,805348.9,375.8563229031661,3.753008702092205
2926657,Ribeirão do Largo - BA,9740,292665,34.0,88.0,117926.6,349.0759753593429,0.9034907597535934
2926707,Rio de Contas - BA,13184,292670,39.0,189.0,171464.8,295.81310679611653,1.4335558252427185
2926806,Rio do Antônio - BA,13146,292680,39.0,95.0,129869.2,296.66818804198994,0.7226532785638217
2926905,Rio do Pires - BA,10497,292690,35.0,52.0,105611.0,333.42859864723255,0.4953796322758884
2927002,Rio Real - BA,35362,292700,160.0,746.0,1106437.0,452.46309597873426,2.1096091850008483
2927101,Rodelas - BA,10308,292710,39.0,59.0,151147.0,378.34691501746215,0.5723709740007761
2927200,Ruy Barbosa - BA,28282,292720,137.0,355.0,472125.5,484.40704334912664,1.2552153313061312
2927309,Salinas da Margarida - BA,14987,292730,65.0,264.0,212067.3,433.709214652699,1.7615266564355774
2927408,Salvador - BA,2417678,292740,11155.0,810765.0,68764217.8,461.39312183011964,33.53486278983388
2927507,Santa Bárbara - BA,20952,292750,83.0,636.0,199497.6,396.143566246659,3.0355097365406642
2927606,Santa Brígida - BA,14965,292760,40.0,70.0,143420.1,267.2903441363181,0.4677581022385567
2927705,Santa Cruz Cabrália - BA,29185,292770,127.0,1055.0,600433.2,435.1550454000343,3.614870652732568
2927804,Santa Cruz da Vitória - BA,4681,292780,28.0,84.0,77134.8,598.162785729545,1.794488357188635
2927903,Santa Inês - BA,10300,292790,58.0,230.0,91139.4,563.1067961165048,2.233009708737864
2928000,Santaluz - BA,37834,292800,111.0,2149.0,619028.8,293.3869006713538,5.6800761220066605
2928059,Santa Luzia - BA,13896,292805,63.0,218.0,143634.9,453.36787564766837,1.568796776050662
2928109,Santa Maria da Vitória - BA,38604,292810,142.0,753.0,648376.9,367.8375297896591,1.9505750699409388
2928208,Santana - BA,24755,292820,85.0,342.0,400246.9,343.36497677236923,1.3815390830135326
2928307,Santanópolis - BA,8716,292830,36.0,159.0,73340.8,413.03350160624143,1.8242312987608995
2928406,Santa Rita de Cássia - BA,27390,292840,89.0,162.0,328351.7,324.9361080686382,0.5914567360350493
2928505,Santa Terezinha - BA,10441,292850,46.0,81.0,146455.4,440.5708265491811,0.7757877597931233
2928604,Santo Amaro - BA,56012,292860,278.0,3725.0,1223555.4,496.32221666785694,6.650360637006355
2928703,Santo Antônio de Jesus - BA,103055,292870,451.0,9625.0,2737852.0,437.6303915384989,9.339672990150891
2928802,Santo Estêvão - BA,52276,292880,208.0,2218.0,1130712.1,397.88813222128704,4.242864794551993
2928901,São Desidério - BA,32828,292890,104.0,491.0,9514922.1,316.8027293773608,1.495674424271963
2928950,São Domingos - BA,8426,292895,46.0,66.0,97825.4,545.9292665558984,0.7832898172323759
2929008,São Félix - BA,11026,292900,50.0,174.0,191035.8,453.473607836024,1.5780881552693633
2929057,São Félix do Coribe - BA,15194,292905,55.0,180.0,250117.8,361.9849940766092,1.1846781624325393
2929107,São Felipe - BA,20283,292910,69.0,388.0,255642.4,340.18636296405856,1.9129320120297788
2929206,São Francisco do Conde - BA,38733,292920,141.0,1510.0,25361789.0,364.03067152040893,3.898484496424238
2929255,São Gabriel - BA,18600,292925,65.0,145.0,179236.2,349.4623655913979,0.7795698924731183
2929305,São Gonçalo dos Campos - BA,39513,292930,125.0,3025.0,1361891.8,316.3515804924961,7.655708247918406
2929354,São José da Vitória - BA,5315,292935,32.0,78.0,65330.5,602.0696142991534,1.4675446848541864
2929370,São José do Jacuípe - BA,10187,292937,39.0,48.0,136118.7,382.8408756257976,0.47118877000098164
2929404,São Miguel das Matas - BA,10334,292940,30.0,174.0,168437.3,290.3038513644281,1.683762337913683
2929503,São Sebastião do Passé - BA,40958,292950,154.0,4477.0,1057958.7,375.99492162703257,10.930709507300161
2929602,Sapeaçu - BA,17963,292960,93.0,400.0,269295.8,517.7308912765128,2.226799532372098
2929701,Sátiro Dias - BA,16008,292970,69.0,46.0,317794.2,431.0344827586207,0.28735632183908044
2929750,Saubara - BA,11438,292975,47.0,216.0,155655.3,410.9109984262983,1.8884420353208604
2929800,Saúde - BA,10478,292980,39.0,109.0,109732.6,372.20843672456573,1.040274861614812
2929909,Seabra - BA,46160,292990,163.0,1009.0,730433.1,353.1195840554593,2.1858752166377817
2930006,Sebastião Laranjeiras - BA,9360,293000,38.0,14.0,111668.9,405.982905982906,0.1495726495726496
2930105,Senhor do Bonfim - BA,74523,293010,368.0,5003.0,1153019.8,493.8072809736591,6.713363659541349
2930154,Serra do Ramalho - BA,34222,293015,115.0,136.0,477400.5,336.041143124306,0.397405177955701
2930204,Sento Sé - BA,38154,293020,119.0,713.0,1493924.3,311.8939036536143,1.868742464748126
2930303,Serra Dourada - BA,17066,293030,51.0,78.0,215873.9,298.83979842962617,0.45704910348060473
2930402,Serra Preta - BA,17996,293040,68.0,270.0,163469.2,377.8617470549011,1.500333407423872
2930501,Serrinha - BA,80435,293050,342.0,6716.0,1252947.0,425.1880400323242,8.34959905513769
2930600,Serrolândia - BA,13335,293060,61.0,121.0,132635.5,457.442819647544,0.9073865766779152
2930709,Simões Filho - BA,114559,293070,560.0,18186.0,7423430.8,488.83108267355686,15.874789409823759
2930758,Sítio do Mato - BA,13408,293075,36.0,26.0,132587.5,268.49642004773267,0.19391408114558473
2930766,Sítio do Quinto - BA,14773,293076,38.0,19.0,150091.0,257.2260204426995,0.12861301022134974
2930774,Sobradinho - BA,25475,293077,104.0,1796.0,952518.2,408.24337585868494,7.050049067713444
2930808,Souto Soares - BA,17054,293080,60.0,42.0,157653.1,351.8236190922951,0.24627653336460656
2930907,Tabocas do Brejo Velho - BA,11979,293090,35.0,61.0,341746.9,292.1779781283914,0.5092244761666249
2931004,Tanhaçu - BA,21006,293100,87.0,441.0,278871.6,414.1673807483576,2.0994001713796058
2931053,Tanque Novo - BA,17158,293105,48.0,80.0,216305.3,279.7528849516261,0.46625480825271015
2931103,Tanquinho - BA,7717,293110,47.0,238.0,72090.1,609.0449656602307,3.084100038875211
2931202,Taperoá - BA,18044,293120,66.0,136.0,227007.1,365.77255597428507,0.7537131456439814
2931301,Tapiramutá - BA,15818,293130,44.0,69.0,163287.5,278.1641168289291,0.43621191048172964
2931350,Teixeira de Freitas - BA,145216,293135,715.0,21226.0,3328070.4,492.3699867783164,14.616846628470693
2931400,Teodoro Sampaio - BA,7110,293140,28.0,107.0,114574.1,393.8115330520394,1.5049226441631505
2931509,Teofilândia - BA,21176,293150,96.0,2031.0,207926.8,453.3434076312807,9.591046467699282
2931608,Teolândia - BA,15332,293160,67.0,84.0,233156.2,436.9945212627185,0.5478737281502739
2931707,Terra Nova - BA,10798,293170,50.0,228.0,174605.4,463.0487127245786,2.1115021300240784
2931806,Tremedal - BA,16296,293180,62.0,121.0,150401.2,380.4614629356897,0.7425135002454589
2931905,Tucano - BA,48736,293190,172.0,704.0,633447.1,352.92186474064346,1.4445173998686802
2932002,Uauá - BA,24665,293200,95.0,704.0,277058.0,385.1611595378066,2.8542469085749036
2932101,Ubaíra - BA,18626,293210,80.0,194.0,253803.9,429.50714055621177,1.0415548158488135
2932200,Ubaitaba - BA,17596,293220,107.0,747.0,289446.5,608.0927483518982,4.245283018867925
2932309,Ubatã - BA,16094,293230,102.0,509.0,233221.3,633.7765626941717,3.162669317758171
2932408,Uibaí - BA,13432,293240,55.0,210.0,307867.4,409.4699225729601,1.563430613460393
2932457,Umburanas - BA,13642,293245,41.0,149.0,260968.7,300.5424424571177,1.0922152177100133
2932507,Una - BA,18131,293250,106.0,1505.0,380359.8,584.6340521758315,8.300700457779493
2932606,Urandi - BA,15355,293260,50.0,158.0,203527.0,325.626831650928,1.0289807880169326
2932705,Uruçuca - BA,21420,293270,104.0,940.0,317768.4,485.5275443510738,4.3884220354808585
2932804,Utinga - BA,16277,293280,78.0,217.0,195562.7,479.2037844811698,1.3331695029796646
2932903,Valença - BA,85655,293290,401.0,3484.0,2010351.3,468.1571420232327,4.067480007004845
2933000,Valente - BA,24362,293300,99.0,466.0,311921.5,406.37057712831455,1.912815039816107
2933059,Várzea da Roça - BA,13800,293305,46.0,619.0,129466.7,333.33333333333337,4.4855072463768115
2933109,Várzea do Poço - BA,8101,293310,37.0,40.0,132771.2,456.73373657573137,0.4937662017034934
2933158,Várzea Nova - BA,13377,293315,67.0,53.0,247161.9,500.8596845331539,0.39620243701876356
2933174,Varzedo - BA,9913,293317,50.0,135.0,149543.1,504.38817714112776,1.3618480782810451
2933208,Vera Cruz - BA,42529,293320,230.0,1277.0,658721.6,540.8074490347763,3.0026570105104753
2933257,Vereda - BA,6003,293325,21.0,67.0,100788.5,349.8250874562719,1.1161086123604864
2933307,Vitória da Conquista - BA,370879,293330,1371.0,54963.0,9324322.4,369.66234270476355,14.81965816344414
2933406,Wagner - BA,9503,293340,33.0,40.0,98206.0,347.2587603914553,0.4209197095654004
2933455,Wanderley - BA,12968,293345,34.0,46.0,194369.3,262.1838371375694,0.35471930906847626
2933505,Wenceslau Guimarães - BA,24474,293350,111.0,90.0,354804.8,453.5425349350331,0.3677371904878647
2933604,Xique-Xique - BA,44757,293360,189.0,432.0,560495.2,422.28031369394733,0.9652121455861653
3100104,Abadia dos Dourados - MG,6272,310010,35.0,547.0,179485.5,558.0357142857143,8.721301020408163
3100203,Abaeté - MG,22675,310020,103.0,3227.0,569165.6,454.24476295479604,14.231532524807056
3100302,Abre Campo - MG,13927,310030,64.0,889.0,301984.7,459.5390249156315,6.383284267968693
3100401,Acaiaca - MG,3909,310040,15.0,287.0,75588.1,383.7298541826554,7.342031210028139
3100500,Açucena - MG,8943,310050,31.0,1239.0,158448.9,346.639830034664,13.854411271385441
3100609,Água Boa - MG,12589,310060,49.0,196.0,223378.5,389.2286917149893,1.5569147668599572
3100708,Água Comprida - MG,2108,310070,7.0,258.0,238190.7,332.0683111954459,12.23908918406072
3100807,Aguanil - MG,4357,310080,18.0,418.0,110897.6,413.1282992885013,9.593757172366308
3100906,Águas Formosas - MG,18448,310090,88.0,1000.0,310640.9,477.01647875108415,5.420641803989593
3101003,Águas Vermelhas - MG,14037,310100,41.0,182.0,290803.1,292.08520339103796,1.2965733418821686
3101102,Aimorés - MG,25269,310110,125.0,2506.0,723559.6,494.6772725473901,9.917289960030077
3101201,Aiuruoca - MG,6233,310120,39.0,228.0,133881.7,625.7019091930049,3.6579496229744906
3101300,Alagoa - MG,2749,310130,17.0,307.0,51305.7,618.4066933430338,11.167697344488905
3101409,Albertina - MG,2952,310140,10.0,288.0,176971.6,338.75338753387535,9.75609756097561
3101508,Além Paraíba - MG,30717,310150,194.0,7127.0,915497.5,631.5720936289351,23.202135625223818
3101607,Alfenas - MG,78970,310160,342.0,18173.0,3891811.0,433.0758515892111,23.012536406230215
3101631,Alfredo Vasconcelos - MG,6931,310163,36.0,536.0,154408.0,519.4055691819362,7.733371807819939
3101706,Almenara - MG,40364,310170,169.0,3408.0,739398.0,418.689921712417,8.443167178674067
3101805,Alpercata - MG,6903,310180,42.0,602.0,100344.9,608.4311169056932,8.720846008981601
3101904,Alpinópolis - MG,18300,310190,82.0,1415.0,625970.6,448.0874316939891,7.73224043715847
3102001,Alterosa - MG,13915,310200,65.0,722.0,326887.1,467.1218109953288,5.188645346748114
3102050,Alto Caparaó - MG,5795,310205,24.0,200.0,139707.4,414.1501294219155,3.4512510785159622
3102100,Alto Rio Doce - MG,10891,310210,54.0,395.0,184430.2,495.82223854558805,3.6268478560279127
3102209,Alvarenga - MG,3975,310220,28.0,51.0,65157.8,704.4025157232704,1.2830188679245282
3102308,Alvinópolis - MG,15059,310230,54.0,2361.0,361982.5,358.58954777873697,15.678331894548112
3102407,Alvorada de Minas - MG,4159,310240,15.0,341.0,77831.2,360.66362106275545,8.199086318826641
3102506,Amparo do Serra - MG,4541,310250,35.0,249.0,68128.7,770.7553402334287,5.483373706232107
3102605,Andradas - MG,40553,310260,179.0,7738.0,1339764.0,441.39767711390033,19.081202377136094
3102704,Cachoeira de Pajeú - MG,9110,310270,39.0,95.0,142155.9,428.1009879253567,1.0428100987925357
3102803,Andrelândia - MG,11927,310280,66.0,774.0,314293.8,553.366311729689,6.489477655739079
3102852,Angelândia - MG,7718,310285,13.0,70.0,202644.0,168.43741902047162,0.9069707178025395
3102902,Antônio Carlos - MG,11095,310290,63.0,1748.0,189737.9,567.8233438485804,15.754844524560612
3103009,Antônio Dias - MG,9219,310300,37.0,2283.0,500279.6,401.3450482698774,24.764074194598113
3103108,Antônio Prado de Minas - MG,1538,310310,11.0,65.0,32949.3,715.2145643693108,4.226267880364109
3103207,Araçaí - MG,2181,310320,5.0,268.0,69331.1,229.25263640531864,12.287941311325081
3103306,Aracitaba - MG,2049,310330,11.0,34.0,35111.1,536.8472425573451,1.6593460224499756
3103405,Araçuaí - MG,34297,310340,150.0,2439.0,744397.9,437.35603697116363,7.111409161151121
3103504,Araguari - MG,117808,310350,518.0,28697.0,6767656.2,439.69849246231155,24.35912671465435
3103603,Arantina - MG,2915,310360,20.0,243.0,79151.8,686.106346483705,8.336192109777016
3103702,Araponga - MG,8048,310370,17.0,141.0,164341.1,211.23260437375745,1.7519880715705767
3103751,Araporã - MG,8479,310375,34.0,1890.0,1345479.4,400.99068286354526,22.290364429767664
3103801,Arapuá - MG,2631,310380,12.0,853.0,219252.3,456.10034207525655,32.42113264918282
3103900,Araújos - MG,9199,310390,27.0,4405.0,414182.3,293.510164148277,47.885639743450376
3104007,Araxá - MG,111691,310400,546.0,36253.0,8637092.3,488.8486986417885,32.45830013161311
3104106,Arceburgo - MG,9177,310410,41.0,2111.0,402855.1,446.76909665468014,23.00316007409829
3104205,Arcos - MG,41416,310420,192.0,11830.0,2735328.5,463.58895112999807,28.563840061811863
3104304,Areado - MG,13881,310430,82.0,3278.0,336757.5,590.7355377854622,23.615013327570058
3104403,Argirita - MG,2688,310440,15.0,174.0,44690.2,558.0357142857143,6.4732142857142865
3104452,Aricanduva - MG,4719,310445,15.0,51.0,80185.1,317.8639542275906,1.080737444373808
3104502,Arinos - MG,17272,310450,57.0,579.0,384516.1,330.0138953219083,3.352246410375174
3104601,Astolfo Dutra - MG,14138,310460,56.0,1416.0,352823.5,396.09562880181073,10.015560899702928
3104700,Ataléia - MG,13736,310470,57.0,479.0,202342.8,414.9679673849738,3.487186953989516
3104809,Augusto de Lima - MG,4538,310480,21.0,183.0,86684.7,462.7589246364037,4.032613486117232
3104908,Baependi - MG,18366,310490,84.0,3937.0,399929.5,457.36687357072856,21.436349776761407
3105004,Baldim - MG,7492,310500,43.0,399.0,113009.5,573.9455419113722,5.325680726107848
3105103,Bambuí - MG,23546,310510,124.0,4042.0,849035.6,526.6287267476429,17.166397689628813
3105202,Bandeira - MG,4741,310520,20.0,38.0,60502.3,421.85192997257957,0.8015186669479013
3105301,Bandeira do Sul - MG,5943,310530,32.0,884.0,98245.0,538.4485949856975,14.874642436479894
3105400,Barão de Cocais - MG,30778,310540,129.0,11978.0,1727167.2,419.13054779387875,38.917408538566505
3105509,Barão do Monte Alto - MG,4964,310550,33.0,157.0,64635.5,664.7864625302176,3.162771958098308
3105608,Barbacena - MG,125317,310560,597.0,32904.0,3873292.7,476.3918702171294,26.256613228851634
3105707,Barra Longa - MG,5666,310570,33.0,461.0,91642.2,582.4214613483939,8.13625132368514
3105905,Barroso - MG,20080,310590,111.0,3627.0,759640.8,552.7888446215139,18.062749003984063
3106002,Bela Vista de Minas - MG,10167,310600,51.0,2581.0,395453.3,501.62289760991445,25.386052916297825
3106101,Belmiro Braga - MG,3244,310610,17.0,303.0,67229.3,524.0443896424167,9.340320591861898
3106200,Belo Horizonte - MG,2315560,310620,8610.0,1247333.0,115381697.8,371.83229974606576,53.867444592236865
3106309,Belo Oriente - MG,23928,310630,101.0,5762.0,2547424.8,422.09963223002336,24.08057505850886
3106408,Belo Vale - MG,8627,310640,36.0,1166.0,234548.4,417.2945403964298,13.515706502839922
3106507,Berilo - MG,9826,310650,46.0,158.0,123979.3,468.14573580297167,1.6079788316710766
3106606,Bertópolis - MG,4451,310660,19.0,46.0,54639.6,426.87036620984054,1.0334756234554032
3106655,Berizal - MG,4201,310665,15.0,41.0,69610.8,357.0578433706261,0.9759581052130446
3106705,Betim - MG,411846,310670,1617.0,156322.0,47777093.8,392.62248510365526,37.95642060381793
3106804,Bias Fortes - MG,3361,310680,14.0,79.0,44848.0,416.5426956263017,2.3504909253198454
3106903,Bicas - MG,13978,310690,83.0,2712.0,324334.5,593.7902418085563,19.401917298612105
3107000,Biquinhas - MG,2383,310700,9.0,132.0,72270.9,377.67519932857743,5.539236256819136
3107109,Boa Esperança - MG,39848,310710,178.0,4739.0,1317318.9,446.6974503111825,11.892692230475808
3107208,Bocaina de Minas - MG,5348,310720,24.0,150.0,90620.6,448.7658937920718,2.804786836200449
3107307,Bocaiúva - MG,48032,310730,223.0,3398.0,1462198.6,464.27381745503,7.0744503664223854
3107406,Bom Despacho - MG,51737,310740,236.0,13229.0,2041159.4,456.1532365618416,25.56970833252798
3107505,Bom Jardim de Minas - MG,6783,310750,40.0,1116.0,136882.8,589.7095680377414,16.452896948252985
3107604,Bom Jesus da Penha - MG,4474,310760,18.0,143.0,230720.0,402.32454179704956,3.1962449709432272
3107703,Bom Jesus do Amparo - MG,5631,310770,14.0,537.0,180460.1,248.62369028591726,9.536494405966968
3107802,Bom Jesus do Galho - MG,14536,310780,54.0,968.0,200948.8,371.4914694551459,6.6593285635663175
3107901,Bom Repouso - MG,12649,310790,53.0,338.0,185409.6,419.00545497667804,2.672147995889003
3108008,Bom Sucesso - MG,17151,310800,96.0,1478.0,460604.6,559.7341262900122,8.61757331933998
3108107,Bonfim - MG,7434,310810,26.0,432.0,173878.4,349.7444175410277,5.811138014527845
3108206,Bonfinópolis de Minas - MG,5528,310820,25.0,165.0,481770.8,452.24312590448625,2.984804630969609
3108255,Bonito de Minas - MG,10204,310825,29.0,65.0,107762.3,284.20227361818894,0.6370050960407684
3108305,Borda da Mata - MG,17404,310830,62.0,1901.0,407585.4,356.2399448402666,10.92277637324753
3108404,Botelhos - MG,14828,310840,74.0,2422.0,342299.7,499.05584030213106,16.333962773131912
3108503,Botumirim - MG,5790,310850,24.0,143.0,76590.4,414.5077720207254,2.469775474956822
3108552,Brasilândia de Minas - MG,15020,310855,56.0,3372.0,424706.8,372.8362183754993,22.450066577896138
3108602,Brasília de Minas - MG,32025,310860,144.0,1022.0,443175.6,449.6487119437939,3.191256830601093
3108701,Brás Pires - MG,4260,310870,30.0,348.0,53895.8,704.2253521126761,8.169014084507042
3108800,Braúnas - MG,4441,310880,18.0,519.0,157987.5,405.3141184417924,11.686557081738346
3108909,Brazópolis - MG,14246,310890,73.0,1894.0,235936.6,512.4245402218166,13.294959988768776
3109006,Brumadinho - MG,38915,310900,163.0,15546.0,2704306.8,418.86162148271876,39.94860593601439
3109105,Bueno Brandão - MG,10911,310910,50.0,482.0,240323.5,458.2531390340024,4.417560260287783
3109204,Buenópolis - MG,9150,310920,53.0,482.0,184692.3,579.2349726775957,5.26775956284153
3109253,Bugre - MG,4041,310925,18.0,276.0,47893.3,445.43429844097994,6.829992576095026
3109303,Buritis - MG,24030,310930,102.0,1245.0,1440540.5,424.46941323345817,5.181023720349563
3109402,Buritizeiro - MG,23910,310940,111.0,1570.0,796395.3,464.24090338770395,6.566290255123379
3109451,Cabeceira Grande - MG,6627,310945,24.0,112.0,399518.0,362.15482118605706,1.6900558322015997
3109501,Cabo Verde - MG,11410,310950,52.0,950.0,383533.2,455.7405784399649,8.326029798422436
3109600,Cachoeira da Prata - MG,3693,310960,21.0,457.0,59241.2,568.6433793663688,12.374763065258596
3109709,Cachoeira de Minas - MG,11883,310970,33.0,2477.0,562165.9,277.7076495834385,20.84490448539931
3109808,Cachoeira Dourada - MG,2315,310980,10.0,600.0,158178.7,431.9654427645789,25.917926565874733
3109907,Caetanópolis - MG,11435,310990,60.0,2292.0,364669.0,524.7048535198951,20.04372540445999
3110004,Caeté - MG,38776,311000,176.0,11004.0,981110.8,453.88900350732416,28.37837837837838
3110103,Caiana - MG,5304,311010,17.0,90.0,110448.5,320.5128205128205,1.6968325791855203
3110202,Cajuri - MG,4088,311020,21.0,288.0,116040.2,513.6986301369863,7.045009784735812
3110301,Caldas - MG,14217,311030,63.0,1243.0,350443.4,443.1314623338257,8.743054090173736
3110400,Camacho - MG,2838,311040,13.0,120.0,87992.0,458.06906272022553,4.2283298097251585
3110509,Camanducaia - MG,26097,311050,107.0,5751.0,1203932.7,410.00881327355637,22.037015748936657
3110608,Cambuí - MG,29536,311060,149.0,7675.0,2137683.1,504.4691224268689,25.9852383531961
3110707,Cambuquira - MG,12313,311070,63.0,1400.0,377194.9,511.654349061967,11.370096645821489
3110806,Campanário - MG,2923,311080,11.0,94.0,52824.6,376.32569278138897,3.215874101950051
3110905,Campanha - MG,15935,311090,77.0,1590.0,503353.0,483.2130530279259,9.978035770316913
3111002,Campestre - MG,20696,311100,91.0,1673.0,548000.8,439.69849246231155,8.083687669114804
3111101,Campina Verde - MG,18011,311110,65.0,2168.0,589743.2,360.89056687579813,12.037088445949697
3111150,Campo Azul - MG,3714,311115,29.0,13.0,46711.0,780.8292945611202,0.3500269251480883
3111200,Campo Belo - MG,52277,311120,253.0,8076.0,1406838.4,483.96044149434744,15.448476385408497
3111309,Campo do Meio - MG,11377,311130,68.0,425.0,262698.7,597.6971082007559,3.7356069262547247
3111408,Campo Florido - MG,8466,311140,39.0,2780.0,810468.9,460.6661941885188,32.837231278053395
3111507,Campos Altos - MG,12979,311150,63.0,1037.0,583445.6,485.399491486247,7.989829724940288
3111606,Campos Gerais - MG,26105,311160,125.0,1348.0,924910.4,478.83547213177553,5.163761731469068
3111705,Canaã - MG,4715,311170,15.0,222.0,86362.8,318.1336161187699,4.7083775185577945
3111804,Canápolis - MG,10608,311180,48.0,1057.0,853757.8,452.48868778280547,9.964177978883862
3111903,Cana Verde - MG,5272,311190,20.0,156.0,87296.3,379.36267071320185,2.959028831562974
3112000,Candeias - MG,14001,311200,78.0,1248.0,440351.2,557.1030640668524,8.913649025069638
3112059,Cantagalo - MG,3974,311205,18.0,81.0,60320.1,452.94413688978364,2.038248616004026
3112109,Caparaó - MG,5048,311210,22.0,113.0,157696.0,435.8161648177496,2.23851030110935
3112208,Capela Nova - MG,4362,311220,20.0,135.0,69779.5,458.5052728106373,3.094910591471802
3112307,Capelinha - MG,39626,311230,137.0,3990.0,1025592.0,345.7325998082067,10.069146519961642
3112406,Capetinga - MG,6562,311240,41.0,799.0,228950.1,624.8095092959463,12.176165803108809
3112505,Capim Branco - MG,10663,311250,43.0,2313.0,139813.1,403.2636218700178,21.69183156710119
3112604,Capinópolis - MG,14655,311260,72.0,2936.0,821467.0,491.2998976458547,20.03411804844763
3112653,Capitão Andrade - MG,4585,311265,24.0,221.0,63863.3,523.4460196292257,4.820065430752454
3112703,Capitão Enéas - MG,14108,311270,63.0,2183.0,624275.4,446.55514601644455,15.473490218315849
3112802,Capitólio - MG,10380,311280,38.0,981.0,406754.8,366.0886319845858,9.45086705202312
3112901,Caputira - MG,8936,311290,32.0,383.0,184180.9,358.10205908683974,4.286034019695614
3113008,Caraí - MG,19548,311300,112.0,278.0,224636.6,572.9486392469818,1.4221403724166155
3113107,Caranaíba - MG,2933,311310,8.0,122.0,45883.6,272.75826798499827,4.159563586771224
3113206,Carandaí - MG,23812,311320,114.0,3977.0,885252.4,478.7502099781623,16.70166302704519
3113305,Carangola - MG,31240,311330,185.0,3437.0,700417.0,592.1895006402049,11.00192061459667
3113404,Caratinga - MG,87360,311340,381.0,15734.0,2647811.9,436.12637362637366,18.010531135531135
3113503,Carbonita - MG,8512,311350,37.0,1663.0,178673.1,434.68045112781954,19.537124060150376
3113602,Careaçu - MG,6816,311360,33.0,602.0,252765.6,484.15492957746477,8.832159624413146
3113701,Carlos Chagas - MG,18615,311370,101.0,1711.0,503873.0,542.573193661026,9.191512221326887
3113800,Carmésia - MG,2605,311380,6.0,67.0,38251.7,230.32629558541268,2.5719769673704413
3113909,Carmo da Cachoeira - MG,11547,311390,46.0,783.0,363858.9,398.37187148177014,6.780982073265783
3114006,Carmo da Mata - MG,11019,311400,47.0,3001.0,286356.7,426.53598330157007,27.23477629548961
3114105,Carmo de Minas - MG,13797,311410,64.0,3591.0,325942.4,463.8689570196419,26.027397260273972
3114204,Carmo do Cajuru - MG,23479,311420,108.0,10709.0,677622.1,459.9855189744027,45.61097150645257
3114303,Carmo do Paranaíba - MG,29011,311430,137.0,4389.0,1178412.5,472.2346696080797,15.128744269415048
3114402,Carmo do Rio Claro - MG,20954,311440,83.0,1559.0,919851.0,396.1057554643505,7.44010690083039
3114501,Carmópolis de Minas - MG,18003,311450,65.0,3315.0,484160.2,361.0509359551186,18.413597733711047
3114550,Carneirinho - MG,9422,311455,43.0,3180.0,450482.6,456.37868817660797,33.750796009339844
3114600,Carrancas - MG,4049,311460,25.0,339.0,165827.8,617.4364040503829,8.372437638923191
3114709,Carvalhópolis - MG,3341,311470,13.0,338.0,90885.4,389.10505836575874,10.116731517509727
3114808,Carvalhos - MG,4422,311480,23.0,319.0,92014.6,520.1266395296245,7.213930348258707
3114907,Casa Grande - MG,2214,311490,6.0,92.0,70928.1,271.00271002710025,4.155374887082204
3115003,Cascalho Rico - MG,2712,311500,9.0,51.0,94876.3,331.858407079646,1.8805309734513276
3115102,Cássia - MG,17155,311510,87.0,1952.0,497327.1,507.1407752841737,11.378606820169047
3115201,Conceição da Barra de Minas - MG,3560,311520,10.0,319.0,70759.3,280.8988764044944,8.960674157303371
3115300,Cataguases - MG,66261,311530,390.0,15781.0,1821409.0,588.5815185403178,23.816422933550655
3115359,Catas Altas - MG,5473,311535,22.0,1845.0,2139892.5,401.9733235885255,33.71094463731043
3115409,Catas Altas da Noruega - MG,3110,311540,17.0,128.0,43876.2,546.6237942122186,4.115755627009646
3115458,Catuji - MG,7030,311545,36.0,280.0,106417.7,512.0910384068279,3.982930298719772
3115474,Catuti - MG,4739,311547,20.0,21.0,63502.9,422.029964127453,0.4431314623338257
3115508,Caxambu - MG,21056,311550,112.0,5267.0,403602.7,531.9148936170212,25.01424772036474
3115607,Cedro do Abaeté - MG,1081,311560,8.0,29.0,24732.5,740.0555041628122,2.682701202590194
3115706,Central de Minas - MG,6171,311570,43.0,242.0,90002.8,696.8076486793065,3.9215686274509802
3115805,Centralina - MG,10207,311580,46.0,711.0,435047.8,450.6711080630939,6.965807778975214
3115904,Chácara - MG,3075,311590,11.0,291.0,53962.4,357.7235772357724,9.463414634146341
3116001,Chalé - MG,6075,311600,32.0,122.0,139717.0,526.7489711934156,2.008230452674897
3116100,Chapada do Norte - MG,10337,311610,32.0,139.0,107816.5,309.5675727967495,1.3446841443358808
3116159,Chapada Gaúcha - MG,12355,311615,29.0,162.0,408892.1,234.7227842978551,1.311210036422501
3116209,Chiador - MG,2800,311620,13.0,173.0,43149.7,464.2857142857143,6.178571428571429
3116308,Cipotânea - MG,5581,311630,26.0,107.0,73126.4,465.8663321985307,1.9172191363554918
3116407,Claraval - MG,4658,311640,15.0,367.0,222237.2,322.02662086732505,7.8789179905538855
3116506,Claro dos Poções - MG,7166,311650,38.0,173.0,103826.5,530.2818866871337,2.4141780630756347
3116605,Cláudio - MG,30159,311660,113.0,8345.0,1275084.5,374.6808581186379,27.670015584071088
3116704,Coimbra - MG,7117,311670,42.0,633.0,151928.3,590.136293382043,8.894196993115076
3116803,Coluna - MG,8163,311680,21.0,179.0,129330.2,257.25836089672913,2.1928212666911673
3116902,Comendador Gomes - MG,2773,311690,11.0,370.0,170475.4,396.68229354489716,13.342949873782906
3117009,Comercinho - MG,6660,311700,24.0,87.0,77172.2,360.36036036036035,1.3063063063063063
3117108,Conceição da Aparecida - MG,10371,311710,39.0,307.0,340024.9,376.0485970494649,2.960177417799634
3117207,Conceição das Pedras - MG,2772,311720,10.0,64.0,78460.5,360.75036075036076,2.3088023088023086
3117306,Conceição das Alagoas - MG,28381,311730,111.0,9668.0,1363980.4,391.106726330996,34.06504351502766
3117405,Conceição de Ipanema - MG,4409,311740,13.0,52.0,92884.4,294.8514402358811,1.1794057609435245
3117504,Conceição do Mato Dentro - MG,23163,311750,83.0,5271.0,3542338.1,358.33009541078445,22.756119673617405
3117603,Conceição do Pará - MG,5415,311760,13.0,1122.0,373924.6,240.07386888273314,20.7202216066482
3117702,Conceição do Rio Verde - MG,12541,311770,53.0,2575.0,366160.5,422.61382664859264,20.53265289849294
3117801,Conceição dos Ouros - MG,10880,311780,37.0,2106.0,259018.4,340.0735294117647,19.356617647058822
3117836,Cônego Marinho - MG,7237,311783,35.0,39.0,69322.8,483.6258118004698,0.5388973331490949
3117876,Confins - MG,7350,311787,37.0,2531.0,780843.1,503.40136054421765,34.435374149659864
3117900,Congonhal - MG,11083,311790,49.0,1855.0,241164.4,442.11855995669043,16.73734548407471
3118007,Congonhas - MG,52890,311800,224.0,19967.0,8477571.4,423.5205142749102,37.751937984496124
3118106,Congonhas do Norte - MG,4831,311810,25.0,342.0,55202.6,517.491202649555,7.079279652245912
3118205,Conquista - MG,6694,311820,22.0,3310.0,534105.3,328.65252464893933,49.44726620854497
3118304,Conselheiro Lafaiete - MG,131621,311830,559.0,51584.0,2998868.6,424.7042645170603,39.19131445589989
3118403,Conselheiro Pena - MG,20824,311840,107.0,3481.0,549039.2,513.8301959277757,16.716288897426047
3118502,Consolação - MG,1563,311850,5.0,65.0,32082.5,319.89763275751756,4.158669225847729
3118601,Contagem - MG,621863,311860,2410.0,278886.0,42596067.4,387.54516670070416,44.846855336303975
3118700,Coqueiral - MG,9023,311870,36.0,618.0,274206.0,398.9803834644797,6.849163249473568
3118809,Coração de Jesus - MG,25377,311880,98.0,444.0,300866.5,386.1764589983056,1.749615793829058
3118908,Cordisburgo - MG,7547,311890,33.0,557.0,147036.3,437.2598383463628,7.380416059361336
3119005,Cordislândia - MG,3200,311900,18.0,115.0,135392.9,562.5,3.5937499999999996
3119104,Corinto - MG,23532,311910,103.0,1908.0,563276.5,437.7018527961924,8.108108108108109
3119203,Coroaci - MG,10884,311920,45.0,388.0,135645.0,413.4509371554576,3.5648658581403896
3119302,Coromandel - MG,28894,311930,131.0,3152.0,1876644.6,453.3813248425279,10.908839205371358
3119401,Coronel Fabriciano - MG,104736,311940,410.0,41847.0,2164490.1,391.46043385273447,39.95474335472044
3119500,Coronel Murta - MG,8200,311950,30.0,85.0,113329.2,365.8536585365854,1.0365853658536586
3119609,Coronel Pacheco - MG,2762,311960,9.0,383.0,65349.7,325.8508327299059,13.86676321506155
3119708,Coronel Xavier Chaves - MG,3486,311970,7.0,313.0,75935.9,200.8032128514056,8.97877223178428
3119807,Córrego Danta - MG,2960,311980,16.0,219.0,199342.8,540.5405405405405,7.398648648648648
3119906,Córrego do Bom Jesus - MG,4272,311990,13.0,367.0,53635.3,304.3071161048689,8.590823970037453
3119955,Córrego Fundo - MG,6133,311995,22.0,983.0,460308.1,358.7151475623675,16.028045002445783
3120003,Córrego Novo - MG,2875,312000,21.0,315.0,45589.5,730.4347826086956,10.956521739130434
3120102,Couto de Magalhães de Minas - MG,4245,312010,30.0,105.0,68415.4,706.7137809187279,2.4734982332155475
3120151,Crisólita - MG,5265,312015,19.0,83.0,78615.2,360.87369420702754,1.5764482431149098
3120201,Cristais - MG,12197,312020,51.0,531.0,320609.2,418.13560711650405,4.353529556448307
3120300,Cristália - MG,5121,312030,12.0,69.0,59248.1,234.32923257176333,1.3473930872876392
3120409,Cristiano Otoni - MG,4667,312040,15.0,728.0,165311.7,321.4056138847225,15.598885793871867
3120508,Cristina - MG,10374,312050,34.0,2097.0,274252.4,327.7424330055909,20.213996529786005
3120607,Crucilândia - MG,5434,312060,18.0,244.0,91382.0,331.24769966875226,4.4902465955097535
3120706,Cruzeiro da Fortaleza - MG,3521,312070,20.0,240.0,193461.9,568.0204487361544,6.816245384833854
3120805,Cruzília - MG,15362,312080,76.0,2344.0,374479.7,494.72724905611244,15.258429891941153
3120839,Cuparaque - MG,3983,312083,26.0,85.0,76948.8,652.7742907356264,2.1340697966357016
3120870,Curral de Dentro - MG,7406,312087,28.0,132.0,84251.5,378.0718336483932,1.7823386443424252
3120904,Curvelo - MG,80665,312090,334.0,13804.0,2352584.6,414.0581416971425,17.112750263435196
3121001,Datas - MG,5465,312100,24.0,132.0,79589.8,439.1582799634035,2.4153705397987193
3121100,Delfim Moreira - MG,7952,312110,39.0,562.0,126342.8,490.4426559356137,7.0674044265593565
3121209,Delfinópolis - MG,8393,312120,34.0,691.0,297581.5,405.09948766829496,8.233051352317407
3121258,Delta - MG,10494,312125,31.0,3498.0,528670.9,295.40689918048406,33.33333333333333
3121308,Descoberto - MG,4928,312130,27.0,496.0,102136.7,547.8896103896104,10.064935064935066
3121407,Desterro de Entre Rios - MG,7653,312140,43.0,784.0,298080.8,561.8711616359598,10.24434862145564
3121506,Desterro do Melo - MG,2994,312150,13.0,117.0,58247.0,434.2017368069473,3.9078156312625247
3121605,Diamantina - MG,47702,312160,172.0,5924.0,1037925.2,360.5718837784579,12.418766508741772
3121704,Diogo de Vasconcelos - MG,3549,312170,15.0,91.0,49388.2,422.654268808115,2.564102564102564
3121803,Dionísio - MG,6847,312180,26.0,753.0,95506.9,379.7283481816854,10.997517160800351
3121902,Divinésia - MG,4226,312190,24.0,665.0,79771.9,567.9129200189304,15.735920492191196
3122009,Divino - MG,20706,312200,118.0,749.0,462607.4,569.8831256640586,3.6173089925625423
3122108,Divino das Laranjeiras - MG,4178,312210,24.0,164.0,63796.8,574.4375299186213,3.925323121110579
3122207,Divinolândia de Minas - MG,6516,312220,20.0,450.0,82947.0,306.9367710251688,6.906077348066299
3122306,Divinópolis - MG,231091,312230,944.0,134850.0,8791427.4,408.49708556369563,58.35363558078852
3122355,Divisa Alegre - MG,6321,312235,37.0,164.0,221542.7,585.3504192374623,2.5945261825660495
3122405,Divisa Nova - MG,5851,312240,36.0,350.0,147395.9,615.2794394120663,5.981883438728422
3122454,Divisópolis - MG,10213,312245,38.0,127.0,103450.7,372.074806619015,1.2435131694898658
3122470,Dom Bosco - MG,3697,312247,10.0,300.0,74216.2,270.4895861509332,8.114687584527996
3122504,Dom Cavati - MG,4904,312250,25.0,427.0,76125.8,509.7879282218597,8.707177814029365
3122603,Dom Joaquim - MG,4899,312260,20.0,664.0,67270.3,408.2465809348847,13.553786487038172
3122702,Dom Silvério - MG,5228,312270,23.0,395.0,115466.4,439.9387911247131,7.555470543228767
3122801,Dom Viçoso - MG,3095,312280,12.0,571.0,46944.8,387.72213247172857,18.449111470113085
3122900,Dona Euzébia - MG,6093,312290,33.0,425.0,108142.2,541.6051206302315,6.975217462662071
3123007,Dores de Campos - MG,10007,312300,50.0,1631.0,370654.7,499.65024482862,16.298590986309584
3123106,Dores de Guanhães - MG,5029,312310,24.0,222.0,178040.4,477.2320540862995,4.4143965002982695
3123205,Dores do Indaiá - MG,12630,312320,75.0,2302.0,341842.5,593.8242280285035,18.226444972288203
3123304,Dores do Turvo - MG,4987,312330,32.0,391.0,68801.8,641.6683376779627,7.840385001002607
3123403,Doresópolis - MG,1461,312340,6.0,74.0,123362.0,410.6776180698152,5.065023956194388
3123502,Douradoquara - MG,1829,312350,3.0,82.0,84277.7,164.02405686167305,4.48332422088573
3123528,Durandé - MG,7817,312352,33.0,311.0,195042.3,422.156837661507,3.9785083791735962
3123601,Elói Mendes - MG,26336,312360,129.0,4188.0,924298.1,489.823815309842,15.902187120291616
3123700,Engenheiro Caldas - MG,13622,312370,45.0,779.0,167574.2,330.3479665247394,5.718690353839378
3123809,Engenheiro Navarro - MG,6354,312380,35.0,765.0,104272.3,550.8341202392194,12.039660056657224
3123858,Entre Folhas - MG,5179,312385,23.0,173.0,74684.5,444.1011778335586,3.340413207182854
3123908,Entre Rios de Minas - MG,14746,312390,74.0,2161.0,364593.7,501.83100501831007,14.654821646548216
3124005,Ervália - MG,20255,312400,79.0,776.0,523466.0,390.0271537891878,3.831152801777339
3124104,Esmeraldas - MG,85598,312410,290.0,13017.0,1207162.5,338.79296245239374,15.207131007733826
3124203,Espera Feliz - MG,24102,312420,124.0,1107.0,830714.3,514.4801261306116,4.592979835698283
3124302,Espinosa - MG,30443,312430,111.0,583.0,405307.5,364.61583943763753,1.9150543638931774
3124401,Espírito Santo do Dourado - MG,6611,312440,28.0,467.0,121181.1,423.5365300257147,7.063984268643171
3124500,Estiva - MG,11502,312450,51.0,2040.0,602366.1,443.4011476264998,17.73604590505999
3124609,Estrela Dalva - MG,2186,312460,15.0,164.0,48358.4,686.1848124428179,7.502287282708142
3124708,Estrela do Indaiá - MG,2772,312470,14.0,292.0,140290.9,505.0505050505051,10.533910533910534
3124807,Estrela do Sul - MG,6840,312480,21.0,871.0,415826.7,307.0175438596491,12.73391812865497
3124906,Eugenópolis - MG,10801,312490,43.0,573.0,242516.7,398.11128599203784,5.305064345893898
3125002,Ewbank da Câmara - MG,3875,312500,24.0,555.0,60943.4,619.3548387096774,14.32258064516129
3125101,Extrema - MG,53482,312510,170.0,26920.0,17506036.5,317.8639542275906,50.33469204592199
3125200,Fama - MG,2578,312520,13.0,196.0,62722.2,504.26687354538404,7.602792862684252
3125309,Faria Lemos - MG,3188,312530,17.0,161.0,74154.6,533.249686323714,5.050188205771644
3125408,Felício dos Santos - MG,5133,312540,10.0,83.0,81601.3,194.81784531463083,1.616988116111436
3125507,São Gonçalo do Rio Preto - MG,3032,312550,10.0,75.0,49661.4,329.81530343007915,2.4736147757255935
3125606,Felisburgo - MG,6489,312560,29.0,165.0,77332.9,446.9101556480197,2.542764678687009
3125705,Felixlândia - MG,13978,312570,59.0,1457.0,284405.3,422.0918586349979,10.423522678494777
3125804,Fernandes Tourinho - MG,2789,312580,15.0,153.0,47684.0,537.8271782000717,5.485837217640731
3125903,Ferros - MG,9590,312590,47.0,858.0,151696.8,490.0938477580813,8.94681960375391
3125952,Fervedouro - MG,10445,312595,31.0,171.0,222413.0,296.7927237912877,1.6371469602680706
3126000,Florestal - MG,8045,312600,20.0,2941.0,155554.1,248.6016159105034,36.556867619639526
3126109,Formiga - MG,68248,312610,303.0,15186.0,2661730.5,443.9690540382135,22.25120150041027
3126208,Formoso - MG,7949,312620,22.0,199.0,507507.8,276.76437287709143,2.5034595546609637
3126307,Fortaleza de Minas - MG,3477,312630,19.0,250.0,101509.2,546.448087431694,7.19010641357492
3126406,Fortuna de Minas - MG,3093,312640,14.0,228.0,59803.4,452.63498221791144,7.371483996120272
3126505,Francisco Badaró - MG,7366,312650,37.0,83.0,78956.7,502.30790116752644,1.1267988053217486
3126604,Francisco Dumont - MG,4503,312660,19.0,71.0,79709.0,421.94092827004215,1.5767266266933155
3126703,Francisco Sá - MG,23476,312670,109.0,714.0,499307.3,464.30397001192705,3.041403987050605
3126752,Franciscópolis - MG,5034,312675,16.0,97.0,92468.6,317.83869686134284,1.926897099721891
3126802,Frei Gaspar - MG,5640,312680,25.0,237.0,77422.6,443.26241134751774,4.202127659574468
3126901,Frei Inocêncio - MG,8226,312690,70.0,655.0,168192.1,850.9603695599319,7.962557743739362
3126950,Frei Lagonegro - MG,3391,312695,6.0,9.0,42805.7,176.93895606015923,0.26540843409023884
3127008,Fronteira - MG,14540,312700,44.0,2814.0,748730.4,302.6134800550206,19.353507565337004
3127057,Fronteira dos Vales - MG,4345,312705,12.0,68.0,53194.5,276.1795166858458,1.5650172612197928
3127073,Fruta de Leite - MG,4647,312707,38.0,51.0,50424.8,817.7318700236711,1.0974822466107166
3127107,Frutal - MG,58588,312710,248.0,18181.0,3084987.3,423.2948726701714,31.03195193554994
3127206,Funilândia - MG,4686,312720,20.0,300.0,96696.6,426.8032437046522,6.402048655569782
3127305,Galiléia - MG,6222,312730,44.0,405.0,110318.0,707.1681131468981,6.509161041465767
3127339,Gameleiras - MG,4793,312733,21.0,20.0,65812.9,438.13895263926565,0.4172751929897768
3127354,Glaucilândia - MG,2928,312735,12.0,150.0,47510.6,409.8360655737705,5.122950819672131
3127370,Goiabeira - MG,2830,312737,18.0,93.0,51302.1,636.0424028268551,3.286219081272085
3127388,Goianá - MG,4053,312738,19.0,331.0,75115.3,468.7885516901061,8.166790032075006
3127404,Gonçalves - MG,4727,312740,26.0,361.0,106374.5,550.0317325999576,7.636979056484028
3127503,Gonzaga - MG,5230,312750,24.0,153.0,77889.3,458.89101338432124,2.9254302103250476
3127602,Gouveia - MG,11331,312760,49.0,613.0,188430.8,432.44197334745394,5.409937340040597
3127701,Governador Valadares - MG,257171,312770,1284.0,76477.0,8028768.8,499.2786900544774,29.737800918455036
3127800,Grão Mogol - MG,13901,312780,51.0,436.0,525199.4,366.8800805697432,3.136465002517805
3127909,Grupiara - MG,1392,312790,5.0,25.0,49746.3,359.1954022988506,1.7959770114942528
3128006,Guanhães - MG,32244,312800,120.0,5889.0,1087755.1,372.16226274655753,18.26386304428731
3128105,Guapé - MG,13772,312810,54.0,370.0,459855.2,392.09991286668605,2.6866105140865524
3128204,Guaraciaba - MG,9753,312820,31.0,366.0,118989.7,317.85091766635907,3.7526914795447555
3128253,Guaraciama - MG,5051,312825,21.0,540.0,67716.4,415.75925559295194,10.690952286675905
3128303,Guaranésia - MG,19150,312830,77.0,3466.0,744283.8,402.08877284595303,18.099216710182766
3128402,Guarani - MG,7714,312840,42.0,1142.0,190852.5,544.464609800363,14.804252009333679
3128501,Guarará - MG,3149,312850,27.0,340.0,63807.4,857.4150523975866,10.797078437599238
3128600,Guarda-Mor - MG,6539,312860,22.0,295.0,918639.3,336.4428811744915,4.5113931793852275
3128709,Guaxupé - MG,50911,312870,233.0,13670.0,3912373.2,457.6614091257292,26.850778810080335
3128808,Guidoval - MG,7131,312880,39.0,1579.0,131187.3,546.9078670593185,22.142756976581126
3128907,Guimarânia - MG,8478,312890,30.0,622.0,333130.7,353.8570417551309,7.336635999056382
3129004,Guiricema - MG,7778,312900,35.0,266.0,120001.1,449.98714322447927,3.419902288506043
3129103,Gurinhatã - MG,5192,312910,21.0,227.0,217168.3,404.4684129429892,4.37211093990755
3129202,Heliodora - MG,6134,312920,41.0,328.0,146293.8,668.4056080860777,5.347244864688621
3129301,Iapu - MG,12030,312930,41.0,1659.0,215368.8,340.81463009143806,13.790523690773068
3129400,Ibertioga - MG,5198,312940,36.0,305.0,110483.6,692.5740669488265,5.867641400538669
3129509,Ibiá - MG,22229,312950,111.0,3449.0,1641283.9,499.34769895181967,15.51576769085429
3129608,Ibiaí - MG,6286,312960,26.0,163.0,134720.0,413.6175628380528,2.593063951638562
3129657,Ibiracatu - MG,5081,312965,28.0,42.0,54817.9,551.0726234993111,0.8266089352489667
3129707,Ibiraci - MG,10948,312970,50.0,1516.0,728550.2,456.70442089879435,13.847278041651442
3129806,Ibirité - MG,170537,312980,699.0,44095.0,3073444.8,409.88172654614544,25.856558987199257
3129905,Ibitiúra de Minas - MG,3365,312990,22.0,154.0,80149.2,653.7890044576524,4.576523031203566
3130002,Ibituruna - MG,2698,313000,13.0,61.0,62721.8,481.8383988139363,2.260934025203855
3130051,Icaraí de Minas - MG,10677,313005,36.0,56.0,114602.8,337.17336330429896,0.5244918984733539
3130101,Igarapé - MG,45847,313010,169.0,12672.0,1206081.8,368.6173577333304,27.639758326608067
3130200,Igaratinga - MG,10830,313020,40.0,2509.0,762874.3,369.3444136657433,23.16712834718375
3130309,Iguatama - MG,6826,313030,42.0,1624.0,556687.8,615.2944623498389,23.7913858775271
3130408,Ijaci - MG,7003,313040,29.0,1548.0,564038.9,414.1082393260031,22.104812223332857
3130507,Ilicínea - MG,12741,313050,54.0,200.0,292707.8,423.8285848834471,1.5697354995683228
3130556,Imbé de Minas - MG,6986,313055,25.0,132.0,139946.7,357.85857429144,1.8894932722588034
3130606,Inconfidentes - MG,7301,313060,26.0,536.0,176008.2,356.1156006026572,7.3414600739624705
3130655,Indaiabira - MG,6346,313065,26.0,37.0,87898.8,409.70690198550267,0.5830444374409076
3130705,Indianópolis - MG,6171,313070,20.0,352.0,861720.5,324.09658078107276,5.704099821746881
3130804,Ingaí - MG,2580,313080,14.0,145.0,135273.0,542.6356589147287,5.62015503875969
3130903,Inhapim - MG,22692,313090,104.0,1569.0,501843.0,458.3112991362595,6.914331041776838
3131000,Inhaúma - MG,6239,313100,27.0,845.0,147426.2,432.76166052251966,13.543837153389967
3131109,Inimutaba - MG,7371,313110,28.0,477.0,104620.8,379.8670465337132,6.471306471306472
3131158,Ipaba - MG,17136,313115,62.0,3916.0,191442.7,361.81139122315597,22.85247432306256
3131208,Ipanema - MG,19522,313120,92.0,959.0,397402.3,471.26319024690093,4.912406515725848
3131307,Ipatinga - MG,227731,313130,817.0,108483.0,18957034.8,358.7566031853371,47.636465830299784
3131406,Ipiaçu - MG,3775,313140,16.0,417.0,217352.0,423.841059602649,11.04635761589404
3131505,Ipuiúna - MG,9135,313150,43.0,554.0,198705.3,470.7170224411604,6.064586754241927
3131604,Iraí de Minas - MG,7180,313160,30.0,328.0,344281.1,417.8272980501393,4.56824512534819
3131703,Itabira - MG,113343,313170,439.0,56399.0,7361373.4,387.31990506692074,49.759579329998324
3131802,Itabirinha - MG,10362,313180,48.0,522.0,161417.6,463.23103647944407,5.037637521713955
3131901,Itabirito - MG,53365,313190,184.0,25180.0,7258818.7,344.795277803804,47.18448421249883
3132008,Itacambira - MG,4252,313200,11.0,94.0,62077.0,258.70178739416747,2.2107243650047037
3132107,Itacarambi - MG,17208,313210,73.0,319.0,244991.7,424.2212924221293,1.8537889353788934
3132206,Itaguara - MG,13846,313220,45.0,1230.0,447167.6,325.003611151235,8.883432038133757
3132305,Itaipé - MG,10463,313230,53.0,231.0,125234.1,506.5468794800726,2.2077797954697505
3132404,Itajubá - MG,93073,313240,394.0,30018.0,4121333.7,423.32362769009274,32.25210318782031
3132503,Itamarandiba - MG,32948,313250,112.0,2452.0,636219.2,339.9295860143256,7.4420298652422
3132602,Itamarati de Minas - MG,3690,313260,24.0,323.0,65478.4,650.4065040650406,8.753387533875339
3132701,Itambacuri - MG,21042,313270,96.0,1328.0,370460.2,456.23039635015687,6.311187149510503
3132800,Itambé do Mato Dentro - MG,2142,313280,10.0,123.0,40712.6,466.8534080298786,5.742296918767507
3132909,Itamogi - MG,10770,313290,58.0,824.0,346912.6,538.5329619312906,7.65088207985144
3133006,Itamonte - MG,14786,313300,66.0,5156.0,805016.4,446.36818612200733,34.87082375219803
3133105,Itanhandu - MG,15236,313310,61.0,4324.0,557979.8,400.36755053819894,28.380152270937252
3133204,Itanhomi - MG,11128,313320,47.0,826.0,159556.1,422.3580158159598,7.422717469446441
3133303,Itaobim - MG,19151,313330,81.0,1384.0,355199.1,422.95441491305934,7.226776669625607
3133402,Itapagipe - MG,13690,313340,33.0,3997.0,550663.5,241.05186267348427,29.196493791088386
3133501,Itapecerica - MG,21046,313350,89.0,6436.0,641893.7,422.8832082105863,30.580632899363298
3133600,Itapeva - MG,12692,313360,46.0,3222.0,1275556.5,362.43302867948313,25.386069965332492
3133709,Itatiaiuçu - MG,12966,313370,54.0,4054.0,3079751.8,416.47385469689954,31.266389017430203
3133758,Itaú de Minas - MG,14406,313375,63.0,2558.0,831717.9,437.3177842565598,17.756490351242537
3133808,Itaúna - MG,97669,313380,467.0,31715.0,5324954.9,478.1455733139481,32.47192046606395
3133907,Itaverava - MG,5642,313390,17.0,235.0,76310.1,301.31159163417226,4.165189649060617
3134004,Itinga - MG,13745,313400,55.0,403.0,143976.0,400.1455074572572,2.9319752637322662
3134103,Itueta - MG,6055,313410,25.0,250.0,141201.8,412.88191577208914,4.128819157720892
3134202,Ituiutaba - MG,102217,313420,445.0,24670.0,4387179.8,435.34832757760455,24.134928632223605
3134301,Itumirim - MG,6638,313430,20.0,552.0,102914.8,301.295570955107,8.315757758360952
3134400,Iturama - MG,38295,313440,142.0,12637.0,2403673.1,370.80558819689253,32.9990860425643
3134509,Itutinga - MG,4217,313450,18.0,383.0,174873.7,426.8437277685558,9.082285985297604
3134608,Jaboticatubas - MG,20406,313460,75.0,1597.0,331471.6,367.5389591296677,7.826129569734391
3134707,Jacinto - MG,11042,313470,59.0,229.0,142291.0,534.3234921209926,2.073899655859446
3134806,Jacuí - MG,7495,313480,34.0,582.0,183602.8,453.63575717144766,7.765176784523016
3134905,Jacutinga - MG,25525,313490,95.0,3316.0,1354852.4,372.18413320274243,12.991185112634671
3135001,Jaguaraçu - MG,3092,313500,9.0,643.0,126244.4,291.07373868046574,20.795601552393272
3135050,Jaíba - MG,37660,313505,155.0,4276.0,843988.2,411.57727031332985,11.354221986192247
3135076,Jampruca - MG,4296,313507,28.0,57.0,75146.1,651.7690875232774,1.3268156424581006
3135100,Janaúba - MG,70699,313510,331.0,6187.0,1666043.0,468.18201106097683,8.751184599499286
3135209,Januária - MG,65150,313520,248.0,3666.0,903261.9,380.66001534919417,5.627014581734459
3135308,Japaraíba - MG,4506,313530,8.0,828.0,103026.5,177.5410563692854,18.375499334221036
3135357,Japonvar - MG,8127,313535,43.0,48.0,90085.9,529.1005291005291,0.5906238464377999
3135407,Jeceaba - MG,6197,313540,34.0,866.0,1773263.1,548.6525738260449,13.974503792157494
3135456,Jenipapo de Minas - MG,6100,313545,20.0,62.0,79506.5,327.8688524590164,1.0163934426229508
3135506,Jequeri - MG,12419,313550,62.0,648.0,257952.3,499.2350430791529,5.217811417988566
3135605,Jequitaí - MG,6484,313560,36.0,164.0,148744.3,555.2128315854411,2.5293028994447875
3135704,Jequitibá - MG,5883,313570,33.0,239.0,140200.1,560.9382967873534,4.062553119156893
3135803,Jequitinhonha - MG,24007,313580,104.0,984.0,313074.6,433.2069812971216,4.0988045153496895
3135902,Jesuânia - MG,5138,313590,29.0,872.0,113437.5,564.4219540677307,16.97158427403659
3136009,Joaíma - MG,13888,313600,64.0,453.0,180592.3,460.8294930875576,3.2618087557603688
3136108,Joanésia - MG,4329,313610,22.0,585.0,113406.7,508.2005082005082,13.513513513513514
3136207,João Monlevade - MG,80187,313620,291.0,25384.0,5011364.5,362.9017172359609,31.6560040904386
3136306,João Pinheiro - MG,46801,313630,200.0,5476.0,2254280.4,427.3412961261511,11.70060468793402
3136405,Joaquim Felício - MG,3854,313640,14.0,82.0,71970.7,363.25895173845356,2.127659574468085
3136504,Jordânia - MG,10304,313650,46.0,205.0,120966.6,446.4285714285714,1.9895186335403727
3136520,José Gonçalves de Minas - MG,3969,313652,19.0,36.0,55890.8,478.7100025195263,0.9070294784580499
3136553,José Raydan - MG,4268,313655,16.0,47.0,83717.0,374.88284910965325,1.1012183692596065
3136579,Josenópolis - MG,3630,313657,15.0,80.0,52055.5,413.22314049586777,2.203856749311295
3136603,Nova União - MG,5909,313660,29.0,659.0,134151.9,490.7767811812489,11.15247926891183
3136652,Juatuba - MG,30716,313665,124.0,11045.0,1767832.5,403.6983982289361,35.95845813256934
3136702,Juiz de Fora - MG,540756,313670,2575.0,217087.0,21817612.7,476.18519258223665,40.14509316586409
3136801,Juramento - MG,3768,313680,15.0,246.0,56559.2,398.0891719745223,6.528662420382165
3136900,Juruaia - MG,11084,313690,39.0,651.0,317184.0,351.85853482497293,5.87333092746301
3136959,Juvenília - MG,5789,313695,28.0,24.0,71184.0,483.6759371221282,0.41457937467610984
3137007,Ladainha - MG,14383,313700,50.0,346.0,149545.0,347.632621845234,2.4056177431690187
3137106,Lagamar - MG,6631,313710,42.0,852.0,249903.1,633.3886291660383,12.848740763082493
3137205,Lagoa da Prata - MG,51412,313720,215.0,14704.0,2587184.9,418.190305765191,28.600326771959857
3137304,Lagoa dos Patos - MG,3313,313730,22.0,50.0,57187.3,664.0507093268941,1.5092061575611229
3137403,Lagoa Dourada - MG,12769,313740,42.0,897.0,354139.2,328.9216070169943,7.024825749862949
3137502,Lagoa Formosa - MG,18904,313750,83.0,1929.0,671391.3,439.0605162928481,10.204189589504868
3137536,Lagoa Grande - MG,8969,313753,35.0,565.0,317817.9,390.23302486341845,6.299475972795183
3137601,Lagoa Santa - MG,75145,313760,241.0,22054.0,2613051.9,320.71328764388846,29.3485927207399
3137700,Lajinha - MG,20835,313770,93.0,1059.0,557866.9,446.36429085673143,5.082793376529877
3137809,Lambari - MG,20414,313780,104.0,4293.0,490868.8,509.4542960713236,21.02968550994416
3137908,Lamim - MG,3184,313790,19.0,85.0,55311.0,596.7336683417085,2.669597989949749
3138005,Laranjal - MG,5963,313800,32.0,303.0,98942.2,536.6426295488849,5.0813348985410025
3138104,Lassance - MG,7124,313810,37.0,219.0,200672.6,519.371139809096,3.0741156653565413
3138203,Lavras - MG,104761,313820,409.0,31489.0,3348002.7,390.41246265308655,30.057941409493992
3138302,Leandro Ferreira - MG,3199,313830,13.0,604.0,57948.5,406.3769928102532,18.88090028133792
3138351,Leme do Prado - MG,4341,313835,15.0,107.0,72571.1,345.54250172771253,2.4648698456576823
3138401,Leopoldina - MG,51145,313840,242.0,7613.0,1180538.9,473.16453221233746,14.885130511291425
3138500,Liberdade - MG,4737,313850,29.0,377.0,105712.0,612.2018154950391,7.958623601435508
3138609,Lima Duarte - MG,17221,313860,86.0,2272.0,360158.0,499.39027931014465,13.19319435572847
3138625,Limeira do Oeste - MG,8687,313862,33.0,3724.0,406146.2,379.8779785886957,42.868654311039485
3138658,Lontra - MG,8790,313865,36.0,100.0,98905.0,409.55631399317406,1.1376564277588168
3138674,Luisburgo - MG,6956,313867,26.0,215.0,191968.1,373.77803335250144,3.0908568142610693
3138682,Luislândia - MG,6210,313868,26.0,50.0,72962.7,418.67954911433173,0.8051529790660225
3138708,Luminárias - MG,5586,313870,22.0,413.0,168807.6,393.8417472252059,7.393483709273182
3138807,Luz - MG,17875,313880,84.0,3383.0,730134.8,469.9300699300699,18.925874125874127
3138906,Machacalis - MG,6487,313890,24.0,170.0,117258.5,369.97071065207336,2.620625867118853
3139003,Machado - MG,37684,313900,164.0,10578.0,1478210.0,435.19796199978776,28.070268548986306
3139102,Madre de Deus de Minas - MG,5191,313910,28.0,519.0,380445.0,539.3951069158159,9.998073588903871
3139201,Malacacheta - MG,17516,313920,90.0,763.0,259316.3,513.815939712263,4.35601735556063
3139250,Mamonas - MG,5997,313925,20.0,22.0,68239.9,333.50008337502084,0.3668500917125229
3139300,Manga - MG,18886,313930,72.0,300.0,271190.9,381.234777083554,1.5884782378481417
3139409,Manhuaçu - MG,91886,313940,366.0,15635.0,4127694.4,398.3196569662408,17.015649826959493
3139508,Manhumirim - MG,20613,313950,108.0,1851.0,557244.5,523.9412021539805,8.979770048027943
3139607,Mantena - MG,26535,313960,97.0,2215.0,551720.3,365.55492745430564,8.347465611456567
3139706,Maravilhas - MG,7333,313970,36.0,606.0,263344.9,490.9314059729988,8.26401200054548
3139805,Mar de Espanha - MG,12721,313980,56.0,1537.0,232414.5,440.21696407515134,12.082383460419779
3139904,Maria da Fé - MG,14247,313990,71.0,2055.0,230037.3,498.3505299361269,14.424089281954094
3140001,Mariana - MG,61387,314000,237.0,23628.0,5090283.3,386.07522765406355,38.490234088650695
3140100,Marilac - MG,4224,314010,20.0,251.0,63670.5,473.4848484848485,5.942234848484849
3140159,Mário Campos - MG,15900,314015,48.0,4532.0,210846.1,301.88679245283015,28.503144654088054
3140209,Maripá de Minas - MG,3387,314020,23.0,431.0,86161.8,679.0670209625038,12.725125479775611
3140308,Marliéria - MG,4592,314030,23.0,601.0,60875.7,500.8710801393728,13.087979094076655
3140407,Marmelópolis - MG,3200,314040,20.0,55.0,48873.2,625.0,1.7187500000000002
3140506,Martinho Campos - MG,14003,314050,65.0,2622.0,528224.4,464.18624580447045,18.724559023066487
3140530,Martins Soares - MG,8396,314053,31.0,329.0,422170.6,369.2234397332063,3.918532634587899
3140555,Mata Verde - MG,9112,314055,31.0,85.0,107836.1,340.2107111501317,0.9328358208955223
3140605,Materlândia - MG,3963,314060,15.0,71.0,65361.2,378.5011355034065,1.791572041382791
3140704,Mateus Leme - MG,37841,314070,149.0,11852.0,1076291.4,393.7528078010623,31.320525356095242
3140803,Matias Barbosa - MG,14121,314080,56.0,3570.0,725963.3,396.57248070249983,25.281495644784364
3140852,Matias Cardoso - MG,8895,314085,24.0,106.0,172456.3,269.81450252951095,1.19168071950534
3140902,Matipó - MG,18552,314090,93.0,1377.0,664476.3,501.2936610608021,7.4223803363518766
3141009,Mato Verde - MG,12038,314100,57.0,221.0,187463.3,473.50058149194217,1.8358531317494602
3141108,Matozinhos - MG,37618,314110,147.0,10994.0,1800386.7,390.7703758838854,29.225370833111807
3141207,Matutina - MG,3814,314120,14.0,334.0,99497.9,367.06869428421606,8.75721027792344
3141306,Medeiros - MG,3900,314130,11.0,127.0,273655.3,282.0512820512821,3.256410256410256
3141405,Medina - MG,20156,314140,85.0,644.0,276313.8,421.7106568763644,3.1950783885691605
3141504,Mendes Pimentel - MG,5606,314150,28.0,335.0,81971.1,499.46485907955764,5.975740278273279
3141603,Mercês - MG,10373,314160,75.0,539.0,170733.6,723.030945724477,5.1961823966065745
3141702,Mesquita - MG,5040,314170,25.0,956.0,67257.6,496.031746031746,18.96825396825397
3141801,Minas Novas - MG,24405,314180,74.0,1004.0,346059.0,303.21655398483915,4.113911083794305
3141900,Minduri - MG,3741,314190,20.0,486.0,168911.5,534.6164127238707,12.991178829190057
3142007,Mirabela - MG,13651,314200,57.0,239.0,165955.7,417.5518277049301,1.7507874880961103
3142106,Miradouro - MG,8968,314210,50.0,384.0,182413.4,557.5379125780553,4.281891168599464
3142205,Miraí - MG,13633,314220,52.0,792.0,289982.3,381.42741876329495,5.809432993471723
3142254,Miravânia - MG,3985,314225,21.0,19.0,50387.2,526.9761606022585,0.4767879548306148
3142304,Moeda - MG,5125,314230,14.0,1326.0,89883.4,273.17073170731703,25.87317073170732
3142403,Moema - MG,7548,314240,35.0,1015.0,149686.5,463.69899311075784,13.447270800211978
3142502,Monjolos - MG,2169,314250,10.0,44.0,42478.6,461.04195481788844,2.028584601198709
3142601,Monsenhor Paulo - MG,8340,314260,32.0,905.0,268788.6,383.69304556354916,10.851318944844126
3142700,Montalvânia - MG,14060,314270,77.0,213.0,179715.3,547.6529160739688,1.5149359886201992
3142809,Monte Alegre de Minas - MG,20170,314280,79.0,1955.0,830858.6,391.6707982151711,9.69261279127417
3142908,Monte Azul - MG,20328,314290,79.0,419.0,281700.2,388.6265249901614,2.0611963793781976
3143005,Monte Belo - MG,13046,314300,74.0,2188.0,403025.1,567.2236700904492,16.77142419132301
3143104,Monte Carmelo - MG,47692,314310,217.0,4176.0,2116369.0,455.0029355028097,8.756185523777573
3143153,Monte Formoso - MG,4381,314315,16.0,25.0,45536.7,365.21342159324354,0.570645971239443
3143203,Monte Santo de Minas - MG,20890,314320,92.0,1901.0,627072.2,440.4021062709431,9.10004786979416
3143302,Montes Claros - MG,414240,314330,1406.0,97123.0,12351982.9,339.41676322904596,23.446069911162613
3143401,Monte Sião - MG,24089,314340,92.0,1944.0,657402.3,381.9170575781477,8.070073477520861
3143450,Montezuma - MG,6888,314345,21.0,60.0,86876.9,304.8780487804878,0.8710801393728222
3143500,Morada Nova de Minas - MG,9067,314350,34.0,621.0,481820.9,374.98621374214184,6.849012903937355
3143609,Morro da Garça - MG,2411,314360,14.0,67.0,54493.3,580.6719203649939,2.7789299046038987
3143708,Morro do Pilar - MG,3133,314370,11.0,254.0,48345.9,351.10118097669965,8.107245451643792
3143807,Munhoz - MG,7451,314380,25.0,285.0,138957.6,335.52543282780834,3.824989934237015
3143906,Muriaé - MG,104108,314390,539.0,16137.0,2832646.4,517.7315864294771,15.500249740653938
3144003,Mutum - MG,27635,314400,122.0,565.0,635552.0,441.46915143839334,2.0445087751040347
3144102,Muzambinho - MG,21891,314410,100.0,2110.0,678498.3,456.8087341829976,9.63866429126125
3144201,Nacip Raydan - MG,2459,314420,5.0,66.0,36977.8,203.33468889792596,2.684017893452623
3144300,Nanuque - MG,35038,314430,195.0,4715.0,1019998.9,556.5386152177635,13.456818311547464
3144359,Naque - MG,6303,314435,32.0,1202.0,96650.5,507.6947485324449,19.07028399174996
3144375,Natalândia - MG,3520,314437,23.0,66.0,73642.5,653.4090909090909,1.875
3144409,Natércia - MG,4691,314440,28.0,230.0,143676.6,596.8876572159454,4.9030057557024085
3144508,Nazareno - MG,8179,314450,33.0,840.0,1019641.8,403.47230712801075,10.270204181440274
3144607,Nepomuceno - MG,25018,314460,107.0,3347.0,631103.8,427.69206171556476,13.37836757534575
3144656,Ninheira - MG,10588,314465,33.0,25.0,175807.6,311.67359274650545,0.23611635814129203
3144672,Nova Belém - MG,3151,314467,20.0,54.0,159949.8,634.7191367819739,1.7137416693113299
3144706,Nova Era - MG,17438,314470,72.0,5453.0,485383.7,412.89138662690675,31.270787934396143
3144805,Nova Lima - MG,111697,314480,318.0,61967.0,12119429.0,284.698783315577,55.47776574124641
3144904,Nova Módica - MG,3663,314490,10.0,85.0,61884.7,273.000273000273,2.3205023205023205
3145000,Nova Ponte - MG,14598,314500,58.0,3904.0,1181374.7,397.3147006439238,26.743389505411702
3145059,Nova Porteirinha - MG,6706,314505,33.0,163.0,125544.6,492.0966298836862,2.4306591112436626
3145109,Nova Resende - MG,16387,314510,56.0,638.0,569124.3,341.73430158052116,3.893330078720937
3145208,Nova Serrana - MG,105552,314520,284.0,26149.0,3307358.5,269.0616947097165,24.773571320297105
3145307,Novo Cruzeiro - MG,26975,314530,121.0,724.0,372038.0,448.563484708063,2.6839666357738645
3145356,Novo Oriente de Minas - MG,10275,314535,45.0,320.0,121180.6,437.9562043795621,3.1143552311435525
3145372,Novorizonte - MG,4571,314537,18.0,74.0,86202.0,393.7869175235178,1.618901772041129
3145406,Olaria - MG,1945,314540,23.0,74.0,37442.3,1182.5192802056554,3.8046272493573263
3145455,Olhos-d'Água - MG,5385,314545,24.0,92.0,161673.6,445.68245125348193,1.7084493964716805
3145505,Olímpio Noronha - MG,2555,314550,14.0,467.0,53646.9,547.945205479452,18.27788649706458
3145604,Oliveira - MG,39262,314560,196.0,10639.0,1296254.9,499.210432479242,27.09744791401355
3145703,Oliveira Fortes - MG,2027,314570,9.0,102.0,37446.0,444.0059200789344,5.032067094227923
3145802,Onça de Pitangui - MG,2969,314580,9.0,247.0,62671.4,303.13236780060623,8.31929942741664
3145851,Oratórios - MG,4917,314585,28.0,354.0,72550.9,569.452918446207,7.199511897498474
3145877,Orizânia - MG,8437,314587,33.0,160.0,164147.3,391.13428943937424,1.896408676069693
3145901,Ouro Branco - MG,38724,314590,121.0,16254.0,4988928.6,312.4677202768309,41.97396963123644
3146008,Ouro Fino - MG,32094,314600,141.0,4431.0,1142948.8,439.3344550383249,13.806318938119274
3146107,Ouro Preto - MG,74821,314610,308.0,26739.0,7305998.8,411.6491359377715,35.73729300597426
3146206,Ouro Verde de Minas - MG,5757,314620,27.0,200.0,74690.2,468.9942678478374,3.4740316136876843
3146255,Padre Carvalho - MG,5058,314625,34.0,272.0,62090.9,672.2024515618822,5.3776196124950575
3146305,Padre Paraíso - MG,17334,314630,94.0,506.0,223908.2,542.2868351217261,2.919118495442483
3146404,Paineiras - MG,4224,314640,23.0,376.0,88763.6,544.5075757575758,8.901515151515152
3146503,Pains - MG,8142,314650,29.0,1660.0,628905.4,356.17784328174895,20.388111029231148
3146552,Pai Pedro - MG,5551,314655,32.0,21.0,64104.9,576.4727076202486,0.37831021437578816
3146602,Paiva - MG,1474,314660,6.0,43.0,29894.0,407.05563093622794,2.9172320217096335
3146701,Palma - MG,5707,314670,39.0,248.0,105285.9,683.371298405467,4.345540564219379
3146750,Palmópolis - MG,6301,314675,32.0,21.0,73448.9,507.85589588954133,0.33328043167751153
3146909,Papagaios - MG,13920,314690,68.0,1417.0,374008.7,488.5057471264368,10.179597701149426
3147006,Paracatu - MG,94023,314700,313.0,23599.0,6489208.4,332.8972698169597,25.099177860736205
3147105,Pará de Minas - MG,97139,314710,380.0,28083.0,4578580.7,391.1920032118922,28.910118489998865
3147204,Paraguaçu - MG,21723,314720,109.0,3335.0,790514.0,501.7723150577729,15.352391474474059
3147303,Paraisópolis - MG,20445,314730,91.0,6211.0,659482.7,445.09660063585227,30.37906578625581
3147402,Paraopeba - MG,24107,314740,118.0,5144.0,1011879.0,489.4843821296718,21.338200522669766
3147501,Passabém - MG,1600,314750,9.0,104.0,26234.7,562.5,6.5
3147600,Passa Quatro - MG,15515,314760,86.0,3702.0,663760.3,554.3022881082823,23.860779890428617
3147709,Passa Tempo - MG,8473,314770,39.0,1347.0,377005.7,460.28561312404105,15.897556945591882
3147808,Passa Vinte - MG,2233,314780,15.0,104.0,48725.8,671.7420510523959,4.6574115539632785
3147907,Passos - MG,111939,314790,500.0,24898.0,3534527.2,446.67184806010414,22.242471346000947
3147956,Patis - MG,4837,314795,17.0,25.0,56688.8,351.4575149886293,0.5168492867479842
3148004,Patos de Minas - MG,159235,314800,669.0,54106.0,7149201.7,420.1337645618111,33.978710710584984
3148103,Patrocínio - MG,89826,314810,331.0,18224.0,4419875.0,368.49019214926636,20.28811257319707
3148202,Patrocínio do Muriaé - MG,5576,314820,30.0,342.0,134240.4,538.0200860832139,6.1334289813486365
3148301,Paula Cândido - MG,8659,314830,42.0,485.0,142148.5,485.0444624090542,5.601108673056935
3148400,Paulistas - MG,4389,314840,11.0,234.0,73650.8,250.62656641604008,5.331510594668489
3148509,Pavão - MG,8047,314850,33.0,326.0,98286.4,410.0907170374052,4.051199204672549
3148608,Peçanha - MG,17446,314860,52.0,930.0,261343.3,298.06259314456037,5.33073483893156
3148707,Pedra Azul - MG,24410,314870,97.0,1858.0,407860.3,397.37812371978697,7.611634575993445
3148756,Pedra Bonita - MG,7320,314875,20.0,43.0,164906.7,273.224043715847,0.587431693989071
3148806,Pedra do Anta - MG,3311,314880,12.0,173.0,63370.5,362.42826940501357,5.225007550588947
3148905,Pedra do Indaiá - MG,4112,314890,15.0,1723.0,130405.1,364.78599221789887,41.90175097276265
3149002,Pedra Dourada - MG,2757,314900,7.0,46.0,57946.4,253.89916575988394,1.6684802321363803
3149101,Pedralva - MG,10760,314910,51.0,1125.0,202575.1,473.97769516728624,10.455390334572492
3149150,Pedras de Maria da Cruz - MG,10433,314915,39.0,73.0,112339.9,373.81385986772744,0.699702865906259
3149200,Pedrinópolis - MG,3344,314920,17.0,396.0,271186.9,508.37320574162675,11.842105263157894
3149309,Pedro Leopoldo - MG,62580,314930,264.0,18685.0,2221404.3,421.8600191754554,29.857782038990095
3149408,Pedro Teixeira - MG,1810,314940,11.0,44.0,32642.8,607.7348066298342,2.430939226519337
3149507,Pequeri - MG,3351,314950,15.0,506.0,65340.0,447.6275738585497,15.099970158161744
3149606,Pequi - MG,4155,314960,23.0,337.0,132279.7,553.5499398315283,8.110709987966306
3149705,Perdigão - MG,12268,314970,34.0,3467.0,317551.5,277.14378871861754,28.2605151613955
3149804,Perdizes - MG,17151,314980,61.0,2544.0,2086047.3,355.6643927467786,14.832954346685323
3149903,Perdões - MG,21384,314990,79.0,2965.0,715579.9,369.4350916573139,13.865506921062476
3149952,Periquito - MG,6553,314995,38.0,1051.0,118620.0,579.8870746223104,16.038455669159163
3150000,Pescador - MG,3570,315000,25.0,95.0,48573.7,700.280112044818,2.661064425770308
3150109,Piau - MG,2796,315010,16.0,349.0,84235.9,572.2460658082975,12.482117310443492
3150158,Piedade de Caratinga - MG,8529,315015,25.0,226.0,196871.9,293.1175987806308,2.6497830929769024
3150208,Piedade de Ponte Nova - MG,3976,315020,21.0,343.0,66897.3,528.169014084507,8.626760563380282
3150307,Piedade do Rio Grande - MG,4604,315030,37.0,87.0,118841.5,803.6490008688097,1.8896611642050392
3150406,Piedade dos Gerais - MG,5019,315040,20.0,189.0,108715.2,398.4857541342897,3.765690376569038
3150505,Pimenta - MG,8563,315050,41.0,658.0,341255.4,478.8041574214644,7.684222819105453
3150539,Pingo-d'Água - MG,4706,315053,19.0,898.0,57657.5,403.7399065023374,19.082022949426264
3150570,Pintópolis - MG,7084,315057,26.0,22.0,80535.9,367.02428006775835,0.3105590062111801
3150604,Piracema - MG,6700,315060,32.0,649.0,248221.4,477.6119402985075,9.686567164179106
3150703,Pirajuba - MG,5537,315070,22.0,2627.0,501603.1,397.32707242188906,47.444464511468304
3150802,Piranga - MG,17018,315080,68.0,521.0,218219.8,399.5769185568222,3.0614643318838874
3150901,Piranguçu - MG,6041,315090,30.0,704.0,88611.8,496.60652209899024,11.653699718589637
3151008,Piranguinho - MG,9120,315100,31.0,1710.0,157970.7,339.9122807017544,18.75
3151107,Pirapetinga - MG,11077,315110,71.0,2467.0,612887.4,640.9677710571455,22.271373115464478
3151206,Pirapora - MG,55606,315120,253.0,9741.0,3368912.3,454.9868719202964,17.517893752472755
3151305,Piraúba - MG,11610,315130,55.0,1375.0,209328.8,473.72954349698534,11.843238587424635
3151404,Pitangui - MG,26685,315140,101.0,8696.0,736006.1,378.48978827056396,32.58759602773094
3151503,Piumhi - MG,36062,315150,168.0,4203.0,1496840.3,465.8643447396151,11.654927624646442
3151602,Planura - MG,11145,315160,56.0,2983.0,517704.4,502.46747420367876,26.76536563481382
3151701,Poço Fundo - MG,16390,315170,72.0,2077.0,488910.6,439.29225137278826,12.672361195851128
3151800,Poços de Caldas - MG,163742,315180,823.0,76345.0,9792526.3,502.6199753270389,46.62517863468139
3151909,Pocrane - MG,8350,315190,41.0,173.0,145591.8,491.0179640718563,2.07185628742515
3152006,Pompéu - MG,31047,315200,155.0,3732.0,1172244.4,499.2430830676072,12.020485071021355
3152105,Ponte Nova - MG,57776,315210,287.0,14571.0,2245067.1,496.74605372472996,25.219814455829408
3152131,Ponto Chique - MG,3747,315213,14.0,21.0,53623.2,373.63223912463303,0.5604483586869495
3152170,Ponto dos Volantes - MG,10883,315217,49.0,205.0,129538.5,450.2434990351925,1.883671781677846
3152204,Porteirinha - MG,37438,315220,164.0,1879.0,526275.4,438.05758854639674,5.018964688284631
3152303,Porto Firme - MG,10569,315230,29.0,214.0,143929.8,274.387359258208,2.0247894786640175
3152402,Poté - MG,13666,315240,61.0,595.0,175768.1,446.3632372310845,4.353870920532709
3152501,Pouso Alegre - MG,152217,315250,572.0,67505.0,12476110.7,375.77931505679396,44.34787178830223
3152600,Pouso Alto - MG,6566,315260,24.0,1934.0,438624.1,365.5193420651843,29.454766981419432
3152709,Prados - MG,9048,315270,43.0,902.0,225722.1,475.2431476569408,9.969053934571177
3152808,Prata - MG,28342,315280,124.0,3982.0,1565416.3,437.5132312469127,14.049820055041987
3152907,Pratápolis - MG,8406,315290,43.0,909.0,246349.9,511.5393766357364,10.813704496788008
3153004,Pratinha - MG,3559,315300,14.0,166.0,225218.4,393.3689238550154,4.664231525709469
3153103,Presidente Bernardes - MG,4850,315310,33.0,153.0,78080.5,680.4123711340206,3.154639175257732
3153202,Presidente Juscelino - MG,3465,315320,14.0,107.0,54976.0,404.04040404040404,3.088023088023088
3153301,Presidente Kubitschek - MG,3071,315330,18.0,73.0,40084.2,586.1282969716705,2.3770758710517748
3153400,Presidente Olegário - MG,18765,315340,58.0,1799.0,907953.0,309.08606448174794,9.586997069011458
3153509,Alto Jequitibá - MG,8397,315350,38.0,292.0,163818.4,452.54257472906994,3.4774324163391683
3153608,Prudente de Morais - MG,11466,315360,48.0,2264.0,265396.2,418.6289900575615,19.745334031048316
3153707,Quartel Geral - MG,3179,315370,16.0,295.0,81850.3,503.30292544825414,9.279647687952187
3153806,Queluzito - MG,1770,315380,10.0,177.0,46584.7,564.9717514124294,10.0
3153905,Raposos - MG,16279,315390,63.0,4962.0,293689.1,387.00165857853676,30.480987775661895
3154002,Raul Soares - MG,23423,315400,96.0,1671.0,455337.1,409.8535627374803,7.134013576399266
3154101,Recreio - MG,11007,315410,53.0,589.0,128928.5,481.5117652403016,5.351140183519579
3154150,Reduto - MG,7848,315415,40.0,479.0,155354.5,509.683995922528,6.103465851172273
3154200,Resende Costa - MG,11230,315420,45.0,936.0,214697.5,400.7123775601068,8.334817453250222
3154309,Resplendor - MG,17226,315430,86.0,1851.0,360256.2,499.2453268315337,10.745384883315918
3154408,Ressaquinha - MG,4548,315440,29.0,355.0,451721.1,637.6429199648197,7.805628847845207
3154457,Riachinho - MG,6863,315445,35.0,107.0,166414.7,509.98105784642286,1.5590849482733498
3154507,Riacho dos Machados - MG,8756,315450,30.0,1184.0,247901.6,342.6222019186843,13.522156235724076
3154606,Ribeirão das Neves - MG,329794,315460,1242.0,64463.0,5754238.5,376.5987252648623,19.546444143920144
3154705,Ribeirão Vermelho - MG,4080,315470,21.0,737.0,127369.8,514.7058823529412,18.063725490196077
3154804,Rio Acima - MG,10261,315480,40.0,2590.0,262637.1,389.8255530650034,25.24120456095897
3154903,Rio Casca - MG,12789,315490,58.0,1317.0,256593.1,453.51473922902494,10.297912268355617
3155009,Rio Doce - MG,2484,315500,13.0,395.0,61822.0,523.3494363929146,15.901771336553946
3155108,Rio do Prado - MG,4639,315510,23.0,56.0,59990.6,495.796507868075,1.2071567148092262
3155207,Rio Espera - MG,5429,315520,36.0,96.0,64423.4,663.1055442991343,1.768281451464358
3155306,Rio Manso - MG,5568,315530,22.0,407.0,124134.0,395.1149425287357,7.309626436781609
3155405,Rio Novo - MG,8518,315540,46.0,930.0,129338.0,540.0328715660953,10.918055881662363
3155504,Rio Paranaíba - MG,14532,315550,58.0,1543.0,1106499.4,399.11918524635286,10.61794660060556
3155603,Rio Pardo de Minas - MG,28271,315560,87.0,327.0,358041.3,307.73584238265363,1.156662304127905
3155702,Rio Piracicaba - MG,14631,315570,47.0,3762.0,270393.0,321.23573234912175,25.712528193561617
3155801,Rio Pomba - MG,17443,315580,91.0,2962.0,468545.1,521.6992489823998,16.98102390643811
3155900,Rio Preto - MG,5141,315590,25.0,378.0,75066.1,486.2867146469559,7.352655125461973
3156007,Rio Vermelho - MG,12641,315600,57.0,230.0,153615.5,450.9136935369037,1.8194763072541729
3156106,Ritápolis - MG,4994,315610,31.0,499.0,97197.5,620.7448938726471,9.99199038846616
3156205,Rochedo de Minas - MG,2291,315620,24.0,209.0,144754.2,1047.5774770842427,9.122653862941947
3156304,Rodeiro - MG,8664,315630,37.0,2192.0,545499.3,427.0544783010157,25.30009233610342
3156403,Romaria - MG,3386,315640,19.0,224.0,364666.8,561.1340815121088,6.61547548730065
3156452,Rosário da Limeira - MG,4734,315645,28.0,133.0,85498.0,591.4659907055344,2.8094634558512888
3156502,Rubelita - MG,5679,315650,25.0,68.0,73491.9,440.2183483007572,1.1973939073780595
3156601,Rubim - MG,10298,315660,45.0,220.0,123943.7,436.97805399106625,2.1363371528452126
3156700,Sabará - MG,129380,315670,505.0,37263.0,3934173.8,390.32307930128303,28.801205750502394
3156809,Sabinópolis - MG,14240,315680,69.0,873.0,309137.2,484.55056179775283,6.13061797752809
3156908,Sacramento - MG,26670,315690,101.0,5055.0,2139747.8,378.7026621672291,18.953880764904387
3157005,Salinas - MG,40178,315700,171.0,3308.0,791733.8,425.6060530638658,8.23336154114192
3157104,Salto da Divisa - MG,6110,315710,18.0,545.0,117452.3,294.59901800327333,8.919803600654665
3157203,Santa Bárbara - MG,30466,315720,98.0,13886.0,1152729.9,321.6700584257861,45.57867787041292
3157252,Santa Bárbara do Leste - MG,8458,315725,30.0,273.0,149128.8,354.69378103570585,3.227713407424923
3157278,Santa Bárbara do Monte Verde - MG,3095,315727,17.0,102.0,58847.5,549.2730210016155,3.295638126009693
3157302,Santa Bárbara do Tugúrio - MG,4208,315730,16.0,241.0,72570.8,380.22813688212926,5.727186311787072
3157336,Santa Cruz de Minas - MG,8109,315733,42.0,989.0,121163.1,517.9430262671106,12.196325070908868
3157377,Santa Cruz de Salinas - MG,3910,315737,16.0,24.0,53726.6,409.20716112531966,0.6138107416879796
3157401,Santa Cruz do Escalvado - MG,4673,315740,22.0,348.0,109625.2,470.78964262786224,7.4470361652043655
3157500,Santa Efigênia de Minas - MG,4039,315750,20.0,128.0,55391.1,495.1720722951226,3.1691012626887844
3157609,Santa Fé de Minas - MG,3522,315760,22.0,48.0,60999.9,624.6450880181715,1.362862010221465
3157658,Santa Helena de Minas - MG,5938,315765,29.0,82.0,59908.9,488.3799259009768,1.3809363422027618
3157708,Santa Juliana - MG,15734,315770,50.0,2708.0,924579.9,317.78314478200076,17.211135121393163
3157807,Santa Luzia - MG,219132,315780,878.0,55342.0,5758336.5,400.6717412335944,25.255097384225035
3157906,Santa Margarida - MG,16395,315790,72.0,467.0,545006.8,439.1582799634035,2.8484293992070753
3158003,Santa Maria de Itabira - MG,10485,315800,56.0,1527.0,272757.8,534.0963280877444,14.563662374821174
3158102,Santa Maria do Salto - MG,4755,315810,18.0,44.0,50815.2,378.54889589905366,0.9253417455310199
3158201,Santa Maria do Suaçuí - MG,12788,315820,64.0,621.0,178799.3,500.46918986549895,4.856115107913669
3158300,Santana da Vargem - MG,6691,315830,27.0,1437.0,214152.1,403.52712599013597,21.476610372141682
3158409,Santana de Cataguases - MG,3489,315840,23.0,200.0,51898.5,659.2146746918888,5.732301519059903
3158508,Santana de Pirapama - MG,7030,315850,35.0,164.0,125203.4,497.86628733997156,2.332859174964438
3158607,Santana do Deserto - MG,3747,315860,12.0,296.0,50988.1,320.25620496397113,7.899653055777955
3158706,Santana do Garambéu - MG,2137,315870,10.0,133.0,40761.3,467.9457182966776,6.223678053345812
3158805,Santana do Jacaré - MG,4214,315880,22.0,271.0,119141.6,522.0692928334124,6.430944470811581
3158904,Santana do Manhuaçu - MG,8987,315890,40.0,447.0,245127.6,445.0873483921219,4.973851118281963
3158953,Santana do Paraíso - MG,44800,315895,119.0,15568.0,1187338.2,265.625,34.75
3159001,Santana do Riacho - MG,5313,315900,21.0,453.0,122253.2,395.2569169960474,8.526256352343308
3159100,Santana dos Montes - MG,3469,315910,18.0,91.0,53371.5,518.8815220524647,2.6232343614874605
3159209,Santa Rita de Caldas - MG,8460,315920,49.0,1156.0,239954.6,579.1962174940898,13.664302600472814
3159308,Santa Rita de Jacutinga - MG,4755,315930,23.0,213.0,80379.8,483.70136698212406,4.479495268138802
3159357,Santa Rita de Minas - MG,6773,315935,31.0,303.0,188093.3,457.69968994537135,4.473645356562823
3159407,Santa Rita de Ibitipoca - MG,3301,315940,19.0,209.0,66534.0,575.5831566192063,6.33141472281127
3159506,Santa Rita do Itueto - MG,5826,315950,22.0,104.0,294767.3,377.6175763817371,1.7851012701682114
3159605,Santa Rita do Sapucaí - MG,40635,315960,170.0,13302.0,2187943.3,418.3585578934416,32.73532668881506
3159704,Santa Rosa da Serra - MG,3382,315970,14.0,99.0,182791.0,413.9562389118865,2.927261975162626
3159803,Santa Vitória - MG,20973,315980,79.0,3655.0,1128792.8,376.67477232632433,17.42716826395842
3159902,Santo Antônio do Amparo - MG,17285,315990,79.0,1179.0,413731.1,457.04367949088805,6.82094301417414
3160009,Santo Antônio do Aventureiro - MG,3769,316000,16.0,221.0,68079.8,424.51578668081714,5.863624303528788
3160108,Santo Antônio do Grama - MG,4229,316010,20.0,406.0,90008.4,472.92504138094114,9.600378340033105
3160207,Santo Antônio do Itambé - MG,3915,316020,13.0,35.0,50463.7,332.0561941251596,0.8939974457215836
3160306,Santo Antônio do Jacinto - MG,10327,316030,45.0,80.0,123552.1,435.75094412704556,0.7746683451147478
3160405,Santo Antônio do Monte - MG,27295,316040,102.0,9531.0,828153.5,373.69481590034803,34.9184832386884
3160454,Santo Antônio do Retiro - MG,6629,316045,26.0,27.0,76799.7,392.2160205159149,0.4073012520742193
3160504,Santo Antônio do Rio Abaixo - MG,1808,316050,9.0,60.0,32402.5,497.78761061946904,3.3185840707964607
3160603,Santo Hipólito - MG,2717,316060,14.0,85.0,49466.0,515.2741994847258,3.1284504968715496
3160702,Santos Dumont - MG,42406,316070,259.0,13004.0,1208059.4,610.7626279300099,30.665471867188604
3160801,São Bento Abade - MG,4713,316080,19.0,214.0,87981.7,403.14025037131336,4.540632293655846
3160900,São Brás do Suaçuí - MG,3989,316090,18.0,743.0,90665.7,451.2409125094008,18.62622211080471
3160959,São Domingos das Dores - MG,5626,316095,14.0,160.0,120311.6,248.8446498400284,2.8439388553146108
3161007,São Domingos do Prata - MG,17392,316100,71.0,2819.0,357693.2,408.23367065317393,16.208601655933762
3161056,São Félix de Minas - MG,3200,316105,11.0,112.0,46652.0,343.75,3.5000000000000004
3161106,São Francisco - MG,52762,316110,243.0,877.0,725685.0,460.55873545354615,1.662181115196543
3161205,São Francisco de Paula - MG,6187,316120,33.0,650.0,218276.3,533.3764344593502,10.505899466623566
3161304,São Francisco de Sales - MG,5732,316130,27.0,1411.0,193421.1,471.039776692254,24.61618981158409
3161403,São Francisco do Glória - MG,4800,316140,16.0,128.0,87316.2,333.33333333333337,2.666666666666667
3161502,São Geraldo - MG,10282,316150,66.0,359.0,290355.9,641.8984633339817,3.491538611165143
3161601,São Geraldo da Piedade - MG,3305,316160,25.0,201.0,46622.1,756.4296520423601,6.081694402420575
3161650,São Geraldo do Baixio - MG,3143,316165,16.0,103.0,49274.1,509.0677696468342,3.277123767101495
3161700,São Gonçalo do Abaeté - MG,7375,316170,16.0,1182.0,379298.4,216.94915254237287,16.027118644067798
3161809,São Gonçalo do Pará - MG,11770,316180,47.0,4523.0,328832.9,399.320305862362,38.42820730671198
3161908,São Gonçalo do Rio Abaixo - MG,11850,316190,54.0,4685.0,3838429.7,455.6962025316456,39.53586497890295
3162005,São Gonçalo do Sapucaí - MG,23959,316200,119.0,3313.0,1110721.0,496.68183146208105,13.827789139780458
3162104,São Gotardo - MG,40910,316210,148.0,5869.0,1447958.1,361.7697384502566,14.346125641652407
3162203,São João Batista do Glória - MG,7652,316220,36.0,648.0,265284.6,470.4652378463147,8.468374281233665
3162252,São João da Lagoa - MG,4822,316225,22.0,48.0,65157.1,456.2422231439237,0.9954375777685608
3162302,São João da Mata - MG,2914,316230,13.0,178.0,62268.9,446.1221688400824,6.108442004118051
3162401,São João da Ponte - MG,23930,316240,115.0,257.0,294983.7,480.56832427914753,1.0739657333890513
3162450,São João das Missões - MG,13024,316245,33.0,72.0,104830.8,253.3783783783784,0.5528255528255528
3162500,São João del Rei - MG,90225,316250,439.0,25155.0,3286449.1,486.56137434192294,27.880299251870323
3162559,São João do Manhuaçu - MG,11246,316255,54.0,666.0,261762.5,480.1707273697314,5.922105637560021
3162575,São João do Manteninha - MG,5331,316257,31.0,188.0,86651.8,581.5044081785782,3.526542862502345
3162609,São João do Oriente - MG,7070,316260,33.0,614.0,111761.6,466.76096181046677,8.684582743988685
3162658,São João do Pacuí - MG,3972,316265,22.0,13.0,46918.1,553.8771399798591,0.3272910372608258
3162708,São João do Paraíso - MG,23910,316270,80.0,263.0,286699.3,334.5880384776244,1.0999581764951905
3162807,São João Evangelista - MG,15315,316280,67.0,1409.0,259717.8,437.4795951681358,9.200130590923932
3162906,São João Nepomuceno - MG,25565,316290,128.0,6646.0,581987.2,500.684529630354,25.996479561901037
3162922,São Joaquim de Bicas - MG,34348,316292,119.0,7181.0,956892.0,346.4539420053569,20.90660300454175
3162948,São José da Barra - MG,7793,316294,34.0,932.0,668346.8,436.2889772873091,11.959450789169768
3162955,São José da Lapa - MG,26090,316295,79.0,6325.0,976279.9,302.7980068991951,24.243004982752012
3163003,São José da Safira - MG,3806,316300,17.0,103.0,48147.1,446.6631634261692,2.7062532842879663
3163102,São José da Varginha - MG,4536,316310,15.0,320.0,121945.5,330.6878306878307,7.054673721340388
3163201,São José do Alegre - MG,4133,316320,19.0,698.0,69544.1,459.7144931042826,16.88845874667312
3163300,São José do Divino - MG,3464,316330,8.0,148.0,54219.5,230.94688221709006,4.272517321016166
3163409,São José do Goiabal - MG,5396,316340,31.0,472.0,73843.9,574.4996293550779,8.747220163083766
3163508,São José do Jacuri - MG,6197,316350,10.0,102.0,116399.8,161.36840406648378,1.6459577214781345
3163607,São José do Mantimento - MG,2753,316360,13.0,54.0,57196.4,472.21213221939706,1.961496549219034
3163706,São Lourenço - MG,44798,316370,229.0,18570.0,1249052.3,511.1835349792401,41.45274342604581
3163805,São Miguel do Anta - MG,6334,316380,33.0,359.0,130368.1,520.9977897063467,5.667824439532681
3163904,São Pedro da União - MG,4885,316390,21.0,184.0,184727.3,429.88741044012284,3.7666325486182193
3164001,São Pedro dos Ferros - MG,7166,316400,35.0,447.0,143511.1,488.41752721183366,6.237789561819705
3164100,São Pedro do Suaçuí - MG,5103,316410,17.0,131.0,95276.7,333.1373701744072,2.5671173819321966
3164209,São Romão - MG,10315,316420,37.0,358.0,268414.1,358.7009209888512,3.4706737760542903
3164308,São Roque de Minas - MG,7129,316430,35.0,490.0,357530.2,490.9524477486323,6.873334268480853
3164407,São Sebastião da Bela Vista - MG,6387,316440,21.0,521.0,618200.8,328.79286049788635,8.15719430092375
3164431,São Sebastião da Vargem Alegre - MG,3113,316443,13.0,258.0,74833.0,417.6035978156119,8.28782524895599
3164472,São Sebastião do Anta - MG,6194,316447,28.0,73.0,131729.7,452.0503713270907,1.1785598966742008
3164506,São Sebastião do Maranhão - MG,10079,316450,39.0,70.0,107846.0,386.9431491219367,0.6945133445778351
3164605,São Sebastião do Oeste - MG,8815,316460,34.0,4154.0,772508.1,385.7061826432218,47.124220079410094
3164704,São Sebastião do Paraíso - MG,71796,316470,313.0,17044.0,2537934.9,435.9574349545935,23.739484093821382
3164803,São Sebastião do Rio Preto - MG,1259,316480,5.0,52.0,27919.1,397.1405877680699,4.130262112787927
3164902,São Sebastião do Rio Verde - MG,2300,316490,7.0,331.0,41464.1,304.3478260869565,14.391304347826086
3165008,São Tiago - MG,11192,316500,40.0,1571.0,255019.0,357.39814152966403,14.036812008577556
3165107,São Tomás de Aquino - MG,6740,316510,36.0,398.0,252855.8,534.1246290801187,5.905044510385757
3165206,São Tomé das Letras - MG,6904,316520,21.0,127.0,156679.5,304.1714947856315,1.839513325608343
3165305,São Vicente de Minas - MG,6804,316530,32.0,949.0,222960.1,470.31158142269254,13.947677836566724
3165404,Sapucaí-Mirim - MG,6311,316540,22.0,185.0,137508.5,348.59768657898906,2.931389637141499
3165503,Sardoá - MG,5104,316550,19.0,194.0,71576.9,372.25705329153607,3.800940438871473
3165537,Sarzedo - MG,36844,316553,98.0,14385.0,1633539.6,265.9863207035067,39.0429920746933
3165552,Setubinha - MG,9917,316555,41.0,123.0,130345.7,413.4314812947464,1.2402944438842392
3165560,Sem-Peixe - MG,2433,316556,12.0,74.0,36775.1,493.2182490752158,3.0415125359638306
3165578,Senador Amaral - MG,6206,316557,25.0,284.0,101052.5,402.83596519497263,4.576216564614889
3165602,Senador Cortes - MG,2240,316560,14.0,124.0,42692.2,625.0,5.535714285714286
3165701,Senador Firmino - MG,7716,316570,35.0,1125.0,123408.5,453.60290305857956,14.580093312597201
3165800,Senador José Bento - MG,2068,316580,5.0,73.0,44947.0,241.77949709864606,3.5299806576402317
3165909,Senador Modestino Gonçalves - MG,4008,316590,12.0,67.0,86654.2,299.4011976047904,1.6716566866267466
3166006,Senhora de Oliveira - MG,5483,316600,22.0,202.0,86520.6,401.2401969724603,3.6841145358380447
3166105,Senhora do Porto - MG,3067,316610,22.0,142.0,50946.2,717.31333550701,4.6299315291816105
3166204,Senhora dos Remédios - MG,10384,316620,46.0,229.0,126898.2,442.98921417565487,2.2053158705701077
3166303,Sericita - MG,7345,316630,36.0,83.0,175838.3,490.1293396868618,1.1300204220558203
3166402,Seritinga - MG,1819,316640,8.0,161.0,48147.1,439.80208905992305,8.851017042330952
3166501,Serra Azul de Minas - MG,3792,316650,9.0,36.0,48541.6,237.34177215189874,0.949367088607595
3166600,Serra da Saudade - MG,833,316660,4.0,56.0,22517.7,480.1920768307323,6.722689075630252
3166709,Serra dos Aimorés - MG,6944,316670,42.0,373.0,152030.2,604.8387096774194,5.371543778801843
3166808,Serra do Salitre - MG,11801,316680,46.0,1133.0,882063.9,389.797474790272,9.600881281247352
3166907,Serrania - MG,7621,316690,38.0,782.0,200224.3,498.62222805406117,10.261120587849364
3166956,Serranópolis de Minas - MG,4399,316695,16.0,31.0,53002.3,363.71902705160267,0.7047056149124802
3167004,Serranos - MG,1990,316700,4.0,208.0,43206.7,201.00502512562815,10.452261306532664
3167103,Serro - MG,21952,316710,86.0,2041.0,335210.3,391.7638483965015,9.297558309037901
3167202,Sete Lagoas - MG,227397,316720,872.0,78455.0,14818543.9,383.4703184298825,34.50133467020233
3167301,Silveirânia - MG,2323,316730,13.0,133.0,39513.3,559.6211795092553,5.725355144210073
3167400,Silvianópolis - MG,6179,316740,24.0,716.0,158829.3,388.41236446026863,11.587635539731348
3167509,Simão Pereira - MG,2947,316750,16.0,383.0,107886.1,542.9250084832033,12.996267390566679
3167608,Simonésia - MG,19750,316760,69.0,735.0,494706.3,349.36708860759495,3.7215189873417724
3167707,Sobrália - MG,5137,316770,29.0,295.0,72625.5,564.5318279151256,5.742651352929726
3167806,Soledade de Minas - MG,5613,316780,19.0,1360.0,95263.2,338.4999109210761,24.22946730803492
3167905,Tabuleiro - MG,4014,316790,22.0,294.0,79867.6,548.0817140009965,7.324364723467862
3168002,Taiobeiras - MG,33050,316800,118.0,895.0,618917.8,357.03479576399394,2.7080181543116493
3168051,Taparuba - MG,3387,316805,21.0,14.0,55723.4,620.0177147918512,0.41334514319456744
3168101,Tapira - MG,4118,316810,19.0,663.0,643070.6,461.3890237979602,16.100048567265663
3168200,Tapiraí - MG,1690,316820,3.0,30.0,67094.7,177.51479289940826,1.7751479289940828
3168309,Taquaraçu de Minas - MG,4224,316830,16.0,285.0,76507.3,378.7878787878788,6.747159090909091
3168408,Tarumirim - MG,14709,316840,68.0,599.0,195705.9,462.3019919777007,4.072336664627099
3168507,Teixeiras - MG,12255,316850,68.0,1208.0,227664.6,554.875560995512,9.85720114239086
3168606,Teófilo Otoni - MG,137418,316860,572.0,31937.0,3051476.0,416.24823531124014,23.240769040445937
3168705,Timóteo - MG,81579,316870,324.0,36774.0,5458822.2,397.16103408965546,45.07777736917589
3168804,Tiradentes - MG,7744,316880,32.0,1322.0,253015.0,413.22314049586777,17.071280991735538
3168903,Tiros - MG,7883,316890,32.0,894.0,434588.1,405.9368260814411,11.340860078650259
3169000,Tocantins - MG,16185,316900,70.0,6144.0,387031.1,432.4992276799506,37.9610750695088
3169059,Tocos do Moji - MG,3826,316905,17.0,136.0,73324.9,444.3282801881861,3.554626241505489
3169109,Toledo - MG,7214,316910,38.0,817.0,115920.2,526.7535347934572,11.325200998059328
3169208,Tombos - MG,8609,316920,38.0,808.0,145318.9,441.3985364153793,9.385526774305958
3169307,Três Corações - MG,75485,316930,342.0,20100.0,3283951.1,453.0701463866993,26.627806849042855
3169356,Três Marias - MG,28895,316935,119.0,7938.0,2645024.9,411.8359577781623,27.471880948260946
3169406,Três Pontas - MG,55255,316940,232.0,19565.0,2173779.6,419.87150484119087,35.40856031128405
3169505,Tumiritinga - MG,5886,316950,30.0,371.0,92082.3,509.683995922528,6.303092082908597
3169604,Tupaciguara - MG,25470,316960,119.0,3875.0,1182517.7,467.21633294071455,15.213977228111503
3169703,Turmalina - MG,20000,316970,56.0,1118.0,455067.5,280.0,5.59
3169802,Turvolândia - MG,4935,316980,16.0,328.0,149761.6,324.21479229989865,6.646403242147923
3169901,Ubá - MG,103365,316990,449.0,32001.0,3768282.7,434.3830116577178,30.95922217384995
3170008,Ubaí - MG,11708,317000,48.0,79.0,124460.8,409.9760847283909,0.6747523061154767
3170057,Ubaporanga - MG,13017,317005,48.0,567.0,204269.0,368.7485595759391,4.355842359990781
3170107,Uberaba - MG,337836,317010,1446.0,141184.0,23582499.8,428.0183284197066,41.7906913413609
3170206,Uberlândia - MG,713224,317020,2390.0,272796.0,47790806.7,335.09808980067976,38.248292261617664
3170305,Umburatiba - MG,2684,317030,11.0,38.0,44831.5,409.8360655737705,1.4157973174366618
3170404,Unaí - MG,86619,317040,337.0,12858.0,4864891.2,389.06013692146064,14.844318221175493
3170438,União de Minas - MG,3828,317043,17.0,393.0,148297.1,444.0961337513062,10.266457680250783
3170479,Uruana de Minas - MG,3282,317047,7.0,129.0,93347.5,213.28458257160267,3.930530164533821
3170503,Urucânia - MG,10600,317050,44.0,1102.0,276044.5,415.09433962264154,10.39622641509434
3170529,Urucuia - MG,17479,317052,40.0,110.0,204029.3,228.84604382401739,0.6293266205160478
3170578,Vargem Alegre - MG,5780,317057,32.0,275.0,81054.2,553.6332179930796,4.757785467128028
3170602,Vargem Bonita - MG,2158,317060,8.0,145.0,95825.4,370.71362372567194,6.719184430027804
3170651,Vargem Grande do Rio Pardo - MG,4633,317065,17.0,21.0,69797.6,366.93287286855167,0.45327001942585793
3170701,Varginha - MG,136467,317070,583.0,51944.0,9925786.3,427.2095085258707,38.06341459840108
3170750,Varjão de Minas - MG,6969,317075,18.0,2890.0,385320.4,258.2866982350409,41.469364327737125
3170800,Várzea da Palma - MG,33744,317080,134.0,2864.0,1265737.6,397.10763394973924,8.487434803224277
3170909,Varzelândia - MG,18840,317090,81.0,177.0,199299.1,429.9363057324841,0.9394904458598726
3171006,Vazante - MG,19975,317100,84.0,5818.0,1133352.4,420.52565707133914,29.12640801001252
3171030,Verdelândia - MG,7672,317103,33.0,82.0,114042.3,430.13555787278415,1.0688216892596456
3171071,Veredinha - MG,5181,317107,20.0,199.0,123906.0,386.0258637328701,3.8409573441420575
3171105,Veríssimo - MG,3411,317110,18.0,399.0,179174.9,527.7044854881266,11.697449428320141
3171154,Vermelho Novo - MG,4899,317115,24.0,71.0,77630.5,489.8958971218616,1.4492753623188406
3171204,Vespasiano - MG,129246,317120,415.0,27388.0,3368065.6,321.0931092645033,21.190597774786067
3171303,Viçosa - MG,76430,317130,286.0,27151.0,2004831.5,374.19861311003535,35.524008897029965
3171402,Vieiras - MG,3700,317140,16.0,77.0,65686.4,432.43243243243245,2.081081081081081
3171501,Mathias Lobato - MG,3038,317150,15.0,134.0,50685.8,493.74588545095463,4.410796576695194
3171600,Virgem da Lapa - MG,11804,317160,58.0,353.0,139827.0,491.3588614029143,2.9905116909522196
3171709,Virgínia - MG,8908,317170,49.0,1017.0,196221.7,550.0673551863493,11.416704086214638
3171808,Virginópolis - MG,10314,317180,46.0,987.0,191991.9,445.99573395384914,9.569517161140197
3171907,Virgolândia - MG,4552,317190,29.0,232.0,62775.6,637.0826010544815,5.0966608084358525
3172004,Visconde do Rio Branco - MG,39160,317200,216.0,7491.0,1687802.6,551.5832482124617,19.129213483146067
3172103,Volta Grande - MG,4443,317210,25.0,536.0,123806.6,562.6828719333784,12.063920774251633
3172202,Wenceslau Braz - MG,2356,317220,17.0,217.0,36814.5,721.5619694397283,9.210526315789473
3200102,Afonso Cláudio - ES,30684,320010,132.0,3023.0,704170.4,430.1916308173641,9.852040151218876
3200136,Águia Branca - ES,9711,320013,39.0,1151.0,285359.1,401.6064257028112,11.852538358562455
3200169,Água Doce do Norte - ES,12042,320016,56.0,476.0,193868.0,465.03903006145157,3.9528317555223382
3200201,Alegre - ES,29177,320020,160.0,4838.0,615686.3,548.3771463824245,16.58155396373856
3200300,Alfredo Chaves - ES,13836,320030,54.0,1655.0,503090.1,390.28620988725066,11.9615495808037
3200359,Alto Rio Novo - ES,7434,320035,26.0,521.0,128054.6,349.7444175410277,7.008340059187517
3200409,Anchieta - ES,29984,320040,101.0,6224.0,1812851.6,336.846318036286,20.757737459978657
3200508,Apiacá - ES,7223,320050,37.0,525.0,132066.5,512.252526650976,7.268448013290876
3200607,Aracruz - ES,94765,320060,323.0,35775.0,6372857.8,340.84313828945284,37.751279480820976
3200706,Atílio Vivácqua - ES,10540,320070,38.0,2204.0,400925.5,360.53130929791274,20.910815939278937
3200805,Baixo Guandu - ES,30674,320080,145.0,4782.0,892742.5,472.7130468800939,15.589750277107647
3200904,Barra de São Francisco - ES,42498,320090,198.0,6121.0,1174754.9,465.90427784836936,14.403030730857921
3201001,Boa Esperança - ES,13608,320100,68.0,1010.0,309700.9,499.70605526161086,7.4221046443268675
3201100,Bom Jesus do Norte - ES,10254,320110,41.0,1023.0,221085.0,399.8439633313829,9.976594499707431
3201159,Brejetuba - ES,12985,320115,38.0,562.0,491754.1,292.6453600308048,4.328070850981902
3201209,Cachoeiro de Itapemirim - ES,185786,320120,798.0,65308.0,6282575.3,429.5264444037764,35.152271968824344
3201308,Cariacica - ES,353491,320130,1613.0,128690.0,14637850.6,456.3058182527985,36.40545303840833
3201407,Castelo - ES,36930,320140,138.0,8312.0,1300851.1,373.67993501218524,22.507446520444084
3201506,Colatina - ES,120033,320150,448.0,43836.0,4427118.6,373.230694892238,36.519957011821745
3201605,Conceição da Barra - ES,27458,320160,128.0,2583.0,609139.3,466.16650884987985,9.40709447155656
3201704,Conceição do Castelo - ES,11937,320170,54.0,1288.0,328816.9,452.3749685850716,10.789980732177264
3201803,Divino de São Lourenço - ES,5083,320180,19.0,118.0,98082.1,373.79500295101315,2.3214637025378715
3201902,Domingos Martins - ES,35416,320190,129.0,5233.0,1104696.9,364.24215044047884,14.775807544612604
3202009,Dores do Rio Preto - ES,6596,320200,34.0,238.0,186331.9,515.4639175257732,3.608247422680412
3202108,Ecoporanga - ES,21992,320210,102.0,1607.0,407119.7,463.8050200072754,7.30720261913423
3202207,Fundão - ES,18014,320220,83.0,4269.0,471908.1,460.7527478627734,23.698234706339512
3202256,Governador Lindenberg - ES,11009,320225,47.0,1557.0,354081.5,426.9234262875829,14.142973930420567
3202306,Guaçuí - ES,29358,320230,129.0,3314.0,714399.0,439.40322910279997,11.288234893385107
3202405,Guarapari - ES,124656,320240,537.0,31466.0,2801585.9,430.78552175587214,25.242266718007954
3202454,Ibatiba - ES,25380,320245,117.0,2010.0,540861.1,460.9929078014184,7.919621749408984
3202504,Ibiraçu - ES,11723,320250,40.0,3084.0,311275.3,341.2095879894225,26.307259233984475
3202553,Ibitirama - ES,9520,320255,43.0,263.0,212491.7,451.6806722689076,2.7626050420168067
3202603,Iconha - ES,12326,320260,47.0,3516.0,336305.8,381.3078046405971,28.525068959922116
3202652,Irupi - ES,13710,320265,42.0,761.0,399394.3,306.3457330415755,5.550692924872356
3202702,Itaguaçu - ES,13589,320270,65.0,1322.0,389505.3,478.3280594598573,9.72845684009125
3202801,Itapemirim - ES,39832,320280,190.0,4371.0,6164004.5,477.0034143402289,10.973589074111267
3202900,Itarana - ES,10597,320290,29.0,1440.0,335824.4,273.6623572709257,13.588751533452864
3203007,Iúna - ES,28590,320300,126.0,2124.0,777408.5,440.713536201469,7.429171038824764
3203056,Jaguaré - ES,28931,320305,136.0,2986.0,1244234.1,470.0839929487401,10.321108845183367
3203106,Jerônimo Monteiro - ES,11575,320310,70.0,1543.0,196921.2,604.7516198704104,13.330453563714903
3203130,João Neiva - ES,14079,320313,70.0,6170.0,689638.9,497.1944030115775,43.82413523687762
3203163,Laranja da Terra - ES,11094,320316,43.0,431.0,225609.4,387.5968992248062,3.884982873625383
3203205,Linhares - ES,166786,320320,646.0,51707.0,7895973.1,387.32267696329427,31.002002566162627
3203304,Mantenópolis - ES,12770,320330,60.0,580.0,242039.7,469.8512137823023,4.541895066562255
3203320,Marataízes - ES,41929,320332,186.0,5717.0,7237131.5,443.6070500131174,13.634954327553721
3203346,Marechal Floriano - ES,17641,320334,73.0,3252.0,603569.3,413.80874100107707,18.43432911966442
3203353,Marilândia - ES,12387,320335,53.0,2623.0,367196.0,427.8679260515056,21.17542584968112
3203403,Mimoso do Sul - ES,24475,320340,125.0,2989.0,663158.7,510.7252298263534,12.212461695607763
3203502,Montanha - ES,18900,320350,100.0,1892.0,484545.4,529.1005291005291,10.01058201058201
3203601,Mucurici - ES,5466,320360,43.0,218.0,108803.2,786.6813025978778,3.9882912550311014
3203700,Muniz Freire - ES,18153,320370,73.0,1649.0,463826.1,402.137387759599,9.0838979782956
3203809,Muqui - ES,13745,320380,69.0,2312.0,250614.1,502.00072753728625,16.82066205893052
3203908,Nova Venécia - ES,49065,320390,204.0,9596.0,1477704.7,415.77499235707734,19.557729542443695
3204005,Pancas - ES,18893,320400,72.0,1986.0,433443.6,381.09352670301166,10.511829778224739
3204054,Pedro Canário - ES,21522,320405,112.0,2752.0,426168.2,520.3977325527368,12.786915714152961
3204104,Pinheiros - ES,23915,320410,101.0,2145.0,925007.1,422.3290821660046,8.969266150951286
3204203,Piúma - ES,22300,320420,97.0,3001.0,1075544.6,434.9775784753363,13.457399103139014
3204252,Ponto Belo - ES,6497,320425,36.0,182.0,120797.4,554.1018931814683,2.8012929044174233
3204302,Presidente Kennedy - ES,13696,320430,58.0,1775.0,8179737.9,423.4813084112149,12.95998831775701
3204351,Rio Bananal - ES,19274,320435,64.0,2748.0,652400.1,332.053543633911,14.257549029781053
3204401,Rio Novo do Sul - ES,11069,320440,54.0,2109.0,260345.0,487.8489475110669,19.053211672237783
3204500,Santa Leopoldina - ES,13106,320450,29.0,698.0,362244.0,221.27269952693422,5.325804974820693
3204559,Santa Maria de Jetibá - ES,41636,320455,160.0,4311.0,1960529.0,384.282832164473,10.35402055913152
3204609,Santa Teresa - ES,22808,320460,98.0,4529.0,692568.8,429.67379866713435,19.85706769554542
3204658,São Domingos do Norte - ES,8589,320465,34.0,1429.0,343509.8,395.855163581325,16.63755966934451
3204708,São Gabriel da Palha - ES,32252,320470,138.0,6551.0,884873.4,427.88044152300637,20.31191864070445
3204807,São José do Calçado - ES,10878,320480,62.0,837.0,202543.7,569.9577128148557,7.6944291230005515
3204906,São Mateus - ES,123752,320490,535.0,30681.0,3451217.8,432.31624539401383,24.792326588661194
3204955,São Roque do Canaã - ES,10886,320495,36.0,2247.0,275507.0,330.6999816277788,20.64119051993386
3205002,Serra - ES,520653,320500,1903.0,214769.0,34774776.5,365.50255160346717,41.24993037589335
3205010,Sooretama - ES,26502,320501,109.0,3693.0,707091.7,411.2897139838503,13.93479737378311
3205036,Vargem Alta - ES,19563,320503,61.0,2881.0,455504.2,311.81311659765885,14.726780146194345
3205069,Venda Nova do Imigrante - ES,23831,320506,79.0,5394.0,798302.3,331.5009861105283,22.634383785825186
3205101,Viana - ES,73423,320510,282.0,19753.0,4100265.4,384.0758345477575,26.90301404192147
3205150,Vila Pavão - ES,8911,320515,32.0,432.0,196503.3,359.106722028953,4.847940747390865
3205176,Vila Valério - ES,13728,320517,61.0,1440.0,525704.1,444.3473193473193,10.48951048951049
3205200,Vila Velha - ES,467722,320520,1792.0,235343.0,16959024.5,383.1335707963277,50.31685488388402
3205309,Vitória - ES,322869,320530,1185.0,220972.0,24203420.4,367.0219191065107,68.4401413576404
3300100,Angra dos Reis - RJ,167434,330010,782.0,34546.0,11032724.6,467.0497031666209,20.632607475184255
3300159,Aperibé - RJ,11034,330015,54.0,1117.0,276294.7,489.39641109298526,10.123255392423419
3300209,Araruama - RJ,129671,330020,687.0,26484.0,9387990.0,529.8023459370253,20.42399611324043
3300225,Areal - RJ,11828,330022,65.0,2166.0,488446.2,549.5434562056138,18.31247886371322
3300233,Armação dos Búzios - RJ,40006,330023,192.0,4161.0,4138736.7,479.9280107983803,10.400939859021147
3300258,Arraial do Cabo - RJ,30986,330025,163.0,5378.0,7026277.3,526.0440198799457,17.356225392112567
3300308,Barra do Piraí - RJ,92883,330030,495.0,20999.0,3005432.0,532.9285229805239,22.608012230440448
3300407,Barra Mansa - RJ,169894,330040,958.0,64228.0,6513673.5,563.881008158028,37.80474884339647
3300456,Belford Roxo - RJ,483087,330045,2407.0,77498.0,9579716.4,498.2539376965226,16.042244978647737
3300506,Bom Jardim - RJ,28102,330050,126.0,3305.0,890883.0,448.36666429435627,11.760728773752756
3300605,Bom Jesus do Itabapoana - RJ,35173,330060,195.0,6400.0,1062573.3,554.4025246638046,18.195775168453075
3300704,Cabo Frio - RJ,222161,330070,1015.0,38572.0,15453319.3,456.8758693019927,17.36218328149405
3300803,Cachoeiras de Macacu - RJ,56943,330080,300.0,6211.0,1567754.5,526.84263210579,10.907398626696873
3300902,Cambuci - RJ,14616,330090,78.0,1726.0,459441.6,533.6617405582923,11.808976464148877
3300936,Carapebus - RJ,13847,330093,58.0,2359.0,1195363.4,418.86329168773017,17.03618112226475
3300951,Comendador Levy Gasparian - RJ,8741,330095,34.0,1102.0,572680.2,388.97151355680126,12.607253174693971
3301009,Campos dos Goytacazes - RJ,483540,330100,2602.0,121470.0,49942073.8,538.1147371468751,25.120982752202508
3301108,Cantagalo - RJ,19390,330110,85.0,2789.0,915904.3,438.3702939659618,14.383702939659617
3301157,Cardoso Moreira - RJ,12958,330115,61.0,1386.0,383126.4,470.7516592066677,10.69609507640068
3301207,Carmo - RJ,17198,330120,101.0,2785.0,620952.3,587.2775904174904,16.19374345854169
3301306,Casimiro de Abreu - RJ,46110,330130,180.0,7596.0,3142864.7,390.3708523096942,16.473649967469093
3301405,Conceição de Macabu - RJ,21104,330140,102.0,4075.0,449934.9,483.3206974981046,19.309135708870357
3301504,Cordeiro - RJ,20783,330150,113.0,3650.0,477135.5,543.7136120868017,17.562430832892268
3301603,Duas Barras - RJ,10980,330160,60.0,891.0,274029.9,546.448087431694,8.114754098360656
3301702,Duque de Caxias - RJ,808161,330170,4730.0,188909.0,65861332.8,585.2794183337231,23.375169056660738
3301801,Engenheiro Paulo de Frontin - RJ,12242,330180,70.0,906.0,383264.2,571.801993138376,7.4007515111909825
3301850,Guapimirim - RJ,51696,330185,291.0,6524.0,1450029.8,562.9062209842153,12.619931909625503
3301876,Iguaba Grande - RJ,27920,330187,174.0,5159.0,712149.4,623.2091690544413,18.47779369627507
3301900,Itaboraí - RJ,224267,330190,1258.0,35400.0,5640940.6,560.9385241698511,15.784756562490246
3302007,Itaguaí - RJ,116841,330200,722.0,36714.0,9092302.1,617.9337732474046,31.422189128816086
3302056,Italva - RJ,14073,330205,61.0,1653.0,399060.7,433.45413202586514,11.74589639735664
3302106,Itaocara - RJ,22919,330210,134.0,3909.0,685896.7,584.6677429207208,17.055717963261923
3302205,Itaperuna - RJ,101041,330220,508.0,19218.0,3597510.5,502.766203818252,19.020001781455054
3302254,Itatiaia - RJ,30908,330225,151.0,8673.0,6268879.2,488.546654587809,28.060696259867996
3302270,Japeri - RJ,96289,330227,532.0,9008.0,1669777.4,552.5034012192463,9.35517037252438
3302304,Laje do Muriaé - RJ,7336,330230,46.0,576.0,191370.4,627.0447110141766,7.851690294438386
3302403,Macaé - RJ,246391,330240,947.0,104752.0,19614198.4,384.3484542860738,42.514539897967055
3302452,Macuco - RJ,5415,330245,45.0,1395.0,277378.8,831.0249307479224,25.761772853185594
3302502,Magé - RJ,228127,330250,1424.0,32685.0,4780409.2,624.2137055236776,14.32754562151784
3302601,Mangaratiba - RJ,41220,330260,220.0,8526.0,3079416.4,533.7214944201844,20.684133915574964
3302700,Maricá - RJ,197277,330270,917.0,42552.0,158394291.2,464.8286419602893,21.569671071640386
3302809,Mendes - RJ,17502,330280,115.0,1892.0,438825.7,657.0677636841503,10.810193120786197
3302858,Mesquita - RJ,167127,330285,946.0,39137.0,2834791.3,566.0366068917649,23.417520807529606
3302908,Miguel Pereira - RJ,26582,330290,129.0,4492.0,760561.1,485.29079828455343,16.898653223986155
3303005,Miracema - RJ,26881,330300,134.0,2668.0,725936.4,498.49335962203793,9.925225996056694
3303104,Natividade - RJ,15074,330310,86.0,1883.0,377914.3,570.5187740480297,12.491707575958603
3303203,Nilópolis - RJ,146774,330320,868.0,43950.0,3389447.4,591.3853952334882,29.943995530543553
3303302,Niterói - RJ,481749,330330,2362.0,291690.0,88716289.3,490.2968143161688,60.54812775947641
3303401,Nova Friburgo - RJ,189939,330340,900.0,49568.0,6774950.5,473.8363369292247,26.096799498786456
3303500,Nova Iguaçu - RJ,785867,330350,4507.0,180746.0,19911893.7,573.5067129679704,22.999566084337424
3303609,Paracambi - RJ,41375,330360,237.0,4871.0,1073592.5,572.809667673716,11.772809667673716
3303708,Paraíba do Sul - RJ,42063,330370,237.0,5885.0,1254487.9,563.440553455531,13.99091838432827
3303807,Paraty - RJ,45243,330380,198.0,5619.0,4426137.3,437.636761487965,12.419600822226643
3303856,Paty do Alferes - RJ,29619,330385,112.0,1758.0,793140.7,378.13565616664977,5.935379317330092
3303906,Petrópolis - RJ,278881,330390,1716.0,86585.0,15951213.2,615.3162101398087,31.047292572817796
3303955,Pinheiral - RJ,24298,330395,105.0,4680.0,1207568.5,432.1343320437896,19.260844513951767
3304003,Piraí - RJ,27474,330400,151.0,5380.0,2885733.7,549.6105408750092,19.582150396738733
3304102,Porciúncula - RJ,17288,330410,74.0,2030.0,564478.4,428.0425728829246,11.742248958815363
3304110,Porto Real - RJ,20373,330411,99.0,6254.0,3956993.5,485.93726991606536,30.69749177833407
3304128,Quatis - RJ,13682,330412,73.0,3153.0,359212.0,533.5477269405058,23.044876480046778
3304144,Queimados - RJ,140523,330414,803.0,22251.0,4403902.1,571.4367043117497,15.834418564932431
3304151,Quissamã - RJ,22393,330415,95.0,2099.0,8493476.2,424.23971776894564,9.373464922073863
3304201,Resende - RJ,129612,330420,586.0,47461.0,11663533.7,452.1186309909576,36.61775144276764
3304300,Rio Bonito - RJ,56276,330430,276.0,9062.0,1905833.2,490.4399744118274,16.102779159855
3304409,Rio Claro - RJ,17401,330440,94.0,2104.0,558686.7,540.1988391471755,12.091259123038906
3304508,Rio das Flores - RJ,8954,330450,38.0,799.0,325930.6,424.3913334822426,8.923386196113468
3304524,Rio das Ostras - RJ,156491,330452,594.0,48566.0,10916617.0,379.5745442229905,31.03437258372686
3304557,Rio de Janeiro - RJ,6211223,330455,30020.0,3119526.0,380381515.1,483.3186636512648,50.2240219035768
3304607,Santa Maria Madalena - RJ,10232,330460,49.0,1070.0,267049.1,478.8897576231431,10.4573885848319
3304706,Santo Antônio de Pádua - RJ,41325,330470,211.0,6804.0,1457558.9,510.5868118572293,16.464609800362975
3304755,São Francisco de Itabapoana - RJ,45059,330475,252.0,3246.0,1305145.5,559.2667391642069,7.203888235424666
3304805,São Fidélis - RJ,38961,330480,186.0,5247.0,921817.9,477.4004774004774,13.467313467313469
3304904,São Gonçalo - RJ,896744,330490,4852.0,251002.0,20561717.8,541.068576985182,27.99037406439296
3305000,São João da Barra - RJ,36573,330500,223.0,7669.0,12793325.0,609.7394252590709,20.96902086238482
3305109,São João de Meriti - RJ,440962,330510,2503.0,86741.0,10615039.0,567.6226069366521,19.670855992126306
3305133,São José de Ubá - RJ,7070,330513,30.0,318.0,238089.2,424.3281471004243,4.497878359264497
3305158,São José do Vale do Rio Preto - RJ,22080,330515,102.0,1587.0,914556.5,461.95652173913044,7.187499999999999
3305208,São Pedro da Aldeia - RJ,104029,330520,455.0,16319.0,2975703.2,437.3780388160994,15.68697190206577
3305307,São Sebastião do Alto - RJ,7750,330530,44.0,461.0,275484.9,567.741935483871,5.948387096774193
3305406,Sapucaia - RJ,17729,330540,102.0,3630.0,1115045.4,575.3285577302725,20.474928083930283
3305505,Saquarema - RJ,89559,330550,490.0,13520.0,75409090.2,547.1253587020847,15.096193570718745
3305554,Seropédica - RJ,80596,330555,433.0,14641.0,4240104.3,537.2475060797061,18.165913941138516
3305604,Silva Jardim - RJ,21352,330560,94.0,1526.0,646129.0,440.2397901835894,7.146871487448482
3305703,Sumidouro - RJ,15206,330570,57.0,843.0,675214.9,374.85203209259504,5.543864264106274
3305752,Tanguá - RJ,31086,330575,170.0,2571.0,807845.3,546.869973621566,8.270604130476741
3305802,Teresópolis - RJ,165123,330580,874.0,38979.0,6247785.4,529.302398817851,23.6060391344634
3305901,Trajano de Moraes - RJ,10302,330590,45.0,677.0,277259.9,436.80838672102504,6.571539506891866
3306008,Três Rios - RJ,78346,330600,470.0,15999.0,5499387.1,599.9029944094146,20.420953207566438
3306107,Valença - RJ,68088,330610,371.0,8360.0,3044053.9,544.8830924685701,12.27822817530255
3306156,Varre-Sai - RJ,10207,330615,46.0,518.0,399232.1,450.6711080630939,5.074948564710493
3306206,Vassouras - RJ,33976,330620,232.0,4637.0,1344715.1,682.8349423122204,13.647869084059336
3306305,Volta Redonda - RJ,261563,330630,1435.0,102886.0,15472606.8,548.6249966547257,39.33507415039589
3500105,Adamantina - SP,34687,350010,136.0,8151.0,1542108.8,392.0777236428633,23.498717098624844
3500204,Adolfo - SP,4351,350020,23.0,709.0,152745.0,528.6141116984601,16.295104573661227
3500303,Aguaí - SP,32072,350030,173.0,6565.0,1538788.8,539.4113245198304,20.469568470940384
3500402,Águas da Prata - SP,7369,350040,43.0,1742.0,237447.3,583.5255801329896,23.639571176550415
3500501,Águas de Lindóia - SP,17930,350050,93.0,2640.0,709589.6,518.6837702175126,14.723926380368098
3500550,Águas de Santa Bárbara - SP,7177,350055,33.0,797.0,254816.8,459.8021457433468,11.104918489619617
3500600,Águas de São Pedro - SP,2780,350060,18.0,1554.0,160665.0,647.4820143884892,55.899280575539564
3500709,Agudos - SP,37680,350070,192.0,8812.0,2685446.0,509.5541401273885,23.3864118895966
3500758,Alambari - SP,6141,350075,25.0,760.0,133707.1,407.0998208760788,12.375834554632796
3500808,Alfredo Marcondes - SP,4445,350080,16.0,1194.0,129965.0,359.955005624297,26.86164229471316
3500907,Altair - SP,3451,350090,17.0,790.0,126933.7,492.61083743842363,22.891915386844396
3501004,Altinópolis - SP,16818,350100,64.0,2379.0,646572.3,380.5446545368058,14.145558330360327
3501103,Alto Alegre - SP,3841,350110,27.0,499.0,113062.3,702.9419422025513,12.991408487373079
3501152,Alumínio - SP,17301,350115,73.0,7891.0,3594285.6,421.94092827004215,45.61008034217675
3501202,Álvares Florence - SP,3915,350120,20.0,437.0,135133.7,510.8556832694764,11.16219667943806
3501301,Álvares Machado - SP,27255,350130,123.0,6389.0,820450.6,451.29334067143645,23.441570354063472
3501400,Álvaro de Carvalho - SP,4808,350140,15.0,111.0,59626.4,311.9800332778702,2.3086522462562398
3501509,Alvinlândia - SP,2885,350150,12.0,178.0,64404.1,415.94454072790296,6.169844020797227
3501608,Americana - SP,237240,350160,956.0,131010.0,16677590.5,402.9674591131344,55.222559433485074
3501707,Américo Brasiliense - SP,33019,350170,146.0,15516.0,1376814.3,442.169659892789,46.991126321209
3501806,Américo de Campos - SP,5870,350180,30.0,1316.0,141692.2,511.07325383304936,22.419080068143103
3501905,Amparo - SP,68008,350190,287.0,29427.0,6156333.1,422.00917539113044,43.269909422420895
3502002,Analândia - SP,4589,350200,23.0,781.0,210931.8,501.1985181956853,17.01895837873175
3502101,Andradina - SP,59783,350210,289.0,12435.0,4038899.1,483.41501764715724,20.80022748942007
3502200,Angatuba - SP,24022,350220,99.0,3183.0,1661556.5,412.1222212971442,13.250353842311217
3502309,Anhembi - SP,5674,350230,22.0,377.0,171606.6,387.73352132534365,6.644342615438843
3502408,Anhumas - SP,4023,350240,23.0,757.0,100740.1,571.712652249565,18.81680338056177
3502507,Aparecida - SP,32569,350250,163.0,5635.0,1145412.6,500.4759126776996,17.30172863766158
3502606,Aparecida d'Oeste - SP,4086,350260,17.0,519.0,168206.3,416.05482134116494,12.701908957415565
3502705,Apiaí - SP,24585,350270,125.0,1723.0,982326.2,508.440105755542,7.00833841773439
3502754,Araçariguama - SP,21522,350275,98.0,4727.0,5128859.2,455.34801598364464,21.96357215872131
3502804,Araçatuba - SP,200124,350280,921.0,67276.0,10301206.4,460.21466690651795,33.61715736243529
3502903,Araçoiaba da Serra - SP,32443,350290,148.0,8898.0,1215670.7,456.1846931541473,27.426563511389208
3503000,Aramina - SP,5420,350300,16.0,1914.0,172550.0,295.2029520295203,35.313653136531364
3503109,Arandu - SP,6885,350310,32.0,427.0,188931.4,464.77850399419026,6.201888162672477
3503158,Arapeí - SP,2330,350315,13.0,53.0,47563.1,557.9399141630901,2.2746781115879826
3503208,Araraquara - SP,242228,350320,1037.0,120264.0,13194878.8,428.10905427943925,49.64909093911521
3503307,Araras - SP,130866,350330,592.0,61650.0,8447070.8,452.37112771842953,47.10925679702902
3503356,Arco-Íris - SP,2044,350335,11.0,108.0,62022.3,538.1604696673189,5.283757338551859
3503406,Arealva - SP,8130,350340,52.0,1010.0,252102.4,639.6063960639607,12.423124231242312
3503505,Areias - SP,3577,350350,23.0,167.0,63771.3,642.9969247973162,4.668716801789209
3503604,Areiópolis - SP,10130,350360,42.0,2569.0,174095.0,414.61006910167816,25.36031589338598
3503703,Ariranha - SP,7602,350370,40.0,2783.0,1283203.6,526.1773217574322,36.60878716127335
3503802,Artur Nogueira - SP,51456,350380,176.0,13930.0,2306807.3,342.0398009950249,27.07167288557214
3503901,Arujá - SP,86678,350390,377.0,35786.0,9448587.8,434.94312282240014,41.28613950483398
3503950,Aspásia - SP,1842,350395,10.0,186.0,44376.6,542.8881650380022,10.097719869706841
3504008,Assis - SP,101409,350400,486.0,26917.0,4581890.6,479.2474040765613,26.543009003145677
3504107,Atibaia - SP,158647,350410,627.0,72281.0,8826312.1,395.21705421470307,45.560899355172175
3504206,Auriflama - SP,13692,350420,76.0,3093.0,392589.0,555.0686532281624,22.58983347940403
3504305,Avaí - SP,4483,350430,26.0,552.0,330717.1,579.9687709123355,12.313183136292661
3504404,Avanhandava - SP,11263,350440,51.0,1384.0,219883.0,452.81008612270267,12.288022729290597
3504503,Avaré - SP,92805,350450,415.0,15836.0,3871414.8,447.1741824255158,17.063735790097518
3504602,Bady Bassitt - SP,27260,350460,90.0,8043.0,666077.9,330.1540719002201,29.50476889214967
3504701,Balbinos - SP,3887,350470,10.0,155.0,62119.3,257.2678157962439,3.987651144841781
3504800,Bálsamo - SP,9596,350480,44.0,2465.0,311241.0,458.5243851604835,25.687786577740724
3504909,Bananal - SP,9969,350490,32.0,1030.0,236093.4,320.9950847627646,10.332029290801485
3505005,Barão de Antonina - SP,3531,350500,19.0,20.0,78067.4,538.0911922967997,0.5664117813650524
3505104,Barbosa - SP,5640,350510,40.0,397.0,129133.2,709.2198581560284,7.039007092198582
3505203,Bariri - SP,31595,350520,142.0,4789.0,1810874.5,449.43820224719104,15.157461623674632
3505302,Barra Bonita - SP,34346,350530,196.0,9057.0,1760475.8,570.6632504512899,26.369882955802716
3505351,Barra do Chapéu - SP,5179,350535,34.0,13.0,163231.5,656.4973933191735,0.2510137092102723
3505401,Barra do Turvo - SP,6876,350540,34.0,160.0,138337.7,494.4735311227457,2.326934264107039
3505500,Barretos - SP,122485,350550,632.0,31211.0,6174110.2,515.9815487610728,25.481487529085197
3505609,Barrinha - SP,32092,350560,123.0,11526.0,658639.2,383.2730898666334,35.91549295774648
3505708,Barueri - SP,316473,350570,1365.0,161079.0,69665768.9,431.31641561839393,50.89818088746907
3505807,Bastos - SP,21503,350580,101.0,2952.0,1141590.2,469.70190206017764,13.72831697902618
3505906,Batatais - SP,58402,350590,245.0,13349.0,2795758.2,419.5061812951611,22.857093935139208
3506003,Bauru - SP,379146,350600,1574.0,156405.0,18612852.9,415.1435067230038,41.25191878590306
3506102,Bebedouro - SP,76373,350610,346.0,27979.0,4756160.0,453.039686800309,36.63467455776256
3506201,Bento de Abreu - SP,2606,350620,8.0,1082.0,249335.1,306.98388334612434,41.51957022256332
3506300,Bernardino de Campos - SP,11607,350630,66.0,936.0,482828.2,568.6223830447144,8.064099250452312
3506359,Bertioga - SP,64188,350635,279.0,14579.0,2276073.1,434.6606842400448,22.712968156041626
3506409,Bilac - SP,7319,350640,25.0,1294.0,279245.3,341.5767181308922,17.68001093045498
3506508,Birigui - SP,118979,350650,478.0,33864.0,4489460.8,401.7515696047202,28.462165592247374
3506607,Biritiba Mirim - SP,29683,350660,145.0,3252.0,929917.4,488.4950982043594,10.955765926624668
3506706,Boa Esperança do Sul - SP,12978,350670,69.0,3041.0,426174.9,531.66897827092,23.431961781476346
3506805,Bocaina - SP,11259,350680,54.0,1924.0,306478.8,479.6163069544364,17.088551381117327
3506904,Bofete - SP,10460,350690,59.0,957.0,237971.2,564.0535372848948,9.149139579349905
3507001,Boituva - SP,61081,350700,244.0,19271.0,3980439.9,399.46955681799574,31.54990913704753
3507100,Bom Jesus dos Perdões - SP,22006,350710,92.0,5145.0,1845067.5,418.06779969099335,23.3799872761974
3507159,Bom Sucesso de Itararé - SP,3555,350715,15.0,186.0,66937.2,421.94092827004215,5.232067510548523
3507209,Borá - SP,907,350720,3.0,181.0,92174.5,330.76074972436606,19.955898566703418
3507308,Boracéia - SP,4715,350730,21.0,437.0,582110.7,445.3870625662778,9.268292682926829
3507407,Borborema - SP,14226,350740,86.0,1905.0,559934.3,604.5269225362014,13.390974272458877
3507456,Borebi - SP,2713,350745,11.0,382.0,81816.0,405.4552156284556,14.080353851824547
3507506,Botucatu - SP,145155,350750,589.0,41205.0,6709748.6,405.77313905824803,28.386896765526505
3507605,Bragança Paulista - SP,176811,350760,701.0,65783.0,9125116.9,396.46854550904635,37.2052643783475
3507704,Braúna - SP,5356,350770,25.0,691.0,118469.7,466.76624346527257,12.901418969380135
3507753,Brejo Alegre - SP,2565,350775,14.0,413.0,78574.2,545.8089668615985,16.101364522417157
3507803,Brodowski - SP,25201,350780,100.0,6235.0,971558.2,396.809650410698,24.74108170310702
3507902,Brotas - SP,23898,350790,104.0,3927.0,1355480.8,435.18286049041757,16.432337434094904
3508009,Buri - SP,20250,350800,107.0,660.0,702838.5,528.395061728395,3.259259259259259
3508108,Buritama - SP,17210,350810,86.0,2536.0,646238.9,499.70947123765256,14.7356188262638
3508207,Buritizal - SP,4356,350820,18.0,1519.0,257455.0,413.22314049586777,34.87144168962351
3508306,Cabrália Paulista - SP,4299,350830,22.0,409.0,120867.3,511.7469178878809,9.513840428006514
3508405,Cabreúva - SP,47011,350840,188.0,17664.0,6625402.2,399.9064048839633,37.5741847652677
3508504,Caçapava - SP,96202,350850,427.0,36078.0,5870325.3,443.85771605579924,37.502338828714585
3508603,Cachoeira Paulista - SP,31564,350860,154.0,7709.0,727280.9,487.89760486630337,24.423393739703457
3508702,Caconde - SP,17101,350870,83.0,2192.0,479156.1,485.3517338167359,12.817963861762472
3508801,Cafelândia - SP,16654,350880,85.0,3542.0,737488.8,510.387894800048,21.268163804491415
3508900,Caiabu - SP,3712,350890,23.0,337.0,70620.5,619.6120689655172,9.078663793103448
3509007,Caieiras - SP,95032,350900,401.0,34514.0,5172279.1,421.96312820944524,36.318292785588014
3509106,Caiuá - SP,5466,350910,15.0,349.0,91472.8,274.42371020856206,6.384924990852543
3509205,Cajamar - SP,92689,350920,338.0,41528.0,24330164.4,364.6603156793147,44.803590501569765
3509254,Cajati - SP,28515,350925,93.0,4859.0,2228754.2,326.1441346659653,17.040154304751884
3509304,Cajobi - SP,9133,350930,45.0,1589.0,194846.5,492.71871236176503,17.39844519872988
3509403,Cajuru - SP,23830,350940,111.0,5735.0,841325.6,465.79941250524547,24.066302979437683
3509452,Campina do Monte Alegre - SP,5954,350945,23.0,317.0,176896.2,386.29492777964396,5.324151830702049
3509502,Campinas - SP,1139047,350950,4433.0,583418.0,80646591.2,389.1849941222794,51.21983552917483
3509601,Campo Limpo Paulista - SP,77632,350960,389.0,32847.0,2976085.5,501.0820280296785,42.31116034624897
3509700,Campos do Jordão - SP,46974,350970,273.0,6207.0,1662494.1,581.1725635457913,13.213692681057607
3509809,Campos Novos Paulista - SP,4888,350980,29.0,276.0,234017.3,593.2896890343699,5.646481178396072
3509908,Cananéia - SP,12289,350990,64.0,723.0,286747.1,520.7909512572219,5.883310277483929
3509957,Canas - SP,4931,350995,29.0,472.0,131851.6,588.1160008111945,9.572094909754615
3510005,Cândido Mota - SP,29449,351000,152.0,6185.0,2074288.5,516.1465584569935,21.00241094774016
3510104,Cândido Rodrigues - SP,2889,351010,12.0,643.0,109176.3,415.36863966770505,22.256836275527863
3510153,Canitar - SP,6283,351015,27.0,927.0,215547.9,429.7310202132739,14.754098360655737
3510203,Capão Bonito - SP,46337,351020,239.0,3146.0,1395125.3,515.7865204911841,6.7893907676370935
3510302,Capela do Alto - SP,22866,351030,88.0,2452.0,442198.9,384.8508702877635,10.723344703927227
3510401,Capivari - SP,50068,351040,206.0,22553.0,3335183.1,411.4404410002397,45.04473915474954
3510500,Caraguatatuba - SP,134873,351050,590.0,25226.0,5575378.4,437.4485627219681,18.70352109021079
3510609,Carapicuíba - SP,386984,351060,1527.0,137520.0,7817578.7,394.5899572075332,35.536352924151906
3510708,Cardoso - SP,11345,351070,70.0,1653.0,372262.4,617.011899515205,14.570295284266196
3510807,Casa Branca - SP,28083,351080,157.0,5802.0,1260886.0,559.0570807962113,20.66018587757718
3510906,Cássia dos Coqueiros - SP,2799,351090,13.0,238.0,212552.6,464.45158985351907,8.503036798856735
3511003,Castilho - SP,19977,351100,104.0,3574.0,1792751.0,520.5986884917655,17.890574160284327
3511102,Catanduva - SP,115791,351110,517.0,46537.0,6036118.4,446.49411439576477,40.19051567047525
3511201,Catiguá - SP,7003,351120,44.0,3077.0,170228.6,628.3021562187633,43.93831215193488
3511300,Cedral - SP,12618,351130,50.0,3124.0,643216.3,396.25931209383424,24.75828181962276
3511409,Cerqueira César - SP,21469,351140,90.0,1487.0,1220434.5,419.2090921794215,6.926265778564441
3511508,Cerquilho - SP,44695,351150,180.0,16827.0,2566786.0,402.72961181340196,37.648506544356195
3511607,Cesário Lange - SP,19048,351160,84.0,2589.0,1032978.3,440.9911801763965,13.59197816043679
3511706,Charqueada - SP,15535,351170,66.0,6084.0,610774.7,424.84711940778885,39.16317991631799
3511904,Clementina - SP,6982,351190,31.0,1972.0,200098.0,443.9988541965053,28.24405614437124
3512001,Colina - SP,18486,351200,92.0,7080.0,2117227.3,497.6739153954344,38.299253489126905
3512100,Colômbia - SP,6629,351210,35.0,1193.0,473152.8,527.9831045406547,17.996681249057172
3512209,Conchal - SP,28101,351220,131.0,5927.0,978772.5,466.1755809401801,21.091776093377458
3512308,Conchas - SP,15232,351230,61.0,1112.0,471792.8,400.4726890756302,7.300420168067228
3512407,Cordeirópolis - SP,24514,351240,96.0,10665.0,4216369.4,391.61295586195644,43.50575181528922
3512506,Coroados - SP,5400,351250,30.0,946.0,257147.9,555.5555555555555,17.51851851851852
3512605,Coronel Macedo - SP,4280,351260,31.0,108.0,143742.1,724.2990654205607,2.5233644859813085
3512704,Corumbataí - SP,4195,351270,21.0,1216.0,340219.9,500.595947556615,28.98688915375447
3512803,Cosmópolis - SP,59773,351280,238.0,20317.0,2059490.0,398.173088183628,33.99026316229736
3512902,Cosmorama - SP,8719,351290,44.0,1442.0,622395.6,504.64502809955275,16.538593875444434
3513009,Cotia - SP,274413,351300,1012.0,100471.0,17274219.5,368.78719302656947,36.61306133455777
3513108,Cravinhos - SP,33281,351310,167.0,14874.0,2054668.1,501.78780685676514,44.6921667017217
3513207,Cristais Paulista - SP,9272,351320,51.0,1762.0,431297.7,550.0431406384815,19.003451251078516
3513306,Cruzália - SP,2108,351330,12.0,152.0,217897.8,569.2599620493359,7.2106261859582546
3513405,Cruzeiro - SP,74961,351340,404.0,22567.0,3815247.0,538.9469190645802,30.104987927055404
3513504,Cubatão - SP,112476,351350,534.0,44619.0,28715658.2,474.76795049610587,39.66979622319428
3513603,Cunha - SP,22110,351360,98.0,1046.0,355775.5,443.2383536861149,4.730890999547716
3513702,Descalvado - SP,31756,351370,139.0,11543.0,2328295.9,437.7125582567073,36.349036402569595
3513801,Diadema - SP,393237,351380,1494.0,176473.0,20056680.2,379.9235575492642,44.87700801297945
3513850,Dirce Reis - SP,1620,351385,10.0,113.0,81422.4,617.283950617284,6.9753086419753085
3513900,Divinolândia - SP,11158,351390,86.0,1247.0,418610.4,770.7474457788135,11.175837963792794
3514007,Dobrada - SP,8759,351400,32.0,2508.0,160515.8,365.3385089622103,28.633405639913235
3514106,Dois Córregos - SP,24510,351410,137.0,3734.0,1007949.2,558.9555283557731,15.234598123215015
3514205,Dolcinópolis - SP,2207,351420,15.0,254.0,63005.0,679.6556411418215,11.508835523334843
3514304,Dourado - SP,8096,351430,56.0,2075.0,856062.9,691.699604743083,25.629940711462453
3514403,Dracena - SP,45474,351440,218.0,7539.0,1626665.6,479.3948190174605,16.57870431455337
3514502,Duartina - SP,12328,351450,55.0,1998.0,324954.2,446.1388708630759,16.207008436080468
3514601,Dumont - SP,9471,351460,34.0,4108.0,421940.3,358.9906028930419,43.3745116671946
3514700,Echaporã - SP,6205,351470,29.0,723.0,166591.7,467.3650282030621,11.651893634165996
3514809,Eldorado - SP,13069,351480,53.0,613.0,309186.4,405.5398270716964,4.690488943300942
3514908,Elias Fausto - SP,17699,351490,57.0,3866.0,1510915.9,322.0520933386067,21.843041979772867
3514924,Elisiário - SP,3138,351492,11.0,1032.0,84550.1,350.54174633524536,32.88718929254302
3514957,Embaúba - SP,2323,351495,19.0,574.0,66131.6,817.9078777442962,24.70942746448558
3515004,Embu das Artes - SP,250691,351500,1089.0,66776.0,16591731.3,434.3993202787495,26.636775951270685
3515103,Embu-Guaçu - SP,66970,351510,393.0,9042.0,1548217.6,586.8299238464984,13.501567866208749
3515129,Emilianópolis - SP,3014,351512,10.0,397.0,78917.5,331.78500331785006,13.171864631718647
3515152,Engenheiro Coelho - SP,19566,351515,62.0,4410.0,754021.5,316.8762138403353,22.539098436062556
3515186,Espírito Santo do Pinhal - SP,39816,351518,218.0,16362.0,2399383.4,547.518585493269,41.09403254972875
3515194,Espírito Santo do Turvo - SP,4157,351519,22.0,341.0,96443.3,529.2278085157566,8.203031031994227
3515202,Estrela d'Oeste - SP,9417,351520,42.0,1128.0,1211779.8,446.00191143676335,11.978337050015929
3515301,Estrela do Norte - SP,2703,351530,12.0,678.0,56385.0,443.9511653718091,25.083240843507216
3515350,Euclides da Cunha Paulista - SP,7924,351535,36.0,537.0,134967.0,454.31600201918224,6.776880363452801
3515400,Fartura - SP,16641,351540,89.0,541.0,482673.1,534.8236283877171,3.2510065500871344
3515509,Fernandópolis - SP,71186,351550,345.0,16709.0,2760929.1,484.6458573314978,23.472311971455063
3515608,Fernando Prestes - SP,5942,351560,27.0,1593.0,221148.9,454.3924604510266,26.80915516661057
3515657,Fernão - SP,1656,351565,6.0,67.0,79803.0,362.3188405797101,4.045893719806763
3515707,Ferraz de Vasconcelos - SP,179198,351570,816.0,40345.0,5179708.0,455.3622250248328,22.514202167434906
3515806,Flora Rica - SP,1487,351580,11.0,95.0,47500.1,739.7444519166106,6.388702084734364
3515905,Floreal - SP,2733,351590,16.0,543.0,82992.7,585.4372484449323,19.868276619099888
3516002,Flórida Paulista - SP,12958,351600,62.0,1512.0,289806.7,478.46889952153106,11.668467356073469
3516101,Florínea - SP,3851,351610,20.0,243.0,196358.0,519.3456245131135,6.310049337834328
3516200,Franca - SP,352536,351620,1456.0,117397.0,13076032.5,413.0074659041913,33.30071255134228
3516309,Francisco Morato - SP,165139,351630,716.0,37623.0,2039346.0,433.57414057248747,22.782625545752367
3516408,Franco da Rocha - SP,144849,351640,651.0,38023.0,5087143.1,449.4335480396827,26.25009492644064
3516507,Gabriel Monteiro - SP,2763,351650,16.0,655.0,109552.3,579.080709373869,23.70611653999276
3516606,Gália - SP,6380,351660,32.0,815.0,167524.3,501.5673981191223,12.774294670846395
3516705,Garça - SP,42110,351670,215.0,7039.0,1657852.9,510.5675611493707,16.715744478746142
3516804,Gastão Vidigal - SP,3252,351680,21.0,578.0,83274.6,645.7564575645756,17.77367773677737
3516853,Gavião Peixoto - SP,4702,351685,20.0,1973.0,1258362.6,425.3509145044662,41.96086771586559
3516903,General Salgado - SP,10312,351690,59.0,2742.0,298226.2,572.1489526764934,26.590380139643134
3517000,Getulina - SP,10232,351700,54.0,1845.0,220875.9,527.756059421423,18.031665363565285
3517109,Glicério - SP,4138,351710,20.0,383.0,138649.4,483.3252779120348,9.255679072015466
3517208,Guaiçara - SP,11239,351720,54.0,3165.0,259999.7,480.469792686182,28.160868404662338
3517307,Guaimbê - SP,5512,351730,28.0,692.0,462425.7,507.98258345428155,12.5544267053701
3517406,Guaíra - SP,39279,351740,181.0,17667.0,2984915.0,460.80602866671757,44.978232643397234
3517505,Guapiaçu - SP,21711,351750,85.0,7335.0,942652.2,391.5066095527613,33.78471742434711
3517604,Guapiara - SP,17071,351760,91.0,251.0,523933.9,533.0677757600608,1.4703297990744537
3517703,Guará - SP,18606,351770,90.0,5152.0,749060.0,483.7149306675266,27.689992475545523
3517802,Guaraçaí - SP,7441,351780,33.0,990.0,280624.6,443.48877839000136,13.304663351700041
3517901,Guaraci - SP,10350,351790,57.0,2561.0,449531.4,550.7246376811595,24.743961352657003
3518008,Guarani d'Oeste - SP,1968,351800,8.0,174.0,38174.9,406.50406504065046,8.841463414634147
3518107,Guarantã - SP,6427,351810,33.0,763.0,212070.9,513.4588454955656,11.871790882215652
3518206,Guararapes - SP,31043,351820,158.0,9402.0,1475719.6,508.9714267306639,30.287021228618364
3518305,Guararema - SP,31236,351830,112.0,6306.0,1650452.4,358.56063516455373,20.18824433346139
3518404,Guaratinguetá - SP,118044,351840,546.0,28452.0,8343080.6,462.53939209108466,24.102876893361795
3518503,Guareí - SP,15013,351850,63.0,450.0,331671.4,419.63631519349894,2.9974022513821357
3518602,Guariba - SP,37498,351860,195.0,13434.0,1312651.5,520.0277348125234,35.825910715238145
3518701,Guarujá - SP,287634,351870,1451.0,112964.0,11474578.5,504.46052970093945,39.273521210983404
3518800,Guarulhos - SP,1291771,351880,5693.0,596232.0,86373709.5,440.7127888766662,46.15616854690189
3518859,Guatapará - SP,7320,351885,33.0,2061.0,227822.0,450.81967213114757,28.15573770491803
3518909,Guzolândia - SP,4246,351890,27.0,497.0,97181.3,635.8926048045219,11.705134243994348
3519006,Herculândia - SP,9125,351900,40.0,851.0,420580.4,438.35616438356163,9.326027397260274
3519055,Holambra - SP,15094,351905,51.0,4742.0,1518913.1,337.8826023585531,31.41645687027958
3519071,Hortolândia - SP,236641,351907,845.0,82507.0,21420797.3,357.080979204787,34.86589390680398
3519105,Iacanga - SP,10437,351910,58.0,2286.0,843177.4,555.7152438440164,21.902845645300374
3519204,Iacri - SP,6131,351920,34.0,741.0,288024.6,554.5587995433045,12.08611971945849
3519253,Iaras - SP,8010,351925,60.0,460.0,185127.6,749.0636704119851,5.742821473158552
3519303,Ibaté - SP,32178,351930,145.0,8063.0,1231163.0,450.6184349555597,25.05749269687364
3519402,Ibirá - SP,11690,351940,61.0,3073.0,342388.8,521.8135158254918,26.2874251497006
3519501,Ibirarema - SP,6385,351950,30.0,585.0,281211.4,469.8512137823023,9.162098668754894
3519600,Ibitinga - SP,60033,351960,300.0,11748.0,1961941.4,499.7251511668582,19.56923691969417
3519709,Ibiúna - SP,75605,351970,399.0,11393.0,2676376.8,527.7428741485351,15.069109185900404
3519808,Icém - SP,7819,351980,36.0,1749.0,236126.2,460.4169331116511,22.368589333674382
3519907,Iepê - SP,7619,351990,38.0,1166.0,476847.1,498.75311720698255,15.303845649035305
3520004,Igaraçu do Tietê - SP,23106,352000,102.0,5384.0,416079.1,441.44378083614646,23.30130701982169
3520103,Igarapava - SP,26212,352010,135.0,9823.0,1592921.3,515.0312833816573,37.475202197466814
3520202,Igaratá - SP,10605,352020,47.0,1272.0,310646.9,443.18717586044323,11.994342291371995
3520301,Iguape - SP,29115,352030,157.0,1339.0,2376543.2,539.2409410956552,4.599003949854027
3520400,Ilhabela - SP,34934,352040,125.0,3457.0,24913501.4,357.81759890078433,9.895803515200091
3520426,Ilha Comprida - SP,13419,352042,107.0,513.0,2303081.8,797.3768537148819,3.8229376257545273
3520442,Ilha Solteira - SP,25549,352044,118.0,6854.0,768553.4,461.8576069513484,26.82688167834357
3520509,Indaiatuba - SP,255748,352050,851.0,112365.0,26940477.5,332.7494252154465,43.93582745515117
3520608,Indiana - SP,5090,352060,19.0,821.0,90275.0,373.28094302554024,16.12966601178782
3520707,Indiaporã - SP,4035,352070,20.0,403.0,121298.1,495.6629491945477,9.987608426270137
3520806,Inúbia Paulista - SP,3615,352080,20.0,278.0,160509.0,553.2503457814662,7.690179806362379
3520905,Ipaussu - SP,13712,352090,62.0,2853.0,583771.3,452.1586931155192,20.80659276546091
3521002,Iperó - SP,36459,352100,148.0,5332.0,1140856.5,405.9354343234866,14.624646863600207
3521101,Ipeúna - SP,6831,352110,27.0,1829.0,985603.8,395.2569169960474,26.77499634021373
3521150,Ipiguá - SP,6761,352115,32.0,1117.0,146481.5,473.302765863038,16.52122467090667
3521200,Iporanga - SP,4046,352120,15.0,71.0,65472.7,370.7365299060801,1.7548195748887792
3521309,Ipuã - SP,14454,352130,56.0,5320.0,506912.3,387.43600387436004,36.8064203680642
3521408,Iracemápolis - SP,21967,352140,86.0,11575.0,2118043.5,391.49633541220925,52.692675376701416
3521507,Irapuã - SP,6867,352150,32.0,1512.0,199585.6,465.9967962720256,22.018348623853214
3521606,Irapuru - SP,7085,352160,32.0,793.0,116246.8,451.6584333098095,11.192660550458717
3521705,Itaberá - SP,17983,352170,74.0,1092.0,1204811.3,411.4997497636657,6.072401712728688
3521804,Itaí - SP,25180,352180,132.0,2358.0,997076.9,524.2255758538522,9.364575059571088
3521903,Itajobi - SP,16989,352190,63.0,3550.0,1040974.9,370.8281829419036,20.895873800694567
3522000,Itaju - SP,3618,352200,13.0,227.0,338466.4,359.31453841901606,6.274184632393588
3522109,Itanhaém - SP,112476,352210,662.0,15535.0,2611455.5,588.5700060457342,13.811835413777162
3522158,Itaoca - SP,3422,352215,15.0,109.0,56550.8,438.3401519579193,3.1852717708942135
3522208,Itapecerica da Serra - SP,158522,352220,781.0,37131.0,5275802.3,492.6760954315489,23.42324724643898
3522307,Itapetininga - SP,157790,352230,697.0,31259.0,7249598.9,441.7263451422777,19.810507636732368
3522406,Itapeva - SP,89728,352240,471.0,16355.0,4196751.2,524.919757489301,18.227309201141225
3522505,Itapevi - SP,232297,352250,900.0,62781.0,15017261.1,387.43505081856415,27.02617769493364
3522604,Itapira - SP,72022,352260,383.0,21883.0,5497230.4,531.7819555135931,30.383771625336703
3522653,Itapirapuã Paulista - SP,4306,352265,23.0,88.0,63289.9,534.1384115188109,2.0436600092893635
3522703,Itápolis - SP,39493,352270,184.0,8245.0,1973005.8,465.9053503152457,20.877117463854354
3522802,Itaporanga - SP,14085,352280,86.0,458.0,367401.0,610.5786297479588,3.2516861909833152
3522901,Itapuí - SP,13659,352290,67.0,932.0,1235795.3,490.5190716743539,6.82333992239549
3523008,Itapura - SP,3979,352300,37.0,565.0,136395.1,929.8818798693139,14.199547625031414
3523107,Itaquaquecetuba - SP,369275,352310,1501.0,93776.0,10755651.3,406.4721413580665,25.39462460226119
3523206,Itararé - SP,44438,352320,250.0,4091.0,1304342.6,562.5815743282776,9.206084882307934
3523305,Itariri - SP,15528,352330,81.0,914.0,327125.6,521.6383307573416,5.886141164348274
3523404,Itatiba - SP,121590,352340,436.0,42960.0,9032760.7,358.58212024015137,35.33185294843326
3523503,Itatinga - SP,19070,352350,92.0,4369.0,432050.0,482.43314105925543,22.910330361824858
3523602,Itirapina - SP,16148,352360,48.0,2892.0,1735171.4,297.2504334902155,17.909338617785483
3523701,Itirapuã - SP,5779,352370,37.0,994.0,188762.8,640.2491780584876,17.200207648382072
3523800,Itobi - SP,8046,352380,40.0,1557.0,250848.4,497.1414367387522,19.351230425055927
3523909,Itu - SP,168240,352390,748.0,68212.0,11782988.6,444.602948169282,40.54446029481693
3524006,Itupeva - SP,70616,352400,204.0,30183.0,9479462.4,288.88637136059816,42.742437974396736
3524105,Ituverava - SP,37571,352410,218.0,13678.0,2208547.3,580.2347555295307,36.40573846849964
3524204,Jaborandi - SP,6221,352420,23.0,1389.0,174902.4,369.71547982639447,22.327600064298345
3524303,Jaboticabal - SP,71821,352430,360.0,30232.0,3877101.8,501.24615363194613,42.093538101669424
3524402,Jacareí - SP,240275,352440,1013.0,102288.0,17761834.8,421.6002497138696,42.571220476537306
3524501,Jaci - SP,7613,352450,39.0,2016.0,713599.5,512.2816235386838,26.48101930907658
3524600,Jacupiranga - SP,16097,352460,70.0,1475.0,579594.6,434.86363918742626,9.163198111449338
3524709,Jaguariúna - SP,59347,352470,204.0,20587.0,13930315.2,343.74104841019766,34.689200802062444
3524808,Jales - SP,48776,352480,207.0,12193.0,2384962.2,424.3890437920289,24.997949811382647
3524907,Jambeiro - SP,6397,352490,20.0,1377.0,369698.3,312.6465530717524,21.52571517899015
3525003,Jandira - SP,118045,352500,375.0,39103.0,5752533.0,317.67546274725737,33.12550298614935
3525102,Jardinópolis - SP,45282,352510,191.0,12963.0,1933190.2,421.8011571927035,28.627269113555055
3525201,Jarinu - SP,37535,352520,157.0,10332.0,3245903.1,418.27627547622217,27.526308778473425
3525300,Jaú - SP,133497,352530,625.0,26322.0,6248399.6,468.17531480108164,19.717297017910514
3525409,Jeriquara - SP,3863,352540,17.0,575.0,153123.8,440.0724825265338,14.884804556044525
3525508,Joanópolis - SP,12815,352550,69.0,1797.0,285354.4,538.4315255559891,14.022629730784237
3525607,João Ramalho - SP,4371,352560,19.0,1214.0,119071.3,434.68313886982384,27.77396476778769
3525706,José Bonifácio - SP,36633,352570,157.0,9805.0,1642066.8,428.5753282559441,26.765484672290015
3525805,Júlio Mesquita - SP,4254,352580,36.0,522.0,67851.5,846.2623413258111,12.270803949224259
3525854,Jumirim - SP,3056,352585,12.0,940.0,237904.9,392.6701570680628,30.759162303664922
3525904,Jundiaí - SP,443221,352590,1590.0,268415.0,63835906.8,358.73751469357273,60.56008176507882
3526001,Junqueirópolis - SP,20448,352600,99.0,3487.0,878755.6,484.15492957746477,17.05301251956182
3526100,Juquiá - SP,17154,352610,108.0,1228.0,379655.2,629.5907660020987,7.158680191209048
3526209,Juquitiba - SP,27404,352620,141.0,1759.0,623225.8,514.5234272368997,6.418770982338345
3526308,Lagoinha - SP,5083,352630,18.0,251.0,83001.5,354.1215817430651,4.9380287231949636
3526407,Laranjal Paulista - SP,26261,352640,118.0,6614.0,1522677.9,449.33551654544766,25.185636495182973
3526506,Lavínia - SP,9689,352650,23.0,561.0,180410.8,237.38259882340802,5.790071214779647
3526605,Lavrinhas - SP,7171,352660,22.0,1863.0,154189.6,306.79124250453214,25.979640217542883
3526704,Leme - SP,98161,352670,481.0,32210.0,5139315.3,490.0113079532605,32.81343914589297
3526803,Lençóis Paulista - SP,66505,352680,218.0,28472.0,5881418.0,327.7949026388994,42.81181866025111
3526902,Limeira - SP,291869,352690,1271.0,140142.0,19078470.3,435.469337271173,48.01537676149231
3527009,Lindóia - SP,7014,352700,38.0,704.0,321979.9,541.7735956658112,10.03706871970345
3527108,Lins - SP,74779,352710,375.0,32313.0,8848508.8,501.47768758608703,43.21132938391795
3527207,Lorena - SP,84855,352720,454.0,23323.0,4172744.1,535.0303458841553,27.485710918625887
3527256,Lourdes - SP,1950,352725,13.0,232.0,43632.6,666.6666666666667,11.897435897435898
3527306,Louveira - SP,51847,352730,157.0,19269.0,19241992.4,302.8140490288734,37.165120450556444
3527405,Lucélia - SP,20061,352740,105.0,2166.0,541971.3,523.4036189621654,10.797068939733812
3527504,Lucianópolis - SP,2372,352750,12.0,167.0,73640.2,505.90219224283305,7.040472175379427
3527603,Luís Antônio - SP,12265,352760,44.0,3905.0,1813179.4,358.74439461883406,31.838565022421523
3527702,Luiziânia - SP,4701,352770,21.0,732.0,95716.6,446.7134652201659,15.57115507338864
3527801,Lupércio - SP,3981,352780,14.0,356.0,96789.1,351.67043456417986,8.942476764632001
3527900,Lutécia - SP,2661,352790,11.0,303.0,100630.6,413.37842916196917,11.386696730552424
3528007,Macatuba - SP,16829,352800,79.0,5114.0,636544.1,469.427773486244,30.38802067859053
3528106,Macaubal - SP,7481,352810,41.0,1715.0,215139.6,548.0550728512231,22.924742681459698
3528205,Macedônia - SP,3963,352820,23.0,285.0,93684.3,580.36840777189,7.1915215745647245
3528304,Magda - SP,3165,352830,22.0,557.0,121126.5,695.1026856240127,17.59873617693523
3528403,Mairinque - SP,50027,352840,260.0,19803.0,2613752.7,519.719351550163,39.58462430287645
3528502,Mairiporã - SP,93853,352850,382.0,19579.0,2484184.2,407.01948792260237,20.861347000095893
3528601,Manduri - SP,9871,352860,56.0,726.0,310583.8,567.3184074561848,7.354877925235538
3528700,Marabá Paulista - SP,4573,352870,20.0,238.0,139886.5,437.34966105401264,5.204460966542751
3528809,Maracaí - SP,12673,352880,62.0,2978.0,953215.3,489.22906967568844,23.49877692732581
3528858,Marapoama - SP,3292,352885,17.0,611.0,124020.4,516.4034021871204,18.560145808019442
3528908,Mariápolis - SP,3513,352890,20.0,239.0,69905.7,569.313976658127,6.803302021064617
3529005,Marília - SP,237627,352900,998.0,85279.0,11020231.4,419.9859443581748,35.88775686264608
3529104,Marinópolis - SP,1860,352910,14.0,101.0,42489.8,752.6881720430108,5.43010752688172
3529203,Martinópolis - SP,24881,352920,126.0,3882.0,766182.4,506.41051404686306,15.60226678992002
3529302,Matão - SP,79033,352930,369.0,35190.0,6187823.9,466.89357610112233,44.525704452570444
3529401,Mauá - SP,418261,352940,1635.0,198620.0,24111460.5,390.9042440007555,47.48709537824469
3529500,Mendonça - SP,6159,352950,23.0,1565.0,474541.4,373.4372463062185,25.409969150836176
3529609,Meridiano - SP,4572,352960,21.0,673.0,399566.2,459.31758530183725,14.720034995625547
3529658,Mesópolis - SP,1952,352965,10.0,313.0,78851.9,512.295081967213,16.03483606557377
3529708,Miguelópolis - SP,19441,352970,113.0,6635.0,1079728.8,581.2458206882362,34.12890283421635
3529807,Mineiros do Tietê - SP,11230,352980,64.0,1200.0,255740.2,569.9020480854854,10.685663401602849
3529906,Miracatu - SP,18553,352990,102.0,956.0,471305.5,549.7763164986794,5.1528054762033095
3530003,Mira Estrela - SP,3126,353000,12.0,372.0,67283.1,383.8771593090211,11.900191938579654
3530102,Mirandópolis - SP,27983,353010,131.0,4490.0,788259.5,468.14137154701064,16.045456169817392
3530201,Mirante do Paranapanema - SP,15917,353020,62.0,3156.0,585090.3,389.52063831123957,19.827857008230193
3530300,Mirassol - SP,63337,353030,245.0,23499.0,3039964.5,386.81971043781675,37.10153622685002
3530409,Mirassolândia - SP,4669,353040,20.0,597.0,209298.6,428.35724994645534,12.786463910901691
3530508,Mococa - SP,67681,353050,328.0,19661.0,3478085.1,484.62640918426143,29.049511679791966
3530607,Mogi das Cruzes - SP,451505,353060,1812.0,160281.0,22702759.1,401.3244593083133,35.49927464812128
3530706,Mogi Guaçu - SP,153658,353070,736.0,55360.0,8182932.2,478.9857996329511,36.02806232021762
3530805,Mogi Mirim - SP,92558,353080,443.0,33066.0,7317579.3,478.61881198815877,35.724626720542794
3530904,Mombuca - SP,3722,353090,25.0,936.0,147771.7,671.6818914562064,25.14777001612036
3531001,Monções - SP,1937,353100,7.0,359.0,63512.8,361.38358286009293,18.53381517811048
3531100,Mongaguá - SP,61951,353110,385.0,8066.0,1396443.6,621.4588949330923,13.019967393585253
3531209,Monte Alegre do Sul - SP,8627,353120,43.0,3506.0,284876.2,498.4351454735134,40.63985162860786
3531308,Monte Alto - SP,47574,353130,215.0,22449.0,2825781.8,451.92752343717154,47.18753941228402
3531407,Monte Aprazível - SP,22280,353140,111.0,8115.0,880683.7,498.20466786355473,36.422800718132855
3531506,Monte Azul Paulista - SP,18151,353150,72.0,5059.0,806993.2,396.6723596496061,27.871742603713294
3531605,Monte Castelo - SP,4222,353160,28.0,772.0,130920.4,663.1927996210327,18.285172903837044
3531704,Monteiro Lobato - SP,4138,353170,15.0,548.0,90419.7,362.49395843402607,13.243112614789753
3531803,Monte Mor - SP,64662,353180,251.0,19323.0,4751055.8,388.17234233398284,29.883084346293032
3531902,Morro Agudo - SP,27933,353190,136.0,9389.0,1459845.1,486.8793183689543,33.612572942397875
3532009,Morungaba - SP,13720,353200,61.0,3719.0,708975.9,444.6064139941691,27.1064139941691
3532058,Motuca - SP,4034,353205,14.0,1504.0,132075.4,347.05007436787304,37.28309370352008
3532108,Murutinga do Sul - SP,3737,353210,16.0,453.0,83672.3,428.15092320042817,12.122023013112122
3532157,Nantes - SP,2660,353215,16.0,313.0,156852.4,601.5037593984963,11.766917293233083
3532207,Narandiba - SP,5713,353220,13.0,812.0,741378.6,227.55119901977943,14.213197969543149
3532306,Natividade da Serra - SP,6999,353230,23.0,382.0,120667.9,328.6183740534362,5.457922560365767
3532405,Nazaré Paulista - SP,18217,353240,102.0,2333.0,505080.9,559.9165614535873,12.806718998737443
3532504,Neves Paulista - SP,9699,353250,48.0,2595.0,312975.2,494.89638107021347,26.755335601608415
3532603,Nhandeara - SP,9852,353260,60.0,2476.0,437104.5,609.0133982947624,25.131952902963867
3532702,Nipoã - SP,4750,353270,22.0,988.0,103610.4,463.15789473684214,20.8
3532801,Nova Aliança - SP,6693,353280,29.0,1514.0,385749.6,433.28851038398324,22.620648438667263
3532827,Nova Campina - SP,8497,353282,40.0,812.0,229915.5,470.7543839002,9.556313993174061
3532843,Nova Canaã Paulista - SP,2032,353284,12.0,141.0,46089.5,590.5511811023622,6.9389763779527565
3532868,Nova Castilho - SP,1062,353286,5.0,135.0,63339.8,470.8097928436911,12.711864406779661
3532900,Nova Europa - SP,9311,353290,37.0,4210.0,430589.8,397.37944366877883,45.215336698528624
3533007,Nova Granada - SP,19419,353300,91.0,4966.0,593529.6,468.61321386271175,25.57289252793656
3533106,Nova Guataporanga - SP,2156,353310,11.0,384.0,38624.4,510.204081632653,17.810760667903523
3533205,Nova Independência - SP,4609,353320,24.0,1267.0,207949.0,520.7203297895422,27.48969407680625
3533254,Novais - SP,4412,353325,17.0,940.0,81999.0,385.312783318223,21.30553037171351
3533304,Nova Luzitânia - SP,2837,353330,14.0,444.0,59751.9,493.47902714134653,15.650334860768417
3533403,Nova Odessa - SP,62019,353340,217.0,25761.0,4620501.0,349.8927747948209,41.5372708363566
3533502,Novo Horizonte - SP,38324,353350,183.0,10271.0,1821682.0,477.5075670598059,26.800438367602545
3533601,Nuporanga - SP,7391,353360,28.0,2354.0,1003708.8,378.8391286700041,31.849546746042485
3533700,Ocauçu - SP,4331,353370,16.0,397.0,128930.2,369.42969291156777,9.166474255368275
3533809,Óleo - SP,2512,353380,13.0,129.0,121966.0,517.515923566879,5.135350318471338
3533908,Olímpia - SP,55074,353390,214.0,22262.0,3126540.6,388.56810836329305,40.42197770272724
3534005,Onda Verde - SP,4771,353400,29.0,1065.0,247119.3,607.8390274575561,22.322364284217144
3534104,Oriente - SP,6085,353410,35.0,1878.0,148157.0,575.1848808545604,30.862777321281843
3534203,Orindiúva - SP,6024,353420,31.0,2372.0,697765.7,514.6082337317397,39.37583001328021
3534302,Orlândia - SP,38319,353430,149.0,19226.0,2864547.0,388.8410449124455,50.1735431509173
3534401,Osasco - SP,728615,353440,3162.0,335392.0,112145798.2,433.97404665015137,46.031443217611496
3534500,Oscar Bressane - SP,2470,353450,13.0,239.0,104638.4,526.3157894736842,9.676113360323885
3534609,Osvaldo Cruz - SP,31272,353460,154.0,7036.0,1231458.4,492.4533128677411,22.499360450243028
3534708,Ourinhos - SP,103970,353470,557.0,22635.0,4463317.2,535.7314609983649,21.770703087429066
3534757,Ouroeste - SP,10294,353475,43.0,1765.0,608635.9,417.719059646396,17.14591023897416
3534807,Ouro Verde - SP,7779,353480,37.0,792.0,143472.2,475.63954235762947,10.181257231006557
3534906,Pacaembu - SP,14877,353490,57.0,1380.0,244521.6,383.1417624521073,9.276063722524702
3535002,Palestina - SP,11476,353500,41.0,3195.0,466894.6,357.2673405367724,27.840711049146044
3535101,Palmares Paulista - SP,9650,353510,31.0,2467.0,158111.2,321.2435233160622,25.56476683937824
3535200,Palmeira d'Oeste - SP,8903,353520,45.0,931.0,231468.0,505.44760193193304,10.457149275525104
3535309,Palmital - SP,19594,353530,111.0,4132.0,1256951.7,566.4999489639686,21.088088190262326
3535408,Panorama - SP,14964,353540,72.0,884.0,343055.2,481.15477145148355,5.90751136059877
3535507,Paraguaçu Paulista - SP,41120,353550,187.0,8035.0,2653821.1,454.76653696498056,19.54036964980545
3535606,Paraibuna - SP,17667,353560,71.0,2996.0,364785.8,401.87920982622967,16.958170600554705
3535705,Paraíso - SP,6099,353570,24.0,1744.0,341514.0,393.5071323167732,28.594851615018857
3535804,Paranapanema - SP,19395,353580,92.0,2085.0,1134949.7,474.349059035834,10.750193348801238
3535903,Paranapuã - SP,4031,353590,19.0,440.0,135993.5,471.3470602828083,10.915405606549243
3536000,Parapuã - SP,10580,353600,55.0,1145.0,881743.2,519.8487712665407,10.822306238185256
3536109,Pardinho - SP,7153,353610,36.0,1032.0,440221.2,503.2853348245492,14.427512931637077
3536208,Pariquera-Açu - SP,19233,353620,97.0,1179.0,661857.0,504.3414963864192,6.130088909686476
3536257,Parisi - SP,2892,353625,10.0,327.0,56106.8,345.7814661134163,11.307053941908714
3536307,Patrocínio Paulista - SP,14512,353630,68.0,3116.0,1599786.1,468.5777287761852,21.47188533627343
3536406,Paulicéia - SP,7955,353640,43.0,515.0,254093.7,540.5405405405405,6.473915776241358
3536505,Paulínia - SP,110537,353650,328.0,54807.0,70496583.8,296.7332205505849,49.582492739987515
3536570,Paulistânia - SP,2090,353657,11.0,162.0,52259.4,526.3157894736842,7.751196172248803
3536604,Paulo de Faria - SP,7400,353660,42.0,2002.0,306078.8,567.5675675675676,27.054054054054056
3536703,Pederneiras - SP,44827,353670,180.0,15419.0,3986159.1,401.5437124947018,34.39668057197671
3536802,Pedra Bela - SP,6557,353680,33.0,504.0,124824.1,503.278938538966,7.686441970413299
3536901,Pedranópolis - SP,2787,353690,11.0,312.0,84614.0,394.6896304269824,11.194833153928956
3537008,Pedregulho - SP,15525,353700,80.0,3257.0,995360.4,515.2979066022544,20.97906602254428
3537107,Pedreira - SP,43112,353710,205.0,12487.0,1636576.7,475.5056596771201,28.96409352384487
3537156,Pedrinhas Paulista - SP,2804,353715,16.0,359.0,203321.1,570.6134094151213,12.803138373751782
3537206,Pedro de Toledo - SP,11281,353720,53.0,463.0,169835.1,469.8165056289336,4.104246077475401
3537305,Penápolis - SP,61679,353730,328.0,12066.0,2259079.3,531.7855347849348,19.56257397169215
3537404,Pereira Barreto - SP,24095,353740,120.0,4957.0,1296050.5,498.02863664660714,20.572732932143598
3537503,Pereiras - SP,8737,353750,43.0,565.0,334838.1,492.15978024493535,6.466750600892755
3537602,Peruíbe - SP,68352,353760,393.0,10861.0,2471440.3,574.9648876404494,15.889805711610485
3537701,Piacatu - SP,5519,353770,21.0,947.0,116895.6,380.50371444102194,17.15890559884037
3537800,Piedade - SP,52970,353780,281.0,6806.0,1614592.5,530.4889560128374,12.848782329620539
3537909,Pilar do Sul - SP,27619,353790,130.0,3381.0,1568001.7,470.6904667077012,12.241572830297983
3538006,Pindamonhangaba - SP,165428,353800,687.0,47623.0,13719557.1,415.28640858863065,28.78775056217811
3538105,Pindorama - SP,14542,353810,73.0,4961.0,580740.5,501.9942236281116,34.114977307110436
3538204,Pinhalzinho - SP,15224,353820,95.0,2073.0,353044.9,624.0147136100893,13.616657908565424
3538303,Piquerobi - SP,3264,353830,11.0,425.0,75045.1,337.0098039215686,13.020833333333334
3538501,Piquete - SP,12490,353850,90.0,1879.0,211421.7,720.5764611689352,15.044035228182546
3538600,Piracaia - SP,26029,353860,119.0,5049.0,708921.4,457.1823735064736,19.397594990203235
3538709,Piracicaba - SP,423323,353870,1692.0,219185.0,42063296.9,399.69479569973754,51.77724810605613
3538808,Piraju - SP,29436,353880,146.0,3248.0,976905.8,495.9913031661911,11.034107895094442
3538907,Pirajuí - SP,22431,353890,161.0,4560.0,582403.0,717.7566760287103,20.329008960813162
3539004,Pirangi - SP,10885,353900,47.0,2378.0,422167.6,431.78686265502984,21.846577859439595
3539103,Pirapora do Bom Jesus - SP,18370,353910,70.0,2958.0,713384.9,381.0560696788242,16.102340772999455
3539202,Pirapozinho - SP,25348,353920,95.0,6120.0,1226915.7,374.78302035663563,24.14391667981695
3539301,Pirassununga - SP,73545,353930,322.0,26392.0,3844918.5,437.8271806377048,35.88551227139846
3539400,Piratininga - SP,15108,353940,58.0,3868.0,325773.1,383.90256817580087,25.60232989144824
3539509,Pitangueiras - SP,33674,353950,149.0,9718.0,1637314.8,442.4778761061947,28.859060402684566
3539608,Planalto - SP,4389,353960,22.0,2385.0,231891.4,501.25313283208015,54.3403964456596
3539707,Platina - SP,3025,353970,9.0,458.0,139776.9,297.5206611570248,15.140495867768594
3539806,Poá - SP,103765,353980,533.0,33057.0,4022935.0,513.6606755649786,31.85756276201031
3539905,Poloni - SP,5592,353990,23.0,1305.0,172111.6,411.3018597997139,23.336909871244636
3540002,Pompéia - SP,20196,354000,84.0,9939.0,2325356.7,415.9239453357101,49.21271538918598
3540101,Pongaí - SP,3395,354010,25.0,666.0,99853.7,736.3770250368188,19.617083946980856
3540200,Pontal - SP,37607,354020,160.0,16677.0,1667659.8,425.4527082723961,44.345467599117185
3540259,Pontalinda - SP,4127,354025,24.0,178.0,97316.2,581.5362248606737,4.313060334383329
3540309,Pontes Gestal - SP,2387,354030,8.0,604.0,115084.1,335.14872224549646,25.30372852953498
3540408,Populina - SP,4127,354040,28.0,760.0,120313.5,678.4589290041192,18.415313787254664
3540507,Porangaba - SP,10451,354050,60.0,670.0,259914.5,574.1077408860396,6.410869773227443
3540606,Porto Feliz - SP,56497,354060,201.0,14361.0,4346576.9,355.77110289041894,25.419048799051275
3540705,Porto Ferreira - SP,52649,354070,252.0,22955.0,2690983.4,478.641569640449,43.60006837736709
3540754,Potim - SP,20392,354075,81.0,1410.0,333131.6,397.2145939584151,6.9144762652020395
3540804,Potirendaba - SP,18496,354080,56.0,6533.0,738361.9,302.7681660899654,35.32115051903114
3540853,Pracinha - SP,2578,354085,8.0,53.0,36227.0,310.3180760279286,2.0558572536850273
3540903,Pradópolis - SP,17078,354090,78.0,8134.0,1224933.7,456.7279540929851,47.62852793067104
3541000,Praia Grande - SP,349935,354100,1712.0,114057.0,9984881.5,489.23371483275463,32.59376741394831
3541059,Pratânia - SP,5126,354105,35.0,548.0,132254.7,682.7936012485368,10.690596956691376
3541109,Presidente Alves - SP,3804,354110,25.0,483.0,81380.1,657.2029442691903,12.697160883280755
3541208,Presidente Bernardes - SP,14490,354120,64.0,3136.0,336492.1,441.6839199447895,21.642512077294686
3541307,Presidente Epitácio - SP,39505,354130,220.0,6428.0,1570778.0,556.8915327173776,16.271358055942287
3541406,Presidente Prudente - SP,225668,354140,1023.0,90634.0,10344115.0,453.3208075580056,40.16253966003155
3541505,Presidente Venceslau - SP,35201,354150,193.0,7862.0,912751.6,548.279878412545,22.33459276725093
3541604,Promissão - SP,35131,354160,181.0,7298.0,2922927.9,515.2144829352993,20.773675671059745
3541653,Quadra - SP,3405,354165,17.0,258.0,157133.5,499.265785609398,7.577092511013215
3541703,Quatá - SP,13163,354170,64.0,4523.0,917950.5,486.2113499962015,34.3614677505128
3541802,Queiroz - SP,3265,354180,16.0,586.0,747539.9,490.0459418070444,17.947932618683
3541901,Queluz - SP,9159,354190,54.0,915.0,451013.2,589.5840157222403,9.990173599737963
3542008,Quintana - SP,7038,354200,31.0,1738.0,326892.7,440.46604148905936,24.694515487354362
3542107,Rafard - SP,8965,354210,38.0,3400.0,543863.2,423.87060791968764,37.925264919129944
3542206,Rancharia - SP,28588,354220,171.0,5874.0,1724782.5,598.1530712186932,20.547082692038618
3542305,Redenção da Serra - SP,4494,354230,18.0,307.0,82130.4,400.5340453938585,6.831330663106364
3542404,Regente Feijó - SP,20145,354240,99.0,5229.0,1123239.4,491.43708116157853,25.95681310498883
3542503,Reginópolis - SP,7662,354250,28.0,1031.0,197943.4,365.43983294179066,13.456016705820934
3542602,Registro - SP,59947,354260,266.0,10115.0,2726881.0,443.7252906734282,16.873238026923783
3542701,Restinga - SP,6404,354270,35.0,1302.0,253224.7,546.5334166146159,20.331043098063713
3542800,Ribeira - SP,3132,354280,11.0,170.0,56194.1,351.213282247765,5.427841634738186
3542909,Ribeirão Bonito - SP,10989,354290,48.0,2254.0,412615.3,436.80043680043684,20.51142051142051
3543006,Ribeirão Branco - SP,18627,354300,95.0,537.0,445041.0,510.01234766736457,2.8829119020776295
3543105,Ribeirão Corrente - SP,4608,354310,12.0,597.0,211826.8,260.41666666666663,12.955729166666666
3543204,Ribeirão do Sul - SP,4677,354320,18.0,464.0,295843.7,384.86209108402824,9.920889459054951
3543238,Ribeirão dos Índios - SP,2025,354323,14.0,211.0,45555.2,691.3580246913581,10.419753086419753
3543253,Ribeirão Grande - SP,7450,354325,21.0,305.0,114005.0,281.87919463087246,4.093959731543624
3543303,Ribeirão Pires - SP,115559,354330,461.0,53371.0,4665686.0,398.93041649720055,46.18506563746658
3543402,Ribeirão Preto - SP,698642,354340,2747.0,322615.0,47434521.4,393.19136267215544,46.17744137913266
3543501,Riversul - SP,5599,354350,34.0,127.0,102812.0,607.2512948740847,2.2682621896767277
3543600,Rifaina - SP,4049,354360,18.0,793.0,207289.2,444.5542109162756,19.585082736478142
3543709,Rincão - SP,9098,354370,50.0,3052.0,252857.5,549.5713343591998,33.545834249285555
3543808,Rinópolis - SP,9259,354380,42.0,817.0,387787.6,453.61270115563235,8.823847067717896
3543907,Rio Claro - SP,201418,354390,934.0,94790.0,13877679.6,463.712279935259,47.06133513390064
3544004,Rio das Pedras - SP,31328,354400,110.0,15786.0,2124685.7,351.12359550561797,50.38942798774259
3544103,Rio Grande da Serra - SP,44170,354410,180.0,14989.0,1037153.0,407.5164138555581,33.93479737378311
3544202,Riolândia - SP,10309,354420,38.0,1667.0,313423.1,368.60995246871664,16.170336599088174
3544251,Rosana - SP,17440,354425,98.0,1339.0,1631427.7,561.9266055045872,7.677752293577981
3544301,Roseira - SP,10832,354430,50.0,1484.0,416137.5,461.5952732644018,13.700147710487446
3544400,Rubiácea - SP,2700,354440,9.0,693.0,69438.9,333.33333333333337,25.666666666666664
3544509,Rubinéia - SP,3833,354450,24.0,274.0,145707.5,626.1414036003131,7.1484476911035735
3544608,Sabino - SP,5112,354460,31.0,1188.0,167592.5,606.41627543036,23.239436619718308
3544707,Sagres - SP,2474,354470,18.0,154.0,54988.3,727.5666936135813,6.224737267582862
3544806,Sales - SP,6437,354480,36.0,1106.0,203344.8,559.2667391642069,17.18191704210036
3544905,Sales Oliveira - SP,11411,354490,38.0,4341.0,474424.5,333.0120059591622,38.04223994391377
3545001,Salesópolis - SP,15202,354500,82.0,1700.0,271541.4,539.4027101697145,11.182739113274568
3545100,Salmourão - SP,4808,354510,29.0,534.0,92861.2,603.161397670549,11.10648918469218
3545159,Saltinho - SP,8161,354515,39.0,3970.0,431950.2,477.882612424948,48.64599926479598
3545209,Salto - SP,134319,354520,556.0,51659.0,10822151.7,413.9399489275531,38.45993493102242
3545308,Salto de Pirapora - SP,43748,354530,210.0,9784.0,2659063.2,480.0219438602907,22.364450946328976
3545407,Salto Grande - SP,9050,354540,46.0,923.0,320746.2,508.28729281767954,10.198895027624308
3545506,Sandovalina - SP,3645,354550,20.0,1909.0,378966.5,548.6968449931412,52.37311385459533
3545605,Santa Adélia - SP,14018,354560,55.0,5114.0,462736.5,392.35268939934366,36.481666428877155
3545704,Santa Albertina - SP,6393,354570,27.0,1451.0,277754.7,422.33693101830124,22.696699515094636
3545803,Santa Bárbara d'Oeste - SP,183347,354580,814.0,84690.0,9437421.3,443.9669042853169,46.19110211784213
3546009,Santa Branca - SP,13975,354600,64.0,2741.0,323281.5,457.9606440071556,19.613595706618963
3546108,Santa Clara d'Oeste - SP,2598,354610,18.0,157.0,101020.7,692.8406466512703,6.0431100846805235
3546207,Santa Cruz da Conceição - SP,4277,354620,18.0,968.0,173306.0,420.8557400046762,22.632686462473696
3546256,Santa Cruz da Esperança - SP,2116,354625,14.0,205.0,61840.5,661.625708884688,9.688090737240076
3546306,Santa Cruz das Palmeiras - SP,28864,354630,129.0,11674.0,723279.6,446.9235033259423,40.444844789356985
3546405,Santa Cruz do Rio Pardo - SP,46442,354640,211.0,10414.0,3445164.5,454.3301322079153,22.42366823134232
3546504,Santa Ernestina - SP,6118,354650,21.0,2506.0,122316.3,343.2494279176201,40.96109839816934
3546603,Santa Fé do Sul - SP,34794,354660,184.0,6688.0,1681363.4,528.8268092199804,19.22170489164799
3546702,Santa Gertrudes - SP,23611,354670,63.0,9193.0,3508436.6,266.82478505781205,38.93524204819787
3546801,Santa Isabel - SP,53174,354680,255.0,10154.0,1947787.6,479.55767856471203,19.095798698612104
3546900,Santa Lúcia - SP,7149,354690,41.0,3615.0,141710.3,573.5067841656177,50.56651279899287
3547007,Santa Maria da Serra - SP,5243,354700,29.0,745.0,164149.0,553.1184436391379,14.209422086591648
3547106,Santa Mercedes - SP,2956,354710,16.0,298.0,73932.6,541.2719891745603,10.081190798376184
3547205,Santana da Ponte Pensa - SP,1670,354720,9.0,110.0,45598.5,538.9221556886228,6.58682634730539
3547304,Santana de Parnaíba - SP,154105,354730,430.0,62924.0,12774323.6,279.03053113137145,40.83190032769865
3547403,Santa Rita d'Oeste - SP,2733,354740,9.0,232.0,82816.6,329.3084522502744,8.488840102451519
3547502,Santa Rita do Passa Quatro - SP,24833,354750,138.0,9053.0,874777.0,555.7121572101638,36.45552289292473
3547601,Santa Rosa de Viterbo - SP,23411,354760,104.0,8181.0,890869.1,444.23561573619236,34.945111272478755
3547650,Santa Salete - SP,1645,354765,7.0,204.0,44239.6,425.53191489361706,12.401215805471125
3547700,Santo Anastácio - SP,17963,354770,98.0,4058.0,578356.2,545.5658854311641,22.590881255914937
3547809,Santo André - SP,748919,354780,2998.0,435531.0,36470028.6,400.3103139324814,58.154620192570896
3547908,Santo Antônio da Alegria - SP,6775,354790,27.0,363.0,201695.3,398.5239852398524,5.357933579335794
3548005,Santo Antônio de Posse - SP,23244,354800,98.0,5435.0,1947452.2,421.6141800034418,23.38237824815006
3548054,Santo Antônio do Aracanguá - SP,8379,354805,43.0,1076.0,292812.0,513.187731232844,12.841627879221864
3548104,Santo Antônio do Jardim - SP,6126,354810,33.0,1299.0,274001.2,538.6875612144955,21.20470127326151
3548203,Santo Antônio do Pinhal - SP,7133,354820,29.0,639.0,159641.8,406.56105425487175,8.958362540305622
3548302,Santo Expedito - SP,3000,354830,14.0,480.0,53812.6,466.6666666666667,16.0
3548401,Santópolis do Aguapeí - SP,3899,354840,22.0,887.0,87085.7,564.2472428827905,22.749422928956143
3548500,Santos - SP,418608,354850,2003.0,267031.0,27510857.3,478.49061651951223,63.790228567060346
3548609,São Bento do Sapucaí - SP,11674,354860,55.0,866.0,305965.1,471.13243104334424,7.418194277882474
3548708,São Bernardo do Campo - SP,810729,354870,2984.0,455673.0,65652404.2,368.063804304521,56.205341118918895
3548807,São Caetano do Sul - SP,165655,354880,697.0,109157.0,18128058.8,420.7539766381939,65.89417765838641
3548906,São Carlos - SP,254857,354890,1037.0,109831.0,15599640.3,406.89484691415186,43.09514747485845
3549003,São Francisco - SP,2602,354900,12.0,213.0,50205.1,461.1837048424289,8.186010760953113
3549102,São João da Boa Vista - SP,92547,354910,429.0,35155.0,4683628.5,463.5482511588706,37.98610435778577
3549201,São João das Duas Pontes - SP,2580,354920,6.0,211.0,55918.9,232.5581395348837,8.178294573643411
3549250,São João de Iracema - SP,1846,354925,7.0,217.0,52814.9,379.1982665222102,11.755146262188516
3549300,São João do Pau d'Alho - SP,2242,354930,15.0,476.0,64165.5,669.0454950936664,21.231043710972347
3549409,São Joaquim da Barra - SP,48558,354940,216.0,17396.0,2485889.1,444.8288644507599,35.825198731413984
3549508,São José da Bela Vista - SP,7626,354950,39.0,1117.0,281274.4,511.40833988985054,14.647259375819566
3549607,São José do Barreiro - SP,3853,354960,16.0,179.0,66747.7,415.26083571243186,4.645730599532832
3549706,São José do Rio Pardo - SP,52205,354970,232.0,17367.0,2619385.8,444.40187721482613,33.26692845512882
3549805,São José do Rio Preto - SP,480393,354980,1900.0,214987.0,23799646.4,395.50950992208465,44.75231737348379
3549904,São José dos Campos - SP,697054,354990,2506.0,311855.0,56653326.7,359.5130362927406,44.73900156946234
3549953,São Lourenço da Serra - SP,16067,354995,67.0,1858.0,301589.3,417.00379660173024,11.564075434119623
3550001,São Luiz do Paraitinga - SP,10337,355000,53.0,1214.0,220581.5,512.7212924446164,11.744219792976686
3550100,São Manuel - SP,37289,355010,165.0,10070.0,1482433.4,442.4897422832471,27.005283059347263
3550209,São Miguel Arcanjo - SP,32039,355020,149.0,2596.0,941899.3,465.0582103061894,8.102624925871595
3550308,São Paulo - SP,11451999,355030,44223.0,5900290.0,945946482.8,386.15965649315893,51.52192206792893
3550407,São Pedro - SP,38256,355040,177.0,8318.0,1023481.5,462.67252195734,21.742994562944375
3550506,São Pedro do Turvo - SP,7217,355050,35.0,1580.0,235145.5,484.9660523763337,21.892753221560206
3550605,São Roque - SP,79484,355060,360.0,24998.0,3900209.6,452.921342660158,31.45035478838508
3550704,São Sebastião - SP,81595,355070,308.0,13596.0,18873505.6,377.47410993320665,16.662785709908697
3550803,São Sebastião da Grama - SP,10441,355080,52.0,1398.0,379071.5,498.03658653385696,13.389522076429461
3550902,São Simão - SP,13442,355090,66.0,3617.0,531982.2,490.99836333878886,26.90819818479393
3551009,São Vicente - SP,329911,355100,1728.0,127297.0,6746300.7,523.7776248745874,38.58525481114604
3551108,Sarapuí - SP,10369,355110,39.0,618.0,228901.4,376.1211302922172,5.9600732953997495
3551207,Sarutaiá - SP,3704,355120,22.0,100.0,93449.4,593.9524838012959,2.699784017278618
3551306,Sebastianópolis do Sul - SP,3130,355130,17.0,1156.0,424963.4,543.1309904153354,36.93290734824281
3551405,Serra Azul - SP,12746,355140,49.0,1606.0,190474.3,384.4343323395575,12.600031382394478
3551504,Serrana - SP,43909,355150,173.0,13890.0,1366460.2,393.99667494135593,31.633605866678817
3551603,Serra Negra - SP,29894,355160,134.0,5856.0,896883.4,448.2504850471666,19.58921522713588
3551702,Sertãozinho - SP,126887,355170,553.0,55264.0,8098068.3,435.8208484714746,43.55371314634281
3551801,Sete Barras - SP,12730,355180,55.0,692.0,363320.1,432.050274941084,5.4359780047132755
3551900,Severínia - SP,14576,355190,69.0,3906.0,314475.3,473.3809001097695,26.79747530186608
3552007,Silveiras - SP,6186,355200,33.0,379.0,101329.0,533.462657613967,6.126737795021016
3552106,Socorro - SP,40122,355210,201.0,4207.0,1269084.4,500.9720352923583,10.485519166542048
3552205,Sorocaba - SP,723682,355220,2916.0,340206.0,54465435.8,402.9394126149331,47.01042723185046
3552304,Sud Mennucci - SP,7355,355230,37.0,1554.0,210354.5,503.0591434398368,21.12848402447315
3552403,Sumaré - SP,279545,355240,1028.0,106236.0,17753218.6,367.74043535030137,38.00318374501422
3552502,Suzano - SP,307429,355250,1234.0,95379.0,16866186.2,401.3934924811908,31.024724407912068
3552551,Suzanápolis - SP,3408,355255,16.0,1268.0,386090.3,469.4835680751174,37.20657276995305
3552601,Tabapuã - SP,11323,355260,64.0,3157.0,304867.3,565.221231122494,27.881303541464277
3552700,Tabatinga - SP,14769,355270,68.0,3444.0,376564.5,460.4238607894915,23.319114361161894
3552809,Taboão da Serra - SP,273542,355280,1151.0,95569.0,10975626.4,420.7763341644062,34.93759642029378
3552908,Taciba - SP,6260,355290,32.0,950.0,199128.0,511.1821086261981,15.175718849840255
3553005,Taguaí - SP,12669,355300,60.0,173.0,391497.8,473.5969689793985,1.3655379272239323
3553104,Taiaçu - SP,5677,355310,33.0,841.0,121215.9,581.2929364100758,14.814162409723444
3553203,Taiúva - SP,6548,355320,30.0,1246.0,151516.0,458.1551618814905,19.02871105681124
3553302,Tambaú - SP,21435,355330,107.0,5336.0,843711.2,499.1835782598554,24.893865173781197
3553401,Tanabi - SP,25265,355340,121.0,7040.0,1408897.1,478.92341183455375,27.864634870374033
3553500,Tapiraí - SP,7996,355350,40.0,497.0,191747.2,500.25012506253125,6.215607803901951
3553609,Tapiratiba - SP,11816,355360,45.0,1958.0,294802.1,380.83953960731213,16.570751523358158
3553658,Taquaral - SP,2619,355365,13.0,466.0,55233.7,496.37266132111495,17.793050782741503
3553708,Taquaritinga - SP,52260,355370,272.0,15598.0,1930593.7,520.4745503252966,29.846919249904325
3553807,Taquarituba - SP,24350,355380,126.0,1473.0,1227811.1,517.4537987679671,6.049281314168377
3553856,Taquarivaí - SP,6876,355385,30.0,822.0,453976.3,436.3001745200698,11.954624781849912
3553906,Tarabai - SP,6536,355390,43.0,868.0,170112.9,657.8947368421052,13.280293757649938
3553955,Tarumã - SP,14882,355395,41.0,2545.0,918710.5,275.5006047574251,17.101196075796263
3554003,Tatuí - SP,123942,355400,564.0,32734.0,5978311.9,455.05155637314226,26.410740507656804
3554102,Taubaté - SP,310739,355410,1315.0,103466.0,18462529.0,423.1847305938424,33.296753867393534
3554201,Tejupá - SP,4127,355420,26.0,39.0,124784.1,629.9975769323964,0.9449963653985946
3554300,Teodoro Sampaio - SP,22173,355430,127.0,4843.0,678819.6,572.7686826320299,21.841879763676545
3554409,Terra Roxa - SP,7904,355440,44.0,1762.0,182316.1,556.6801619433198,22.29251012145749
3554508,Tietê - SP,37663,355450,165.0,14617.0,2473358.8,438.09574383347046,38.80997265220508
3554607,Timburi - SP,2464,355460,15.0,69.0,62755.1,608.7662337662338,2.800324675324675
3554656,Torre de Pedra - SP,2046,355465,16.0,79.0,37807.3,782.0136852394917,3.8611925708699903
3554706,Torrinha - SP,9335,355470,45.0,945.0,320479.9,482.05677557579,10.123192287091591
3554755,Trabiju - SP,1682,355475,11.0,323.0,52600.8,653.9833531510106,19.20332936979786
3554805,Tremembé - SP,51173,355480,186.0,9677.0,1023337.7,363.47292517538546,18.910362886678524
3554904,Três Fronteiras - SP,6804,355490,35.0,868.0,130745.4,514.40329218107,12.757201646090536
3554953,Tuiuti - SP,6778,355495,30.0,803.0,193507.6,442.6084390675715,11.84715255237533
3555000,Tupã - SP,63928,355500,330.0,12982.0,2509745.9,516.2057314478789,20.3072206232011
3555109,Tupi Paulista - SP,15854,355510,81.0,2645.0,375898.1,510.9120726630503,16.68348681720701
3555208,Turiúba - SP,1818,355520,11.0,379.0,61349.9,605.060506050605,20.84708470847085
3555307,Turmalina - SP,1669,355530,14.0,127.0,72579.6,838.8256440982624,7.609346914319952
3555356,Ubarana - SP,5365,355535,28.0,768.0,230722.5,521.901211556384,14.315004659832246
3555406,Ubatuba - SP,92981,355540,406.0,11071.0,3218974.1,436.6483475118573,11.906733633753133
3555505,Ubirajara - SP,5132,355550,18.0,202.0,123802.3,350.7404520654716,3.9360872954014035
3555604,Uchoa - SP,10394,355560,39.0,3083.0,408570.5,375.2164710409852,29.661343082547624
3555703,União Paulista - SP,1603,355570,8.0,243.0,64215.4,499.06425452276983,15.159076731129135
3555802,Urânia - SP,8833,355580,47.0,1281.0,313528.2,532.0955507755009,14.502434054115248
3555901,Uru - SP,1387,355590,13.0,180.0,51165.9,937.2746935832732,12.977649603460705
3556008,Urupês - SP,13744,355600,69.0,3837.0,549725.3,502.0372526193248,27.91763678696158
3556107,Valentim Gentil - SP,14098,355610,55.0,2366.0,459473.4,390.126259043836,16.782522343594835
3556206,Valinhos - SP,126373,355620,441.0,71024.0,9259974.2,348.9669470535636,56.2018785658329
3556305,Valparaíso - SP,24241,355630,95.0,7215.0,1338314.3,391.89802400891057,29.763623612887258
3556354,Vargem - SP,10512,355635,51.0,2137.0,183035.0,485.1598173515981,20.329147640791476
3556404,Vargem Grande do Sul - SP,40133,355640,207.0,10982.0,1357282.6,515.7850148257045,27.364014651284478
3556453,Vargem Grande Paulista - SP,50415,355645,193.0,12849.0,3266316.6,382.82257264702963,25.486462362392142
3556503,Várzea Paulista - SP,115771,355650,410.0,54264.0,4339125.7,354.147411700685,46.871841825673094
3556602,Vera Cruz - SP,10176,355660,49.0,1740.0,277525.3,481.5251572327044,17.099056603773587
3556701,Vinhedo - SP,76540,355670,273.0,39770.0,14061247.7,356.6762477136138,51.959759602822054
3556800,Viradouro - SP,17414,355680,72.0,5735.0,512076.1,413.46043413345586,32.93327207993568
3556909,Vista Alegre do Alto - SP,8109,355690,28.0,1092.0,547752.4,345.2953508447404,13.466518682944875
3556958,Vitória Brasil - SP,1794,355695,11.0,143.0,47828.5,613.1549609810479,7.971014492753622
3557006,Votorantim - SP,127923,355700,494.0,49557.0,4518921.7,386.1698052734848,38.73971060716212
3557105,Votuporanga - SP,96634,355710,367.0,31576.0,4138149.4,379.78351304923734,32.67586977668315
3557154,Zacarias - SP,2692,355715,14.0,344.0,146668.3,520.0594353640416,12.778603268945021
3557204,Chavantes - SP,12211,355720,70.0,2287.0,379732.5,573.253623781836,18.729014822700844
3557303,Estiva Gerbi - SP,11295,355730,42.0,3346.0,444697.3,371.8459495351926,29.62372731297034
4100103,Abatiá - PR,7241,410010,34.0,527.0,282503.2,469.548404916448,7.278000276204944
4100202,Adrianópolis - PR,6256,410020,33.0,458.0,442776.4,527.4936061381073,7.320971867007672
4100301,Agudos do Sul - PR,10233,410030,69.0,612.0,238565.0,674.289064790384,5.980650835532102
4100400,Almirante Tamandaré - PR,119825,410040,536.0,22398.0,2074574.0,447.31900688504066,18.69225954517004
4100459,Altamira do Paraná - PR,3590,410045,20.0,226.0,106033.1,557.1030640668524,6.295264623955433
4100509,Altônia - PR,18742,410050,100.0,620.0,442850.2,533.5609860207022,3.3080781133283534
4100608,Alto Paraná - PR,13909,410060,53.0,1742.0,391675.5,381.0482421453735,12.524264864476239
4100707,Alto Piquiri - PR,9727,410070,61.0,479.0,381077.2,627.1203865528939,4.924437133751414
4100806,Alvorada do Sul - PR,10326,410080,55.0,1200.0,449849.0,532.6360643036994,11.621150493898897
4100905,Amaporã - PR,4762,410090,28.0,240.0,122957.5,587.9882402351953,5.03989920201596
4101002,Ampére - PR,19620,410100,77.0,640.0,814702.3,392.45667686034653,3.2619775739041796
4101051,Anahy - PR,2918,410105,10.0,318.0,110971.7,342.7004797806717,10.89787525702536
4101101,Andirá - PR,19878,410110,116.0,2522.0,842323.8,583.5597142569675,12.687393097897173
4101150,Ângulo - PR,3235,410115,16.0,561.0,170201.9,494.59041731066463,17.341576506955178
4101200,Antonina - PR,18091,410120,104.0,1941.0,948884.5,574.871483057874,10.729091813608976
4101309,Antônio Olinto - PR,7018,410130,44.0,96.0,244883.5,626.9592476489028,1.3679110857794243
4101408,Apucarana - PR,130134,410140,656.0,19659.0,4312220.6,504.0957781978576,15.106736133523906
4101507,Arapongas - PR,119138,410150,511.0,19321.0,5102660.3,428.9143682116537,16.21732780473065
4101606,Arapoti - PR,25777,410160,133.0,5310.0,1676469.7,515.9638437366644,20.59975947550142
4101655,Arapuã - PR,3527,410165,16.0,192.0,133536.1,453.6433229373405,5.443719875248086
4101705,Araruna - PR,14485,410170,73.0,1352.0,471911.0,503.9696237487056,9.333793579565066
4101804,Araucária - PR,151666,410180,596.0,48259.0,31308555.9,392.9687603022431,31.81926074400327
4101853,Ariranha do Ivaí - PR,2329,410185,11.0,97.0,114831.4,472.30571060541007,4.164877629884071
4101903,Assaí - PR,13797,410190,78.0,2886.0,613492.3,565.3402913676886,20.917590780604478
4102000,Assis Chateaubriand - PR,36808,410200,159.0,5979.0,1617587.9,431.9713105846555,16.24375135840035
4102109,Astorga - PR,25475,410210,104.0,4222.0,1110365.5,408.24337585868494,16.573110893032382
4102208,Atalaia - PR,3980,410220,26.0,1470.0,203460.7,653.2663316582915,36.93467336683417
4102307,Balsa Nova - PR,13395,410230,70.0,1757.0,1272534.4,522.5830533781261,13.116834639790968
4102406,Bandeirantes - PR,31273,410240,163.0,4382.0,1123357.5,521.2163847408307,14.012087103891535
4102505,Barbosa Ferraz - PR,10795,410250,76.0,1189.0,232714.2,704.0296433534044,11.014358499305233
4102604,Barracão - PR,9759,410260,38.0,708.0,291717.9,389.38415821293165,7.254841684598831
4102703,Barra do Jacaré - PR,2814,410270,18.0,262.0,186282.9,639.6588486140724,9.310589907604832
4102752,Bela Vista da Caroba - PR,4031,410275,19.0,34.0,91070.4,471.3470602828083,0.843463160506078
4102802,Bela Vista do Paraíso - PR,14833,410280,73.0,3191.0,633301.9,492.14589091889707,21.512842985235622
4102901,Bituruna - PR,15533,410290,83.0,824.0,527648.0,534.346230605807,5.3048348677010235
4103008,Boa Esperança - PR,4558,410300,19.0,932.0,280661.5,416.8494953927161,20.447564721369023
4103024,Boa Esperança do Iguaçu - PR,2455,410302,12.0,94.0,122034.4,488.7983706720978,3.8289205702647653
4103040,Boa Ventura de São Roque - PR,6378,410304,30.0,499.0,419427.6,470.3668861712135,7.823769206647851
4103057,Boa Vista da Aparecida - PR,7924,410305,43.0,393.0,192292.0,542.6552246340233,4.959616355376072
4103107,Bocaiúva do Sul - PR,13299,410310,75.0,1049.0,289093.4,563.9521768554026,7.887811113617565
4103156,Bom Jesus do Sul - PR,3980,410315,16.0,65.0,126393.4,402.0100502512563,1.6331658291457287
4103206,Bom Sucesso - PR,6581,410320,29.0,512.0,179788.5,440.6625132958517,7.779972648533658
4103222,Bom Sucesso do Sul - PR,3202,410322,14.0,246.0,314247.3,437.22673329169265,7.682698313554029
4103305,Borrazópolis - PR,7735,410330,29.0,537.0,269979.4,374.91919844861025,6.942469295410472
4103354,Braganey - PR,4854,410335,25.0,772.0,257285.9,515.0391429748661,15.904408735063866
4103370,Brasilândia do Sul - PR,3708,410337,31.0,261.0,235241.0,836.0302049622438,7.038834951456311
4103404,Cafeara - PR,2627,410340,14.0,165.0,93812.8,532.9272934906737,6.280928816140084
4103453,Cafelândia - PR,18997,410345,66.0,3523.0,2410673.1,347.4232773595831,18.545033426330473
4103479,Cafezal do Sul - PR,4473,410347,23.0,79.0,138966.0,514.1962888441761,1.7661524703778224
4103503,Califórnia - PR,8710,410350,42.0,724.0,240186.0,482.2043628013777,8.312284730195179
4103602,Cambará - PR,23212,410360,122.0,4125.0,969626.3,525.5902119593314,17.77098052731346
4103701,Cambé - PR,107208,410370,422.0,27878.0,6118832.8,393.62734124319076,26.00365644354899
4103800,Cambira - PR,9460,410380,50.0,941.0,314677.6,528.5412262156448,9.947145877378436
4103909,Campina da Lagoa - PR,15723,410390,86.0,1726.0,605746.9,546.9694078738155,10.977548813839597
4103958,Campina do Simão - PR,3936,410395,18.0,61.0,168306.0,457.3170731707317,1.5497967479674797
4104006,Campina Grande do Sul - PR,47825,410400,215.0,10147.0,2497170.8,449.5556717198118,21.216936748562468
4104055,Campo Bonito - PR,4027,410405,19.0,130.0,207893.3,471.8152470821951,3.22820958529923
4104105,Campo do Tenente - PR,7508,410410,37.0,472.0,313847.4,492.8076718167289,6.2866275972296215
4104204,Campo Largo - PR,136327,410420,554.0,32877.0,6118470.6,406.3758463107088,24.116279240355908
4104253,Campo Magro - PR,30160,410425,134.0,5243.0,591900.5,444.29708222811666,17.383952254641912
4104303,Campo Mourão - PR,99432,410430,402.0,28776.0,5697717.9,404.2964035722906,28.94038136615979
4104402,Cândido de Abreu - PR,15244,410440,64.0,405.0,467036.4,419.8373130411965,2.656782996588822
4104428,Candói - PR,14973,410442,65.0,691.0,918859.6,434.1147398650905,4.614973619181193
4104451,Cantagalo - PR,10933,410445,74.0,439.0,366887.6,676.8499039604866,4.015366322143968
4104501,Capanema - PR,20481,410450,104.0,1264.0,1206588.1,507.78770567843367,6.171573653630194
4104600,Capitão Leônidas Marques - PR,14648,410460,57.0,1274.0,1164122.4,389.13162206444565,8.697433096668487
4104659,Carambeí - PR,23283,410465,78.0,7974.0,1829888.9,335.00837520938023,34.2481638964051
4104709,Carlópolis - PR,16905,410470,82.0,730.0,533659.9,485.0635906536528,4.318249038745933
4104808,Cascavel - PR,348051,410480,1231.0,92377.0,18099792.6,353.6837992133337,26.54122528020319
4104907,Castro - PR,73075,410490,348.0,13891.0,4274953.2,476.22305850153947,19.009237085186452
4105003,Catanduvas - PR,10446,410500,49.0,721.0,408002.0,469.0790733295041,6.902163507562703
4105102,Centenário do Sul - PR,10832,410510,82.0,961.0,339018.3,757.0162481536189,8.871861152141802
4105201,Cerro Azul - PR,16134,410520,55.0,439.0,340663.0,340.8950043386637,2.720961943721334
4105300,Céu Azul - PR,11087,410530,47.0,1628.0,937100.7,423.9199061964463,14.683863984847118
4105409,Chopinzinho - PR,21085,410540,78.0,2186.0,968767.8,369.9312307327484,10.36755987668959
4105508,Cianorte - PR,79527,410550,321.0,12975.0,3497697.5,403.6365008110453,16.315213701007206
4105607,Cidade Gaúcha - PR,11467,410560,42.0,2533.0,506191.7,366.26842242958054,22.08947414319351
4105706,Clevelândia - PR,15070,410570,111.0,2143.0,822193.8,736.562707365627,14.220305242203052
4105805,Colombo - PR,232212,410580,923.0,55897.0,6366278.0,397.4816116307512,24.071538077274216
4105904,Colorado - PR,22896,410590,113.0,6875.0,948126.6,493.5359888190076,30.027078965758214
4106001,Congonhinhas - PR,8320,410600,51.0,197.0,330955.3,612.9807692307692,2.3677884615384617
4106100,Conselheiro Mairinck - PR,3461,410610,22.0,188.0,182939.7,635.6544351343542,5.4319560820572095
4106209,Contenda - PR,19128,410620,72.0,2264.0,619203.4,376.41154328732745,11.836051861145965
4106308,Corbélia - PR,17470,410630,70.0,3515.0,1003639.0,400.68689181453925,20.12020606754436
4106407,Cornélio Procópio - PR,45206,410640,232.0,10960.0,2173940.2,513.2062115648365,24.24456930495952
4106456,Coronel Domingos Soares - PR,5649,410645,19.0,278.0,334094.9,336.34271552487166,4.921224995574438
4106506,Coronel Vivida - PR,23331,410650,96.0,5111.0,895506.6,411.46971840041147,21.906476361921907
4106555,Corumbataí do Sul - PR,3760,410655,40.0,532.0,82926.3,1063.8297872340424,14.148936170212767
4106571,Cruzeiro do Iguaçu - PR,4133,410657,11.0,258.0,173963.6,266.15049600774256,6.242438906363416
4106605,Cruzeiro do Oeste - PR,23831,410660,94.0,2676.0,893852.7,394.44421132138814,11.22907137761739
4106704,Cruzeiro do Sul - PR,4494,410670,22.0,1009.0,213806.0,489.54161103693815,22.452158433466845
4106803,Cruz Machado - PR,15978,410680,77.0,243.0,468274.2,481.91262986606586,1.5208411565903117
4106852,Cruzmaltina - PR,2892,410685,18.0,195.0,194539.9,622.4066390041494,6.742738589211618
4106902,Curitiba - PR,1773718,410690,6605.0,996974.0,111760270.0,372.3816299998083,56.208145827014214
4107009,Curiúva - PR,13647,410700,74.0,1474.0,318794.6,542.2437165677438,10.80090862460614
4107108,Diamante do Norte - PR,5142,410710,24.0,421.0,380691.0,466.7444574095682,8.187475690392844
4107124,Diamante do Sul - PR,3171,410712,11.0,78.0,71943.6,346.8937243771681,2.459791863765374
4107157,Diamante D'Oeste - PR,4557,410715,21.0,143.0,115173.1,460.8294930875576,3.1380294053105113
4107207,Dois Vizinhos - PR,44869,410720,164.0,10509.0,2211267.6,365.5084802424837,23.42151596870891
4107256,Douradina - PR,9161,410725,34.0,2736.0,737484.1,371.1385219954154,29.865735181748715
4107306,Doutor Camargo - PR,6327,410730,43.0,2084.0,182585.5,679.6269954164691,32.938201359253995
4107405,Enéas Marques - PR,5999,410740,25.0,350.0,320674.3,416.73612268711446,5.834305717619603
4107504,Engenheiro Beltrão - PR,12454,410750,74.0,2309.0,461166.1,594.1866067127028,18.540228039184196
4107520,Esperança Nova - PR,1849,410752,9.0,27.0,65714.5,486.74959437533806,1.4602487831260142
4107538,Entre Rios do Oeste - PR,4575,410753,20.0,1114.0,384483.9,437.1584699453552,24.349726775956285
4107546,Espigão Alto do Iguaçu - PR,4797,410754,21.0,129.0,204708.6,437.77360850531585,2.689180737961226
4107553,Farol - PR,3039,410755,17.0,369.0,162504.7,559.3945376768673,12.142152023692004
4107603,Faxinal - PR,16389,410760,90.0,1600.0,594325.0,549.1488193300385,9.762645676978462
4107652,Fazenda Rio Grande - PR,148873,410765,523.0,34978.0,4053190.0,351.30614684999966,23.49519389009424
4107702,Fênix - PR,4492,410770,29.0,595.0,157893.8,645.5921638468388,13.245770258236867
4107736,Fernandes Pinheiro - PR,6255,410773,25.0,229.0,275670.0,399.68025579536373,3.6610711430855316
4107751,Figueira - PR,8062,410775,37.0,523.0,169826.9,458.9431902753659,6.487224013892334
4107801,Floraí - PR,4792,410780,18.0,1464.0,267764.2,375.62604340567617,30.550918196994992
4107850,Flor da Serra do Sul - PR,4364,410785,18.0,146.0,176425.6,412.4656278643446,3.3455545371219064
4107900,Floresta - PR,10458,410790,35.0,2580.0,277087.7,334.67202141900935,24.670109007458404
4108007,Florestópolis - PR,11446,410800,62.0,726.0,471672.4,541.6739472304736,6.3428271885374805
4108106,Flórida - PR,2652,410810,11.0,562.0,82612.2,414.7812971342383,21.19155354449472
4108205,Formosa do Oeste - PR,7635,410820,35.0,487.0,416851.1,458.41519318926004,6.3785199738048455
4108304,Foz do Iguaçu - PR,285415,410830,1205.0,71658.0,17479951.7,422.192246378081,25.10659916262285
4108320,Francisco Alves - PR,8116,410832,48.0,581.0,205654.2,591.4243469689502,7.1586988664366675
4108403,Francisco Beltrão - PR,96666,410840,357.0,17693.0,3970335.9,369.31289181304703,18.30322967744605
4108452,Foz do Jordão - PR,4926,410845,24.0,140.0,175861.7,487.21071863580994,2.8420625253755585
4108502,General Carneiro - PR,11062,410850,57.0,812.0,427244.6,515.277526667872,7.340444765865124
4108551,Godoy Moreira - PR,2977,410855,13.0,34.0,81117.6,436.68122270742356,1.1420893516963386
4108601,Goioerê - PR,28437,410860,127.0,3324.0,1118784.8,446.60125892323384,11.688996729612828
4108650,Goioxim - PR,6566,410865,22.0,248.0,348141.0,335.0593968930856,3.7770332013402372
4108700,Grandes Rios - PR,5641,410870,23.0,248.0,161294.8,407.729126041482,4.396383619925545
4108809,Guaíra - PR,32097,410880,144.0,3977.0,1165667.2,448.6400598186746,12.390566096519924
4108908,Guairaçá - PR,6587,410890,35.0,661.0,278167.8,531.3496280552604,10.034917261272202
4108957,Guamiranga - PR,7856,410895,26.0,139.0,267831.0,330.9572301425662,1.7693482688391038
4109005,Guapirama - PR,4626,410900,34.0,304.0,218140.9,734.9762213575443,6.571552096843926
4109104,Guaporema - PR,2191,410910,8.0,226.0,83635.5,365.13007759014147,10.314924691921497
4109203,Guaraci - PR,4748,410920,23.0,560.0,164970.6,484.41449031171015,11.794439764111205
4109302,Guaraniaçu - PR,13735,410930,57.0,1015.0,535922.1,414.9981798325446,7.3898798689479435
4109401,Guarapuava - PR,182093,410940,850.0,30399.0,9378784.9,466.7944402036322,16.694216691470842
4109500,Guaraqueçaba - PR,7430,410950,19.0,164.0,129116.1,255.72005383580083,2.2072678331090176
4109609,Guaratuba - PR,42062,410960,232.0,3244.0,1065549.4,551.5667348200276,7.712424516190386
4109658,Honório Serpa - PR,4941,410965,17.0,487.0,282889.9,344.059906901437,9.856304391823517
4109708,Ibaiti - PR,28830,410970,178.0,1932.0,990331.5,617.4124176205341,6.7013527575442255
4109757,Ibema - PR,6218,410975,30.0,260.0,198450.8,482.4702476680605,4.18140881312319
4109807,Ibiporã - PR,51603,410980,284.0,13121.0,4506743.5,550.3555994806504,25.426816270371877
4109906,Icaraíma - PR,8991,410990,52.0,819.0,278204.9,578.3561339116894,9.10910910910911
4110003,Iguaraçu - PR,5338,411000,21.0,1044.0,234416.4,393.4057699512926,19.55788684900712
4110052,Iguatu - PR,2144,411005,10.0,143.0,90839.1,466.41791044776113,6.669776119402986
4110078,Imbaú - PR,14249,411007,65.0,829.0,295776.5,456.17236297284023,5.817952136992069
4110102,Imbituva - PR,29924,411010,131.0,1447.0,1356418.3,437.77569843603794,4.835583478144633
4110201,Inácio Martins - PR,9670,411020,51.0,180.0,250999.6,527.4043433298862,1.861427094105481
4110300,Inajá - PR,2536,411030,19.0,300.0,55662.3,749.211356466877,11.829652996845425
4110409,Indianópolis - PR,4448,411040,13.0,372.0,687610.6,292.2661870503597,8.363309352517986
4110508,Ipiranga - PR,14142,411050,60.0,980.0,826430.8,424.26813746287655,6.92971291189365
4110607,Iporã - PR,15746,411060,79.0,914.0,537987.9,501.71472119903467,5.80464879969516
4110656,Iracema do Oeste - PR,2343,411065,8.0,68.0,84703.2,341.4425949637217,2.902262057191635
4110706,Irati - PR,59250,411070,332.0,7398.0,2539166.6,560.337552742616,12.486075949367088
4110805,Iretama - PR,10684,411080,62.0,834.0,363402.1,580.3070011231748,7.806065144140771
4110904,Itaguajé - PR,4481,411090,23.0,252.0,127181.4,513.2782860968534,5.623744699843785
4110953,Itaipulândia - PR,11485,411095,45.0,607.0,508136.6,391.815411406182,5.285154549412277
4111001,Itambaracá - PR,5908,411100,41.0,689.0,261669.5,693.9742721733243,11.662153012863913
4111100,Itambé - PR,6111,411110,28.0,1809.0,185268.4,458.1901489117984,29.60235640648012
4111209,Itapejara d'Oeste - PR,12344,411120,59.0,1592.0,899902.2,477.9650032404407,12.89695398574206
4111258,Itaperuçu - PR,31217,411125,89.0,2419.0,679361.0,285.10106672646316,7.748982925969824
4111308,Itaúna do Sul - PR,3572,411130,24.0,176.0,124605.2,671.8924972004479,4.927211646136618
4111407,Ivaí - PR,13229,411140,62.0,421.0,479720.5,468.66732179303045,3.1824022979817066
4111506,Ivaiporã - PR,32720,411150,160.0,3642.0,1011289.8,488.99755501222495,11.13080684596577
4111555,Ivaté - PR,6831,411155,30.0,2015.0,208640.0,439.1743522178305,29.49787732396428
4111605,Ivatuba - PR,2708,411160,13.0,869.0,123020.7,480.05908419497786,32.09010339734121
4111704,Jaboti - PR,5427,411170,39.0,163.0,159159.2,718.6290768380321,3.003501013451262
4111803,Jacarezinho - PR,40375,411180,248.0,7932.0,1804412.2,614.2414860681115,19.645820433436533
4111902,Jaguapitã - PR,15122,411190,70.0,1856.0,1281632.4,462.9017325750562,12.27350879513292
4112009,Jaguariaíva - PR,35141,411200,190.0,7736.0,1910121.9,540.6789789704334,22.0141714806067
4112108,Jandaia do Sul - PR,21408,411210,105.0,4427.0,877358.2,490.47085201793726,20.679185351270554
4112207,Janiópolis - PR,5870,411220,29.0,387.0,209418.6,494.0374787052811,6.592844974446338
4112306,Japira - PR,4972,411230,21.0,115.0,180934.7,422.3652453740949,2.3129525341914725
4112405,Japurá - PR,9144,411240,58.0,1192.0,363801.1,634.2957130358706,13.035870516185478
4112504,Jardim Alegre - PR,12004,411250,56.0,733.0,381424.0,466.51116294568476,6.106297900699767
4112603,Jardim Olinda - PR,1343,411260,2.0,67.0,52758.1,148.92032762472078,4.988830975428146
4112702,Jataizinho - PR,11813,411270,72.0,1438.0,302622.5,609.4980106662152,12.17302971302802
4112751,Jesuítas - PR,10506,411275,42.0,611.0,433042.5,399.77155910908056,5.815724347991623
4112801,Joaquim Távora - PR,11945,411280,69.0,1618.0,846959.6,577.6475512766848,13.545416492256173
4112900,Jundiaí do Sul - PR,3333,411290,14.0,86.0,162325.3,420.04200420042,2.5802580258025802
4112959,Juranda - PR,7771,411295,34.0,1222.0,406996.2,437.5241281688328,15.725131900656287
4113007,Jussara - PR,6690,411300,29.0,648.0,376560.5,433.4828101644245,9.686098654708521
4113106,Kaloré - PR,4582,411310,32.0,213.0,154886.2,698.3849847228284,4.648625054561327
4113205,Lapa - PR,45003,411320,241.0,3903.0,2541265.8,535.51985423194,8.67275514965669
4113254,Laranjal - PR,5600,411325,40.0,38.0,111089.2,714.2857142857142,0.6785714285714286
4113304,Laranjeiras do Sul - PR,32227,411330,162.0,2500.0,1125233.9,502.68408477363704,7.757470444037608
4113403,Leópolis - PR,3752,411340,21.0,233.0,184672.8,559.7014925373134,6.21002132196162
4113429,Lidianópolis - PR,3938,411342,21.0,130.0,128153.0,533.2656170644997,3.3011681056373794
4113452,Lindoeste - PR,5175,411345,35.0,290.0,232240.4,676.328502415459,5.603864734299517
4113502,Loanda - PR,23225,411350,109.0,2936.0,746615.6,469.3218514531755,12.641550053821312
4113601,Lobato - PR,4601,411360,14.0,1337.0,264716.6,304.28167789610956,29.05890023907846
4113700,Londrina - PR,555965,411370,2188.0,216610.0,26215153.8,393.5499536841348,38.961085679853944
4113734,Luiziana - PR,6690,411373,38.0,831.0,479630.9,568.0119581464872,12.42152466367713
4113759,Lunardelli - PR,4872,411375,20.0,240.0,126036.9,410.5090311986864,4.926108374384237
4113809,Lupionópolis - PR,4813,411380,21.0,465.0,144262.4,436.3183045917307,9.661333887388324
4113908,Mallet - PR,13428,411390,67.0,2590.0,853261.8,498.9574024426571,19.288054810843015
4114005,Mamborê - PR,13452,411400,83.0,2263.0,786902.4,617.0086232530479,16.82277728218852
4114104,Mandaguaçu - PR,31457,411410,115.0,8650.0,808909.3,365.57840862129257,27.497854213688527
4114203,Mandaguari - PR,36716,411420,168.0,13439.0,2636921.9,457.5661836801395,36.60257108617496
4114302,Mandirituba - PR,27439,411430,116.0,2073.0,729769.5,422.75593133860565,7.554940048835598
4114351,Manfrinópolis - PR,2770,411435,13.0,109.0,78196.2,469.3140794223827,3.9350180505415158
4114401,Mangueirinha - PR,16603,411440,63.0,2383.0,1719811.5,379.44949707884115,14.352827802204422
4114500,Manoel Ribas - PR,14240,411450,73.0,861.0,633793.3,512.6404494382023,6.046348314606742
4114609,Marechal Cândido Rondon - PR,55836,411460,224.0,23143.0,3631243.6,401.1748692599756,41.448169639659
4114708,Maria Helena - PR,5865,411470,25.0,193.0,138583.8,426.25745950554136,3.2907075873827787
4114807,Marialva - PR,41851,411480,162.0,12852.0,2758390.4,387.08752479032756,30.708943633365987
4114906,Marilândia do Sul - PR,8677,411490,40.0,586.0,494279.6,460.9888210210902,6.753486227958971
4115002,Marilena - PR,7253,411500,44.0,264.0,210881.7,606.6455259892458,3.639873155935475
4115101,Mariluz - PR,9847,411510,54.0,761.0,257422.8,548.3903727023459,7.7282421041941705
4115200,Maringá - PR,409657,411520,1347.0,193430.0,26668371.7,328.8116643924063,47.21755029207361
4115309,Mariópolis - PR,6371,411530,31.0,1158.0,630785.4,486.5798147857479,18.176110500706326
4115358,Maripá - PR,6555,411535,18.0,1369.0,373085.0,274.5995423340961,20.884820747520976
4115408,Marmeleiro - PR,15901,411540,65.0,1039.0,644725.6,408.7793220552167,6.534180240236463
4115457,Marquinho - PR,4504,411545,13.0,48.0,126058.0,288.6323268206039,1.0657193605683837
4115507,Marumbi - PR,4699,411550,32.0,434.0,108802.0,680.9959565865078,9.236007661204512
4115606,Matelândia - PR,18450,411560,82.0,2902.0,1288278.1,444.44444444444446,15.728997289972899
4115705,Matinhos - PR,39259,411570,240.0,5179.0,1000497.6,611.3247917674928,13.191879569016022
4115739,Mato Rico - PR,3267,411573,26.0,24.0,131490.9,795.837159473523,0.7346189164370982
4115754,Mauá da Serra - PR,9383,411575,54.0,1010.0,544204.7,575.5088990727912,10.764147927102206
4115804,Medianeira - PR,54369,411580,199.0,13339.0,2644510.1,366.01739962110764,24.5342014751053
4115853,Mercedes - PR,5931,411585,20.0,1724.0,262523.6,337.21126285617936,29.067610858202663
4115903,Mirador - PR,2238,411590,12.0,75.0,125966.7,536.1930294906166,3.351206434316354
4116000,Miraselva - PR,1966,411600,1.0,196.0,61314.1,50.8646998982706,9.969481180061038
4116059,Missal - PR,11064,411605,47.0,976.0,431521.0,424.80115690527833,8.821402747650037
4116109,Moreira Sales - PR,11175,411610,67.0,1151.0,271903.5,599.5525727069352,10.299776286353469
4116208,Morretes - PR,18309,411620,91.0,1473.0,415708.7,497.0233218635644,8.045223660494838
4116307,Munhoz de Melo - PR,3951,411630,16.0,326.0,147724.8,404.96076942546193,8.251075677043787
4116406,Nossa Senhora das Graças - PR,3669,411640,16.0,201.0,103727.3,436.0861270100845,5.478331970564186
4116505,Nova Aliança do Ivaí - PR,1323,411650,6.0,84.0,51328.0,453.51473922902494,6.349206349206349
4116604,Nova América da Colina - PR,3280,411660,20.0,150.0,102392.4,609.7560975609756,4.573170731707317
4116703,Nova Aurora - PR,13765,411670,50.0,2480.0,851560.1,363.2401017072285,18.01670904467853
4116802,Nova Cantu - PR,6790,411680,42.0,548.0,334806.8,618.5567010309278,8.070692194403534
4116901,Nova Esperança - PR,26585,411690,138.0,7433.0,1085729.6,519.0897122437465,27.959375587737444
4116950,Nova Esperança do Sudoeste - PR,5597,411695,16.0,297.0,165004.0,285.8674289798106,5.3064141504377345
4117008,Nova Fátima - PR,7225,411700,45.0,604.0,356354.7,622.8373702422145,8.359861591695502
4117057,Nova Laranjeiras - PR,12074,411705,64.0,159.0,317367.2,530.0646016233228,1.3168792446579427
4117107,Nova Londrina - PR,12923,411710,67.0,1778.0,597027.8,518.4554669968273,13.758415228662074
4117206,Nova Olímpia - PR,5833,411720,31.0,360.0,111831.4,531.4589405108864,6.171781244642551
4117214,Nova Santa Bárbara - PR,4184,411721,27.0,259.0,128118.7,645.3154875717017,6.190248565965583
4117222,Nova Santa Rosa - PR,8322,411722,39.0,2678.0,371317.5,468.6373467916366,32.17976447969238
4117255,Nova Prata do Iguaçu - PR,12699,411725,61.0,387.0,413699.0,480.35278368375464,3.047484053862509
4117271,Nova Tebas - PR,6848,411727,41.0,198.0,220519.3,598.714953271028,2.8913551401869158
4117297,Novo Itacolomi - PR,3125,411729,10.0,119.0,102120.8,320.0,3.8080000000000003
4117305,Ortigueira - PR,24192,411730,122.0,1404.0,3104324.5,504.29894179894177,5.803571428571429
4117404,Ourizona - PR,3187,411740,18.0,952.0,134871.0,564.7944775651083,29.87135236899906
4117453,Ouro Verde do Oeste - PR,6785,411745,30.0,1580.0,237412.0,442.1518054532056,23.286661753868827
4117503,Paiçandu - PR,45962,411750,191.0,13496.0,1183331.4,415.5606805622035,29.363387145903136
4117602,Palmas - PR,48247,411760,229.0,5616.0,1621299.2,474.6409103156673,11.640101975252346
4117701,Palmeira - PR,33855,411770,155.0,4750.0,1964610.6,457.83488406439227,14.030423866489441
4117800,Palmital - PR,13033,411780,72.0,403.0,377302.2,552.4437965165349,3.092150694391161
4117909,Palotina - PR,35011,411790,102.0,8120.0,3109763.9,291.33700836879837,23.19271086230042
4118006,Paraíso do Norte - PR,13245,411800,57.0,2872.0,406283.6,430.3510758776897,21.683654209135522
4118105,Paranacity - PR,9557,411810,47.0,2615.0,361504.8,491.7861253531443,27.36214293188239
4118204,Paranaguá - PR,145829,411820,761.0,45936.0,16367621.9,521.8440776525931,31.499907425820656
4118303,Paranapoema - PR,2398,411830,20.0,136.0,79480.7,834.0283569641367,5.67139282735613
4118402,Paranavaí - PR,92001,411840,413.0,21690.0,3471737.2,448.9081640416952,23.57583069749242
4118451,Pato Bragado - PR,5733,411845,34.0,1396.0,223321.6,593.0577359148788,24.35025292168149
4118501,Pato Branco - PR,91836,411850,359.0,29943.0,5444892.1,390.91423842501854,32.604860838886715
4118600,Paula Freitas - PR,5666,411860,29.0,244.0,503282.4,511.82492057889164,4.3063889869396395
4118709,Paulo Frontin - PR,6343,411870,30.0,223.0,462027.7,472.96232066845334,3.5156865836355036
4118808,Peabiru - PR,13346,411880,63.0,2143.0,372907.7,472.0515510265248,16.05724561666417
4118857,Perobal - PR,7189,411885,29.0,370.0,242962.9,403.3940742801502,5.14675198219502
4118907,Pérola - PR,11878,411890,57.0,538.0,322089.9,479.87876746927094,4.5293820508503115
4119004,Pérola d'Oeste - PR,6221,411900,25.0,172.0,175470.0,401.86465198521137,2.7648288056582544
4119103,Piên - PR,13655,411910,51.0,1482.0,922345.5,373.489564262175,10.85316733797144
4119152,Pinhais - PR,127019,411915,483.0,43673.0,8558771.1,380.2580716270794,34.383045056251426
4119202,Pinhalão - PR,6566,411920,45.0,230.0,280515.8,685.3487663722204,3.5028936947913496
4119251,Pinhal de São Bento - PR,2761,411925,10.0,17.0,62528.4,362.1876131836291,0.6157189424121695
4119301,Pinhão - PR,29886,411930,144.0,1242.0,1799285.0,481.8309576390283,4.155792009636619
4119400,Piraí do Sul - PR,23651,411940,121.0,4223.0,1368119.1,511.6062745761279,17.85548179780982
4119509,Piraquara - PR,118730,411950,450.0,19781.0,1691358.9,379.01120188663356,16.660490187821107
4119608,Pitanga - PR,33567,411960,165.0,2198.0,1371478.1,491.55420502279026,6.548097834182381
4119657,Pitangueiras - PR,3046,411965,15.0,200.0,154661.5,492.4491135915955,6.565988181221274
4119707,Planaltina do Paraná - PR,4070,411970,20.0,327.0,115960.1,491.4004914004914,8.034398034398034
4119806,Planalto - PR,14374,411980,86.0,403.0,407894.6,598.3024906080424,2.803673299012105
4119905,Ponta Grossa - PR,358371,411990,1695.0,99173.0,23292221.3,472.9735385954779,27.673277134589576
4119954,Pontal do Paraná - PR,30425,411995,170.0,2612.0,713238.4,558.7510271158586,8.585045193097782
4120002,Porecatu - PR,11624,412000,65.0,1914.0,679024.4,559.1878871300758,16.46593255333792
4120101,Porto Amazonas - PR,4098,412010,27.0,270.0,243728.3,658.8579795021963,6.588579795021962
4120150,Porto Barreiro - PR,3110,412015,16.0,51.0,184228.1,514.4694533762058,1.639871382636656
4120200,Porto Rico - PR,3182,412020,12.0,228.0,118584.6,377.1213073538655,7.165304839723445
4120309,Porto Vitória - PR,3562,412030,25.0,77.0,91361.9,701.8528916339135,2.1617069062324537
4120333,Prado Ferreira - PR,3709,412033,30.0,342.0,198239.6,808.8433540037746,9.220814235643031
4120358,Pranchita - PR,5737,412035,29.0,222.0,279158.9,505.4906745685899,3.8696182673871364
4120408,Presidente Castelo Branco - PR,4336,412040,31.0,938.0,184906.3,714.9446494464945,21.632841328413285
4120507,Primeiro de Maio - PR,10082,412050,53.0,1719.0,460931.4,525.6893473517159,17.05018845467169
4120606,Prudentópolis - PR,49393,412060,255.0,1957.0,1617597.8,516.2674872957707,3.962099892697346
4120655,Quarto Centenário - PR,4201,412065,26.0,364.0,265756.1,618.9002618424184,8.664603665793859
4120705,Quatiguá - PR,8099,412070,34.0,701.0,232832.2,419.8049141869367,8.655389554265959
4120804,Quatro Barras - PR,24191,412080,89.0,7683.0,2083795.7,367.90541937084043,31.759745359844572
4120853,Quatro Pontes - PR,4480,412085,18.0,1948.0,253121.8,401.7857142857142,43.48214285714286
4120903,Quedas do Iguaçu - PR,30738,412090,173.0,2742.0,1682535.3,562.8212635825363,8.920554362678118
4121000,Querência do Norte - PR,10685,412100,40.0,537.0,250310.3,374.3565746373421,5.025737014506317
4121109,Quinta do Sol - PR,5001,412110,24.0,693.0,225785.6,479.90401919616073,13.857228554289142
4121208,Quitandinha - PR,18398,412120,98.0,845.0,561246.0,532.6665941950212,4.59289053157952
4121257,Ramilândia - PR,4221,412125,26.0,215.0,98711.7,615.9677801468846,5.093579720445392
4121307,Rancho Alegre - PR,3512,412130,29.0,299.0,174359.9,825.7403189066059,8.513667425968109
4121356,Rancho Alegre D'Oeste - PR,2618,412135,9.0,312.0,179423.3,343.7738731856379,11.917494270435448
4121406,Realeza - PR,19247,412140,93.0,1592.0,748454.4,483.1921857951889,8.27141892242947
4121505,Rebouças - PR,14514,412150,73.0,386.0,540782.0,502.9626567452115,2.659501171282899
4121604,Renascença - PR,6845,412160,28.0,452.0,347094.7,409.05770635500363,6.60336011687363
4121703,Reserva - PR,24573,412170,109.0,1477.0,779992.9,443.57628291213933,6.0106621088186225
4121752,Reserva do Iguaçu - PR,6553,412175,31.0,314.0,263340.8,473.0657714024111,4.791698458721196
4121802,Ribeirão Claro - PR,12364,412180,60.0,1127.0,496127.6,485.2798447104497,9.115173083144613
4121901,Ribeirão do Pinhal - PR,13060,412190,98.0,1060.0,459244.0,750.3828483920367,8.116385911179174
4122008,Rio Azul - PR,14025,412200,70.0,731.0,948932.3,499.10873440285206,5.212121212121213
4122107,Rio Bom - PR,3197,412210,17.0,161.0,115586.5,531.7485142320926,5.0359712230215825
4122156,Rio Bonito do Iguaçu - PR,13929,412215,54.0,149.0,507374.0,387.68037906525956,1.0697106755689567
4122172,Rio Branco do Ivaí - PR,3808,412217,20.0,181.0,151107.7,525.2100840336135,4.753151260504201
4122206,Rio Branco do Sul - PR,37558,412220,159.0,5214.0,1649518.4,423.34522605037546,13.882528356142497
4122305,Rio Negro - PR,31324,412230,118.0,3913.0,1363742.4,376.707955561231,12.492018899246585
4122404,Rolândia - PR,71670,412240,245.0,15200.0,4186826.1,341.84456536905265,21.20831589228408
4122503,Roncador - PR,11251,412250,45.0,715.0,632269.8,399.9644476046574,6.354990667496223
4122602,Rondon - PR,9097,412260,39.0,1605.0,402505.6,428.712762449159,17.643179070023084
4122651,Rosário do Ivaí - PR,5435,412265,31.0,126.0,142134.8,570.3771849126035,2.3183072677092915
4122701,Sabáudia - PR,8822,412270,32.0,515.0,692580.3,362.7295397868964,5.837678530945364
4122800,Salgado Filho - PR,4075,412280,21.0,140.0,124468.5,515.3374233128834,3.4355828220858897
4122909,Salto do Itararé - PR,5192,412290,33.0,66.0,112749.1,635.5932203389831,1.2711864406779663
4123006,Salto do Lontra - PR,15223,412300,66.0,711.0,489076.5,433.5544899165736,4.6705642777376335
4123105,Santa Amélia - PR,3394,412310,17.0,245.0,118787.5,500.8839127872717,7.218621096051857
4123204,Santa Cecília do Pavão - PR,3365,412320,19.0,302.0,185038.7,564.6359583952452,8.974739970282318
4123303,Santa Cruz de Monte Castelo - PR,8613,412330,29.0,653.0,354600.8,336.70033670033666,7.581562753976547
4123402,Santa Fé - PR,11378,412340,41.0,2088.0,354483.1,360.34452452100544,18.35120407804535
4123501,Santa Helena - PR,25492,412350,116.0,3031.0,1560603.3,455.0447199121293,11.890004707359171
4123600,Santa Inês - PR,1748,412360,9.0,268.0,58924.2,514.8741418764301,15.331807780320366
4123709,Santa Isabel do Ivaí - PR,8912,412370,41.0,738.0,255763.5,460.05385996409336,8.280969479353681
4123808,Santa Izabel do Oeste - PR,14070,412380,52.0,648.0,398553.4,369.5806680881308,4.605543710021322
4123824,Santa Lúcia - PR,3644,412382,13.0,179.0,156572.7,356.7508232711306,4.91218441273326
4123857,Santa Maria do Oeste - PR,9934,412385,43.0,220.0,326164.8,432.8568552446145,2.2146164686933765
4123907,Santa Mariana - PR,11066,412390,71.0,1151.0,461616.6,641.6049159587927,10.401228989698176
4123956,Santa Mônica - PR,3356,412395,21.0,227.0,90776.3,625.7449344457688,6.764004767580453
4124004,Santana do Itararé - PR,5514,412400,32.0,164.0,195898.1,580.3409503083061,2.974247370330069
4124020,Santa Tereza do Oeste - PR,13174,412402,56.0,1515.0,678676.7,425.07970244420824,11.499924092910279
4124053,Santa Terezinha de Itaipu - PR,24262,412405,109.0,3111.0,696657.0,449.26222075673894,12.822520814442337
4124103,Santo Antônio da Platina - PR,44369,412410,235.0,7613.0,1780115.6,529.6490793121324,17.158376343843678
4124202,Santo Antônio do Caiuá - PR,2493,412420,15.0,179.0,58266.4,601.684717208183,7.18010429201765
4124301,Santo Antônio do Paraíso - PR,2125,412430,5.0,134.0,123392.9,235.2941176470588,6.305882352941176
4124400,Santo Antônio do Sudoeste - PR,23673,412440,88.0,581.0,665500.3,371.73150846956446,2.4542728002365566
4124509,Santo Inácio - PR,6181,412450,27.0,698.0,698440.2,436.82252062773017,11.292671088820578
4124608,São Carlos do Ivaí - PR,6587,412460,30.0,932.0,442768.4,455.4425383330803,14.14908152421436
4124707,São Jerônimo da Serra - PR,10830,412470,29.0,430.0,370262.7,267.7746999076639,3.970452446906741
4124806,São João - PR,11886,412480,54.0,1774.0,1081146.0,454.31600201918224,14.925121992259802
4124905,São João do Caiuá - PR,5586,412490,27.0,438.0,142943.8,483.3512352309345,7.841031149301826
4125001,São João do Ivaí - PR,10667,412500,76.0,1059.0,351357.8,712.4777350707791,9.927814755788882
4125100,São João do Triunfo - PR,13726,412510,69.0,352.0,729207.9,502.69561416290253,2.564476176599155
4125209,São Jorge d'Oeste - PR,9378,412520,43.0,721.0,446317.2,458.51994028577525,7.688206440605673
4125308,São Jorge do Ivaí - PR,5168,412530,26.0,1777.0,321717.2,503.09597523219816,34.38467492260062
4125357,São Jorge do Patrocínio - PR,6504,412535,25.0,91.0,171594.9,384.3788437884379,1.399138991389914
4125407,São José da Boa Vista - PR,6040,412540,33.0,128.0,259600.6,546.3576158940398,2.119205298013245
4125456,São José das Palmeiras - PR,3957,412545,29.0,483.0,89392.7,732.8784432650998,12.206216830932524
4125506,São José dos Pinhais - PR,329628,412550,1199.0,118754.0,31479079.4,363.7433713155436,36.026672491414566
4125555,São Manoel do Paraná - PR,2138,412555,9.0,101.0,66192.0,420.954162768943,4.724041159962582
4125605,São Mateus do Sul - PR,42366,412560,178.0,6531.0,1853493.4,420.1482320728887,15.415663503753011
4125704,São Miguel do Iguaçu - PR,29122,412570,113.0,4199.0,1416053.6,388.02280063182474,14.41865256507108
4125753,São Pedro do Iguaçu - PR,5784,412575,36.0,1280.0,226385.7,622.4066390041494,22.130013831258644
4125803,São Pedro do Ivaí - PR,8690,412580,42.0,1656.0,406099.5,483.3141542002302,19.056386651323358
4125902,São Pedro do Paraná - PR,2661,412590,12.0,84.0,90697.6,450.9582863585118,3.1567080045095826
4126009,São Sebastião da Amoreira - PR,8063,412600,51.0,863.0,310711.4,632.5189135557484,10.703212203894333
4126108,São Tomé - PR,5232,412610,22.0,656.0,179457.2,420.4892966360856,12.538226299694188
4126207,Sapopema - PR,6695,412620,30.0,318.0,157605.5,448.09559372666166,4.749813293502614
4126256,Sarandi - PR,118455,412625,448.0,24350.0,2260728.7,378.2026930057828,20.55632940779199
4126272,Saudade do Iguaçu - PR,6108,412627,28.0,248.0,1161785.5,458.41519318926004,4.060248853962016
4126306,Sengés - PR,17270,412630,87.0,1151.0,652555.0,503.76375217139554,6.664736537348002
4126355,Serranópolis do Iguaçu - PR,5007,412635,20.0,537.0,226887.9,399.4407829039345,10.72498502097064
4126405,Sertaneja - PR,5616,412640,35.0,599.0,371953.1,623.2193732193732,10.665954415954417
4126504,Sertanópolis - PR,15930,412650,69.0,4373.0,895876.7,433.1450094161958,27.451349654739488
4126603,Siqueira Campos - PR,22811,412660,116.0,2006.0,791100.3,508.52658804962516,8.794002893340933
4126652,Sulina - PR,3440,412665,14.0,144.0,168630.8,406.9767441860465,4.186046511627907
4126678,Tamarana - PR,10707,412667,57.0,1150.0,442629.3,532.3620061641917,10.740636966470534
4126702,Tamboara - PR,4880,412670,26.0,393.0,146798.8,532.7868852459017,8.053278688524589
4126801,Tapejara - PR,15869,412680,78.0,2887.0,541077.1,491.52435566198244,18.19270275379671
4126900,Tapira - PR,5745,412690,37.0,268.0,155538.2,644.0382941688425,4.664926022628372
4127007,Teixeira Soares - PR,9547,412700,43.0,401.0,595237.4,450.403268042317,4.200272336859746
4127106,Telêmaco Borba - PR,75042,412710,360.0,26018.0,5066785.2,479.7313504437515,34.67125076623757
4127205,Terra Boa - PR,17568,412720,82.0,1729.0,614113.9,466.7577413479053,9.841757741347905
4127304,Terra Rica - PR,14842,412730,90.0,2884.0,408197.3,606.3872793424066,19.431343484705565
4127403,Terra Roxa - PR,18119,412740,71.0,1580.0,734804.5,391.85385506926434,8.720128042386445
4127502,Tibagi - PR,19961,412750,99.0,1630.0,1683339.0,495.9671359150343,8.165923550924301
4127601,Tijucas do Sul - PR,17621,412760,75.0,1138.0,636632.8,425.62851143521937,6.458203280177062
4127700,Toledo - PR,150470,412770,537.0,65470.0,8435404.2,356.8817704525819,43.510334285904165
4127809,Tomazina - PR,8426,412780,49.0,355.0,370416.0,581.53334915737,4.213149774507477
4127858,Três Barras do Paraná - PR,11135,412785,42.0,759.0,454472.3,377.18904355635385,6.816344858554109
4127882,Tunas do Paraná - PR,6219,412788,24.0,145.0,132829.2,385.9141341051616,2.331564560218685
4127908,Tuneiras do Oeste - PR,8067,412790,47.0,505.0,238953.2,582.6205528697162,6.260071897855461
4127957,Tupãssi - PR,8077,412795,27.0,1590.0,441146.9,334.28253064256535,19.685526804506623
4127965,Turvo - PR,14231,412796,80.0,1541.0,633523.6,562.153046166819,10.82847305178835
4128005,Ubiratã - PR,24749,412800,96.0,6580.0,1740504.3,387.8944603822377,26.586932805365876
4128104,Umuarama - PR,117095,412810,459.0,17676.0,4402397.3,391.98941030786966,15.095435330287374
4128203,União da Vitória - PR,55033,412820,291.0,6980.0,1976995.6,528.7736449039667,12.683299111442226
4128302,Uniflor - PR,2136,412830,7.0,273.0,103628.5,327.71535580524346,12.780898876404494
4128401,Uraí - PR,10406,412840,68.0,1445.0,346336.4,653.46915241207,13.886219488756488
4128500,Wenceslau Braz - PR,19188,412850,109.0,1387.0,845345.3,568.0633729414218,7.228476130915156
4128534,Ventania - PR,9681,412853,53.0,394.0,397255.0,547.464104947836,4.069827497159385
4128559,Vera Cruz do Oeste - PR,8215,412855,37.0,1148.0,290769.1,450.3956177723676,13.974437005477785
4128609,Verê - PR,7932,412860,51.0,509.0,535581.8,642.9652042360061,6.417044881492688
4128625,Alto Paraíso - PR,3055,412862,24.0,78.0,118377.3,785.5973813420621,2.553191489361702
4128633,Doutor Ulysses - PR,5697,412863,21.0,65.0,98491.1,368.6150605581885,1.1409513779182026
4128658,Virmond - PR,3811,412865,27.0,84.0,203542.2,708.4754657570192,2.204145893466282
4128708,Vitorino - PR,9706,412870,42.0,1613.0,520196.4,432.72202761178653,16.61858644137647
4128807,Xambrê - PR,5798,412880,34.0,146.0,110373.0,586.4091065884788,2.5181096929975855
4200051,Abdon Batista - SC,2598,420005,6.0,431.0,110319.1,230.94688221709006,16.589684372594306
4200101,Abelardo Luz - SC,17392,420010,66.0,2132.0,1018505.5,379.4848206071757,12.258509659613615
4200200,Agrolândia - SC,10990,420020,52.0,479.0,450052.0,473.15741583257505,4.358507734303912
4200309,Agronômica - SC,6055,420030,22.0,445.0,234769.2,363.3360858794385,7.349298100743187
4200408,Água Doce - SC,6508,420040,21.0,1017.0,755266.6,322.679778733866,15.626920712968653
4200507,Águas de Chapecó - SC,6036,420050,29.0,362.0,159833.2,480.45062955599735,5.997349237905898
4200556,Águas Frias - SC,2839,420055,7.0,287.0,206975.3,246.56569214512155,10.109193377949982
4200606,Águas Mornas - SC,6743,420060,30.0,416.0,211415.9,444.9058282663502,6.169360818626724
4200705,Alfredo Wagner - SC,10481,420070,39.0,284.0,352092.9,372.1018986737907,2.7096651082911936
4200754,Alto Bela Vista - SC,1856,420075,11.0,283.0,82056.6,592.6724137931034,15.247844827586206
4200804,Anchieta - SC,5943,420080,18.0,212.0,221545.1,302.8773346794548,3.5672219417802458
4200903,Angelina - SC,5358,420090,18.0,226.0,147479.3,335.94624860022395,4.21799178798059
4201000,Anita Garibaldi - SC,8285,420100,47.0,360.0,214198.5,567.2902836451418,4.345202172601086
4201109,Anitápolis - SC,3593,420110,11.0,214.0,94169.9,306.15084887280824,5.956025605343724
4201208,Antônio Carlos - SC,11224,420120,21.0,1532.0,818936.6,187.09907341411264,13.649322879543835
4201257,Apiúna - SC,9811,420125,54.0,641.0,483694.9,550.4026093160738,6.5334828254000605
4201273,Arabutã - SC,4378,420127,14.0,682.0,346773.7,319.7807217907721,15.577889447236181
4201307,Araquari - SC,45283,420130,140.0,7669.0,7985861.5,309.1667954861648,16.935715389881413
4201406,Araranguá - SC,71922,420140,282.0,8544.0,2693788.5,392.09143238508386,11.879536164177859
4201505,Armazém - SC,8834,420150,33.0,982.0,286198.0,373.55671270092824,11.116142177948834
4201604,Arroio Trinta - SC,3556,420160,7.0,446.0,137049.1,196.8503937007874,12.542182227221597
4201653,Arvoredo - SC,2510,420165,12.0,41.0,184169.3,478.0876494023904,1.6334661354581674
4201703,Ascurra - SC,8319,420170,34.0,855.0,275531.4,408.7029691068638,10.277677605481427
4201802,Atalanta - SC,3227,420180,10.0,146.0,140200.1,309.88534242330337,4.524325999380229
4201901,Aurora - SC,6780,420190,26.0,335.0,408304.2,383.48082595870204,4.941002949852508
4201950,Balneário Arroio do Silva - SC,15820,420195,84.0,1022.0,251898.2,530.9734513274336,6.460176991150443
4202008,Balneário Camboriú - SC,139155,420200,423.0,41829.0,7981314.8,303.9775789587151,30.059286407243725
4202057,Balneário Barra do Sul - SC,14912,420205,64.0,1346.0,282156.1,429.18454935622316,9.026287553648068
4202073,Balneário Gaivota - SC,15669,420207,77.0,915.0,258903.9,491.4161720594805,5.839555810836684
4202081,Bandeirante - SC,3144,420208,17.0,100.0,108416.1,540.7124681933842,3.1806615776081424
4202099,Barra Bonita - SC,1668,420209,7.0,146.0,55813.5,419.6642685851319,8.752997601918464
4202107,Barra Velha - SC,45369,420210,180.0,5357.0,2554303.9,396.7466772465781,11.807621944499548
4202131,Bela Vista do Toldo - SC,5872,420213,22.0,155.0,211493.9,374.6594005449591,2.639645776566758
4202156,Belmonte - SC,2658,420215,14.0,127.0,73718.5,526.7118133935289,4.778028592927012
4202206,Benedito Novo - SC,10520,420220,52.0,1880.0,462699.8,494.296577946768,17.870722433460077
4202305,Biguaçu - SC,76773,420230,258.0,10916.0,2970824.1,336.05564456254154,14.218540372266292
4202404,Blumenau - SC,361261,420240,1178.0,117999.0,22791289.4,326.08003631723324,32.663088459590156
4202438,Bocaina do Sul - SC,3515,420243,19.0,158.0,131812.4,540.5405405405405,4.4950213371266
4202453,Bombinhas - SC,25058,420245,60.0,2300.0,965945.9,239.44448878601642,9.178705403463963
4202503,Bom Jardim da Serra - SC,4026,420250,23.0,228.0,270769.3,571.2866368604074,5.663189269746647
4202537,Bom Jesus - SC,2777,420253,10.0,136.0,180265.5,360.1008282319049,4.897371263953907
4202578,Bom Jesus do Oeste - SC,2187,420257,6.0,53.0,83782.7,274.3484224965706,2.423411065386374
4202602,Bom Retiro - SC,8418,420260,49.0,323.0,417364.6,582.0860061772393,3.8370159182703727
4202701,Botuverá - SC,5363,420270,26.0,300.0,464899.8,484.8032817452918,5.593884020137983
4202800,Braço do Norte - SC,33773,420280,131.0,6636.0,1962656.2,387.88381251295414,19.64883190714476
4202859,Braço do Trombudo - SC,4026,420285,21.0,109.0,259027.5,521.6095380029807,2.7074018877297568
4202875,Brunópolis - SC,2489,420287,14.0,64.0,113026.2,562.474889513861,2.571313780634793
4202909,Brusque - SC,141385,420290,441.0,28766.0,9919247.1,311.91427662057504,20.34586412985819
4203006,Caçador - SC,73720,420300,338.0,14243.0,4922085.8,458.4915897992404,19.320401519262074
4203105,Caibi - SC,6304,420310,27.0,328.0,339318.9,428.2994923857868,5.203045685279188
4203154,Calmon - SC,3443,420315,12.0,177.0,105794.5,348.5332558814987,5.1408655242521055
4203204,Camboriú - SC,103074,420320,358.0,11824.0,2560908.6,347.3232823020354,11.471370083629237
4203253,Capão Alto - SC,2625,420325,13.0,81.0,194684.0,495.2380952380952,3.085714285714286
4203303,Campo Alegre - SC,12501,420330,50.0,1038.0,770692.2,399.9680025597952,8.303335733141349
4203402,Campo Belo do Sul - SC,7257,420340,32.0,438.0,304909.0,440.9535620779937,6.035551880942538
4203501,Campo Erê - SC,9623,420350,32.0,512.0,487076.8,332.5366309882573,5.320586095812117
4203600,Campos Novos - SC,36932,420360,167.0,6852.0,3229122.8,452.1823892559299,18.553016354381025
4203709,Canelinha - SC,12821,420370,57.0,506.0,363976.6,444.583105841978,3.9466500272989626
4203808,Canoinhas - SC,55016,420380,225.0,7981.0,2418105.5,408.9719354369638,14.506688963210701
4203907,Capinzal - SC,23314,420390,75.0,7341.0,1280648.3,321.6951188127305,31.487518229390066
4203956,Capivari de Baixo - SC,23975,420395,127.0,5881.0,592015.2,529.718456725756,24.529718456725753
4204004,Catanduvas - SC,10566,420400,41.0,1428.0,625627.9,388.0371001325005,13.515048268029528
4204103,Caxambu do Sul - SC,4614,420410,23.0,299.0,213040.8,498.4828781967924,6.480277416558302
4204152,Celso Ramos - SC,2805,420415,11.0,148.0,83430.9,392.156862745098,5.276292335115865
4204178,Cerro Negro - SC,3317,420417,13.0,100.0,106659.6,391.9204100090443,3.0147723846849566
4204194,Chapadão do Lageado - SC,2950,420419,6.0,67.0,111050.5,203.38983050847457,2.271186440677966
4204202,Chapecó - SC,254785,420420,733.0,52328.0,15615663.6,287.69354553839514,20.538100751614106
4204251,Cocal do Sul - SC,17240,420425,70.0,5963.0,999972.7,406.0324825986079,34.58816705336427
4204301,Concórdia - SC,81646,420430,254.0,29240.0,5116747.2,311.09913529137987,35.813144550865935
4204350,Cordilheira Alta - SC,4781,420435,18.0,425.0,449634.7,376.49027400125493,8.889353691696297
4204400,Coronel Freitas - SC,10388,420440,54.0,859.0,407480.4,519.8305737389296,8.26915671929149
4204459,Coronel Martins - SC,2065,420445,4.0,104.0,54428.2,193.7046004842615,5.036319612590799
4204509,Corupá - SC,15267,420450,47.0,2293.0,838130.3,307.85354031571364,15.019322722211307
4204558,Correia Pinto - SC,15727,420455,71.0,2300.0,649992.1,451.45291536847463,14.624531061232277
4204608,Criciúma - SC,214493,420460,864.0,61086.0,11211117.1,402.8103481232488,28.47925107113053
4204707,Cunha Porã - SC,10953,420470,55.0,754.0,1013553.8,502.14553090477494,6.883958732767279
4204756,Cunhataí - SC,1968,420475,6.0,27.0,79176.1,304.8780487804878,1.3719512195121952
4204806,Curitibanos - SC,40045,420480,235.0,5013.0,2004549.9,586.8398052191285,12.518416781121239
4204905,Descanso - SC,8530,420490,27.0,568.0,328520.0,316.52989449003513,6.658851113716295
4205001,Dionísio Cerqueira - SC,15008,420500,71.0,864.0,585415.8,473.08102345415784,5.756929637526652
4205100,Dona Emma - SC,4221,420510,22.0,112.0,176688.5,521.2035062781332,2.6533996683250414
4205159,Doutor Pedrinho - SC,3637,420515,17.0,229.0,165112.2,467.4182018146824,6.2963981303271925
4205175,Entre Rios - SC,3402,420517,16.0,81.0,67856.9,470.31158142269254,2.380952380952381
4205191,Ermo - SC,2269,420519,17.0,185.0,180978.1,749.228735125606,8.153371529308066
4205209,Erval Velho - SC,4885,420520,26.0,388.0,239100.2,532.2415557830093,7.9426816786079835
4205308,Faxinal dos Guedes - SC,11192,420530,40.0,1177.0,802802.7,357.39814152966403,10.516440314510364
4205357,Flor do Sertão - SC,1783,420535,10.0,105.0,79685.7,560.8524957936063,5.888951205832866
4205407,Florianópolis - SC,537211,420540,1629.0,207870.0,26552426.2,303.2328079655852,38.69429330374843
4205431,Formosa do Sul - SC,2682,420543,9.0,201.0,87118.1,335.5704697986577,7.4944071588366885
4205456,Forquilhinha - SC,31431,420545,92.0,4922.0,1338681.8,292.70465464032327,15.659699023257293
4205506,Fraiburgo - SC,33481,420550,139.0,4769.0,1386572.4,415.1608374899197,14.24389952510379
4205555,Frei Rogério - SC,2411,420555,5.0,38.0,96981.1,207.3828287017835,1.5761094981335544
4205605,Galvão - SC,3210,420560,26.0,265.0,123184.9,809.968847352025,8.255451713395638
4205704,Garopaba - SC,29959,420570,81.0,3224.0,863321.3,270.3695049901532,10.761373877632764
4205803,Garuva - SC,18545,420580,74.0,2389.0,1767664.5,399.0293879751955,12.882178484766785
4205902,Gaspar - SC,72570,420590,247.0,16660.0,4963886.9,340.3610307289514,22.957144825685543
4206009,Governador Celso Ramos - SC,16915,420600,58.0,2015.0,554945.8,342.89092521430683,11.912503694945315
4206108,Grão-Pará - SC,6277,420610,20.0,626.0,355167.3,318.6235462800701,9.972916998566195
4206207,Gravatal - SC,12435,420620,53.0,2170.0,390451.1,426.216324889425,17.450743868114195
4206306,Guabiruba - SC,24543,420630,69.0,2771.0,1328996.8,281.1392250336145,11.290388298089068
4206405,Guaraciaba - SC,10796,420640,42.0,477.0,509033.6,389.0329751759911,4.418303075213042
4206504,Guaramirim - SC,46711,420650,142.0,8448.0,2908382.8,303.9969172143606,18.08567575089379
4206603,Guarujá do Sul - SC,4829,420660,34.0,264.0,224031.0,704.079519569269,5.466970387243736
4206652,Guatambú - SC,8425,420665,33.0,1191.0,475207.7,391.69139465875367,14.136498516320476
4206702,Herval d'Oeste - SC,21724,420670,83.0,4048.0,664735.2,382.06591787884366,18.633769103295894
4206751,Ibiam - SC,2008,420675,6.0,116.0,74450.9,298.804780876494,5.776892430278884
4206801,Ibicaré - SC,3269,420680,15.0,400.0,155012.0,458.8559192413582,12.23615784643622
4206900,Ibirama - SC,19862,420690,72.0,1177.0,680120.9,362.50125868492603,5.925888631557749
4207007,Içara - SC,59035,420700,224.0,11207.0,4331901.3,379.4359278394173,18.983653764715847
4207106,Ilhota - SC,17046,420710,60.0,1929.0,1237649.1,351.98873636043646,11.316437873988033
4207205,Imaruí - SC,11881,420720,59.0,329.0,279511.5,496.5911960272704,2.7691271778469826
4207304,Imbituba - SC,52579,420730,204.0,7114.0,2831613.7,387.9875996120124,13.530116586469884
4207403,Imbuia - SC,5982,420740,28.0,181.0,291402.1,468.0708793045804,3.025743898361752
4207502,Indaial - SC,71549,420750,253.0,15637.0,4043553.3,353.60382395281556,21.854952550000696
4207577,Iomerê - SC,2877,420757,15.0,416.0,276144.4,521.3764337851928,14.459506430309348
4207601,Ipira - SC,4578,420760,21.0,486.0,117758.3,458.7155963302753,10.615989515072084
4207650,Iporã do Oeste - SC,9335,420765,34.0,384.0,409313.4,364.2206748794858,4.113551151580075
4207684,Ipuaçu - SC,7730,420768,38.0,288.0,378147.0,491.59120310478653,3.7257438551099615
4207700,Ipumirim - SC,7816,420770,21.0,1514.0,518696.2,268.6796315250768,19.37052200614125
4207759,Iraceminha - SC,3986,420775,15.0,167.0,196841.2,376.3171098845961,4.189663823381837
4207809,Irani - SC,10195,420780,53.0,1935.0,311687.7,519.862677783227,18.979892103972535
4207858,Irati - SC,2069,420785,8.0,102.0,66801.3,386.66022232962786,4.9299178347027555
4207908,Irineópolis - SC,10285,420790,58.0,587.0,532410.1,563.9280505590666,5.707340787554691
4208005,Itá - SC,7067,420800,41.0,1059.0,487918.9,580.1613131456064,14.9851422102731
4208104,Itaiópolis - SC,22051,420810,91.0,856.0,1173580.5,412.6796970658927,3.8819101174549906
4208203,Itajaí - SC,264054,420820,867.0,69833.0,50816696.2,328.3419300597605,26.446484431214827
4208302,Itapema - SC,75940,420830,232.0,13877.0,3214850.0,305.5043455359494,18.27363708190677
4208401,Itapiranga - SC,16638,420840,56.0,2410.0,1229482.9,336.5789157350643,14.484914052169731
4208450,Itapoá - SC,30750,420845,112.0,5877.0,1976757.0,364.2276422764227,19.11219512195122
4208500,Ituporanga - SC,26525,420850,104.0,1831.0,1400351.7,392.08294062205465,6.90292177191329
4208609,Jaborá - SC,4310,420860,15.0,451.0,211114.1,348.0278422273782,10.464037122969838
4208708,Jacinto Machado - SC,10624,420870,53.0,968.0,598807.0,498.8704819277108,9.11144578313253
4208807,Jaguaruna - SC,20375,420880,115.0,3357.0,815250.5,564.4171779141104,16.4760736196319
4208906,Jaraguá do Sul - SC,182660,420890,553.0,52281.0,13778059.6,302.74827548450673,28.622030001094927
4208955,Jardinópolis - SC,1776,420895,5.0,97.0,71751.0,281.5315315315315,5.461711711711711
4209003,Joaçaba - SC,30146,420900,88.0,7646.0,2588135.2,291.9126915677038,25.36323226962118
4209102,Joinville - SC,616317,420910,2024.0,244471.0,45511050.6,328.40242926935326,39.666437888294496
4209151,José Boiteux - SC,5985,420915,17.0,84.0,140264.3,284.0434419381788,1.4035087719298245
4209177,Jupiá - SC,2555,420917,8.0,161.0,96074.8,313.11154598825834,6.301369863013699
4209201,Lacerdópolis - SC,2248,420920,6.0,288.0,161857.8,266.9039145907473,12.811387900355871
4209300,Lages - SC,164981,420930,842.0,26787.0,7540244.3,510.36179923748796,16.23641510234512
4209409,Laguna - SC,42785,420940,241.0,8595.0,1181763.9,563.2815238985626,20.08881617389272
4209458,Lajeado Grande - SC,1702,420945,9.0,74.0,82294.4,528.7896592244418,4.3478260869565215
4209508,Laurentino - SC,7932,420950,30.0,719.0,524620.7,378.21482602118004,9.064548663640949
4209607,Lauro Müller - SC,14381,420960,78.0,1739.0,417062.1,542.382309992351,12.092344065085877
4209706,Lebon Régis - SC,11472,420970,60.0,722.0,375556.8,523.0125523012553,6.293584379358438
4209805,Leoberto Leal - SC,3330,420980,10.0,89.0,153711.1,300.3003003003003,2.6726726726726726
4209854,Lindóia do Sul - SC,4549,420985,19.0,567.0,162695.7,417.6742141129918,12.464277863266652
4209904,Lontras - SC,12873,420990,48.0,699.0,528412.5,372.873456070846,5.429969704031694
4210001,Luiz Alves - SC,11684,421000,47.0,2114.0,937508.8,402.25950017117424,18.09311879493324
4210035,Luzerna - SC,5794,421003,19.0,1328.0,325563.5,327.9254401104591,22.92026234035209
4210050,Macieira - SC,1778,421005,6.0,106.0,67237.8,337.4578177727784,5.961754780652419
4210100,Mafra - SC,55286,421010,276.0,5602.0,3025375.6,499.22222624172485,10.132764171761387
4210209,Major Gercino - SC,3214,421020,14.0,76.0,73674.5,435.5942750466709,2.3646546359676415
4210308,Major Vieira - SC,7425,421030,39.0,186.0,352564.8,525.2525252525253,2.505050505050505
4210407,Maracajá - SC,7815,421040,39.0,1128.0,319263.9,499.0403071017275,14.433781190019193
4210506,Maravilha - SC,28251,421050,95.0,3292.0,2250308.5,336.2712824324803,11.652684860712895
4210555,Marema - SC,2184,421055,5.0,82.0,100177.3,228.93772893772893,3.7545787545787546
4210605,Massaranduba - SC,17162,421060,54.0,2893.0,870023.3,314.64864234937653,16.85700967253234
4210704,Matos Costa - SC,2761,421070,11.0,56.0,66968.3,398.40637450199205,2.028250633828323
4210803,Meleiro - SC,7006,421080,24.0,522.0,377837.3,342.5635169854411,7.450756494433343
4210852,Mirim Doce - SC,2511,421085,16.0,52.0,96429.9,637.1963361210672,2.070888092393469
4210902,Modelo - SC,4080,421090,19.0,191.0,179834.6,465.6862745098039,4.681372549019608
4211009,Mondaí - SC,10066,421100,44.0,515.0,1131737.4,437.11504073117425,5.116232863103517
4211058,Monte Carlo - SC,9117,421105,43.0,866.0,249273.5,471.6463749040255,9.498738620160141
4211108,Monte Castelo - SC,7736,421110,47.0,204.0,262775.2,607.5491209927611,2.637021716649431
4211207,Morro da Fumaça - SC,18537,421120,56.0,3148.0,919663.2,302.09850569132004,16.982251712790635
4211256,Morro Grande - SC,3010,421125,12.0,79.0,174039.2,398.6710963455149,2.6245847176079735
4211306,Navegantes - SC,86401,421130,334.0,20885.0,7166303.3,386.5695998888902,24.17217393317207
4211405,Nova Erechim - SC,5155,421140,19.0,295.0,255484.0,368.57419980601355,5.722599418040737
4211454,Nova Itaberaba - SC,4536,421145,19.0,242.0,167423.3,418.8712522045855,5.3350970017636685
4211504,Nova Trento - SC,13727,421150,54.0,1077.0,826323.5,393.3852990456764,7.845851242077657
4211603,Nova Veneza - SC,13664,421160,52.0,2452.0,1165147.3,380.56206088992974,17.94496487119438
4211652,Novo Horizonte - SC,2643,421165,13.0,241.0,140227.8,491.86530457813086,9.11842603102535
4211702,Orleans - SC,23661,421170,91.0,3273.0,1273948.7,384.59912936900383,13.832889565107138
4211751,Otacílio Costa - SC,17312,421175,77.0,3955.0,1107127.1,444.7781885397412,22.845425138632162
4211801,Ouro - SC,7032,421180,23.0,1369.0,261035.3,327.0762229806598,19.468145620022753
4211850,Ouro Verde - SC,2181,421185,10.0,161.0,177247.7,458.5052728106373,7.3819348922512615
4211876,Paial - SC,1927,421187,10.0,77.0,74424.1,518.9413596263622,3.995848469122989
4211892,Painel - SC,2215,421189,17.0,40.0,93594.5,767.4943566591422,1.805869074492099
4211900,Palhoça - SC,222598,421190,742.0,40050.0,9105304.0,333.3363282688973,17.992075400497757
4212007,Palma Sola - SC,7605,421200,34.0,330.0,330780.0,447.0742932281394,4.339250493096647
4212056,Palmeira - SC,2561,421205,14.0,252.0,181020.0,546.6614603670441,9.839906286606794
4212106,Palmitos - SC,15626,421210,72.0,1714.0,1021331.6,460.77051068731595,10.968897990528607
4212205,Papanduva - SC,19150,421220,90.0,924.0,1048776.8,469.9738903394256,4.825065274151436
4212239,Paraíso - SC,4267,421223,24.0,126.0,184625.6,562.4560581204594,2.952894305132412
4212254,Passo de Torres - SC,12897,421225,42.0,583.0,274891.0,325.6571295650151,4.520431108009615
4212270,Passos Maia - SC,4034,421227,18.0,187.0,175427.8,446.20723847297967,4.635597421913733
4212304,Paulo Lopes - SC,9063,421230,33.0,665.0,299198.7,364.1178417742469,7.337526205450734
4212403,Pedras Grandes - SC,4245,421240,11.0,696.0,286003.7,259.12838633686687,16.395759717314487
4212502,Penha - SC,33663,421250,147.0,5909.0,1147219.6,436.68122270742356,17.553396904613376
4212601,Peritiba - SC,2992,421260,10.0,469.0,145411.6,334.22459893048125,15.675133689839571
4212650,Pescaria Brava - SC,10190,421265,46.0,383.0,138525.3,451.4229636898921,3.7585868498527972
4212700,Petrolândia - SC,6716,421270,25.0,318.0,247125.9,372.24538415723646,4.734961286480047
4212809,Balneário Piçarras - SC,27127,421280,129.0,4001.0,1587685.5,475.54097393740557,14.749142920337672
4212908,Pinhalzinho - SC,21972,421290,66.0,1714.0,1738799.0,300.38230475150186,7.800837429455671
4213005,Pinheiro Preto - SC,3473,421300,12.0,719.0,241832.6,345.5226029369421,20.702562625971783
4213104,Piratuba - SC,5769,421310,19.0,1030.0,419814.0,329.34650719362105,17.854047495233143
4213153,Planalto Alegre - SC,2946,421315,12.0,158.0,152929.7,407.33197556008145,5.363204344874406
4213203,Pomerode - SC,34289,421320,125.0,11098.0,2964120.5,364.5483974452448,32.36606491877862
4213302,Ponte Alta - SC,4437,421330,21.0,286.0,171154.5,473.29276538201486,6.445796709488392
4213351,Ponte Alta do Norte - SC,3210,421335,17.0,159.0,153410.1,529.5950155763239,4.953271028037383
4213401,Ponte Serrada - SC,10649,421340,45.0,1470.0,322644.8,422.57488966100107,13.804113062259368
4213500,Porto Belo - SC,27688,421350,101.0,2968.0,1721133.8,364.77896561687373,10.71944524703843
4213609,Porto União - SC,32970,421360,150.0,4463.0,1347343.5,454.95905368516827,13.53654837731271
4213708,Pouso Redondo - SC,17123,421370,66.0,602.0,813931.9,385.4464755007884,3.5157390644162825
4213807,Praia Grande - SC,8270,421380,58.0,725.0,239795.3,701.3301088270858,8.766626360338574
4213906,Presidente Castello Branco - SC,1689,421390,7.0,160.0,81851.1,414.44641799881583,9.473060982830077
4214003,Presidente Getúlio - SC,20010,421400,81.0,863.0,1001043.5,404.7976011994003,4.312843578210894
4214102,Presidente Nereu - SC,2301,421410,6.0,86.0,71753.2,260.7561929595828,3.737505432420687
4214151,Princesa - SC,2964,421415,13.0,62.0,158481.8,438.59649122807014,2.0917678812415654
4214201,Quilombo - SC,11022,421420,37.0,1225.0,581416.6,335.69225185991655,11.114135365632372
4214300,Rancho Queimado - SC,3279,421430,6.0,393.0,166661.8,182.9826166514181,11.985361390667887
4214409,Rio das Antas - SC,6253,421440,35.0,1145.0,300067.5,559.7313289620982,18.311210618902926
4214508,Rio do Campo - SC,6452,421450,32.0,210.0,240771.7,495.9702417854929,3.254804711717297
4214607,Rio do Oeste - SC,7747,421460,39.0,358.0,296743.2,503.42067897250547,4.621143668516845
4214706,Rio dos Cedros - SC,10865,421470,54.0,1665.0,506213.9,497.00874367234235,15.324436263230556
4214805,Rio do Sul - SC,72587,421480,282.0,13119.0,4306891.4,388.49931805970766,18.073484232713845
4214904,Rio Fortuna - SC,4847,421490,15.0,349.0,315109.7,309.4697751186301,7.200330101093459
4215000,Rio Negrinho - SC,39261,421500,186.0,5700.0,1709159.0,473.75257889508674,14.518224191946205
4215059,Rio Rufino - SC,2397,421505,10.0,41.0,86405.1,417.1881518564873,1.7104714226115976
4215075,Riqueza - SC,4768,421507,20.0,136.0,169647.6,419.46308724832215,2.8523489932885906
4215109,Rodeio - SC,12757,421510,59.0,1533.0,452502.3,462.49118131222076,12.016931880536177
4215208,Romelândia - SC,4823,421520,14.0,269.0,112803.8,290.2757619738752,5.57744142649803
4215307,Salete - SC,7489,421530,35.0,161.0,343522.2,467.35211643744157,2.149819735612231
4215356,Saltinho - SC,3632,421535,15.0,115.0,99145.9,412.9955947136564,3.166299559471366
4215406,Salto Veloso - SC,4390,421540,16.0,1401.0,307001.0,364.4646924829157,31.91343963553531
4215455,Sangão - SC,12882,421545,38.0,1329.0,569973.7,294.9852507374631,10.31672100605496
4215505,Santa Cecília - SC,15546,421550,73.0,743.0,678193.6,469.57416698829286,4.779364466743857
4215554,Santa Helena - SC,2425,421555,15.0,85.0,121919.1,618.5567010309278,3.5051546391752577
4215604,Santa Rosa de Lima - SC,2088,421560,7.0,141.0,89003.2,335.2490421455939,6.752873563218391
4215653,Santa Rosa do Sul - SC,9792,421565,34.0,637.0,229214.1,347.22222222222223,6.50531045751634
4215679,Santa Terezinha - SC,8066,421567,34.0,137.0,268998.7,421.52243987106374,1.698487478303992
4215687,Santa Terezinha do Progresso - SC,2576,421568,12.0,95.0,92259.6,465.83850931677017,3.687888198757764
4215695,Santiago do Sul - SC,1651,421569,4.0,120.0,52159.5,242.27740763173833,7.268322228952149
4215703,Santo Amaro da Imperatriz - SC,27272,421570,124.0,3090.0,1377649.9,454.6787914344382,11.330302141390437
4215752,São Bernardino - SC,2684,421575,4.0,112.0,101830.9,149.03129657228018,4.172876304023846
4215802,São Bento do Sul - SC,83277,421580,315.0,17635.0,4807395.8,378.2557008537771,21.17631518906781
4215901,São Bonifácio - SC,2946,421590,12.0,95.0,228604.9,407.33197556008145,3.2247114731839783
4216008,São Carlos - SC,10282,421600,46.0,698.0,655148.0,447.3837774751994,6.788562536471504
4216057,São Cristóvão do Sul - SC,6084,421605,33.0,144.0,188145.7,542.4063116370809,2.366863905325444
4216107,São Domingos - SC,9226,421610,35.0,782.0,501291.2,379.36267071320185,8.476045957077824
4216206,São Francisco do Sul - SC,52674,421620,269.0,15262.0,7730885.0,510.6883851615598,28.97444659604359
4216255,São João do Oeste - SC,6295,421625,18.0,318.0,407938.5,285.94122319301033,5.051628276409849
4216305,São João Batista - SC,32687,421630,105.0,1624.0,1258894.6,321.2286229999694,4.96833603573286
4216354,São João do Itaperiú - SC,4463,421635,14.0,574.0,397288.6,313.6903428187318,12.861304055568004
4216404,São João do Sul - SC,8668,421640,39.0,462.0,321117.3,449.9307798800185,5.32994923857868
4216503,São Joaquim - SC,25939,421650,117.0,1709.0,1186502.2,451.05825205289335,6.588534638960638
4216602,São José - SC,270299,421660,918.0,68094.0,14466880.6,339.62389797964477,25.192102079548945
4216701,São José do Cedro - SC,14167,421670,53.0,611.0,594284.5,374.10884449777654,4.312839697889462
4216800,São José do Cerrito - SC,8708,421680,41.0,262.0,290139.3,470.83141938447403,3.008727606798346
4216909,São Lourenço do Oeste - SC,24791,421690,97.0,8615.0,1556977.8,391.27102577548305,34.750514299544186
4217006,São Ludgero - SC,13509,421700,37.0,2049.0,1048990.8,273.89147975423793,15.16766600044415
4217105,São Martinho - SC,3405,421710,23.0,348.0,125066.6,675.4772393538914,10.220264317180616
4217154,São Miguel da Boa Vista - SC,1781,421715,5.0,78.0,52062.3,280.7411566535654,4.37956204379562
4217204,São Miguel do Oeste - SC,44330,421720,120.0,7253.0,2534987.3,270.6970448905933,16.361380554928942
4217253,São Pedro de Alcântara - SC,5776,421725,24.0,480.0,112862.6,415.5124653739612,8.310249307479225
4217303,Saudades - SC,10265,421730,50.0,640.0,610268.5,487.0920603994155,6.234778373112518
4217402,Schroeder - SC,20061,421740,58.0,4472.0,821542.2,289.118189521958,22.292009371417176
4217501,Seara - SC,18620,421750,68.0,3632.0,1304972.9,365.19871106337274,19.505907626208376
4217550,Serra Alta - SC,3303,421755,10.0,135.0,125602.5,302.7550711474417,4.087193460490464
4217600,Siderópolis - SC,13714,421760,58.0,2523.0,701825.9,422.92547761411697,18.39725827621409
4217709,Sombrio - SC,29991,421770,123.0,2257.0,1077546.2,410.1230369110733,7.525591010636525
4217758,Sul Brasil - SC,2832,421775,8.0,81.0,95897.5,282.4858757062147,2.860169491525424
4217808,Taió - SC,18310,421780,74.0,921.0,935846.9,404.15073730202073,5.03003823047515
4217907,Tangará - SC,8143,421790,29.0,799.0,622901.8,356.13410291047524,9.812108559498958
4217956,Tigrinhos - SC,2329,421795,10.0,129.0,78720.3,429.36882782310005,5.53885787891799
4218004,Tijucas - SC,51592,421800,183.0,8124.0,2976676.7,354.7061559931772,15.746627384090555
4218103,Timbé do Sul - SC,5386,421810,20.0,196.0,156048.9,371.3330857779428,3.63906424062384
4218202,Timbó - SC,46099,421820,144.0,9578.0,2594452.2,312.3712011106532,20.77702336276275
4218251,Timbó Grande - SC,7342,421825,18.0,448.0,276657.8,245.1648052301825,6.101879596840098
4218301,Três Barras - SC,19746,421830,73.0,2546.0,1799355.8,369.69512812721564,12.893750633039602
4218350,Treviso - SC,3782,421835,10.0,582.0,179962.8,264.41036488630357,15.388683236382866
4218400,Treze de Maio - SC,7362,421840,34.0,736.0,229972.7,461.83102417821243,9.997283346916598
4218509,Treze Tílias - SC,8787,421850,29.0,1798.0,983840.8,330.03300330033005,20.462046204620464
4218608,Trombudo Central - SC,7274,421860,18.0,506.0,416086.1,247.4566950783613,6.956282650536156
4218707,Tubarão - SC,110088,421870,481.0,33584.0,5336570.9,436.92318872174985,30.506503887798853
4218756,Tunápolis - SC,4916,421875,18.0,233.0,190289.4,366.1513425549227,4.739625711960944
4218806,Turvo - SC,13043,421880,39.0,1128.0,820536.1,299.010963735337,8.648317104960515
4218855,União do Oeste - SC,2774,421885,9.0,122.0,102217.8,324.44124008651767,4.397981254506128
4218905,Urubici - SC,10834,421890,60.0,577.0,389362.0,553.8120731031937,5.325826103009046
4218954,Urupema - SC,2656,421895,11.0,121.0,85176.1,414.1566265060241,4.555722891566265
4219002,Urussanga - SC,20919,421900,82.0,4090.0,1279368.7,391.98814474879293,19.55160380515321
4219101,Vargeão - SC,3634,421910,15.0,213.0,257604.9,412.7682993946065,5.861309851403412
4219150,Vargem - SC,2627,421915,17.0,97.0,86743.4,647.1259992386753,3.6924248191853826
4219176,Vargem Bonita - SC,4576,421917,21.0,1101.0,598894.6,458.9160839160839,24.060314685314683
4219200,Vidal Ramos - SC,6189,421920,27.0,411.0,360332.4,436.2578768783325,6.64081434803684
4219309,Videira - SC,55466,421930,234.0,18922.0,3846541.3,421.88007067392635,34.11459272347023
4219358,Vitor Meireles - SC,5370,421935,23.0,95.0,163976.3,428.30540037243946,1.7690875232774672
4219408,Witmarsum - SC,4255,421940,14.0,72.0,188824.1,329.0246768507638,1.6921269095182139
4219507,Xanxerê - SC,51607,421950,187.0,6874.0,2885926.3,362.3539442323716,13.319898463386751
4219606,Xavantina - SC,3653,421960,19.0,100.0,204112.5,520.1204489460716,2.7374760470845882
4219705,Xaxim - SC,31918,421970,130.0,3409.0,1563334.9,407.2936900808321,10.680493765273514
4219853,Zortéa - SC,3930,421985,14.0,1339.0,140182.3,356.23409669211196,34.07124681933843
4220000,Balneário Rincão - SC,15981,422000,92.0,1318.0,354556.8,575.6836243038608,8.247293661222702
4300034,Aceguá - RS,4170,430003,10.0,64.0,291050.8,239.8081534772182,1.5347721822541966
4300059,Água Santa - RS,3912,430005,14.0,87.0,480667.7,357.8732106339468,2.223926380368098
4300109,Agudo - RS,16041,430010,99.0,955.0,648342.4,617.1685057041332,5.9534941711863345
4300208,Ajuricaba - RS,6720,430020,22.0,1581.0,379621.8,327.3809523809524,23.526785714285715
4300307,Alecrim - RS,6123,430030,46.0,396.0,137865.2,751.2657194185856,6.467417932386085
4300406,Alegrete - RS,72409,430040,401.0,6380.0,2620665.2,553.7985609523678,8.811059398693533
4300455,Alegria - RS,3651,430045,15.0,122.0,119787.1,410.84634346754314,3.3415502602026845
4300471,Almirante Tamandaré do Sul - RS,1969,430047,5.0,46.0,267475.4,253.93600812595227,2.3362112747587607
4300505,Alpestre - RS,7117,430050,26.0,170.0,256623.9,365.3224673317409,2.3886469017844596
4300554,Alto Alegre - RS,1800,430055,7.0,248.0,67859.4,388.88888888888886,13.777777777777779
4300570,Alto Feliz - RS,3072,430057,11.0,707.0,174453.6,358.07291666666663,23.014322916666664
4300604,Alvorada - RS,187315,430060,979.0,34843.0,3529383.8,522.6490136935109,18.60128660278141
4300638,Amaral Ferrador - RS,5310,430063,18.0,48.0,147333.5,338.9830508474576,0.903954802259887
4300646,Ametista do Sul - RS,7650,430064,39.0,112.0,181655.2,509.80392156862746,1.4640522875816993
4300661,André da Rocha - RS,1135,430066,6.0,115.0,105227.9,528.6343612334801,10.13215859030837
4300703,Anta Gorda - RS,5957,430070,21.0,1324.0,295481.5,352.5264394829612,22.225952660735267
4300802,Antônio Prado - RS,13045,430080,41.0,6328.0,821731.5,314.29666538903797,48.509007282483715
4300851,Arambaré - RS,4112,430085,33.0,147.0,233906.6,802.5291828793773,3.5749027237354083
4300877,Araricá - RS,8525,430087,22.0,434.0,289317.3,258.06451612903226,5.090909090909091
4300901,Aratiba - RS,6483,430090,23.0,399.0,1178832.2,354.774024371433,6.154558074965294
4301008,Arroio do Meio - RS,21958,430100,98.0,5457.0,1781075.9,446.3065852992076,24.85199016303853
4301057,Arroio do Sal - RS,11057,430105,67.0,566.0,308206.2,605.9509812788278,5.1189291851315915
4301073,Arroio do Padre - RS,2599,430107,9.0,38.0,79174.4,346.28703347441325,1.4621008080030782
4301107,Arroio dos Ratos - RS,14601,430110,97.0,2104.0,358088.0,664.3380590370523,14.409971919731527
4301206,Arroio do Tigre - RS,12058,430120,75.0,474.0,403055.4,621.9936971305357,3.9310001658649862
4301305,Arroio Grande - RS,17558,430130,92.0,749.0,1005950.3,523.9776739947603,4.2658617154573415
4301404,Arvorezinha - RS,10322,430140,44.0,1102.0,346013.9,426.27397791125753,10.676225537686495
4301503,Augusto Pestana - RS,7149,430150,24.0,1797.0,343697.0,335.71128829206884,25.136382710868656
4301552,Áurea - RS,3396,430155,6.0,197.0,155194.6,176.67844522968198,5.800942285041225
4301602,Bagé - RS,117938,430160,687.0,9695.0,4135744.1,582.5094541199613,8.220420899116485
4301636,Balneário Pinhal - RS,14955,430163,100.0,720.0,332681.9,668.6726847208292,4.814443329989969
4301651,Barão - RS,6461,430165,27.0,1232.0,319646.7,417.8919671877418,19.068255687974
4301701,Barão de Cotegipe - RS,7144,430170,29.0,691.0,303205.6,405.9350503919373,9.67245240761478
4301750,Barão do Triunfo - RS,5889,430175,35.0,87.0,157243.9,594.3284088979453,1.477330616403464
4301800,Barracão - RS,4831,430180,28.0,239.0,253629.7,579.5901469675016,4.9472158973297455
4301859,Barra do Guarita - RS,3161,430185,16.0,175.0,50753.2,506.168933881683,5.536222714330908
4301875,Barra do Quaraí - RS,4241,430187,12.0,33.0,231623.4,282.9521339306767,0.778118368309361
4301909,Barra do Ribeiro - RS,12225,430190,62.0,1893.0,489178.0,507.1574642126789,15.484662576687116
4301925,Barra do Rio Azul - RS,1696,430192,9.0,39.0,70523.1,530.6603773584906,2.2995283018867925
4301958,Barra Funda - RS,2498,430195,13.0,101.0,158838.7,520.4163330664531,4.043234587670136
4302006,Barros Cassal - RS,9296,430200,66.0,398.0,222738.6,709.9827882960413,4.281411359724613
4302055,Benjamin Constant do Sul - RS,2082,430205,14.0,45.0,45886.2,672.4303554274735,2.161383285302594
4302105,Bento Gonçalves - RS,123151,430210,435.0,48190.0,7759739.1,353.2249027616503,39.130823135825125
4302154,Boa Vista das Missões - RS,1933,430215,10.0,79.0,162523.3,517.3305742369374,4.086911536471805
4302204,Boa Vista do Buricá - RS,6966,430220,24.0,414.0,313737.4,344.5305770887166,5.943152454780361
4302220,Boa Vista do Cadeado - RS,2229,430222,13.0,191.0,230224.2,583.2211754149843,8.568864961866307
4302238,Boa Vista do Incra - RS,2271,430223,16.0,64.0,194650.6,704.5354469396741,2.8181417877586967
4302253,Boa Vista do Sul - RS,2779,430225,11.0,462.0,128282.0,395.825836631882,16.624685138539043
4302303,Bom Jesus - RS,11202,430230,59.0,1005.0,432191.4,526.691662203178,8.971612212104981
4302352,Bom Princípio - RS,13142,430235,38.0,2443.0,865227.1,289.14929234515296,18.589255821031806
4302378,Bom Progresso - RS,2096,430237,17.0,108.0,64873.5,811.0687022900763,5.152671755725191
4302402,Bom Retiro do Sul - RS,12294,430240,72.0,2623.0,435052.9,585.6515373352855,21.33561086708964
4302451,Boqueirão do Leão - RS,6247,430245,35.0,724.0,153755.9,560.2689290859613,11.589562990235311
4302501,Bossoroca - RS,5890,430250,33.0,146.0,260907.4,560.2716468590831,2.4787775891341255
4302584,Bozano - RS,2151,430258,8.0,487.0,133110.5,371.9200371920037,22.640632264063225
4302600,Braga - RS,3268,430260,17.0,250.0,96634.1,520.1958384332926,7.649938800489596
4302659,Brochier - RS,4966,430265,29.0,736.0,113650.9,583.9710028191704,14.820781312927911
4302709,Butiá - RS,19084,430270,105.0,2819.0,545589.9,550.1991196814085,14.771536365541815
4302808,Caçapava do Sul - RS,32515,430280,191.0,4313.0,1071097.7,587.4211902198986,13.264647085960327
4302907,Cacequi - RS,11157,430290,66.0,431.0,417324.3,591.556870126378,3.8630456215828626
4303004,Cachoeira do Sul - RS,80070,430300,494.0,5703.0,3408150.1,616.9601598601223,7.1225177969276885
4303103,Cachoeirinha - RS,136258,430310,529.0,41590.0,7094389.7,388.2340853381086,30.52297846731935
4303202,Cacique Doble - RS,4603,430320,20.0,128.0,135719.8,434.4992396263307,2.780795133608516
4303301,Caibaté - RS,4704,430330,36.0,524.0,178309.4,765.3061224489795,11.139455782312925
4303400,Caiçara - RS,4836,430340,16.0,181.0,123647.2,330.85194375516954,3.742762613730356
4303509,Camaquã - RS,62200,430350,334.0,7652.0,2849114.0,536.9774919614148,12.30225080385852
4303558,Camargo - RS,2981,430355,9.0,195.0,605446.5,301.91211003019123,6.541429050654143
4303608,Cambará do Sul - RS,6361,430360,37.0,929.0,248068.8,581.6695488130797,14.604621914793272
4303673,Campestre da Serra - RS,3242,430367,17.0,718.0,184638.7,524.3676742751388,22.146822948797038
4303707,Campina das Missões - RS,5882,430370,36.0,190.0,174020.8,612.0367222033323,3.2301938116286975
4303806,Campinas do Sul - RS,5284,430380,30.0,453.0,330120.9,567.7517032551098,8.573050719152157
4303905,Campo Bom - RS,62886,430390,316.0,16922.0,3896594.5,502.49658111503356,26.90900995452088
4304002,Campo Novo - RS,4975,430400,35.0,624.0,262942.9,703.5175879396985,12.542713567839195
4304101,Campos Borges - RS,3613,430410,25.0,320.0,103162.8,691.9457514530861,8.856905618599502
4304200,Candelária - RS,28906,430420,184.0,2119.0,1106858.1,636.5460458036393,7.330657994879957
4304309,Cândido Godói - RS,6294,430430,29.0,581.0,329600.3,460.7562758182396,9.2310136638068
4304358,Candiota - RS,10710,430435,45.0,1720.0,2165914.0,420.16806722689074,16.059757236227824
4304408,Canela - RS,48946,430440,226.0,12388.0,1782780.6,461.7333387815143,25.309524782413273
4304507,Canguçu - RS,49680,430450,263.0,895.0,1653207.2,529.3880837359097,1.8015297906602254
4304606,Canoas - RS,347657,430460,1712.0,115206.0,28818822.8,492.4393870970526,33.13783412961626
4304614,Canudos do Vale - RS,1656,430461,5.0,73.0,55371.6,301.9323671497585,4.408212560386474
4304622,Capão Bonito do Sul - RS,1733,430462,9.0,32.0,233000.0,519.33064050779,1.8465089440276976
4304630,Capão da Canoa - RS,63594,430463,282.0,6432.0,2132259.6,443.438060194358,10.114161713369185
4304655,Capão do Cipó - RS,3119,430465,11.0,81.0,276462.0,352.6771401090093,2.5969862135299775
4304663,Capão do Leão - RS,26487,430466,169.0,1623.0,784508.1,638.0488541548684,6.127534262090837
4304671,Capivari do Sul - RS,3991,430467,20.0,388.0,392771.7,501.1275369581559,9.721874216988223
4304689,Capela de Santana - RS,11159,430468,58.0,1303.0,275619.6,519.759835110673,11.676673537055292
4304697,Capitão - RS,2921,430469,15.0,132.0,83791.4,513.5227661759671,4.519000342348511
4304705,Carazinho - RS,61804,430470,343.0,8477.0,4263664.5,554.9802601773348,13.715940715811275
4304713,Caraá - RS,7394,430471,25.0,104.0,132726.8,338.1119826886665,1.4065458479848527
4304804,Carlos Barbosa - RS,30420,430480,89.0,11929.0,3384037.8,292.5706771860618,39.21433267587114
4304853,Carlos Gomes - RS,1368,430485,7.0,74.0,54403.3,511.69590643274853,5.409356725146199
4304903,Casca - RS,9465,430490,45.0,1346.0,747422.9,475.43581616481777,14.220813523507662
4304952,Caseiros - RS,3000,430495,16.0,78.0,165298.8,533.3333333333334,2.6
4305009,Catuípe - RS,8674,430500,51.0,1545.0,425148.1,587.964030435785,17.81185151026055
4305108,Caxias do Sul - RS,463501,430510,1755.0,239806.0,34342096.9,378.63995978433707,51.737968202873354
4305116,Centenário - RS,2721,430511,13.0,166.0,96415.6,477.7655273796398,6.100698272693863
4305124,Cerrito - RS,5808,430512,37.0,83.0,158653.5,637.0523415977962,1.4290633608815428
4305132,Cerro Branco - RS,3802,430513,14.0,73.0,87040.0,368.2272488164124,1.9200420831141505
4305157,Cerro Grande - RS,2379,430515,14.0,52.0,65563.2,588.4825556956705,2.185792349726776
4305173,Cerro Grande do Sul - RS,9178,430517,53.0,207.0,217108.4,577.4678579211158,2.255393331880584
4305207,Cerro Largo - RS,13705,430520,54.0,1624.0,784741.5,394.0167821962787,11.849689894199198
4305306,Chapada - RS,9540,430530,39.0,385.0,618858.4,408.80503144654085,4.035639412997904
4305355,Charqueadas - RS,35012,430535,180.0,8141.0,1828633.9,514.1094481891922,23.25202787615675
4305371,Charrua - RS,2768,430537,15.0,41.0,127992.9,541.9075144508671,1.4812138728323698
4305405,Chiapetta - RS,3913,430540,19.0,328.0,241091.6,485.5609506772297,8.382315359059545
4305439,Chuí - RS,6262,430543,19.0,102.0,422833.7,303.41743851804534,1.6288725646758224
4305447,Chuvisca - RS,4597,430544,27.0,78.0,142419.8,587.3395692843159,1.6967587557102457
4305454,Cidreira - RS,17071,430545,105.0,1026.0,364733.3,615.0782028000702,6.010192724503544
4305504,Ciríaco - RS,4149,430550,25.0,125.0,225963.6,602.5548324897566,3.0127741624487827
4305587,Colinas - RS,2423,430558,13.0,514.0,76751.2,536.5249690466363,21.2133718530747
4305603,Colorado - RS,3258,430560,17.0,510.0,241830.4,521.7925107427869,15.65377532228361
4305702,Condor - RS,6406,430570,42.0,1339.0,503407.2,655.6353418669997,20.90227911333125
4305801,Constantina - RS,10385,430580,53.0,473.0,442900.9,510.35146846413096,4.554646124217621
4305835,Coqueiro Baixo - RS,1290,430583,5.0,50.0,46505.3,387.5968992248062,3.875968992248062
4305850,Coqueiros do Sul - RS,2211,430585,13.0,57.0,154515.9,587.9692446856626,2.578018995929444
4305871,Coronel Barros - RS,2822,430587,12.0,435.0,181360.1,425.2303330970942,15.414599574769666
4305900,Coronel Bicaco - RS,6144,430590,30.0,439.0,359353.8,488.28125,7.145182291666667
4305934,Coronel Pilar - RS,1607,430593,5.0,167.0,45945.0,311.13876789047913,10.392034847542003
4305959,Cotiporã - RS,3846,430595,14.0,1076.0,167746.4,364.01456058242326,27.97711908476339
4305975,Coxilha - RS,2667,430597,16.0,106.0,299358.4,599.9250093738283,3.974503187101612
4306007,Crissiumal - RS,12886,430600,76.0,1016.0,493118.6,589.7873661337886,7.884525841999068
4306056,Cristal - RS,7299,430605,42.0,208.0,332135.8,575.4212905877517,2.8497054391012466
4306072,Cristal do Sul - RS,2692,430607,15.0,25.0,85679.6,557.2065378900446,0.9286775631500743
4306106,Cruz Alta - RS,58913,430610,334.0,6797.0,4121142.6,566.9376877768914,11.537351688082428
4306130,Cruzaltense - RS,1635,430613,10.0,48.0,106377.7,611.6207951070337,2.9357798165137616
4306205,Cruzeiro do Sul - RS,11600,430620,66.0,3048.0,663726.7,568.9655172413793,26.275862068965516
4306304,David Canabarro - RS,4321,430630,17.0,173.0,193222.1,393.42744735015043,4.003702846563296
4306320,Derrubadas - RS,2751,430632,16.0,141.0,104475.8,581.6066884769175,5.125408942202835
4306353,Dezesseis de Novembro - RS,2507,430635,20.0,213.0,48710.8,797.7662544874352,8.496210610291184
4306379,Dilermando de Aguiar - RS,2806,430637,13.0,30.0,180077.9,463.2929436920884,1.069137562366358
4306403,Dois Irmãos - RS,30709,430640,106.0,7111.0,2502140.8,345.17568139633335,23.156078022729492
4306429,Dois Irmãos das Missões - RS,2090,430642,9.0,51.0,126526.5,430.62200956937795,2.4401913875598082
4306452,Dois Lajeados - RS,3097,430645,19.0,398.0,157965.9,613.4969325153374,12.851146270584438
4306502,Dom Feliciano - RS,13051,430650,63.0,198.0,341143.4,482.7216305263965,1.5171251245115318
4306551,Dom Pedro de Alcântara - RS,2562,430655,14.0,48.0,70195.8,546.448087431694,1.873536299765808
4306601,Dom Pedrito - RS,36981,430660,228.0,1834.0,2000957.7,616.5328141478057,4.959303426083665
4306700,Dona Francisca - RS,3079,430670,17.0,113.0,90196.1,552.1273140630075,3.670022734654108
4306734,Doutor Maurício Cardoso - RS,4470,430673,24.0,421.0,236102.7,536.9127516778523,9.41834451901566
4306759,Doutor Ricardo - RS,1888,430675,5.0,224.0,75699.3,264.8305084745763,11.864406779661017
4306767,Eldorado do Sul - RS,39559,430676,181.0,9644.0,2442465.5,457.5444273111049,24.3787760054602
4306809,Encantado - RS,22962,430680,99.0,7051.0,1230651.5,431.14711262085183,30.707255465551782
4306908,Encruzilhada do Sul - RS,23819,430690,144.0,926.0,1103750.6,604.5593853646249,3.887652714219741
4306924,Engenho Velho - RS,1296,430692,8.0,21.0,54280.2,617.283950617284,1.6203703703703702
4306932,Entre-Ijuís - RS,9158,430693,36.0,1324.0,487687.3,393.09892989735755,14.457305088447258
4306957,Entre Rios do Sul - RS,2685,430695,13.0,151.0,212452.6,484.171322160149,5.623836126629423
4306973,Erebango - RS,3054,430697,12.0,157.0,202452.0,392.9273084479371,5.140798952193844
4307005,Erechim - RS,105705,430700,391.0,27024.0,7683906.5,369.89735584882453,25.56548886050802
4307054,Ernestina - RS,3034,430705,12.0,213.0,184105.5,395.5174686882004,7.020435069215557
4307104,Herval - RS,6191,430710,40.0,116.0,198899.4,646.0991762235503,1.8736876110482958
4307203,Erval Grande - RS,4930,430720,25.0,175.0,151707.9,507.0993914807302,3.5496957403651117
4307302,Erval Seco - RS,6787,430730,36.0,214.0,273787.4,530.4258140562841,3.1530867835568
4307401,Esmeralda - RS,3195,430740,17.0,210.0,298731.6,532.0813771517996,6.572769953051644
4307450,Esperança do Sul - RS,3226,430745,20.0,103.0,92397.8,619.9628022318661,3.1928084314941105
4307500,Espumoso - RS,15173,430750,77.0,3156.0,881528.8,507.4803928030053,20.800105450471232
4307559,Estação - RS,5582,430755,27.0,892.0,434148.2,483.6975994267288,15.979935506986742
4307609,Estância Velha - RS,47924,430760,182.0,11595.0,1991876.8,379.7679659460813,24.194558050246222
4307708,Esteio - RS,76137,430770,379.0,26556.0,4301274.5,497.78688416932636,34.87923086015998
4307807,Estrela - RS,32183,430780,145.0,10594.0,2197231.7,450.5484261877388,32.91800018643383
4307815,Estrela Velha - RS,3070,430781,18.0,198.0,135369.5,586.3192182410423,6.449511400651466
4307831,Eugênio de Castro - RS,2633,430783,7.0,368.0,244029.5,265.8564375237372,13.976452715533613
4307864,Fagundes Varela - RS,2566,430786,12.0,352.0,176739.0,467.65393608729545,13.717848791894
4307906,Farroupilha - RS,70286,430790,253.0,31114.0,4580129.1,359.9578863500555,44.26770622883647
4308003,Faxinal do Soturno - RS,6702,430800,35.0,863.0,252774.8,522.2321695016412,12.876753207997613
4308052,Faxinalzinho - RS,2520,430805,7.0,89.0,79769.2,277.77777777777777,3.5317460317460316
4308078,Fazenda Vilanova - RS,4291,430807,23.0,628.0,126583.4,536.0055931018411,14.635283150780703
4308102,Feliz - RS,13764,430810,57.0,3807.0,589303.4,414.1238012205754,27.65911072362685
4308201,Flores da Cunha - RS,30892,430820,91.0,18057.0,2843723.3,294.5746471578402,58.45202641460572
4308250,Floriano Peixoto - RS,1668,430825,5.0,56.0,83641.4,299.7601918465228,3.357314148681055
4308300,Fontoura Xavier - RS,9550,430830,50.0,552.0,229958.3,523.5602094240838,5.780104712041885
4308409,Formigueiro - RS,6413,430840,21.0,182.0,223399.4,327.4598471854046,2.837985342273507
4308433,Forquetinha - RS,2393,430843,20.0,231.0,53273.1,835.7709987463435,9.653155035520268
4308458,Fortaleza dos Valos - RS,4477,430845,15.0,349.0,335874.1,335.0457895912441,7.795398704489613
4308508,Frederico Westphalen - RS,32627,430850,126.0,4142.0,1568643.2,386.1832224844454,12.695007202623593
4308607,Garibaldi - RS,34335,430860,128.0,14658.0,3135768.8,372.7974370176205,42.691131498470945
4308656,Garruchos - RS,2688,430865,13.0,73.0,128027.0,483.6309523809524,2.7157738095238098
4308706,Gaurama - RS,5665,430870,37.0,937.0,297937.0,653.1332744924978,16.540158870255958
4308805,General Câmara - RS,7612,430880,44.0,626.0,230187.5,578.0346820809249,8.223857067787705
4308854,Gentil - RS,1744,430885,9.0,58.0,144754.5,516.0550458715596,3.325688073394496
4308904,Getúlio Vargas - RS,16602,430890,71.0,2430.0,817985.0,427.6593181544392,14.636790748102637
4309001,Giruá - RS,16013,430900,90.0,1909.0,939755.9,562.0433397864235,11.921563729469806
4309050,Glorinha - RS,7658,430905,51.0,1251.0,389247.1,665.9702272133717,16.335857926351526
4309100,Gramado - RS,40134,430910,159.0,13183.0,3140827.0,396.17282104948424,32.84746100563113
4309126,Gramado dos Loureiros - RS,2014,430912,8.0,48.0,67782.2,397.2194637537239,2.3833167825223436
4309159,Gramado Xavier - RS,3304,430915,12.0,271.0,108556.8,363.19612590799034,8.202179176755447
4309209,Gravataí - RS,265074,430920,1244.0,84504.0,13005577.1,469.3029116397685,31.879399714796623
4309258,Guabiju - RS,1417,430925,6.0,206.0,93574.4,423.42978122794636,14.537755822159493
4309308,Guaíba - RS,92924,430930,471.0,26987.0,8316851.4,506.8658258361672,29.04201282768714
4309407,Guaporé - RS,25268,430940,106.0,9129.0,1123503.4,419.5029286053507,36.12870033243628
4309506,Guarani das Missões - RS,7415,430950,56.0,415.0,284710.0,755.2258934592044,5.596763317599461
4309555,Harmonia - RS,5378,430955,19.0,1246.0,260997.0,353.2911863146151,23.16846411305318
4309571,Herveiras - RS,2565,430957,13.0,191.0,63385.7,506.82261208577,7.446393762183236
4309605,Horizontina - RS,18851,430960,89.0,5892.0,3718636.2,472.123494774813,31.25563630576627
4309654,Hulha Negra - RS,5976,430965,25.0,122.0,230213.6,418.34002677376174,2.0414993306559572
4309704,Humaitá - RS,4681,430970,17.0,285.0,198250.4,363.1702627643666,6.08844264046144
4309753,Ibarama - RS,3732,430975,15.0,79.0,99944.3,401.92926045016077,2.116827438370847
4309803,Ibiaçá - RS,4527,430980,15.0,189.0,244156.3,331.34526176275676,4.174950298210735
4309902,Ibiraiaras - RS,6776,430990,29.0,419.0,346199.5,427.98110979929163,6.183589138134592
4309951,Ibirapuitã - RS,3723,430995,9.0,366.0,169673.5,241.74053182917004,9.830781627719581
4310009,Ibirubá - RS,21583,431000,79.0,3937.0,1721331.8,366.0288189778993,18.241208358430246
4310108,Igrejinha - RS,32808,431010,145.0,4987.0,2189300.5,441.9653742989515,15.200560838819799
4310207,Ijuí - RS,84780,431020,314.0,20104.0,5484607.5,370.3703703703704,23.713139891483838
4310306,Ilópolis - RS,4157,431030,17.0,797.0,129558.6,408.94876112581187,19.17248015395718
4310330,Imbé - RS,26824,431033,169.0,2152.0,670989.4,630.0328064419923,8.022666269012824
4310363,Imigrante - RS,3080,431036,21.0,1181.0,651738.8,681.8181818181818,38.34415584415584
4310405,Independência - RS,6427,431040,26.0,613.0,386702.4,404.54333281468803,9.537887039053992
4310413,Inhacorá - RS,2014,431041,9.0,78.0,73657.8,446.8718967229395,3.8728897715988087
4310439,Ipê - RS,5399,431043,35.0,2232.0,244510.8,648.2681978144101,41.34098907205038
4310462,Ipiranga do Sul - RS,1720,431046,6.0,118.0,168815.3,348.83720930232556,6.86046511627907
4310504,Iraí - RS,7482,431050,42.0,181.0,239121.8,561.3472333600641,2.4191392675755146
4310538,Itaara - RS,5572,431053,37.0,386.0,268604.1,664.0344580043073,6.927494615936827
4310553,Itacurubi - RS,2995,431055,18.0,283.0,90323.3,601.0016694490818,9.449081803005008
4310579,Itapuca - RS,1937,431057,11.0,58.0,89664.5,567.8884873515747,2.994321115126484
4310603,Itaqui - RS,35768,431060,208.0,4887.0,1751877.1,581.5253858197271,13.663050771639455
4310652,Itati - RS,2638,431065,20.0,34.0,83433.2,758.1501137225171,1.288855193328279
4310702,Itatiba do Sul - RS,3208,431070,10.0,108.0,73188.4,311.7206982543641,3.366583541147132
4310751,Ivorá - RS,1929,431075,5.0,56.0,48522.5,259.2016588906169,2.903058579574909
4310801,Ivoti - RS,22983,431080,76.0,6274.0,1361666.8,330.6791976678415,27.29843797589523
4310850,Jaboticaba - RS,3779,431085,21.0,100.0,117255.9,555.7025668166182,2.646202699126753
4310876,Jacuizinho - RS,2040,431087,13.0,192.0,113790.2,637.2549019607843,9.411764705882353
4310900,Jacutinga - RS,3338,431090,21.0,685.0,224849.6,629.1192330736968,20.521270221689637
4311007,Jaguarão - RS,26603,431100,149.0,1190.0,954110.3,560.0872082096005,4.473179716573319
4311106,Jaguari - RS,10579,431110,47.0,638.0,293650.3,444.2763966348426,6.030815767085736
4311122,Jaquirana - RS,3690,431112,33.0,306.0,84089.0,894.308943089431,8.292682926829269
4311130,Jari - RS,3349,431113,10.0,39.0,239812.3,298.59659599880564,1.1645267243953419
4311155,Jóia - RS,7184,431115,29.0,601.0,453632.5,403.6748329621381,8.365812917594655
4311205,Júlio de Castilhos - RS,18226,431120,95.0,1132.0,1411166.7,521.2334028311204,6.210907494787666
4311239,Lagoa Bonita do Sul - RS,2251,431123,11.0,18.0,61444.6,488.6717014660151,0.7996446023989338
4311254,Lagoão - RS,5341,431125,36.0,46.0,115218.7,674.031080322037,0.8612619359670474
4311270,Lagoa dos Três Cantos - RS,1738,431127,10.0,188.0,94629.9,575.3739930955121,10.817031070195627
4311304,Lagoa Vermelha - RS,27659,431130,130.0,3060.0,1508706.8,470.0097617412054,11.063306699446834
4311403,Lajeado - RS,93646,431140,308.0,35110.0,6109234.7,328.89819105994917,37.49225807829485
4311429,Lajeado do Bugre - RS,2601,431142,8.0,51.0,59389.3,307.5740099961553,1.9607843137254901
4311502,Lavras do Sul - RS,7157,431150,45.0,291.0,382168.0,628.7550649713567,4.065949420148106
4311601,Liberato Salzano - RS,4781,431160,18.0,76.0,137100.4,376.49027400125493,1.589625601338632
4311627,Lindolfo Collor - RS,6248,431162,14.0,507.0,324204.2,224.0717029449424,8.1145966709347
4311643,Linha Nova - RS,1683,431164,10.0,118.0,65803.6,594.1770647653001,7.011289364230541
4311700,Machadinho - RS,5735,431170,23.0,221.0,252363.7,401.04620749782043,3.8535309503051436
4311718,Maçambará - RS,4425,431171,11.0,46.0,282138.4,248.58757062146893,1.03954802259887
4311734,Mampituba - RS,3131,431173,12.0,28.0,79330.3,383.26413286489935,0.8942829766847652
4311759,Manoel Viana - RS,6801,431175,24.0,191.0,350110.0,352.88928098809,2.8084105278635496
4311775,Maquiné - RS,7418,431177,42.0,187.0,200381.7,566.1903478026422,2.5208951199784306
4311791,Maratá - RS,2470,431179,13.0,393.0,77023.5,526.3157894736842,15.910931174089068
4311809,Marau - RS,45124,431180,141.0,13430.0,3393310.8,312.47229855509266,29.762432408474425
4311908,Marcelino Ramos - RS,4320,431190,21.0,478.0,161879.7,486.11111111111114,11.064814814814815
4311981,Mariana Pimentel - RS,3916,431198,24.0,133.0,91983.0,612.8702757916241,3.39632277834525
4312005,Mariano Moro - RS,1858,431200,5.0,80.0,67224.7,269.1065662002153,4.3057050592034445
4312054,Marques de Souza - RS,3969,431205,17.0,383.0,123506.5,428.31947593852357,9.64978584026203
4312104,Mata - RS,4698,431210,29.0,103.0,147192.9,617.283950617284,2.1924223073648363
4312138,Mato Castelhano - RS,2553,431213,9.0,129.0,111973.8,352.5264394829612,5.052878965922444
4312153,Mato Leitão - RS,4859,431215,27.0,657.0,226173.4,555.6698909240584,13.52130067915209
4312179,Mato Queimado - RS,1795,431217,7.0,66.0,57921.6,389.97214484679665,3.6768802228412256
4312203,Maximiliano de Almeida - RS,4191,431220,26.0,260.0,154824.5,620.3769983297542,6.203769983297542
4312252,Minas do Leão - RS,7505,431225,49.0,853.0,257253.0,652.8980679546968,11.365756162558295
4312302,Miraguaí - RS,4427,431230,25.0,194.0,186921.0,564.71651231082,4.382200135531963
4312351,Montauri - RS,1499,431235,17.0,135.0,60169.5,1134.0893929286192,9.006004002668446
4312377,Monte Alegre dos Campos - RS,3180,431237,13.0,53.0,90048.6,408.80503144654085,1.6666666666666667
4312385,Monte Belo do Sul - RS,2557,431238,14.0,825.0,97828.9,547.5166210402816,32.26437231130231
4312401,Montenegro - RS,64322,431240,329.0,23860.0,6467582.1,511.489070613476,37.09461770467336
4312427,Mormaço - RS,2756,431242,16.0,204.0,113863.2,580.5515239477504,7.402031930333817
4312443,Morrinhos do Sul - RS,3071,431244,14.0,71.0,82696.6,455.8775643112993,2.311950504721589
4312450,Morro Redondo - RS,6046,431245,32.0,217.0,145054.8,529.2755540853457,3.5891498511412503
4312476,Morro Reuter - RS,6029,431247,19.0,967.0,277916.0,315.1434732128048,16.039144136672746
4312500,Mostardas - RS,12090,431250,65.0,395.0,497282.5,537.6344086021505,3.2671629445823
4312609,Muçum - RS,4601,431260,24.0,1171.0,269145.8,521.6257335361878,25.45098891545316
4312617,Muitos Capões - RS,2879,431261,10.0,114.0,851698.0,347.34282737061477,3.959708232025009
4312625,Muliterno - RS,1721,431262,5.0,92.0,51791.4,290.5287623474724,5.345729227193492
4312658,Não-Me-Toque - RS,17898,431265,94.0,3781.0,2758225.4,525.1983461839311,21.125265392781316
4312674,Nicolau Vergueiro - RS,1932,431267,7.0,90.0,100510.1,362.3188405797101,4.658385093167702
4312708,Nonoai - RS,13719,431270,63.0,593.0,513799.4,459.2171441067133,4.322472483417158
4312757,Nova Alvorada - RS,3163,431275,11.0,140.0,199830.0,347.77110338286434,4.426177679418274
4312807,Nova Araçá - RS,4954,431280,16.0,891.0,345621.0,322.9713362939039,17.985466289866775
4312906,Nova Bassano - RS,9649,431290,35.0,2203.0,809140.0,362.7318893149549,22.831381490309877
4312955,Nova Boa Vista - RS,2042,431295,7.0,53.0,139367.4,342.80117531831536,2.595494613124388
4313003,Nova Bréscia - RS,3044,431300,17.0,308.0,127413.9,558.4756898817346,10.11826544021025
4313011,Nova Candelária - RS,3061,431301,10.0,64.0,197086.9,326.6906239790918,2.0908199934661873
4313037,Nova Esperança do Sul - RS,4865,431303,23.0,78.0,133013.8,472.764645426516,1.6032887975334018
4313060,Nova Hartz - RS,20088,431306,76.0,964.0,894687.2,378.3353245718837,4.798884906411788
4313086,Nova Pádua - RS,2343,431308,9.0,1310.0,95083.4,384.1229193341869,55.91122492530943
4313102,Nova Palma - RS,5586,431310,23.0,343.0,307919.5,411.7436448263516,6.140350877192982
4313201,Nova Petrópolis - RS,23300,431320,100.0,7205.0,1044948.9,429.18454935622316,30.92274678111588
4313300,Nova Prata - RS,25692,431330,105.0,8089.0,1449629.5,408.6875291919664,31.484508796512532
4313334,Nova Ramada - RS,2163,431333,4.0,323.0,199441.1,184.9283402681461,14.932963476652796
4313359,Nova Roma do Sul - RS,3466,431335,8.0,1289.0,177535.1,230.81361800346218,37.18984420080785
4313375,Nova Santa Rita - RS,29024,431337,130.0,6431.0,2758041.6,447.9051819184124,22.157524807056227
4313391,Novo Cabrais - RS,3568,431339,17.0,80.0,131086.4,476.457399103139,2.242152466367713
4313409,Novo Hamburgo - RS,227646,431340,1168.0,71630.0,10915914.7,513.0773218066647,31.465521028263183
4313425,Novo Machado - RS,3198,431342,21.0,305.0,143697.8,656.6604127579737,9.537210756722953
4313441,Novo Tiradentes - RS,2146,431344,11.0,47.0,65769.4,512.5815470643057,2.190121155638397
4313466,Novo Xingu - RS,1646,431346,4.0,36.0,65004.8,243.0133657351154,2.187120291616039
4313490,Novo Barreiro - RS,4272,431349,21.0,116.0,114368.1,491.57303370786514,2.715355805243446
4313508,Osório - RS,47396,431350,197.0,6437.0,1992123.0,415.6468900329142,13.581314878892734
4313607,Paim Filho - RS,3629,431360,14.0,154.0,138641.2,385.78120694406175,4.243593276384678
4313656,Palmares do Sul - RS,12844,431365,82.0,651.0,666940.2,638.4303955154157,5.068514481469947
4313706,Palmeira das Missões - RS,33216,431370,184.0,2561.0,1808604.6,553.9499036608863,7.710139691714836
4313805,Palmitinho - RS,7839,431380,29.0,508.0,233999.2,369.945146064549,6.480418420716928
4313904,Panambi - RS,43515,431390,167.0,14738.0,3651828.3,383.77570952545096,33.868780880156265
4313953,Pantano Grande - RS,10212,431395,65.0,647.0,552950.2,636.50607128868,6.335683509596553
4314001,Paraí - RS,7194,431400,13.0,1617.0,412317.1,180.7061440088963,22.477064220183486
4314027,Paraíso do Sul - RS,6519,431402,47.0,141.0,185970.0,720.9694738456818,2.1629084215370455
4314035,Pareci Novo - RS,4319,431403,22.0,686.0,134708.6,509.37717064135217,15.883306320907616
4314050,Parobé - RS,52058,431405,261.0,5324.0,1497394.7,501.3638633831496,10.227054439279264
4314068,Passa Sete - RS,3983,431406,23.0,80.0,115483.9,577.4541802661311,2.0085362791865427
4314076,Passo do Sobrado - RS,6025,431407,36.0,567.0,253071.8,597.5103734439834,9.410788381742737
4314100,Passo Fundo - RS,206215,431410,875.0,42967.0,13619806.0,424.3144291152438,20.836020658051062
4314134,Paulo Bento - RS,2144,431413,8.0,126.0,197857.4,373.13432835820896,5.8768656716417915
4314159,Paverama - RS,7978,431415,49.0,591.0,261231.2,614.1890198044623,7.407871647029331
4314175,Pedras Altas - RS,2061,431417,13.0,17.0,358700.2,630.7617661329452,0.8248423095584668
4314209,Pedro Osório - RS,7484,431420,61.0,267.0,245041.7,815.0721539283804,3.5676109032602885
4314308,Pejuçara - RS,3745,431430,15.0,614.0,294044.2,400.5340453938585,16.395193591455275
4314407,Pelotas - RS,325685,431440,1861.0,55063.0,11740930.1,571.4110259913721,16.906827148932248
4314423,Picada Café - RS,5351,431442,27.0,985.0,382226.5,504.57858344234717,18.40777424780415
4314456,Pinhal - RS,2959,431445,12.0,94.0,133617.2,405.54241297735723,3.1767489016559645
4314464,Pinhal da Serra - RS,2248,431446,16.0,53.0,285483.7,711.7437722419928,2.3576512455516014
4314472,Pinhal Grande - RS,3805,431447,14.0,87.0,727915.3,367.9369250985545,2.2864651773981604
4314498,Pinheirinho do Vale - RS,4540,431449,30.0,321.0,114032.4,660.7929515418502,7.070484581497798
4314506,Pinheiro Machado - RS,11214,431450,85.0,891.0,340023.6,757.9810950597467,7.945425361155698
4314548,Pinto Bandeira - RS,2723,431454,3.0,281.0,69200.4,110.17260374586854,10.319500550863019
4314555,Pirapó - RS,2260,431455,9.0,193.0,60884.8,398.2300884955752,8.539823008849558
4314605,Piratini - RS,17504,431460,110.0,395.0,806428.9,628.4277879341864,2.2566270566727606
4314704,Planalto - RS,10406,431470,48.0,294.0,279419.8,461.27234287910824,2.825293100134538
4314753,Poço das Antas - RS,2171,431475,14.0,350.0,154362.0,644.8641179180102,16.121602947950255
4314779,Pontão - RS,3296,431477,18.0,135.0,297879.0,546.1165048543689,4.0958737864077674
4314787,Ponte Preta - RS,1575,431478,11.0,42.0,70210.1,698.4126984126984,2.666666666666667
4314803,Portão - RS,34071,431480,161.0,7149.0,1543413.8,472.54263156349975,20.98265386986
4314902,Porto Alegre - RS,1332845,431490,6272.0,596784.0,90214952.1,470.57234712213346,44.7751989166032
4315008,Porto Lucena - RS,4360,431500,25.0,131.0,114412.7,573.3944954128441,3.004587155963303
4315057,Porto Mauá - RS,2142,431505,10.0,239.0,69658.1,466.8534080298786,11.1577964519141
4315073,Porto Vera Cruz - RS,1560,431507,8.0,17.0,40675.0,512.8205128205128,1.0897435897435896
4315107,Porto Xavier - RS,9938,431510,66.0,282.0,204759.3,664.1175286778024,2.837593077077883
4315131,Pouso Novo - RS,1739,431513,2.0,45.0,51514.4,115.00862564692352,2.587694077055779
4315149,Presidente Lucena - RS,3077,431514,12.0,372.0,294671.8,389.9902502437439,12.089697757556062
4315156,Progresso - RS,5340,431515,29.0,487.0,155898.7,543.0711610486892,9.119850187265918
4315172,Protásio Alves - RS,2025,431517,14.0,182.0,85918.5,691.3580246913581,8.987654320987655
4315206,Putinga - RS,3747,431520,17.0,414.0,124597.4,453.6962903656259,11.048839071257005
4315305,Quaraí - RS,23500,431530,103.0,717.0,588978.2,438.2978723404255,3.051063829787234
4315313,Quatro Irmãos - RS,1552,431531,16.0,77.0,145777.7,1030.9278350515465,4.961340206185567
4315321,Quevedos - RS,2507,431532,17.0,26.0,189792.9,678.1013163143199,1.0370961308336657
4315354,Quinze de Novembro - RS,3910,431535,20.0,540.0,161878.2,511.50895140664966,13.810741687979538
4315404,Redentora - RS,9738,431540,45.0,334.0,186012.1,462.10720887245844,3.429862394742247
4315453,Relvado - RS,1796,431545,5.0,172.0,62683.4,278.39643652561244,9.57683741648107
4315503,Restinga Sêca - RS,14939,431550,76.0,1433.0,562183.4,508.7355244661624,9.592342191579089
4315552,Rio dos Índios - RS,2835,431555,14.0,65.0,112293.4,493.82716049382714,2.2927689594356258
4315602,Rio Grande - RS,191900,431560,1244.0,48041.0,13059825.4,648.254299114122,25.034392912975505
4315701,Rio Pardo - RS,34654,431570,209.0,3341.0,1460422.3,603.1049806660126,9.641022681364344
4315750,Riozinho - RS,4473,431575,19.0,103.0,147174.5,424.77084730605856,2.3027051196065282
4315800,Roca Sales - RS,10418,431580,42.0,2599.0,563916.0,403.14839700518337,24.947206757535035
4315909,Rodeio Bonito - RS,6654,431590,28.0,196.0,258613.9,420.7995190862639,2.9455966336038473
4315958,Rolador - RS,2291,431595,10.0,27.0,90147.8,436.49061545176784,1.1785246617197729
4316006,Rolante - RS,21253,431600,81.0,1198.0,822059.3,381.1226650355244,5.636851268056274
4316105,Ronda Alta - RS,9777,431610,35.0,295.0,431807.9,357.98302137670044,3.017285465889332
4316204,Rondinha - RS,4991,431620,19.0,187.0,233571.7,380.6852334201563,3.7467441394510117
4316303,Roque Gonzales - RS,6576,431630,40.0,679.0,410043.6,608.272506082725,10.325425790754258
4316402,Rosário do Sul - RS,36630,431640,221.0,1696.0,1155784.5,603.3306033306034,4.63008463008463
4316428,Sagrada Família - RS,2480,431642,15.0,47.0,63226.7,604.8387096774194,1.8951612903225805
4316436,Saldanha Marinho - RS,2575,431643,12.0,208.0,174882.8,466.0194174757282,8.077669902912621
4316451,Salto do Jacuí - RS,10203,431645,47.0,1079.0,844871.5,460.64882877585023,10.575320984024307
4316477,Salvador das Missões - RS,2877,431647,11.0,361.0,149877.9,382.34271810914146,12.547792839763645
4316501,Salvador do Sul - RS,6879,431650,23.0,1788.0,322724.0,334.3509230992877,25.992150021805493
4316600,Sananduva - RS,16399,431660,61.0,1326.0,827815.6,371.97390084761264,8.08585889383499
4316709,Santa Bárbara do Sul - RS,8122,431670,39.0,920.0,981525.1,480.1772962324551,11.327259295739966
4316733,Santa Cecília do Sul - RS,1674,431673,3.0,39.0,103168.0,179.21146953405017,2.3297491039426523
4316758,Santa Clara do Sul - RS,6887,431675,34.0,928.0,360574.7,493.6837519965152,13.474662407434296
4316808,Santa Cruz do Sul - RS,133230,431680,617.0,38266.0,11189591.3,463.10890940478873,28.721759363506717
4316907,Santa Maria - RS,271735,431690,1271.0,53329.0,9799720.9,467.7351095736655,19.625370305628646
4316956,Santa Maria do Herval - RS,6340,431695,32.0,530.0,263463.2,504.7318611987382,8.3596214511041
4316972,Santa Margarida do Sul - RS,2596,431697,19.0,9.0,248129.6,731.8952234206471,0.34668721109399075
4317004,Santana da Boa Vista - RS,7024,431700,47.0,69.0,307801.8,669.1343963553531,0.9823462414578589
4317103,Sant'Ana do Livramento - RS,84421,431710,459.0,6864.0,2819394.0,543.7035808625816,8.130678385709716
4317202,Santa Rosa - RS,76963,431720,308.0,13268.0,4050229.7,400.1923001961982,17.239452724036227
4317251,Santa Tereza - RS,1505,431725,6.0,271.0,45553.3,398.6710963455149,18.006644518272424
4317301,Santa Vitória do Palmar - RS,30983,431730,207.0,1310.0,1602179.5,668.1083174644159,4.228125100861763
4317400,Santiago - RS,48938,431740,253.0,3830.0,1758686.6,516.9806694184477,7.8262291062160285
4317509,Santo Ângelo - RS,76917,431750,381.0,12845.0,3062173.0,495.3391317914115,16.69981928572357
4317558,Santo Antônio do Palma - RS,2091,431755,8.0,91.0,99139.6,382.5920612147298,4.351984696317551
4317608,Santo Antônio da Patrulha - RS,42947,431760,169.0,3429.0,1909247.1,393.50827764453857,7.984259668894218
4317707,Santo Antônio das Missões - RS,10300,431770,63.0,265.0,374215.8,611.6504854368933,2.5728155339805827
4317756,Santo Antônio do Planalto - RS,2089,431775,12.0,125.0,167164.0,574.4375299186213,5.98372426998564
4317806,Santo Augusto - RS,13902,431780,75.0,1458.0,705693.6,539.4907207596029,10.487699611566681
4317905,Santo Cristo - RS,15320,431790,79.0,1228.0,690812.7,515.6657963446474,8.015665796344647
4317954,Santo Expedito do Sul - RS,2349,431795,6.0,87.0,97434.0,255.4278416347382,3.7037037037037033
4318002,São Borja - RS,59676,431800,348.0,3723.0,2355190.9,583.1490046249749,6.238688920168912
4318051,São Domingos do Sul - RS,2754,431805,12.0,169.0,114438.6,435.72984749455344,6.136528685548293
4318101,São Francisco de Assis - RS,17618,431810,92.0,709.0,487080.3,522.1932114882507,4.02429333636054
4318200,São Francisco de Paula - RS,21893,431820,100.0,1929.0,1035535.5,456.7670031516923,8.811035490796144
4318309,São Gabriel - RS,58487,431830,343.0,2512.0,2430982.8,586.4551096824936,4.294971532135347
4318408,São Jerônimo - RS,21028,431840,102.0,3746.0,658232.0,485.0675290089404,17.81434278105383
4318424,São João da Urtiga - RS,4461,431842,11.0,125.0,156461.3,246.58148397220356,2.8020623178659494
4318432,São João do Polêsine - RS,2649,431843,20.0,233.0,100561.2,755.0018875047188,8.795771989429973
4318440,São Jorge - RS,2912,431844,11.0,75.0,105496.5,377.74725274725273,2.5755494505494503
4318457,São José das Missões - RS,2362,431845,15.0,32.0,71926.4,635.0550381033023,1.3547840812870449
4318465,São José do Herval - RS,1902,431846,15.0,65.0,52578.9,788.6435331230283,3.4174553101997898
4318481,São José do Hortêncio - RS,4447,431848,13.0,387.0,125767.6,292.3319091522375,8.702496064762762
4318499,São José do Inhacorá - RS,2406,431849,14.0,369.0,185264.9,581.8786367414797,15.336658354114713
4318507,São José do Norte - RS,25443,431850,149.0,2634.0,651592.7,585.6227646110914,10.352552765004127
4318606,São José do Ouro - RS,6834,431860,32.0,405.0,422708.5,468.2470002926544,5.926251097453907
4318614,São José do Sul - RS,2380,431861,6.0,526.0,92819.5,252.10084033613447,22.100840336134453
4318622,São José dos Ausentes - RS,4172,431862,20.0,191.0,150167.2,479.38638542665393,4.578139980824544
4318705,São Leopoldo - RS,217409,431870,1077.0,76635.0,11108700.1,495.37967609436595,35.24923071262
4318804,São Lourenço do Sul - RS,41989,431880,249.0,4746.0,1625159.2,593.0124556431447,11.30296029912596
4318903,São Luiz Gonzaga - RS,34752,431890,210.0,2908.0,1735289.8,604.2817679558011,8.367863720073665
4319000,São Marcos - RS,21084,431900,91.0,11403.0,1215871.4,431.60690571049133,54.08366533864542
4319109,São Martinho - RS,5481,431910,29.0,443.0,294725.0,529.1005291005291,8.082466703156358
4319125,São Martinho da Serra - RS,2860,431912,19.0,69.0,248748.3,664.3356643356643,2.4125874125874125
4319158,São Miguel das Missões - RS,7056,431915,37.0,436.0,512975.3,524.3764172335601,6.179138321995465
4319208,São Nicolau - RS,5118,431920,29.0,145.0,171473.0,566.6275889019148,2.8331379445095743
4319307,São Paulo das Missões - RS,5846,431930,36.0,183.0,181060.1,615.8056790968184,3.1303455354088268
4319356,São Pedro da Serra - RS,3548,431935,12.0,743.0,104627.3,338.21871476888384,20.941375422773394
4319364,São Pedro das Missões - RS,1757,431936,7.0,17.0,102131.0,398.40637450199205,0.9675583380762665
4319372,São Pedro do Butiá - RS,3070,431937,7.0,350.0,128336.2,228.0130293159609,11.400651465798045
4319406,São Pedro do Sul - RS,15577,431940,75.0,891.0,457770.1,481.4791038068948,5.71997175322591
4319505,São Sebastião do Caí - RS,24428,431950,153.0,4245.0,988053.3,626.3304404781398,17.377599476011135
4319604,São Sepé - RS,21219,431960,133.0,1264.0,895943.1,626.7967387718554,5.9569253970498135
4319703,São Valentim - RS,3264,431970,24.0,254.0,117332.6,735.2941176470588,7.7818627450980395
4319711,São Valentim do Sul - RS,2207,431971,11.0,169.0,77018.6,498.4141368373357,7.657453556864521
4319737,São Valério do Sul - RS,2543,431973,14.0,26.0,56571.0,550.5308690523004,1.0224144710971292
4319752,São Vendelino - RS,2251,431975,10.0,401.0,89106.0,444.247001332741,17.814304753442915
4319802,São Vicente do Sul - RS,8097,431980,40.0,505.0,646468.3,494.01012720760775,6.236877855996048
4319901,Sapiranga - RS,75648,431990,361.0,10060.0,3686148.1,477.21023688663286,13.298434856175973
4320008,Sapucaia do Sul - RS,132107,432000,722.0,42927.0,4378885.3,546.5266791313103,32.49411461921019
4320107,Sarandi - RS,22851,432010,86.0,1971.0,1388514.5,376.35114437004944,8.625443087829854
4320206,Seberi - RS,11950,432020,75.0,567.0,653026.2,627.6150627615062,4.7447698744769875
4320230,Sede Nova - RS,2704,432023,8.0,124.0,112472.4,295.85798816568047,4.585798816568047
4320263,Segredo - RS,6009,432026,42.0,111.0,131665.4,698.9515726410384,1.8472291562656018
4320305,Selbach - RS,5107,432030,15.0,665.0,315596.9,293.7145094967691,13.021343254356765
4320321,Senador Salgado Filho - RS,2673,432032,14.0,78.0,108603.0,523.7560793116348,2.9180695847362514
4320354,Sentinela do Sul - RS,5306,432035,31.0,73.0,150052.1,584.2442517904259,1.3758009800226159
4320404,Serafina Corrêa - RS,16961,432040,55.0,5096.0,830136.3,324.27333294027477,30.045398266611638
4320453,Sério - RS,1941,432045,10.0,63.0,58837.6,515.1983513652756,3.2457496136012365
4320503,Sertão - RS,5541,432050,32.0,377.0,397349.3,577.5130842808157,6.80382602418336
4320552,Sertão Santana - RS,5863,432055,43.0,253.0,338546.7,733.4129285348797,4.315196998123827
4320578,Sete de Setembro - RS,1830,432057,8.0,244.0,61049.1,437.1584699453552,13.333333333333334
4320602,Severiano de Almeida - RS,3406,432060,21.0,205.0,126366.1,616.5590135055784,6.018790369935409
4320651,Silveira Martins - RS,2028,432065,13.0,197.0,69071.0,641.025641025641,9.714003944773175
4320677,Sinimbu - RS,8578,432067,47.0,580.0,197557.0,547.9132664956867,6.76148286313826
4320701,Sobradinho - RS,14226,432070,66.0,916.0,472339.9,463.93926613243354,6.438914663292563
4320800,Soledade - RS,29991,432080,169.0,2326.0,1218857.9,563.5023840485479,7.755660031342735
4320859,Tabaí - RS,4461,432085,18.0,553.0,157891.8,403.4969737726967,12.39632369423896
4320909,Tapejara - RS,24557,432090,105.0,1938.0,1690647.9,427.57665838661075,7.891843466221444
4321006,Tapera - RS,10592,432100,53.0,1460.0,588432.1,500.3776435045317,13.783987915407856
4321105,Tapes - RS,14695,432110,76.0,1109.0,550849.6,517.1827152092549,7.546784620619258
4321204,Taquara - RS,53242,432120,318.0,9185.0,1650287.7,597.272829720897,17.251418053416476
4321303,Taquari - RS,25198,432130,171.0,6130.0,1018376.2,678.6252877212478,24.327327565679816
4321329,Taquaruçu do Sul - RS,3119,432132,12.0,124.0,172597.6,384.73869830073744,3.9756332157742866
4321352,Tavares - RS,5212,432135,27.0,146.0,123164.9,518.0353031465847,2.8012279355333844
4321402,Tenente Portela - RS,14497,432140,64.0,2199.0,531864.5,441.4706490998137,15.168655583913912
4321436,Terra de Areia - RS,10334,432143,59.0,421.0,317410.1,570.9309076833753,4.073930714147474
4321451,Teutônia - RS,32797,432145,139.0,10309.0,1779423.4,423.81925176083183,31.432752995700824
4321469,Tio Hugo - RS,3267,432146,15.0,237.0,186236.3,459.1368227731864,7.254361799816346
4321477,Tiradentes do Sul - RS,5129,432147,35.0,195.0,156601.1,682.3942288945213,3.801910703840904
4321493,Toropi - RS,2554,432149,11.0,56.0,75078.1,430.6969459671104,2.192638997650744
4321501,Torres - RS,41751,432150,219.0,4637.0,1544810.1,524.5383344111518,11.106320806687265
4321600,Tramandaí - RS,54387,432160,330.0,5215.0,1329518.6,606.7626454851343,9.58868847334841
4321626,Travesseiro - RS,2152,432162,10.0,113.0,75525.5,464.6840148698885,5.25092936802974
4321634,Três Arroios - RS,2591,432163,17.0,175.0,122485.4,656.1173292165187,6.754148977228869
4321667,Três Cachoeiras - RS,10962,432166,48.0,658.0,337653.9,437.8762999452655,6.002554278416347
4321709,Três Coroas - RS,24425,432170,123.0,3044.0,940955.4,503.58239508700103,12.462640736949847
4321808,Três de Maio - RS,24916,432180,117.0,4126.0,1382580.4,469.5777813453203,16.559640391716165
4321832,Três Forquilhas - RS,2760,432183,9.0,38.0,65535.1,326.0869565217391,1.3768115942028984
4321857,Três Palmeiras - RS,4716,432185,24.0,104.0,167220.6,508.9058524173028,2.205258693808312
4321907,Três Passos - RS,25436,432190,111.0,4196.0,1042890.6,436.38936939770406,16.49630445038528
4321956,Trindade do Sul - RS,7556,432195,34.0,171.0,350215.5,449.97353096876657,2.263102170460561
4322004,Triunfo - RS,27498,432200,126.0,6239.0,8100073.0,458.215142919485,22.688922830751327
4322103,Tucunduva - RS,5542,432210,25.0,664.0,231815.6,451.1006856730422,11.981234211476002
4322152,Tunas - RS,3681,432215,24.0,48.0,94230.0,651.9967400162999,1.3039934800325998
4322186,Tupanci do Sul - RS,1374,432218,4.0,35.0,69335.3,291.1208151382824,2.547307132459971
4322202,Tupanciretã - RS,20005,432220,108.0,2031.0,1376718.6,539.8650337415646,10.152461884528869
4322251,Tupandi - RS,5029,432225,21.0,1000.0,492125.8,417.57804732551205,19.884668920262477
4322301,Tuparendi - RS,8363,432230,39.0,941.0,337680.0,466.3398302044721,11.251943082625852
4322327,Turuçu - RS,3419,432232,21.0,66.0,155552.7,614.2146826557473,1.9303890026323485
4322343,Ubiretama - RS,1994,432234,10.0,25.0,66301.4,501.5045135406219,1.2537612838515546
4322350,União da Serra - RS,1170,432235,7.0,92.0,61154.3,598.2905982905984,7.863247863247863
4322376,Unistalda - RS,1995,432237,10.0,23.0,72706.0,501.25313283208015,1.1528822055137844
4322400,Uruguaiana - RS,117210,432240,594.0,11825.0,3458296.3,506.7826977220373,10.088729630577596
4322509,Vacaria - RS,64197,432250,387.0,9858.0,3123584.7,602.8319080330856,15.355857750362167
4322525,Vale Verde - RS,3150,432252,17.0,145.0,124468.3,539.6825396825398,4.603174603174604
4322533,Vale do Sol - RS,9897,432253,59.0,955.0,308990.2,596.140244518541,9.64938870364757
4322541,Vale Real - RS,6058,432254,23.0,2350.0,236643.3,379.6632551997359,38.791680422581706
4322558,Vanini - RS,2004,432255,9.0,67.0,66961.2,449.1017964071856,3.343313373253493
4322608,Venâncio Aires - RS,68763,432260,319.0,14335.0,3876144.5,463.91227840553785,20.846967118944782
4322707,Vera Cruz - RS,26710,432270,133.0,4422.0,879952.0,497.9408461250468,16.555597154623737
4322806,Veranópolis - RS,24021,432280,77.0,9972.0,2153389.2,320.5528495899421,41.51367553390783
4322855,Vespasiano Corrêa - RS,1818,432285,9.0,201.0,96634.6,495.0495049504951,11.056105610561056
4322905,Viadutos - RS,4769,432290,25.0,349.0,180273.0,524.2189138184106,7.318096036905011
4323002,Viamão - RS,224112,432300,1228.0,44820.0,4647664.1,547.9403155565075,19.998929106875135
4323101,Vicente Dutra - RS,4665,432310,22.0,29.0,116894.5,471.5969989281886,0.6216505894962486
4323200,Victor Graeff - RS,2780,432320,17.0,212.0,183147.0,611.5107913669065,7.625899280575539
4323309,Vila Flores - RS,3646,432330,10.0,1204.0,331034.4,274.27317608337904,33.02249040043883
4323358,Vila Lângaro - RS,2079,432335,5.0,43.0,159763.5,240.50024050024052,2.068302068302068
4323408,Vila Maria - RS,4413,432340,23.0,300.0,326670.5,521.1874008610922,6.798096532970768
4323457,Vila Nova do Sul - RS,3863,432345,21.0,52.0,158884.4,543.6189490033653,1.3461040641988091
4323507,Vista Alegre - RS,2660,432350,13.0,100.0,120420.1,488.7218045112782,3.7593984962406015
4323606,Vista Alegre do Prata - RS,1590,432360,9.0,102.0,74431.6,566.0377358490566,6.415094339622642
4323705,Vista Gaúcha - RS,2783,432370,14.0,152.0,87315.0,503.0542579949695,5.461731943945383
4323754,Vitória das Missões - RS,3260,432375,16.0,349.0,80086.7,490.79754601226995,10.705521472392638
4323770,Westfália - RS,3098,432377,12.0,809.0,255847.2,387.34667527437057,26.11362169141381
4323804,Xangri-lá - RS,16463,432380,65.0,1923.0,790855.5,394.82475854947455,11.68073862600984
5000203,Água Clara - MS,16741,500020,59.0,4056.0,1718477.9,352.4281703601935,24.22794337255839
5000252,Alcinópolis - MS,4537,500025,16.0,628.0,291925.7,352.6559400484902,13.84174564690324
5000609,Amambai - MS,39325,500060,196.0,4591.0,2107400.9,498.410680228862,11.674507310870947
5000708,Anastácio - MS,24114,500070,109.0,2120.0,964114.9,452.01957369163136,8.791573359873931
5000807,Anaurilândia - MS,7653,500080,33.0,1004.0,438852.7,431.203449627597,13.11903828563962
5000856,Angélica - MS,10729,500085,53.0,4044.0,1013830.4,493.98825612825055,37.69223599589896
5000906,Antônio João - MS,9303,500090,36.0,515.0,917074.9,386.9719445340213,5.535848650972804
5001003,Aparecida do Taboado - MS,27674,500100,119.0,5865.0,2245279.2,430.00650430006505,21.193177711931778
5001102,Aquidauana - MS,46803,500110,229.0,5956.0,1341941.2,489.2848749011815,12.725679977779203
5001243,Aral Moreira - MS,10748,500124,54.0,838.0,1184828.1,502.41905470785264,7.796799404540379
5001508,Bandeirantes - MS,7940,500150,37.0,1035.0,1076854.7,465.99496221662463,13.035264483627204
5001904,Bataguassu - MS,23031,500190,109.0,3349.0,1403351.9,473.27515088359166,14.541270461551822
5002001,Batayporã - MS,10712,500200,46.0,1359.0,637225.1,429.4249439880508,12.686706497386108
5002100,Bela Vista - MS,21613,500210,100.0,1888.0,1098991.0,462.68449544255776,8.73548327395549
5002159,Bodoquena - MS,8567,500215,35.0,859.0,511355.2,408.5444146142174,10.026847204388934
5002209,Bonito - MS,23659,500220,84.0,2332.0,1312946.3,355.0445919100554,9.856714146836298
5002308,Brasilândia - MS,11579,500230,49.0,2160.0,1056555.0,423.17989463684256,18.654460661542448
5002407,Caarapó - MS,30612,500240,150.0,6318.0,2000419.6,490.0039200313603,20.638965111720893
5002605,Camapuã - MS,13583,500260,52.0,2757.0,774336.4,382.83148052712954,20.297430611794155
5002704,Campo Grande - MS,898100,500270,3707.0,267928.0,40478598.4,412.7602716846676,29.832758044761164
5002803,Caracol - MS,5036,500280,24.0,252.0,218740.0,476.5687053216839,5.003971405877681
5002902,Cassilândia - MS,20988,500290,122.0,4102.0,1000068.2,581.2845435486945,19.544501619973317
5002951,Chapadão do Sul - MS,30993,500295,73.0,8293.0,3540874.4,235.53705675475106,26.757654954344527
5003108,Corguinho - MS,4783,500310,15.0,361.0,139569.9,313.6107045787163,7.547564290194439
5003157,Coronel Sapucaia - MS,14289,500315,90.0,543.0,361038.7,629.8551333193366,3.800125971026664
5003207,Corumbá - MS,96268,500320,460.0,18557.0,3858946.6,477.8327169983795,19.27639506378028
5003256,Costa Rica - MS,26037,500325,107.0,5941.0,3569032.4,410.9536428928064,22.81752890117909
5003306,Coxim - MS,32151,500330,165.0,5515.0,1273342.0,513.2033218251377,17.153432241609902
5003454,Deodápolis - MS,13663,500345,59.0,3690.0,576103.4,431.8231720705555,27.007245846446608
5003488,Dois Irmãos do Buriti - MS,11100,500348,42.0,542.0,375901.3,378.3783783783784,4.882882882882883
5003504,Douradina - MS,5578,500350,21.0,847.0,221683.8,376.4790247400502,15.18465399784869
5003702,Dourados - MS,243367,500370,1009.0,79256.0,17441797.7,414.60017175705826,32.566453134566316
5003751,Eldorado - MS,11386,500375,54.0,1376.0,558799.6,474.26664324609175,12.08501668715967
5003801,Fátima do Sul - MS,20609,500380,108.0,4499.0,730287.4,524.0428938813141,21.830268329370664
5003900,Figueirão - MS,3539,500390,14.0,437.0,161689.8,395.59197513421867,12.348120938118113
5004007,Glória de Dourados - MS,10444,500400,53.0,2707.0,332846.7,507.4684029107622,25.91918805055534
5004106,Guia Lopes da Laguna - MS,9940,500410,60.0,884.0,360935.9,603.6217303822938,8.893360160965795
5004304,Iguatemi - MS,13808,500430,63.0,1190.0,756245.7,456.25724217844726,8.61819235225956
5004403,Inocência - MS,8404,500440,38.0,1542.0,474388.1,452.1656354117087,18.348405521180393
5004502,Itaporã - MS,24137,500450,86.0,3665.0,1340705.8,356.29945726478024,15.184157103202553
5004601,Itaquiraí - MS,19423,500460,94.0,2077.0,1232965.6,483.96231272203056,10.693507697060186
5004700,Ivinhema - MS,27821,500470,108.0,8209.0,1561568.9,388.19596707523095,29.5064879048201
5004809,Japorã - MS,8148,500480,53.0,161.0,191238.1,650.4663721158566,1.9759450171821304
5004908,Jaraguari - MS,7139,500490,23.0,831.0,777135.6,322.1739739459308,11.640285754307326
5005004,Jardim - MS,23981,500500,120.0,3676.0,1067856.5,500.3961469496685,15.328801968224845
5005103,Jateí - MS,3586,500510,11.0,1073.0,389893.3,306.7484662576687,29.92191857222532
5005152,Juti - MS,6729,500515,34.0,834.0,388258.3,505.2756724624759,12.394115024520731
5005202,Ladário - MS,21522,500520,88.0,3895.0,385976.0,408.88393272000746,18.097760431186693
5005251,Laguna Carapã - MS,6799,500525,31.0,1582.0,895137.9,455.9494043241653,23.26812766583321
5005400,Maracaju - MS,45047,500540,143.0,5713.0,5775525.4,317.446222833929,12.682309587763891
5005608,Miranda - MS,25536,500560,101.0,2282.0,673147.3,395.5200501253133,8.93640350877193
5005681,Mundo Novo - MS,19193,500568,95.0,2129.0,838514.4,494.97212525399885,11.092585838586984
5005707,Naviraí - MS,50457,500570,206.0,11605.0,2882131.8,408.2684265810492,22.99978199258775
5005806,Nioaque - MS,13220,500580,47.0,725.0,541178.7,355.5219364599092,5.484114977307111
5006002,Nova Alvorada do Sul - MS,21822,500600,83.0,4926.0,2485637.2,380.35010539822196,22.573549628814956
5006200,Nova Andradina - MS,48563,500620,220.0,9355.0,3205466.0,453.019788728044,19.263636925231143
5006259,Novo Horizonte do Sul - MS,4721,500625,14.0,1040.0,267858.0,296.54734166490147,22.02923109510697
5006275,Paraíso das Águas - MS,5510,500627,10.0,0.0,1545566.0,181.48820326678765,0.0
5006309,Paranaíba - MS,40957,500630,241.0,10265.0,1606751.1,588.4220035647143,25.062870815733575
5006358,Paranhos - MS,12921,500635,48.0,662.0,241040.3,371.48827490132345,5.123442458014085
5006408,Pedro Gomes - MS,6941,500640,37.0,1085.0,390020.7,533.0643999423714,15.631753349661432
5006606,Ponta Porã - MS,92017,500660,428.0,10121.0,4682121.5,465.13144310290494,10.99905452253388
5006903,Porto Murtinho - MS,12859,500690,44.0,603.0,452837.6,342.1727972626176,4.68932265339451
5007109,Ribas do Rio Pardo - MS,23150,500710,101.0,8982.0,2220978.4,436.2850971922246,38.79913606911447
5007208,Rio Brilhante - MS,37601,500720,125.0,7559.0,3253726.8,332.43796707534375,20.103188744980187
5007307,Rio Negro - MS,4841,500730,25.0,710.0,157675.0,516.422226812642,14.666391241479031
5007406,Rio Verde de Mato Grosso - MS,19818,500740,88.0,3563.0,843881.1,444.04077101624785,17.978605308305582
5007505,Rochedo - MS,5199,500750,29.0,360.0,373745.6,557.7995768417003,6.924408540103865
5007554,Santa Rita do Pardo - MS,7027,500755,26.0,772.0,414091.0,370.00142308239646,10.986196100754233
5007695,São Gabriel do Oeste - MS,29579,500769,97.0,6233.0,3210185.1,327.9353595456236,21.072382433483213
5007703,Sete Quedas - MS,10994,500770,49.0,1188.0,408989.2,445.6976532654175,10.805894124067674
5007802,Selvíria - MS,8142,500780,44.0,1825.0,2961878.2,540.4077622205846,22.41464013755834
5007901,Sidrolândia - MS,47118,500790,199.0,6652.0,3961553.9,422.3439025425527,14.117746933231462
5007935,Sonora - MS,14516,500793,61.0,4682.0,1492717.0,420.2259575640672,32.254064480573156
5007950,Tacuru - MS,10808,500795,41.0,691.0,299108.8,379.34863064396745,6.39341228719467
5007976,Taquarussu - MS,3625,500797,18.0,1098.0,165126.7,496.55172413793105,30.28965517241379
5008008,Terenos - MS,17652,500800,79.0,2384.0,934247.6,447.54135508724227,13.50555177883526
5008305,Três Lagoas - MS,132152,500830,547.0,45845.0,13045270.8,413.9173073430595,34.69111326351474
5008404,Vicentina - MS,6336,500840,39.0,1764.0,318970.7,615.530303030303,27.84090909090909
5100102,Acorizal - MT,5014,510010,20.0,1109.0,143255.4,398.8831272437176,22.11806940566414
5100201,Água Boa - MT,29219,510020,96.0,3401.0,2559709.3,328.5533385810603,11.639686505356103
5100250,Alta Floresta - MT,58613,510025,245.0,4658.0,2570691.5,417.9960077115998,7.947042464982171
5100300,Alto Araguaia - MT,17193,510030,51.0,2069.0,1820876.3,296.63235037515267,12.033967312278254
5100359,Alto Boa Vista - MT,5715,510035,17.0,127.0,321152.1,297.4628171478565,2.2222222222222223
5100409,Alto Garças - MT,13052,510040,46.0,1753.0,1382832.3,352.43640821330064,13.430891817346
5100508,Alto Paraguai - MT,8009,510050,50.0,289.0,155561.6,624.2976651267323,3.6084405044325134
5100607,Alto Taquari - MT,10904,510060,37.0,2822.0,1516365.8,339.32501834189287,25.880410858400587
5100805,Apiacás - MT,8590,510080,35.0,104.0,256493.7,407.4505238649592,1.210710128055879
5101001,Araguaiana - MT,3795,510100,18.0,79.0,172514.3,474.30830039525694,2.0816864295125166
5101209,Araguainha - MT,1010,510120,3.0,22.0,31669.0,297.029702970297,2.178217821782178
5101258,Araputanga - MT,14786,510125,63.0,1854.0,707293.1,426.07872311646156,12.538888137427296
5101308,Arenápolis - MT,10576,510130,46.0,1415.0,270201.6,434.94704992435703,13.379349470499244
5101407,Aripuanã - MT,24626,510140,94.0,1470.0,1397040.7,381.7103873954357,5.969300739056282
5101605,Barão de Melgaço - MT,7253,510160,21.0,146.0,121805.8,289.5353646766855,2.0129601544188613
5101704,Barra do Bugres - MT,29403,510170,113.0,5067.0,1774306.7,384.31452572866715,17.232935414753598
5101803,Barra do Garças - MT,69210,510180,264.0,12064.0,3208205.5,381.4477676636324,17.431007079901747
5101852,Bom Jesus do Araguaia - MT,7280,510185,21.0,108.0,1178321.0,288.46153846153845,1.4835164835164834
5101902,Brasnorte - MT,17004,510190,45.0,943.0,2458069.8,264.6436132674665,5.545753940249353
5102504,Cáceres - MT,89681,510250,458.0,9984.0,2349226.5,510.6990332400397,11.132792899276325
5102603,Campinápolis - MT,15347,510260,62.0,491.0,498545.5,403.9877500488695,3.1993223431289506
5102637,Campo Novo do Parecis - MT,45899,510263,131.0,9816.0,7304671.2,285.40926817577724,21.386086842850606
5102678,Campo Verde - MT,44585,510267,146.0,7412.0,5239951.8,327.46439385443534,16.62442525513065
5102686,Campos de Júlio - MT,8822,510268,27.0,2519.0,2919959.7,306.05304919519386,28.553615960099748
5102694,Canabrava do Norte - MT,4485,510269,16.0,36.0,299804.9,356.74470457079155,0.8026755852842808
5102702,Canarana - MT,25858,510270,88.0,2320.0,3111500.4,340.3202103797664,8.972078273648387
5102793,Carlinda - MT,10332,510279,47.0,214.0,373988.0,454.8974061169183,2.0712349980642664
5102850,Castanheira - MT,7506,510285,26.0,133.0,217319.1,346.38955502264855,1.771915800692779
5103007,Chapada dos Guimarães - MT,18990,510300,70.0,1631.0,1386947.9,368.6150605581885,8.588730911005793
5103056,Cláudia - MT,9593,510305,48.0,895.0,1189669.2,500.3648493693318,9.329719587199
5103106,Cocalinho - MT,6220,510310,30.0,194.0,348085.5,482.31511254019296,3.1189710610932475
5103205,Colíder - MT,31370,510320,130.0,2146.0,1544914.6,414.4086707044948,6.840930825629582
5103254,Colniza - MT,25766,510325,88.0,155.0,781096.5,341.5353566715827,0.6015679577738104
5103304,Comodoro - MT,18238,510330,83.0,1086.0,1123198.7,455.09376028073257,5.954600285118982
5103353,Confresa - MT,35075,510335,107.0,1384.0,1746499.4,305.0605844618674,3.9458303635067713
5103361,Conquista D'Oeste - MT,3760,510336,8.0,117.0,157866.1,212.76595744680853,3.1117021276595747
5103379,Cotriguaçu - MT,11011,510337,33.0,163.0,271309.4,299.7002997002997,1.4803378439742076
5103403,Cuiabá - MT,650877,510340,2358.0,243424.0,34153880.9,362.2804308648178,37.39938575183944
5103437,Curvelândia - MT,4903,510343,22.0,117.0,136475.7,448.7048745665919,2.3862941056496023
5103452,Denise - MT,7014,510345,34.0,1887.0,503914.8,484.74479612204163,26.903336184773313
5103502,Diamantino - MT,21941,510350,95.0,3326.0,5401804.8,432.9793537213436,15.158835057654619
5103601,Dom Aquino - MT,7872,510360,41.0,500.0,739335.9,520.8333333333333,6.351626016260163
5103700,Feliz Natal - MT,10521,510370,31.0,750.0,1209071.4,294.6487976428096,7.1285999429712
5103809,Figueirópolis D'Oeste - MT,3187,510380,14.0,64.0,90431.2,439.2845936617509,2.008158142453718
5103858,Gaúcha do Norte - MT,8642,510385,18.0,437.0,1447641.1,208.28511918537376,5.056699838000463
5103908,General Carneiro - MT,6037,510390,26.0,228.0,595398.6,430.67748881894977,3.7767102865661752
5103957,Glória D'Oeste - MT,2905,510395,15.0,81.0,89133.7,516.3511187607573,2.7882960413080893
5104104,Guarantã do Norte - MT,31024,510410,140.0,1369.0,1082920.2,451.2635379061372,4.412712738525013
5104203,Guiratinga - MT,10966,510420,67.0,641.0,748424.1,610.9793908444282,5.8453401422578875
5104500,Indiavaí - MT,2213,510450,5.0,62.0,105728.9,225.93764121102575,2.801626751016719
5104526,Ipiranga do Norte - MT,7815,510452,23.0,1036.0,2182478.3,294.30582213691616,13.25655790147153
5104542,Itanhangá - MT,7539,510454,18.0,275.0,816015.2,238.758456028651,3.647698633771057
5104559,Itaúba - MT,5020,510455,23.0,334.0,596680.8,458.1673306772908,6.653386454183267
5104609,Itiquira - MT,12236,510460,41.0,864.0,2231709.9,335.07682249101015,7.0611310885910425
5104807,Jaciara - MT,28569,510480,110.0,5453.0,1401158.6,385.03272778186147,19.087122405404457
5104906,Jangada - MT,7426,510490,25.0,403.0,182481.5,336.65499596014007,5.426878534877458
5105002,Jauru - MT,8367,510500,44.0,572.0,330595.9,525.875463128959,6.836381020676467
5105101,Juara - MT,34906,510510,145.0,2665.0,1555632.7,415.4013636624076,7.634790580415975
5105150,Juína - MT,45869,510515,171.0,2193.0,1538462.5,372.8008022847675,4.781006780178334
5105176,Juruena - MT,10213,510517,33.0,259.0,304751.6,323.1175952217762,2.5359835503769705
5105200,Juscimeira - MT,11480,510520,34.0,1239.0,554939.2,296.1672473867596,10.792682926829269
5105234,Lambari D'Oeste - MT,4790,510523,16.0,228.0,272834.7,334.0292275574113,4.759916492693111
5105259,Lucas do Rio Verde - MT,83798,510525,252.0,22225.0,8003925.9,300.72316761736556,26.5221126995871
5105309,Luciara - MT,2509,510530,10.0,45.0,54685.8,398.5651654045437,1.7935432443204464
5105507,Vila Bela da Santíssima Trindade - MT,16774,510550,57.0,393.0,733511.9,339.8116132109216,2.3429116489805653
5105580,Marcelândia - MT,11396,510558,48.0,708.0,949767.6,421.2004212004212,6.2127062127062125
5105606,Matupá - MT,20091,510560,77.0,1280.0,1625931.9,383.2561843611567,6.371011895873774
5105622,Mirassol d'Oeste - MT,26785,510562,112.0,2650.0,1025802.1,418.1444838529028,9.893597162591004
5105903,Nobres - MT,15492,510590,81.0,1621.0,1181390.5,522.8505034856701,10.463465014200878
5106000,Nortelândia - MT,5956,510600,31.0,817.0,344518.0,520.4835460040296,13.717259905977167
5106109,Nossa Senhora do Livramento - MT,12940,510610,49.0,433.0,375822.1,378.6707882534776,3.346213292117465
5106158,Nova Bandeirantes - MT,13635,510615,52.0,122.0,404640.7,381.37147048038133,0.8947561422808947
5106174,Nova Nazaré - MT,4200,510617,15.0,35.0,182489.4,357.1428571428571,0.8333333333333334
5106182,Nova Lacerda - MT,6670,510618,22.0,127.0,390804.9,329.8350824587706,1.9040479760119942
5106190,Nova Santa Helena - MT,4239,510619,14.0,179.0,446336.5,330.2665723047889,4.22269403161123
5106208,Nova Brasilândia - MT,3932,510620,17.0,211.0,150092.3,432.34994913530016,5.366225839267548
5106216,Nova Canaã do Norte - MT,11707,510621,43.0,428.0,972702.3,367.30161441872383,3.6559323481677626
5106224,Nova Mutum - MT,55839,510622,151.0,13327.0,7464906.4,270.4203155500636,23.86683142606422
5106232,Nova Olímpia - MT,16352,510623,61.0,4859.0,925054.4,373.0430528375734,29.71501956947162
5106240,Nova Ubiratã - MT,11530,510624,34.0,1128.0,3432071.1,294.8829141370338,9.783174327840417
5106257,Nova Xavantina - MT,24345,510625,96.0,3768.0,1029677.3,394.3314849044978,15.477510782501541
5106265,Novo Mundo - MT,6520,510626,32.0,132.0,593945.4,490.79754601226995,2.024539877300614
5106273,Novo Horizonte do Norte - MT,3349,510627,21.0,82.0,97560.8,627.0528515974918,2.448492087190206
5106281,Novo São Joaquim - MT,6919,510628,27.0,265.0,1070881.8,390.22980199450785,3.8300332417979477
5106299,Paranaíta - MT,11671,510629,43.0,280.0,756270.3,368.43458144117903,2.399108902407677
5106307,Paranatinga - MT,26423,510630,104.0,2025.0,2601145.7,393.59648790826174,7.663777769367597
5106315,Novo Santo Antônio - MT,2015,510631,4.0,30.0,64418.7,198.51116625310175,1.488833746898263
5106372,Pedra Preta - MT,18066,510637,66.0,2372.0,1462612.6,365.3271338425772,13.129635779918077
5106422,Peixoto de Azevedo - MT,32714,510642,151.0,1158.0,995051.5,461.5760836339182,3.539768906278658
5106455,Planalto da Serra - MT,3166,510645,15.0,92.0,314833.5,473.7839545167404,2.9058749210360073
5106505,Poconé - MT,31217,510650,163.0,2641.0,814582.3,522.1513918698145,8.460133901399878
5106653,Pontal do Araguaia - MT,6932,510665,32.0,574.0,135251.3,461.62723600692436,8.280438545874206
5106703,Ponte Branca - MT,2008,510670,7.0,56.0,38418.3,348.60557768924303,2.788844621513944
5106752,Pontes e Lacerda - MT,52018,510675,211.0,4692.0,2278640.1,405.62882079280246,9.019954631089238
5106778,Porto Alegre do Norte - MT,12127,510677,51.0,575.0,655064.8,420.5491877628432,4.741485940463429
5106802,Porto dos Gaúchos - MT,5593,510680,31.0,517.0,1550521.4,554.2642588950474,9.243697478991598
5106828,Porto Esperidião - MT,10204,510682,34.0,246.0,273512.5,333.20266562132497,2.410819286554293
5106851,Porto Estrela - MT,3224,510685,10.0,117.0,87759.6,310.1736972704715,3.6290322580645165
5107008,Poxoréu - MT,23283,510700,81.0,855.0,1203312.3,347.89331271743333,3.672207189795129
5107040,Primavera do Leste - MT,85146,510704,253.0,18791.0,7988768.6,297.13668287412213,22.069151809832523
5107065,Querência - MT,26769,510706,66.0,2832.0,3909819.7,246.55384960215176,10.579401546565057
5107107,São José dos Quatro Marcos - MT,17849,510710,79.0,954.0,471805.0,442.60182643285344,5.344837245784078
5107156,Reserva do Cabaçal - MT,2122,510715,15.0,38.0,46372.4,706.880301602262,1.7907634307257305
5107180,Ribeirão Cascalheira - MT,10089,510718,41.0,330.0,801786.1,406.3831896124492,3.2708890871245915
5107198,Ribeirãozinho - MT,2593,510719,12.0,207.0,199827.9,462.7844195912071,7.983031237948322
5107206,Rio Branco - MT,4535,510720,20.0,235.0,110386.8,441.0143329658214,5.181918412348401
5107248,Santa Carmem - MT,5374,510724,20.0,561.0,1176355.1,372.16226274655753,10.439151470040937
5107263,Santo Afonso - MT,2519,510726,13.0,147.0,169626.5,516.0778086542279,5.835649067090115
5107297,São José do Povo - MT,2875,510729,10.0,62.0,62481.8,347.82608695652175,2.1565217391304348
5107305,São José do Rio Claro - MT,14911,510730,76.0,1159.0,1634358.3,509.6908322714774,7.772785192140031
5107354,São José do Xingu - MT,5964,510735,17.0,164.0,1039023.2,285.0435949027498,2.749832327297116
5107404,São Pedro da Cipa - MT,4191,510740,15.0,366.0,77884.4,357.9098067287044,8.732999284180387
5107578,Rondolândia - MT,3505,510757,10.0,14.0,126017.9,285.30670470756064,0.3994293865905849
5107602,Rondonópolis - MT,244911,510760,977.0,54565.0,15869901.8,398.9204241540804,22.27952194878956
5107701,Rosário Oeste - MT,15453,510770,72.0,879.0,568249.9,465.9289458357601,5.688215880411571
5107743,Santa Cruz do Xingu - MT,2661,510774,5.0,68.0,334644.5,187.89928598271325,2.5554302893649004
5107750,Salto do Céu - MT,3679,510775,15.0,43.0,100560.0,407.71948899157377,1.1687958684425115
5107768,Santa Rita do Trivelato - MT,3276,510776,7.0,730.0,1409325.0,213.67521367521368,22.283272283272286
5107776,Santa Terezinha - MT,7596,510777,19.0,93.0,320969.8,250.13164823591364,1.2243285939968405
5107792,Santo Antônio do Leste - MT,4099,510779,9.0,153.0,1165372.2,219.56574774335203,3.7326177116369847
5107800,Santo Antônio de Leverger - MT,15246,510780,84.0,1257.0,803331.6,550.9641873278237,8.24478551751279
5107859,São Félix do Araguaia - MT,13621,510785,50.0,608.0,2172963.2,367.08024374128183,4.463695763893987
5107875,Sapezal - MT,28944,510787,68.0,9202.0,5842522.7,234.93642896627972,31.792426755113322
5107883,Serra Nova Dourada - MT,1800,510788,4.0,2.0,127711.9,222.22222222222223,0.1111111111111111
5107909,Sinop - MT,196312,510790,540.0,42097.0,11650410.6,275.0723338359346,21.443925995354334
5107925,Sorriso - MT,110635,510792,335.0,21242.0,14387658.4,302.79748723279255,19.200072309847695
5107941,Tabaporã - MT,9818,510794,37.0,1101.0,1660090.2,376.8588307190874,11.214096557343654
5107958,Tangará da Serra - MT,106434,510795,371.0,21395.0,4811645.9,348.5728244733826,20.101659244226468
5108006,Tapurah - MT,14370,510800,45.0,1671.0,2367328.0,313.1524008350731,11.62839248434238
5108055,Terra Nova do Norte - MT,10616,510805,40.0,559.0,526159.4,376.78975131876416,5.265636774679729
5108105,Tesouro - MT,3025,510810,17.0,122.0,329491.6,561.9834710743801,4.033057851239669
5108204,Torixoréu - MT,4164,510820,22.0,599.0,275070.7,528.3381364073007,14.385206532180595
5108303,União do Sul - MT,3838,510830,15.0,162.0,611917.4,390.82855653986456,4.220948410630537
5108352,Vale de São Domingos - MT,2904,510835,12.0,41.0,102217.3,413.22314049586777,1.4118457300275482
5108402,Várzea Grande - MT,300078,510840,1138.0,48456.0,11559595.8,379.23473230293456,16.147801571591387
5108501,Vera - MT,12800,510850,36.0,956.0,1476865.0,281.25,7.46875
5108600,Vila Rica - MT,19888,510860,62.0,798.0,889825.4,311.74577634754627,4.0124698310539015
5108808,Nova Guarita - MT,4590,510880,9.0,120.0,202282.7,196.078431372549,2.6143790849673203
5108857,Nova Marilândia - MT,3529,510885,11.0,648.0,651212.0,311.70303202040236,18.362142249929157
5108907,Nova Maringá - MT,5846,510890,19.0,367.0,1256417.6,325.0085528566541,6.277796784125898
5108956,Nova Monte Verde - MT,8313,510895,25.0,179.0,368306.8,300.73379044869483,2.1532539396126547
5200050,Abadia de Goiás - GO,19128,520005,78.0,2944.0,405353.1,407.77917189460476,15.391049769970724
5200100,Abadiânia - GO,17232,520010,71.0,1704.0,544311.6,412.0241411327762,9.88857938718663
5200134,Acreúna - GO,21568,520013,107.0,6224.0,1456802.8,496.10534124629083,28.857566765578635
5200159,Adelândia - GO,2297,520015,10.0,474.0,53664.3,435.35045711798,20.63561166739225
5200175,Água Fria de Goiás - GO,4954,520017,11.0,376.0,616436.5,222.04279370205893,7.589826402906742
5200209,Água Limpa - GO,1858,520020,13.0,484.0,66332.0,699.6770721205597,26.04951560818084
5200258,Águas Lindas de Goiás - GO,225693,520025,654.0,10596.0,2814336.8,289.77416224694605,4.694873124111072
5200308,Alexânia - GO,27008,520030,132.0,2272.0,1493904.9,488.7440758293839,8.412322274881516
5200506,Aloândia - GO,1973,520050,6.0,406.0,78700.9,304.1054232133807,20.577800304105423
5200555,Alto Horizonte - GO,6072,520055,18.0,1902.0,737307.7,296.44268774703556,31.32411067193676
5200605,Alto Paraíso de Goiás - GO,10306,520060,28.0,742.0,402805.3,271.6863962740151,7.1996895012614015
5200803,Alvorada do Norte - GO,8446,520080,36.0,898.0,209335.2,426.2372720814586,10.632251953587497
5200829,Amaralina - GO,3268,520082,8.0,159.0,110398.0,244.79804161566705,4.865361077111383
5200852,Americano do Brasil - GO,5259,520085,36.0,851.0,97738.1,684.5407872219054,16.181783609051152
5200902,Amorinópolis - GO,3007,520090,13.0,392.0,130087.0,432.3245759893582,13.036248752909877
5201108,Anápolis - GO,398869,520110,1652.0,120776.0,19393187.2,414.17106869674,30.27961561314617
5201207,Anhanguera - GO,924,520120,9.0,170.0,23036.8,974.025974025974,18.398268398268396
5201306,Anicuns - GO,18503,520130,83.0,3474.0,729132.8,448.5759066097389,18.775333729665462
5201405,Aparecida de Goiânia - GO,527796,520140,2102.0,138931.0,19197775.6,398.25993376228695,26.322859589689955
5201454,Aparecida do Rio Doce - GO,2907,520145,15.0,282.0,133888.0,515.9958720330237,9.700722394220847
5201504,Aporé - GO,4325,520150,21.0,256.0,574539.3,485.5491329479769,5.91907514450867
5201603,Araçu - GO,3799,520160,14.0,1017.0,79947.2,368.51803106080547,26.770202684917084
5201702,Aragarças - GO,18390,520170,82.0,1645.0,316671.3,445.8945078847199,8.945078847199566
5201801,Aragoiânia - GO,11890,520180,55.0,1542.0,215372.8,462.5735912531539,12.96888141295206
5202155,Araguapaz - GO,7153,520215,43.0,656.0,220783.8,601.1463721515448,9.170977212358451
5202353,Arenópolis - GO,2946,520235,14.0,402.0,244356.7,475.22063815342835,13.64562118126273
5202502,Aruanã - GO,8300,520250,35.0,612.0,353548.7,421.68674698795184,7.373493975903614
5202601,Aurilândia - GO,3284,520260,17.0,691.0,88517.0,517.6613885505482,21.04141291108404
5202809,Avelinópolis - GO,2868,520280,13.0,420.0,86600.4,453.2775453277545,14.644351464435147
5203104,Baliza - GO,3351,520310,18.0,184.0,140014.3,537.1530886302596,5.490898239331543
5203203,Barro Alto - GO,10371,520320,31.0,5037.0,2308282.6,298.9104232957285,48.568122649696264
5203302,Bela Vista de Goiás - GO,34445,520330,143.0,6090.0,1776808.2,415.1545942807374,17.680359994193644
5203401,Bom Jardim de Goiás - GO,7826,520340,43.0,726.0,370230.8,549.4505494505495,9.27676974188602
5203500,Bom Jesus de Goiás - GO,23958,520350,104.0,6837.0,1694251.8,434.0929960764671,28.537440520911595
5203559,Bonfinópolis - GO,10296,520355,37.0,1611.0,135488.7,359.36285936285935,15.646853146853147
5203575,Bonópolis - GO,3299,520357,10.0,203.0,320197.6,303.1221582297666,6.153379812064262
5203609,Brazabrantes - GO,3992,520360,20.0,665.0,100987.0,501.002004008016,16.658316633266534
5203807,Britânia - GO,5695,520380,34.0,610.0,249704.0,597.0149253731344,10.711150131694469
5203906,Buriti Alegre - GO,10495,520390,61.0,2789.0,543167.3,581.2291567413054,26.57455931395903
5203939,Buriti de Goiás - GO,2732,520393,10.0,510.0,63515.1,366.03221083455344,18.667642752562223
5203962,Buritinópolis - GO,3145,520396,13.0,252.0,87658.2,413.3545310015898,8.012718600953896
5204003,Cabeceiras - GO,7560,520400,33.0,464.0,582979.4,436.5079365079365,6.137566137566138
5204102,Cachoeira Alta - GO,11513,520410,46.0,1560.0,336767.7,399.5483366629028,13.549900112915832
5204201,Cachoeira de Goiás - GO,1405,520420,7.0,247.0,40829.8,498.220640569395,17.580071174377224
5204250,Cachoeira Dourada - GO,7782,520425,31.0,3136.0,987681.9,398.35517861732205,40.29812387561038
5204300,Caçu - GO,13774,520430,61.0,2998.0,997749.8,442.8633657615798,21.765645418905184
5204409,Caiapônia - GO,16513,520440,73.0,1659.0,1026341.5,442.0759401683522,10.046629927935566
5204508,Caldas Novas - GO,98622,520450,333.0,18756.0,3407344.8,337.65285636064976,19.018068990691734
5204557,Caldazinha - GO,4507,520455,14.0,694.0,93320.6,310.6279121366763,15.398269358775238
5204607,Campestre de Goiás - GO,3755,520460,10.0,557.0,78141.4,266.3115845539281,14.833555259653794
5204656,Campinaçu - GO,3708,520465,18.0,210.0,122479.7,485.43689320388347,5.6634304207119746
5204706,Campinorte - GO,12510,520470,36.0,2731.0,402543.2,287.7697841726619,21.830535571542768
5204805,Campo Alegre de Goiás - GO,7422,520480,31.0,2019.0,898584.8,417.6771759633522,27.202910266774456
5204854,Campo Limpo de Goiás - GO,8081,520485,34.0,386.0,190039.8,420.7400074248237,4.776636554881822
5204904,Campos Belos - GO,18108,520490,67.0,3551.0,365495.2,370.00220896841176,19.61011707532582
5204953,Campos Verdes - GO,4005,520495,32.0,266.0,71227.9,799.0012484394507,6.641697877652934
5205000,Carmo do Rio Verde - GO,9710,520500,55.0,1903.0,656878.1,566.4263645726055,19.598352214212152
5205059,Castelândia - GO,2985,520505,22.0,336.0,111742.6,737.0184254606364,11.256281407035177
5205109,Catalão - GO,114427,520510,436.0,39621.0,11139336.9,381.028952956907,34.62556914015049
5205208,Caturaí - GO,5184,520520,28.0,795.0,109160.0,540.1234567901234,15.335648148148149
5205307,Cavalcante - GO,9583,520530,27.0,577.0,368132.3,281.74893039757904,6.021078994051967
5205406,Ceres - GO,22046,520540,79.0,7275.0,846103.9,358.3416492787807,32.999183525356074
5205455,Cezarina - GO,8090,520545,47.0,1770.0,529151.4,580.964153275649,21.878862793572313
5205471,Chapadão do Céu - GO,12870,520547,34.0,3342.0,3144083.1,264.1802641802642,25.967365967365968
5205497,Cidade Ocidental - GO,91767,520549,253.0,6398.0,1207175.0,275.69823574923447,6.9720051870498105
5205513,Cocalzinho de Goiás - GO,25016,520551,77.0,971.0,500549.3,307.8030060761113,3.881515829868884
5205521,Colinas do Sul - GO,4030,520552,20.0,300.0,87147.4,496.27791563275434,7.444168734491314
5205703,Córrego do Ouro - GO,2454,520570,10.0,412.0,77066.1,407.4979625101874,16.788916055419723
5205802,Corumbá de Goiás - GO,10562,520580,59.0,778.0,281208.8,558.6063245597425,7.3660291611437225
5205901,Corumbaíba - GO,9164,520590,41.0,1867.0,864715.7,447.402880838062,20.373199476211262
5206206,Cristalina - GO,62337,520620,188.0,4536.0,5747945.9,301.58653769029627,7.276577313633957
5206305,Cristianópolis - GO,3504,520630,28.0,490.0,134766.4,799.0867579908676,13.984018264840184
5206404,Crixás - GO,17065,520640,69.0,6952.0,613757.3,404.33636097275127,40.73835335481981
5206503,Cromínia - GO,3883,520650,26.0,810.0,130555.2,669.5853721349472,20.86015967035797
5206602,Cumari - GO,2927,520660,15.0,621.0,100191.9,512.4701059104885,21.216262384694225
5206701,Damianópolis - GO,3770,520670,4.0,223.0,51962.4,106.10079575596816,5.915119363395226
5206800,Damolândia - GO,2724,520680,17.0,366.0,54855.9,624.0822320117475,13.43612334801762
5206909,Davinópolis - GO,1902,520690,12.0,209.0,484725.3,630.9148264984227,10.988433228180861
5207105,Diorama - GO,2062,520710,10.0,231.0,128987.1,484.9660523763337,11.202715809893308
5207253,Doverlândia - GO,6956,520725,27.0,587.0,452890.4,388.1541115583669,8.438757906843012
5207352,Edealina - GO,4001,520735,21.0,709.0,532335.0,524.8687828042989,17.72056985753562
5207402,Edéia - GO,11747,520740,51.0,3091.0,1197314.4,434.15340086830685,26.313101217332086
5207501,Estrela do Norte - GO,3205,520750,22.0,533.0,85988.8,686.4274570982839,16.630265210608425
5207535,Faina - GO,7070,520753,28.0,495.0,184745.2,396.03960396039605,7.001414427157002
5207600,Fazenda Nova - GO,5877,520760,27.0,905.0,184038.9,459.41807044410416,15.399013101922751
5207808,Firminópolis - GO,10419,520780,50.0,2965.0,321738.2,479.8925040790863,28.457625491889814
5207907,Flores de Goiás - GO,13744,520790,35.0,359.0,257902.1,254.65657741559951,2.612048894062864
5208004,Formosa - GO,115901,520800,424.0,15110.0,3836842.4,365.82945789941414,13.0369884642928
5208103,Formoso - GO,4660,520810,22.0,766.0,121774.7,472.1030042918455,16.43776824034335
5208152,Gameleira de Goiás - GO,3456,520815,18.0,253.0,327275.2,520.8333333333333,7.320601851851852
5208301,Divinópolis de Goiás - GO,4457,520830,36.0,472.0,105752.3,807.7181960960288,10.590083015481264
5208400,Goianápolis - GO,13967,520840,59.0,1660.0,338710.4,422.4242858165676,11.885157872127158
5208509,Goiandira - GO,4973,520850,27.0,1719.0,185998.6,542.931831892218,34.56665996380455
5208608,Goianésia - GO,73707,520860,288.0,22381.0,2340498.7,390.7362937034475,30.364822879780757
5208707,Goiânia - GO,1437366,520870,5436.0,721975.0,66273858.3,378.19177578988234,50.229030045235525
5208806,Goianira - GO,71916,520880,244.0,8818.0,1465103.2,339.28472106346294,12.261527337449246
5208905,Goiás - GO,24071,520890,103.0,5893.0,760982.1,427.9007934859374,24.48174151468572
5209101,Goiatuba - GO,35664,520910,154.0,8260.0,2732049.4,431.8079856437865,23.160610139075818
5209150,Gouvelândia - GO,4390,520915,24.0,757.0,283452.8,546.6970387243736,17.243735763097952
5209200,Guapó - GO,19545,520920,92.0,3272.0,448765.4,470.708621130724,16.740854438475314
5209291,Guaraíta - GO,2188,520929,11.0,204.0,55037.5,502.7422303473492,9.323583180987203
5209408,Guarani de Goiás - GO,4085,520940,15.0,444.0,91931.0,367.1970624235006,10.869033047735618
5209457,Guarinos - GO,2161,520945,18.0,292.0,72418.8,832.9477093937991,13.512262841277186
5209606,Heitoraí - GO,3354,520960,10.0,392.0,85602.4,298.1514609421586,11.68753726893262
5209705,Hidrolândia - GO,27742,520970,106.0,4610.0,1479825.0,382.09213466945425,16.61740321534136
5209804,Hidrolina - GO,3545,520980,16.0,637.0,102502.9,451.33991537376585,17.968970380818053
5209903,Iaciara - GO,10584,520990,54.0,1137.0,230099.3,510.204081632653,10.742630385487528
5209937,Inaciolândia - GO,5954,520993,26.0,412.0,404147.3,436.68122270742356,6.919717836748404
5209952,Indiara - GO,17061,520995,65.0,1880.0,782636.7,380.9858742160483,11.019283746556475
5210000,Inhumas - GO,52204,521000,265.0,11006.0,1717480.2,507.6239368630756,21.082675657037775
5210109,Ipameri - GO,25548,521010,125.0,7049.0,2858914.5,489.27509002661657,27.591200876780963
5210158,Ipiranga de Goiás - GO,2919,521015,16.0,243.0,95533.8,548.1329222336417,8.324768756423433
5210208,Iporá - GO,35684,521020,149.0,10394.0,1098898.3,417.5540858648134,29.127900459589736
5210307,Israelândia - GO,2560,521030,16.0,502.0,82656.2,625.0,19.609375
5210406,Itaberaí - GO,44734,521040,164.0,7202.0,2164544.3,366.6115259087048,16.099611034112755
5210562,Itaguari - GO,4963,521056,27.0,812.0,121328.6,544.0257908523071,16.361071932299012
5210604,Itaguaru - GO,4904,521060,22.0,725.0,110283.9,448.6133768352365,14.78384991843393
5210802,Itajá - GO,4380,521080,24.0,412.0,139352.1,547.945205479452,9.406392694063927
5210901,Itapaci - GO,21087,521090,76.0,2886.0,631233.6,360.4116280172618,13.68615734812918
5211008,Itapirapuã - GO,8007,521100,43.0,911.0,274553.5,537.0300986636693,11.377544648432622
5211206,Itapuranga - GO,26113,521120,158.0,4309.0,670131.0,605.0626124918623,16.501359476123003
5211305,Itarumã - GO,6101,521130,19.0,258.0,365932.9,311.4243566628422,4.22881494836912
5211404,Itauçu - GO,7736,521140,51.0,1531.0,301870.8,659.2554291623578,19.790589451913135
5211503,Itumbiara - GO,107970,521150,495.0,32246.0,6509932.9,458.46068352320094,29.86570343613967
5211602,Ivolândia - GO,2693,521160,13.0,582.0,151242.6,482.7330115113257,21.61158559227627
5211701,Jandaia - GO,6272,521170,31.0,1750.0,502063.5,494.2602040816327,27.901785714285715
5211800,Jaraguá - GO,45223,521180,220.0,5242.0,1067820.5,486.4781195409416,11.5914468301528
5211909,Jataí - GO,105729,521190,401.0,28643.0,10563395.4,379.2715338270484,27.090958961117572
5212006,Jaupaci - GO,2924,521200,13.0,508.0,105007.8,444.5964432284542,17.373461012311903
5212055,Jesúpolis - GO,2123,521205,5.0,182.0,44293.8,235.51577955723033,8.572774375883183
5212105,Joviânia - GO,7159,521210,42.0,1534.0,462961.8,586.6741164967175,21.427573683475345
5212204,Jussara - GO,19620,521220,82.0,4827.0,838117.3,417.940876656473,24.60244648318043
5212253,Lagoa Santa - GO,1390,521225,4.0,154.0,58208.5,287.7697841726619,11.07913669064748
5212303,Leopoldo de Bulhões - GO,8745,521230,30.0,1231.0,380977.0,343.0531732418525,14.07661520869068
5212501,Luziânia - GO,209129,521250,795.0,19363.0,6279118.7,380.1481382304702,9.258878491266156
5212600,Mairipotaba - GO,2561,521260,10.0,373.0,96453.5,390.4724716907458,14.564623194064819
5212709,Mambaí - GO,8124,521270,26.0,377.0,124921.5,320.03938946331857,4.640571147218119
5212808,Mara Rosa - GO,10700,521280,48.0,1781.0,344860.2,448.5981308411215,16.64485981308411
5212907,Marzagão - GO,2758,521290,12.0,738.0,73425.1,435.09789702683105,26.75852066715011
5212956,Matrinchã - GO,4042,521295,18.0,675.0,210834.8,445.3240969816922,16.69965363681346
5213004,Maurilândia - GO,10304,521300,51.0,4832.0,367298.2,494.9534161490683,46.8944099378882
5213053,Mimoso de Goiás - GO,2614,521305,8.0,106.0,252300.4,306.044376434583,4.055087987758225
5213087,Minaçu - GO,27075,521308,132.0,7256.0,1104594.0,487.5346260387812,26.79963065558633
5213103,Mineiros - GO,70081,521310,220.0,21573.0,4410757.4,313.9224611520954,30.782951156518884
5213400,Moiporá - GO,1685,521340,7.0,461.0,56827.5,415.4302670623145,27.359050445103854
5213509,Monte Alegre de Goiás - GO,6692,521350,25.0,691.0,132507.6,373.5803945008966,10.325762104004783
5213707,Montes Claros de Goiás - GO,8756,521370,46.0,767.0,791210.7,525.3540429419826,8.759707629054363
5213756,Montividiu - GO,12521,521375,31.0,2065.0,1836670.5,247.58405878124748,16.492292947847616
5213772,Montividiu do Norte - GO,3779,521377,15.0,232.0,119244.8,396.930404869013,6.1391902619740675
5213806,Morrinhos - GO,51351,521380,222.0,12506.0,2416416.2,432.31874744406144,24.353956106015463
5213855,Morro Agudo de Goiás - GO,2456,521385,9.0,699.0,62113.4,366.44951140065143,28.460912052117266
5213905,Mossâmedes - GO,4654,521390,14.0,625.0,176662.6,300.81650193382035,13.429308122045553
5214002,Mozarlândia - GO,14750,521400,62.0,1566.0,948329.4,420.33898305084745,10.616949152542372
5214051,Mundo Novo - GO,6189,521405,41.0,308.0,218703.5,662.4656648893198,4.976571336241719
5214101,Mutunópolis - GO,3564,521410,20.0,322.0,92785.8,561.1672278338945,9.034792368125702
5214408,Nazário - GO,8189,521440,39.0,2129.0,338764.1,476.24862620588596,25.998290389546952
5214507,Nerópolis - GO,31932,521450,144.0,7706.0,1268862.8,450.9582863585118,24.132531629713142
5214606,Niquelândia - GO,34964,521460,152.0,6373.0,1345074.0,434.73286809289556,18.227319528658047
5214705,Nova América - GO,2337,521470,17.0,533.0,57608.3,727.4283269148481,22.807017543859647
5214804,Nova Aurora - GO,2101,521480,12.0,542.0,61260.4,571.1565920990005,25.797239409804856
5214838,Nova Crixás - GO,12815,521483,51.0,1483.0,837462.0,397.9711275848615,11.572376121732345
5214861,Nova Glória - GO,8310,521486,35.0,1330.0,211782.5,421.17930204572804,16.004813477737663
5214879,Nova Iguaçu de Goiás - GO,3010,521487,17.0,564.0,63644.3,564.7840531561462,18.737541528239202
5214903,Nova Roma - GO,3076,521490,8.0,257.0,71050.7,260.0780234070221,8.355006501950585
5215009,Nova Veneza - GO,9481,521500,51.0,2027.0,225168.3,537.9179411454488,21.379601307878914
5215207,Novo Brasil - GO,3527,521520,16.0,667.0,91491.6,453.6433229373405,18.911256024950383
5215231,Novo Gama - GO,103804,521523,303.0,6167.0,1225872.7,291.8962660398443,5.941004200223498
5215256,Novo Planalto - GO,3716,521525,19.0,430.0,218000.5,511.302475780409,11.571582346609258
5215306,Orizona - GO,16399,521530,61.0,3729.0,1078348.2,371.97390084761264,22.739191414110614
5215405,Ouro Verde de Goiás - GO,4057,521540,26.0,508.0,143082.6,640.8676361843727,12.521567660833128
5215504,Ouvidor - GO,7200,521550,29.0,2115.0,547735.1,402.77777777777777,29.375
5215603,Padre Bernardo - GO,34967,521560,114.0,1384.0,1268685.1,326.02167758171987,3.9580175594131606
5215652,Palestina de Goiás - GO,3132,521565,9.0,245.0,194265.5,287.35632183908046,7.822477650063857
5215702,Palmeiras de Goiás - GO,31858,521570,128.0,6912.0,2058422.8,401.78291167053806,21.696277230209052
5215801,Palmelo - GO,2259,521580,18.0,473.0,61056.6,796.8127490039841,20.938468348826913
5215900,Palminópolis - GO,3851,521590,17.0,1086.0,226657.4,441.44378083614646,28.200467411062064
5216007,Panamá - GO,2455,521600,19.0,421.0,162077.1,773.9307535641548,17.14867617107943
5216304,Paranaiguara - GO,7607,521630,48.0,713.0,303870.5,630.9977652162481,9.372945970816353
5216403,Paraúna - GO,10659,521640,52.0,2180.0,2257148.5,487.8506426494043,20.452200018763484
5216452,Perolândia - GO,2964,521645,10.0,1521.0,806453.9,337.38191632928476,51.31578947368421
5216809,Petrolina de Goiás - GO,9573,521680,46.0,1732.0,196907.2,480.5181238901076,18.092551969079704
5216908,Pilar de Goiás - GO,2328,521690,8.0,319.0,150442.0,343.64261168384877,13.702749140893472
5217104,Piracanjuba - GO,24883,521710,119.0,4097.0,1553629.9,478.2381545633565,16.465056464252704
5217203,Piranhas - GO,11712,521720,63.0,2521.0,867467.4,537.9098360655738,21.52493169398907
5217302,Pirenópolis - GO,26690,521730,103.0,2608.0,723535.3,385.91232671412513,9.771449981266391
5217401,Pires do Rio - GO,32373,521740,163.0,10268.0,1665447.9,503.5060080931641,31.717789515954653
5217609,Planaltina - GO,105031,521760,342.0,5310.0,1847268.6,325.61815083165925,5.055650236596814
5217708,Pontalina - GO,18309,521770,105.0,2418.0,825563.5,573.4884483041127,13.206619695231852
5218003,Porangatu - GO,44317,521800,193.0,9201.0,2114318.9,435.49879278832054,20.761784416815217
5218052,Porteirão - GO,4070,521805,16.0,938.0,432393.4,393.1203931203931,23.046683046683047
5218102,Portelândia - GO,3280,521810,11.0,530.0,419209.5,335.3658536585366,16.158536585365855
5218300,Posse - GO,34914,521830,136.0,4927.0,848353.5,389.5285558801627,14.111817608982069
5218391,Professor Jamil - GO,3649,521839,17.0,668.0,79955.6,465.88106330501506,18.30638531104412
5218508,Quirinópolis - GO,48447,521850,222.0,22131.0,2849824.4,458.2327079076104,45.68084711127624
5218607,Rialma - GO,12165,521860,61.0,2774.0,377773.3,501.43855322646937,22.803123715577474
5218706,Rianápolis - GO,3980,521870,15.0,1089.0,100217.0,376.88442211055275,27.36180904522613
5218789,Rio Quente - GO,3864,521878,17.0,1084.0,444583.6,439.9585921325052,28.05383022774327
5218805,Rio Verde - GO,225696,521880,710.0,80735.0,21534362.3,314.5824471855948,35.77156883595633
5218904,Rubiataba - GO,19788,521890,94.0,4264.0,716389.0,475.0353749747321,21.548413179704873
5219001,Sanclerlândia - GO,7918,521900,38.0,1607.0,280545.3,479.91917150795655,20.295529174033845
5219100,Santa Bárbara de Goiás - GO,6149,521910,33.0,699.0,178422.8,536.6726296958855,11.367702065376484
5219209,Santa Cruz de Goiás - GO,3002,521920,14.0,402.0,320516.7,466.3557628247834,13.391072618254496
5219258,Santa Fé de Goiás - GO,4951,521925,26.0,377.0,336798.3,525.1464350636236,7.614623308422541
5219308,Santa Helena de Goiás - GO,38492,521930,170.0,8948.0,2215719.8,441.6502130312792,23.24638886002286
5219357,Santa Isabel - GO,3538,521935,13.0,1092.0,157237.7,367.4392312040701,30.864895421141885
5219407,Santa Rita do Araguaia - GO,5924,521940,25.0,1355.0,191288.7,422.0121539500338,22.87305874409183
5219456,Santa Rita do Novo Destino - GO,2689,521945,7.0,334.0,185961.8,260.3198214949796,12.42097433990331
5219506,Santa Rosa de Goiás - GO,2820,521950,22.0,454.0,73250.5,780.1418439716313,16.099290780141846
5219605,Santa Tereza de Goiás - GO,3293,521960,19.0,580.0,109189.7,576.9814758578804,17.61311873671424
5219704,Santa Terezinha de Goiás - GO,10645,521970,33.0,337.0,216145.9,310.0046970408643,3.1658055425082194
5219712,Santo Antônio da Barra - GO,4267,521971,35.0,418.0,348988.3,820.2484180923366,9.796109678931334
5219738,Santo Antônio de Goiás - GO,7386,521973,28.0,1424.0,161394.0,379.09558624424585,19.279718386135933
5219753,Santo Antônio do Descoberto - GO,72127,521975,244.0,3473.0,887443.1,338.292179073024,4.815117778363165
5219803,São Domingos - GO,9711,521980,49.0,777.0,203081.3,504.5824322932757,8.001235712079085
5219902,São Francisco de Goiás - GO,6378,521990,30.0,516.0,142561.8,470.3668861712135,8.090310442144872
5220009,São João d'Aliança - GO,14041,522000,26.0,515.0,681974.2,185.17199629656005,3.6678299266434014
5220058,São João da Paraúna - GO,1774,522005,11.0,343.0,158221.2,620.0676437429538,19.334836527621196
5220108,São Luís de Montes Belos - GO,33852,522010,155.0,8713.0,1887337.1,457.87545787545787,25.738508803024935
5220157,São Luiz do Norte - GO,4837,522015,27.0,684.0,207647.8,558.1972296878231,14.14099648542485
5220207,São Miguel do Araguaia - GO,21900,522020,117.0,3740.0,782339.3,534.2465753424658,17.077625570776256
5220264,São Miguel do Passa Quatro - GO,4464,522026,41.0,535.0,360021.1,918.4587813620071,11.984767025089607
5220280,São Patrício - GO,2143,522028,14.0,542.0,60325.6,653.2897806812879,25.29164722351843
5220405,São Simão - GO,17020,522040,87.0,2464.0,1477387.4,511.16333725029375,14.477085781433608
5220454,Senador Canedo - GO,155635,522045,537.0,22960.0,5809312.3,345.0380698429017,14.752465705014938
5220504,Serranópolis - GO,8027,522050,29.0,1115.0,832893.0,361.2806777127196,13.890619160333873
5220603,Silvânia - GO,22245,522060,85.0,4304.0,1548586.1,382.1083389525736,19.348168127669137
5220686,Simolândia - GO,5742,522068,29.0,361.0,232071.2,505.0505050505051,6.287008011145942
5220702,Sítio d'Abadia - GO,2927,522070,6.0,104.0,106619.4,204.98804236419545,3.5531260676460543
5221007,Taquaral de Goiás - GO,4026,522100,13.0,541.0,97546.1,322.9011425732737,13.43765524093393
5221080,Teresina de Goiás - GO,2701,522108,8.0,158.0,41892.0,296.1865975564606,5.849685301740096
5221197,Terezópolis de Goiás - GO,7944,522119,35.0,1052.0,236518.0,440.5840886203424,13.24269889224572
5221304,Três Ranchos - GO,2921,522130,12.0,471.0,71370.6,410.8182129407737,16.12461485792537
5221403,Trindade - GO,142431,522140,612.0,26468.0,3228070.7,429.6817406323062,18.583033187999803
5221452,Trombas - GO,3120,522145,13.0,531.0,72682.9,416.6666666666667,17.01923076923077
5221502,Turvânia - GO,4480,522150,25.0,996.0,371443.1,558.0357142857143,22.232142857142854
5221551,Turvelândia - GO,4985,522155,11.0,931.0,810934.8,220.66198595787364,18.676028084252756
5221577,Uirapuru - GO,2798,522157,9.0,549.0,78043.5,321.6583273766976,19.621157969978555
5221601,Uruaçu - GO,42546,522160,191.0,8502.0,1495648.5,448.9258684717717,19.983077140036666
5221700,Uruana - GO,13729,522170,66.0,3038.0,350884.6,480.7342122514386,22.128341466967733
5221809,Urutaí - GO,3553,522180,12.0,1253.0,165092.7,337.74275260343376,35.26597241767521
5221858,Valparaíso de Goiás - GO,198861,522185,523.0,23144.0,3278278.7,262.9977723133244,11.638280004626347
5221908,Varjão - GO,3716,522190,14.0,776.0,117653.1,376.7491926803014,20.882669537136707
5222005,Vianópolis - GO,14956,522200,72.0,2959.0,960671.8,481.41214228403317,19.784701791922974
5222054,Vicentinópolis - GO,8768,522205,32.0,2177.0,720443.6,364.963503649635,24.828923357664234
5222203,Vila Boa - GO,4215,522220,15.0,108.0,194802.6,355.8718861209964,2.5622775800711746
5222302,Vila Propício - GO,5815,522230,24.0,375.0,457512.1,412.72570937231296,6.44883920894239
5300108,Brasília - DF,2817381,530010,8007.0,933958.0,328789563.0,284.2001135096744,33.14986506972256
