"Tabela 5938 - Produto interno bruto a preços correntes, impostos, líquidos de subsídios, sobre produtos a preços correntes e valor adicionado bruto a preços correntes total e por atividade econômica, e respectivas participações - Referência 2010"
"Variável - Produto Interno Bruto a preços correntes (Mil Reais)"
"Cód.";"Município";"Ano"
"Cód.";"Município";"2022"
"1100015";"Alta Floresta D'Oeste (RO)";"919520,3"
"1100023";"Ariquemes (RO)";"3809355,1"
"1100031";"Cabixi (RO)";"289782,7"
"1100049";"Cacoal (RO)";"3195489,5"
"1100056";"Cerejeiras (RO)";"903098,5"
"1100064";"Colorado do Oeste (RO)";"514218,5"
"1100072";"Corumbiara (RO)";"473844,8"
"1100080";"Costa Marques (RO)";"349795,6"
"1100098";"Espigão D'Oeste (RO)";"921381,7"
"1100106";"Guajará-Mirim (RO)";"1057883,5"
"1100114";"Jaru (RO)";"2113514,9"
"1100122";"Ji-Paraná (RO)";"4934531,7"
"1100130";"Machadinho D'Oeste (RO)";"909026,7"
"1100148";"Nova Brasilândia D'Oeste (RO)";"641839,0"
"1100155";"Ouro Preto do Oeste (RO)";"1089382,2"
"1100189";"Pimenta Bueno (RO)";"1714399,7"
"1100205";"Porto Velho (RO)";"22537532,7"
"1100254";"Presidente Médici (RO)";"653357,0"
"1100262";"Rio Crespo (RO)";"265661,2"
"1100288";"Rolim de Moura (RO)";"1906485,4"
"1100296";"Santa Luzia D'Oeste (RO)";"262242,6"
"1100304";"Vilhena (RO)";"4515119,5"
"1100320";"São Miguel do Guaporé (RO)";"1383948,4"
"1100338";"Nova Mamoré (RO)";"928841,8"
"1100346";"Alvorada D'Oeste (RO)";"435099,5"
"1100379";"Alto Alegre dos Parecis (RO)";"570359,8"
"1100403";"Alto Paraíso (RO)";"605617,1"
"1100452";"Buritis (RO)";"1104420,3"
"1100502";"Novo Horizonte do Oeste (RO)";"268863,5"
"1100601";"Cacaulândia (RO)";"219344,7"
"1100700";"Campo Novo de Rondônia (RO)";"398840,8"
"1100809";"Candeias do Jamari (RO)";"791507,0"
"1100908";"Castanheiras (RO)";"121873,1"
"1100924";"Chupinguaia (RO)";"638874,9"
"1100940";"Cujubim (RO)";"519136,5"
"1101005";"Governador Jorge Teixeira (RO)";"283464,5"
"1101104";"Itapuã do Oeste (RO)";"289966,7"
"1101203";"Ministro Andreazza (RO)";"414490,0"
"1101302";"Mirante da Serra (RO)";"310402,1"
"1101401";"Monte Negro (RO)";"452939,4"
"1101435";"Nova União (RO)";"168139,4"
"1101450";"Parecis (RO)";"164072,9"
"1101468";"Pimenteiras do Oeste (RO)";"327048,0"
"1101476";"Primavera de Rondônia (RO)";"130972,8"
"1101484";"São Felipe D'Oeste (RO)";"157329,7"
"1101492";"São Francisco do Guaporé (RO)";"573985,3"
"1101500";"Seringueiras (RO)";"381162,7"
"1101559";"Teixeirópolis (RO)";"141105,3"
"1101609";"Theobroma (RO)";"284565,2"
"1101708";"Urupá (RO)";"317567,8"
"1101757";"Vale do Anari (RO)";"234964,7"
"1101807";"Vale do Paraíso (RO)";"199086,5"
"1200013";"Acrelândia (AC)";"445829,3"
"1200054";"Assis Brasil (AC)";"164920,8"
"1200104";"Brasiléia (AC)";"820792,8"
"1200138";"Bujari (AC)";"344752,5"
"1200179";"Capixaba (AC)";"717612,0"
"1200203";"Cruzeiro do Sul (AC)";"2313075,2"
"1200252";"Epitaciolândia (AC)";"776867,6"
"1200302";"Feijó (AC)";"639843,6"
"1200328";"Jordão (AC)";"136531,1"
"1200336";"Mâncio Lima (AC)";"289345,1"
"1200344";"Manoel Urbano (AC)";"231082,0"
"1200351";"Marechal Thaumaturgo (AC)";"256481,0"
"1200385";"Plácido de Castro (AC)";"829047,0"
"1200393";"Porto Walter (AC)";"177517,4"
"1200401";"Rio Branco (AC)";"11266899,1"
"1200427";"Rodrigues Alves (AC)";"253224,6"
"1200435";"Santa Rosa do Purus (AC)";"114984,1"
"1200450";"Senador Guiomard (AC)";"1037716,2"
"1200500";"Sena Madureira (AC)";"841620,6"
"1200609";"Tarauacá (AC)";"800495,6"
"1200708";"Xapuri (AC)";"632359,6"
"1200807";"Porto Acre (AC)";"585138,6"
"1300029";"Alvarães (AM)";"222261,7"
"1300060";"Amaturá (AM)";"124174,9"
"1300086";"Anamã (AM)";"135488,4"
"1300102";"Anori (AM)";"252603,1"
"1300144";"Apuí (AM)";"321020,4"
"1300201";"Atalaia do Norte (AM)";"177564,8"
"1300300";"Autazes (AM)";"567927,8"
"1300409";"Barcelos (AM)";"207958,6"
"1300508";"Barreirinha (AM)";"377493,4"
"1300607";"Benjamin Constant (AM)";"390615,6"
"1300631";"Beruri (AM)";"239687,4"
"1300680";"Boa Vista do Ramos (AM)";"216113,4"
"1300706";"Boca do Acre (AM)";"576050,8"
"1300805";"Borba (AM)";"415320,9"
"1300839";"Caapiranga (AM)";"195341,5"
"1300904";"Canutama (AM)";"177302,9"
"1301001";"Carauari (AM)";"406023,4"
"1301100";"Careiro (AM)";"398453,0"
"1301159";"Careiro da Várzea (AM)";"355856,7"
"1301209";"Coari (AM)";"4861890,6"
"1301308";"Codajás (AM)";"522890,7"
"1301407";"Eirunepé (AM)";"578742,5"
"1301506";"Envira (AM)";"209889,2"
"1301605";"Fonte Boa (AM)";"297891,5"
"1301654";"Guajará (AM)";"166381,4"
"1301704";"Humaitá (AM)";"960741,5"
"1301803";"Ipixuna (AM)";"214596,6"
"1301852";"Iranduba (AM)";"1044311,8"
"1301902";"Itacoatiara (AM)";"2775137,7"
"1301951";"Itamarati (AM)";"161303,7"
"1302009";"Itapiranga (AM)";"173994,0"
"1302108";"Japurá (AM)";"127519,9"
"1302207";"Juruá (AM)";"130664,0"
"1302306";"Jutaí (AM)";"351354,6"
"1302405";"Lábrea (AM)";"665442,4"
"1302504";"Manacapuru (AM)";"1776202,5"
"1302553";"Manaquiri (AM)";"264184,6"
"1302603";"Manaus (AM)";"113465434,9"
"1302702";"Manicoré (AM)";"781078,1"
"1302801";"Maraã (AM)";"181102,3"
"1302900";"Maués (AM)";"649736,2"
"1303007";"Nhamundá (AM)";"220804,3"
"1303106";"Nova Olinda do Norte (AM)";"325557,8"
"1303205";"Novo Airão (AM)";"201709,7"
"1303304";"Novo Aripuanã (AM)";"264809,6"
"1303403";"Parintins (AM)";"1511650,2"
"1303502";"Pauini (AM)";"221857,5"
"1303536";"Presidente Figueiredo (AM)";"592973,4"
"1303569";"Rio Preto da Eva (AM)";"406486,8"
"1303601";"Santa Isabel do Rio Negro (AM)";"197124,0"
"1303700";"Santo Antônio do Içá (AM)";"305336,4"
"1303809";"São Gabriel da Cachoeira (AM)";"511306,6"
"1303908";"São Paulo de Olivença (AM)";"328403,7"
"1303957";"São Sebastião do Uatumã (AM)";"129935,1"
"1304005";"Silves (AM)";"378318,4"
"1304062";"Tabatinga (AM)";"824248,5"
"1304104";"Tapauá (AM)";"279445,3"
"1304203";"Tefé (AM)";"1386544,5"
"1304237";"Tonantins (AM)";"202743,1"
"1304260";"Uarini (AM)";"250157,4"
"1304302";"Urucará (AM)";"220397,6"
"1304401";"Urucurituba (AM)";"262905,6"
"1400027";"Amajari (RR)";"300390,2"
"1400050";"Alto Alegre (RR)";"700057,8"
"1400100";"Boa Vista (RR)";"15213965,7"
"1400159";"Bonfim (RR)";"705964,5"
"1400175";"Cantá (RR)";"405868,0"
"1400209";"Caracaraí (RR)";"530515,0"
"1400233";"Caroebe (RR)";"276635,1"
"1400282";"Iracema (RR)";"235247,0"
"1400308";"Mucajaí (RR)";"481025,4"
"1400407";"Normandia (RR)";"270719,8"
"1400456";"Pacaraima (RR)";"393277,7"
"1400472";"Rorainópolis (RR)";"828529,3"
"1400506";"São João da Baliza (RR)";"343559,2"
"1400605";"São Luiz (RR)";"192540,5"
"1400704";"Uiramutã (RR)";"217046,6"
"1500107";"Abaetetuba (PA)";"2193300,0"
"1500131";"Abel Figueiredo (PA)";"126585,0"
"1500206";"Acará (PA)";"1242612,0"
"1500305";"Afuá (PA)";"539302,8"
"1500347";"Água Azul do Norte (PA)";"848598,2"
"1500404";"Alenquer (PA)";"919275,5"
"1500503";"Almeirim (PA)";"687485,2"
"1500602";"Altamira (PA)";"3457957,0"
"1500701";"Anajás (PA)";"304791,3"
"1500800";"Ananindeua (PA)";"9983645,0"
"1500859";"Anapu (PA)";"687043,0"
"1500909";"Augusto Corrêa (PA)";"405344,8"
"1500958";"Aurora do Pará (PA)";"340026,9"
"1501006";"Aveiro (PA)";"186421,6"
"1501105";"Bagre (PA)";"277457,6"
"1501204";"Baião (PA)";"694648,0"
"1501253";"Bannach (PA)";"138929,4"
"1501303";"Barcarena (PA)";"8408789,1"
"1501402";"Belém (PA)";"37604333,5"
"1501451";"Belterra (PA)";"340703,5"
"1501501";"Benevides (PA)";"2700819,2"
"1501576";"Bom Jesus do Tocantins (PA)";"292675,0"
"1501600";"Bonito (PA)";"232988,6"
"1501709";"Bragança (PA)";"1737012,2"
"1501725";"Brasil Novo (PA)";"440739,5"
"1501758";"Brejo Grande do Araguaia (PA)";"129481,3"
"1501782";"Breu Branco (PA)";"767219,2"
"1501808";"Breves (PA)";"1227011,4"
"1501907";"Bujaru (PA)";"544690,3"
"1501956";"Cachoeira do Piriá (PA)";"214722,0"
"1502004";"Cachoeira do Arari (PA)";"293835,1"
"1502103";"Cametá (PA)";"1640809,3"
"1502152";"Canaã dos Carajás (PA)";"16061772,9"
"1502202";"Capanema (PA)";"1598656,1"
"1502301";"Capitão Poço (PA)";"691741,2"
"1502400";"Castanhal (PA)";"5688912,4"
"1502509";"Chaves (PA)";"293848,4"
"1502608";"Colares (PA)";"120635,0"
"1502707";"Conceição do Araguaia (PA)";"765891,6"
"1502756";"Concórdia do Pará (PA)";"452741,2"
"1502764";"Cumaru do Norte (PA)";"431267,7"
"1502772";"Curionópolis (PA)";"1503196,6"
"1502806";"Curralinho (PA)";"328648,5"
"1502855";"Curuá (PA)";"171988,9"
"1502905";"Curuçá (PA)";"443371,0"
"1502939";"Dom Eliseu (PA)";"1261537,9"
"1502954";"Eldorado do Carajás (PA)";"605964,4"
"1503002";"Faro (PA)";"89800,5"
"1503044";"Floresta do Araguaia (PA)";"566641,3"
"1503077";"Garrafão do Norte (PA)";"314532,5"
"1503093";"Goianésia do Pará (PA)";"522757,1"
"1503101";"Gurupá (PA)";"398198,9"
"1503200";"Igarapé-Açu (PA)";"499454,6"
"1503309";"Igarapé-Miri (PA)";"818860,3"
"1503408";"Inhangapi (PA)";"201526,4"
"1503457";"Ipixuna do Pará (PA)";"607746,9"
"1503507";"Irituia (PA)";"317600,2"
"1503606";"Itaituba (PA)";"3757069,6"
"1503705";"Itupiranga (PA)";"889870,3"
"1503754";"Jacareacanga (PA)";"657774,7"
"1503804";"Jacundá (PA)";"658641,9"
"1503903";"Juruti (PA)";"1294172,5"
"1504000";"Limoeiro do Ajuru (PA)";"525619,4"
"1504059";"Mãe do Rio (PA)";"422738,5"
"1504109";"Magalhães Barata (PA)";"110100,9"
"1504208";"Marabá (PA)";"12233453,0"
"1504307";"Maracanã (PA)";"310995,1"
"1504406";"Marapanim (PA)";"297449,5"
"1504422";"Marituba (PA)";"2475912,6"
"1504455";"Medicilândia (PA)";"979332,8"
"1504505";"Melgaço (PA)";"270905,3"
"1504604";"Mocajuba (PA)";"381653,0"
"1504703";"Moju (PA)";"1537609,0"
"1504752";"Mojuí dos Campos (PA)";"464580,1"
"1504802";"Monte Alegre (PA)";"1063686,2"
"1504901";"Muaná (PA)";"395395,8"
"1504950";"Nova Esperança do Piriá (PA)";"274260,5"
"1504976";"Nova Ipixuna (PA)";"202161,3"
"1505007";"Nova Timboteua (PA)";"167479,4"
"1505031";"Novo Progresso (PA)";"1280246,9"
"1505064";"Novo Repartimento (PA)";"1233474,1"
"1505106";"Óbidos (PA)";"982930,2"
"1505205";"Oeiras do Pará (PA)";"454247,0"
"1505304";"Oriximiná (PA)";"1802512,1"
"1505403";"Ourém (PA)";"231548,9"
"1505437";"Ourilândia do Norte (PA)";"1778205,4"
"1505486";"Pacajá (PA)";"1071885,4"
"1505494";"Palestina do Pará (PA)";"117612,9"
"1505502";"Paragominas (PA)";"5020674,3"
"1505536";"Parauapebas (PA)";"25317042,0"
"1505551";"Pau D'Arco (PA)";"120432,3"
"1505601";"Peixe-Boi (PA)";"81669,4"
"1505635";"Piçarra (PA)";"324867,5"
"1505650";"Placas (PA)";"379126,3"
"1505700";"Ponta de Pedras (PA)";"277170,9"
"1505809";"Portel (PA)";"870234,5"
"1505908";"Porto de Moz (PA)";"452978,3"
"1506005";"Prainha (PA)";"494695,7"
"1506104";"Primavera (PA)";"486676,9"
"1506112";"Quatipuru (PA)";"123175,9"
"1506138";"Redenção (PA)";"3292754,1"
"1506161";"Rio Maria (PA)";"872543,1"
"1506187";"Rondon do Pará (PA)";"938381,5"
"1506195";"Rurópolis (PA)";"516465,0"
"1506203";"Salinópolis (PA)";"732524,5"
"1506302";"Salvaterra (PA)";"235242,5"
"1506351";"Santa Bárbara do Pará (PA)";"278332,5"
"1506401";"Santa Cruz do Arari (PA)";"98542,6"
"1506500";"Santa Izabel do Pará (PA)";"1505978,5"
"1506559";"Santa Luzia do Pará (PA)";"233057,7"
"1506583";"Santa Maria das Barreiras (PA)";"696577,2"
"1506609";"Santa Maria do Pará (PA)";"499868,4"
"1506708";"Santana do Araguaia (PA)";"1764088,5"
"1506807";"Santarém (PA)";"7764936,4"
"1506906";"Santarém Novo (PA)";"67380,4"
"1507003";"Santo Antônio do Tauá (PA)";"582208,8"
"1507102";"São Caetano de Odivelas (PA)";"200863,9"
"1507151";"São Domingos do Araguaia (PA)";"425974,4"
"1507201";"São Domingos do Capim (PA)";"589309,6"
"1507300";"São Félix do Xingu (PA)";"2020084,7"
"1507409";"São Francisco do Pará (PA)";"326142,7"
"1507458";"São Geraldo do Araguaia (PA)";"937038,1"
"1507466";"São João da Ponta (PA)";"66007,6"
"1507474";"São João de Pirabas (PA)";"203685,4"
"1507508";"São João do Araguaia (PA)";"214553,5"
"1507607";"São Miguel do Guamá (PA)";"938620,7"
"1507706";"São Sebastião da Boa Vista (PA)";"264513,8"
"1507755";"Sapucaia (PA)";"160507,2"
"1507805";"Senador José Porfírio (PA)";"327336,4"
"1507904";"Soure (PA)";"277731,8"
"1507953";"Tailândia (PA)";"1738043,0"
"1507961";"Terra Alta (PA)";"101759,8"
"1507979";"Terra Santa (PA)";"875905,2"
"1508001";"Tomé-Açu (PA)";"1297601,6"
"1508035";"Tracuateua (PA)";"339249,0"
"1508050";"Trairão (PA)";"373497,3"
"1508084";"Tucumã (PA)";"1174447,7"
"1508100";"Tucuruí (PA)";"5999822,8"
"1508126";"Ulianópolis (PA)";"2302813,2"
"1508159";"Uruará (PA)";"870209,2"
"1508209";"Vigia (PA)";"520317,4"
"1508308";"Viseu (PA)";"700430,6"
"1508357";"Vitória do Xingu (PA)";"4086688,1"
"1508407";"Xinguara (PA)";"2091023,3"
"1600055";"Serra do Navio (AP)";"99725,0"
"1600105";"Amapá (AP)";"184055,7"
"1600154";"Pedra Branca do Amapari (AP)";"391427,2"
"1600204";"Calçoene (AP)";"231683,7"
"1600212";"Cutias (AP)";"94530,6"
"1600238";"Ferreira Gomes (AP)";"478972,3"
"1600253";"Itaubal (AP)";"108364,7"
"1600279";"Laranjal do Jari (AP)";"1168830,5"
"1600303";"Macapá (AP)";"15571144,8"
"1600402";"Mazagão (AP)";"468715,1"
"1600501";"Oiapoque (AP)";"696943,9"
"1600535";"Porto Grande (AP)";"426170,0"
"1600550";"Pracuúba (AP)";"82806,5"
"1600600";"Santana (AP)";"3091307,1"
"1600709";"Tartarugalzinho (AP)";"266854,0"
"1600808";"Vitória do Jari (AP)";"252760,5"
"1700251";"Abreulândia (TO)";"109870,9"
"1700301";"Aguiarnópolis (TO)";"224319,9"
"1700350";"Aliança do Tocantins (TO)";"233447,1"
"1700400";"Almas (TO)";"273731,7"
"1700707";"Alvorada (TO)";"628959,3"
"1701002";"Ananás (TO)";"173648,6"
"1701051";"Angico (TO)";"49246,9"
"1701101";"Aparecida do Rio Negro (TO)";"288442,1"
"1701309";"Aragominas (TO)";"93577,0"
"1701903";"Araguacema (TO)";"347916,9"
"1702000";"Araguaçu (TO)";"388687,8"
"1702109";"Araguaína (TO)";"6165264,5"
"1702158";"Araguanã (TO)";"90228,2"
"1702208";"Araguatins (TO)";"785528,9"
"1702307";"Arapoema (TO)";"153137,5"
"1702406";"Arraias (TO)";"205200,2"
"1702554";"Augustinópolis (TO)";"346878,2"
"1702703";"Aurora do Tocantins (TO)";"61532,5"
"1702901";"Axixá do Tocantins (TO)";"167496,2"
"1703008";"Babaçulândia (TO)";"149213,2"
"1703057";"Bandeirantes do Tocantins (TO)";"219237,7"
"1703073";"Barra do Ouro (TO)";"122562,7"
"1703107";"Barrolândia (TO)";"124496,3"
"1703206";"Bernardo Sayão (TO)";"117016,9"
"1703305";"Bom Jesus do Tocantins (TO)";"157713,4"
"1703602";"Brasilândia do Tocantins (TO)";"120747,6"
"1703701";"Brejinho de Nazaré (TO)";"264926,8"
"1703800";"Buriti do Tocantins (TO)";"147595,0"
"1703826";"Cachoeirinha (TO)";"44838,1"
"1703842";"Campos Lindos (TO)";"1241420,1"
"1703867";"Cariri do Tocantins (TO)";"925418,9"
"1703883";"Carmolândia (TO)";"60121,3"
"1703891";"Carrasco Bonito (TO)";"75057,4"
"1703909";"Caseara (TO)";"447727,3"
"1704105";"Centenário (TO)";"79763,6"
"1704600";"Chapada de Areia (TO)";"44846,4"
"1705102";"Chapada da Natividade (TO)";"165621,9"
"1705508";"Colinas do Tocantins (TO)";"1119263,7"
"1705557";"Combinado (TO)";"82898,8"
"1705607";"Conceição do Tocantins (TO)";"75126,4"
"1706001";"Couto Magalhães (TO)";"234431,6"
"1706100";"Cristalândia (TO)";"187366,1"
"1706258";"Crixás do Tocantins (TO)";"82923,0"
"1706506";"Darcinópolis (TO)";"247899,1"
"1707009";"Dianópolis (TO)";"777790,5"
"1707108";"Divinópolis do Tocantins (TO)";"481319,1"
"1707207";"Dois Irmãos do Tocantins (TO)";"199598,7"
"1707306";"Dueré (TO)";"248721,2"
"1707405";"Esperantina (TO)";"109800,5"
"1707553";"Fátima (TO)";"102788,4"
"1707652";"Figueirópolis (TO)";"317328,5"
"1707702";"Filadélfia (TO)";"131905,7"
"1708205";"Formoso do Araguaia (TO)";"857600,2"
"1708254";"Tabocão (TO)";"221095,9"
"1708304";"Goianorte (TO)";"211187,5"
"1709005";"Goiatins (TO)";"257057,4"
"1709302";"Guaraí (TO)";"1021436,6"
"1709500";"Gurupi (TO)";"3307378,5"
"1709807";"Ipueiras (TO)";"49268,5"
"1710508";"Itacajá (TO)";"155966,9"
"1710706";"Itaguatins (TO)";"88498,6"
"1710904";"Itapiratins (TO)";"156514,5"
"1711100";"Itaporã do Tocantins (TO)";"69210,7"
"1711506";"Jaú do Tocantins (TO)";"95141,4"
"1711803";"Juarina (TO)";"48217,6"
"1711902";"Lagoa da Confusão (TO)";"941717,8"
"1711951";"Lagoa do Tocantins (TO)";"82842,6"
"1712009";"Lajeado (TO)";"95998,5"
"1712157";"Lavandeira (TO)";"35046,4"
"1712405";"Lizarda (TO)";"63169,0"
"1712454";"Luzinópolis (TO)";"56666,4"
"1712504";"Marianópolis do Tocantins (TO)";"336342,3"
"1712702";"Mateiros (TO)";"320676,9"
"1712801";"Maurilândia do Tocantins (TO)";"54949,5"
"1713205";"Miracema do Tocantins (TO)";"716542,9"
"1713304";"Miranorte (TO)";"423866,1"
"1713601";"Monte do Carmo (TO)";"330390,5"
"1713700";"Monte Santo do Tocantins (TO)";"74642,6"
"1713809";"Palmeiras do Tocantins (TO)";"94883,0"
"1713957";"Muricilândia (TO)";"70558,6"
"1714203";"Natividade (TO)";"285990,5"
"1714302";"Nazaré (TO)";"70455,2"
"1714880";"Nova Olinda (TO)";"392347,4"
"1715002";"Nova Rosalândia (TO)";"111315,3"
"1715101";"Novo Acordo (TO)";"163934,6"
"1715150";"Novo Alegre (TO)";"34679,3"
"1715259";"Novo Jardim (TO)";"46606,3"
"1715507";"Oliveira de Fátima (TO)";"34139,2"
"1715705";"Palmeirante (TO)";"236266,9"
"1715754";"Palmeirópolis (TO)";"195734,7"
"1716109";"Paraíso do Tocantins (TO)";"2046928,7"
"1716208";"Paranã (TO)";"329731,7"
"1716307";"Pau D'Arco (TO)";"93067,4"
"1716505";"Pedro Afonso (TO)";"944174,9"
"1716604";"Peixe (TO)";"942483,9"
"1716653";"Pequizeiro (TO)";"136571,3"
"1716703";"Colméia (TO)";"204686,0"
"1717008";"Pindorama do Tocantins (TO)";"108191,5"
"1717206";"Piraquê (TO)";"102183,2"
"1717503";"Pium (TO)";"383001,2"
"1717800";"Ponte Alta do Bom Jesus (TO)";"71274,7"
"1717909";"Ponte Alta do Tocantins (TO)";"125340,7"
"1718006";"Porto Alegre do Tocantins (TO)";"51166,4"
"1718204";"Porto Nacional (TO)";"3850165,2"
"1718303";"Praia Norte (TO)";"132429,2"
"1718402";"Presidente Kennedy (TO)";"71876,0"
"1718451";"Pugmil (TO)";"101396,9"
"1718501";"Recursolândia (TO)";"164680,2"
"1718550";"Riachinho (TO)";"66631,4"
"1718659";"Rio da Conceição (TO)";"29757,6"
"1718709";"Rio dos Bois (TO)";"94635,0"
"1718758";"Rio Sono (TO)";"105483,1"
"1718808";"Sampaio (TO)";"87893,4"
"1718840";"Sandolândia (TO)";"119920,6"
"1718865";"Santa Fé do Araguaia (TO)";"195532,0"
"1718881";"Santa Maria do Tocantins (TO)";"112561,8"
"1718899";"Santa Rita do Tocantins (TO)";"222462,9"
"1718907";"Santa Rosa do Tocantins (TO)";"464796,6"
"1719004";"Santa Tereza do Tocantins (TO)";"47244,0"
"1720002";"Santa Terezinha do Tocantins (TO)";"42844,6"
"1720101";"São Bento do Tocantins (TO)";"79930,0"
"1720150";"São Félix do Tocantins (TO)";"33019,4"
"1720200";"São Miguel do Tocantins (TO)";"233758,4"
"1720259";"São Salvador do Tocantins (TO)";"49679,8"
"1720309";"São Sebastião do Tocantins (TO)";"61444,1"
"1720499";"São Valério (TO)";"178992,8"
"1720655";"Silvanópolis (TO)";"286765,2"
"1720804";"Sítio Novo do Tocantins (TO)";"160124,4"
"1720853";"Sucupira (TO)";"160088,0"
"1720903";"Taguatinga (TO)";"314405,2"
"1720937";"Taipas do Tocantins (TO)";"35214,1"
"1720978";"Talismã (TO)";"162121,5"
"1721000";"Palmas (TO)";"11951579,3"
"1721109";"Tocantínia (TO)";"159208,9"
"1721208";"Tocantinópolis (TO)";"448286,1"
"1721257";"Tupirama (TO)";"111988,0"
"1721307";"Tupiratins (TO)";"38382,8"
"1722081";"Wanderlândia (TO)";"192953,9"
"1722107";"Xambioá (TO)";"598804,0"
"2100055";"Açailândia (MA)";"4148952,6"
"2100105";"Afonso Cunha (MA)";"117492,7"
"2100154";"Água Doce do Maranhão (MA)";"120773,9"
"2100204";"Alcântara (MA)";"153680,5"
"2100303";"Aldeias Altas (MA)";"369369,7"
"2100402";"Altamira do Maranhão (MA)";"79336,0"
"2100436";"Alto Alegre do Maranhão (MA)";"359926,4"
"2100477";"Alto Alegre do Pindaré (MA)";"282348,5"
"2100501";"Alto Parnaíba (MA)";"787087,3"
"2100550";"Amapá do Maranhão (MA)";"77337,0"
"2100600";"Amarante do Maranhão (MA)";"435131,5"
"2100709";"Anajatuba (MA)";"236141,8"
"2100808";"Anapurus (MA)";"178126,3"
"2100832";"Apicum-Açu (MA)";"152577,9"
"2100873";"Araguanã (MA)";"112188,4"
"2100907";"Araioses (MA)";"311060,6"
"2100956";"Arame (MA)";"296103,5"
"2101004";"Arari (MA)";"363216,6"
"2101103";"Axixá (MA)";"106711,9"
"2101202";"Bacabal (MA)";"1748315,4"
"2101251";"Bacabeira (MA)";"450355,1"
"2101301";"Bacuri (MA)";"138556,1"
"2101350";"Bacurituba (MA)";"45480,4"
"2101400";"Balsas (MA)";"8010408,2"
"2101509";"Barão de Grajaú (MA)";"293767,6"
"2101608";"Barra do Corda (MA)";"1034428,5"
"2101707";"Barreirinhas (MA)";"753456,2"
"2101731";"Belágua (MA)";"91671,9"
"2101772";"Bela Vista do Maranhão (MA)";"124651,1"
"2101806";"Benedito Leite (MA)";"95654,5"
"2101905";"Bequimão (MA)";"158757,7"
"2101939";"Bernardo do Mearim (MA)";"105329,2"
"2101970";"Boa Vista do Gurupi (MA)";"80574,3"
"2102002";"Bom Jardim (MA)";"502148,6"
"2102036";"Bom Jesus das Selvas (MA)";"425063,8"
"2102077";"Bom Lugar (MA)";"128771,0"
"2102101";"Brejo (MA)";"386372,9"
"2102150";"Brejo de Areia (MA)";"82005,4"
"2102200";"Buriti (MA)";"317302,1"
"2102309";"Buriti Bravo (MA)";"302954,1"
"2102325";"Buriticupu (MA)";"995134,0"
"2102358";"Buritirana (MA)";"139628,6"
"2102374";"Cachoeira Grande (MA)";"75802,0"
"2102408";"Cajapió (MA)";"73805,0"
"2102507";"Cajari (MA)";"134712,2"
"2102556";"Campestre do Maranhão (MA)";"279970,0"
"2102606";"Cândido Mendes (MA)";"177499,4"
"2102705";"Cantanhede (MA)";"189289,4"
"2102754";"Capinzal do Norte (MA)";"310504,3"
"2102804";"Carolina (MA)";"652287,8"
"2102903";"Carutapera (MA)";"235574,5"
"2103000";"Caxias (MA)";"2440068,2"
"2103109";"Cedral (MA)";"84024,3"
"2103125";"Central do Maranhão (MA)";"68881,8"
"2103158";"Centro do Guilherme (MA)";"126887,3"
"2103174";"Centro Novo do Maranhão (MA)";"213797,6"
"2103208";"Chapadinha (MA)";"1042455,8"
"2103257";"Cidelândia (MA)";"232142,5"
"2103307";"Codó (MA)";"1633740,7"
"2103406";"Coelho Neto (MA)";"531449,0"
"2103505";"Colinas (MA)";"687286,8"
"2103554";"Conceição do Lago-Açu (MA)";"164032,6"
"2103604";"Coroatá (MA)";"595188,0"
"2103703";"Cururupu (MA)";"302878,5"
"2103752";"Davinópolis (MA)";"218594,8"
"2103802";"Dom Pedro (MA)";"296095,9"
"2103901";"Duque Bacelar (MA)";"109869,6"
"2104008";"Esperantinópolis (MA)";"185078,5"
"2104057";"Estreito (MA)";"1105184,6"
"2104073";"Feira Nova do Maranhão (MA)";"133185,4"
"2104081";"Fernando Falcão (MA)";"141250,1"
"2104099";"Formosa da Serra Negra (MA)";"222175,7"
"2104107";"Fortaleza dos Nogueiras (MA)";"423550,4"
"2104206";"Fortuna (MA)";"206608,4"
"2104305";"Godofredo Viana (MA)";"977589,6"
"2104404";"Gonçalves Dias (MA)";"171046,0"
"2104503";"Governador Archer (MA)";"97467,5"
"2104552";"Governador Edison Lobão (MA)";"382611,2"
"2104602";"Governador Eugênio Barros (MA)";"171337,0"
"2104628";"Governador Luiz Rocha (MA)";"99981,2"
"2104651";"Governador Newton Bello (MA)";"103325,8"
"2104677";"Governador Nunes Freire (MA)";"300656,0"
"2104701";"Graça Aranha (MA)";"57513,2"
"2104800";"Grajaú (MA)";"1267468,6"
"2104909";"Guimarães (MA)";"100951,9"
"2105005";"Humberto de Campos (MA)";"208097,0"
"2105104";"Icatu (MA)";"188044,4"
"2105153";"Igarapé do Meio (MA)";"442682,2"
"2105203";"Igarapé Grande (MA)";"119170,7"
"2105302";"Imperatriz (MA)";"8773106,6"
"2105351";"Itaipava do Grajaú (MA)";"121516,2"
"2105401";"Itapecuru Mirim (MA)";"836920,8"
"2105427";"Itinga do Maranhão (MA)";"637759,2"
"2105450";"Jatobá (MA)";"78619,3"
"2105476";"Jenipapo dos Vieiras (MA)";"139195,3"
"2105500";"João Lisboa (MA)";"315181,1"
"2105609";"Joselândia (MA)";"140781,7"
"2105658";"Junco do Maranhão (MA)";"67825,9"
"2105708";"Lago da Pedra (MA)";"553461,9"
"2105807";"Lago do Junco (MA)";"98654,4"
"2105906";"Lago Verde (MA)";"148282,8"
"2105922";"Lagoa do Mato (MA)";"172304,2"
"2105948";"Lago dos Rodrigues (MA)";"91323,8"
"2105963";"Lagoa Grande do Maranhão (MA)";"116771,9"
"2105989";"Lajeado Novo (MA)";"115529,6"
"2106003";"Lima Campos (MA)";"275398,3"
"2106102";"Loreto (MA)";"527370,4"
"2106201";"Luís Domingues (MA)";"66411,1"
"2106300";"Magalhães de Almeida (MA)";"169829,6"
"2106326";"Maracaçumé (MA)";"250129,8"
"2106359";"Marajá do Sena (MA)";"90904,3"
"2106375";"Maranhãozinho (MA)";"143227,8"
"2106409";"Mata Roma (MA)";"203945,7"
"2106508";"Matinha (MA)";"211634,8"
"2106607";"Matões (MA)";"317187,6"
"2106631";"Matões do Norte (MA)";"117796,4"
"2106672";"Milagres do Maranhão (MA)";"82048,3"
"2106706";"Mirador (MA)";"381899,6"
"2106755";"Miranda do Norte (MA)";"538577,3"
"2106805";"Mirinzal (MA)";"121873,5"
"2106904";"Monção (MA)";"290603,9"
"2107001";"Montes Altos (MA)";"104605,0"
"2107100";"Morros (MA)";"168263,1"
"2107209";"Nina Rodrigues (MA)";"103301,3"
"2107258";"Nova Colinas (MA)";"100921,9"
"2107308";"Nova Iorque (MA)";"52127,6"
"2107357";"Nova Olinda do Maranhão (MA)";"177467,9"
"2107407";"Olho d'Água das Cunhãs (MA)";"206604,2"
"2107456";"Olinda Nova do Maranhão (MA)";"128664,4"
"2107506";"Paço do Lumiar (MA)";"1540541,8"
"2107605";"Palmeirândia (MA)";"166373,4"
"2107704";"Paraibano (MA)";"199976,3"
"2107803";"Parnarama (MA)";"396200,4"
"2107902";"Passagem Franca (MA)";"200601,7"
"2108009";"Pastos Bons (MA)";"341451,1"
"2108058";"Paulino Neves (MA)";"147290,4"
"2108108";"Paulo Ramos (MA)";"233124,5"
"2108207";"Pedreiras (MA)";"873113,4"
"2108256";"Pedro do Rosário (MA)";"206963,9"
"2108306";"Penalva (MA)";"286030,7"
"2108405";"Peri Mirim (MA)";"103427,3"
"2108454";"Peritoró (MA)";"253047,4"
"2108504";"Pindaré-Mirim (MA)";"344863,4"
"2108603";"Pinheiro (MA)";"1185383,2"
"2108702";"Pio XII (MA)";"242199,4"
"2108801";"Pirapemas (MA)";"156608,8"
"2108900";"Poção de Pedras (MA)";"181008,4"
"2109007";"Porto Franco (MA)";"1127831,5"
"2109056";"Porto Rico do Maranhão (MA)";"56998,7"
"2109106";"Presidente Dutra (MA)";"907199,4"
"2109205";"Presidente Juscelino (MA)";"96643,8"
"2109239";"Presidente Médici (MA)";"70166,9"
"2109270";"Presidente Sarney (MA)";"179657,2"
"2109304";"Presidente Vargas (MA)";"93347,5"
"2109403";"Primeira Cruz (MA)";"106239,9"
"2109452";"Raposa (MA)";"327263,8"
"2109502";"Riachão (MA)";"855714,0"
"2109551";"Ribamar Fiquene (MA)";"133864,8"
"2109601";"Rosário (MA)";"481118,9"
"2109700";"Sambaíba (MA)";"630539,2"
"2109759";"Santa Filomena do Maranhão (MA)";"64531,9"
"2109809";"Santa Helena (MA)";"394235,2"
"2109908";"Santa Inês (MA)";"1716444,9"
"2110005";"Santa Luzia (MA)";"888803,4"
"2110039";"Santa Luzia do Paruá (MA)";"339199,0"
"2110104";"Santa Quitéria do Maranhão (MA)";"311349,0"
"2110203";"Santa Rita (MA)";"341522,9"
"2110237";"Santana do Maranhão (MA)";"105332,8"
"2110278";"Santo Amaro do Maranhão (MA)";"114431,6"
"2110302";"Santo Antônio dos Lopes (MA)";"3117474,1"
"2110401";"São Benedito do Rio Preto (MA)";"158301,6"
"2110500";"São Bento (MA)";"372912,1"
"2110609";"São Bernardo (MA)";"330314,9"
"2110658";"São Domingos do Azeitão (MA)";"472476,1"
"2110708";"São Domingos do Maranhão (MA)";"445024,4"
"2110807";"São Félix de Balsas (MA)";"104127,3"
"2110856";"São Francisco do Brejão (MA)";"123480,1"
"2110906";"São Francisco do Maranhão (MA)";"108323,1"
"2111003";"São João Batista (MA)";"145858,2"
"2111029";"São João do Carú (MA)";"138136,9"
"2111052";"São João do Paraíso (MA)";"171923,3"
"2111078";"São João do Soter (MA)";"217961,7"
"2111102";"São João dos Patos (MA)";"396337,2"
"2111201";"São José de Ribamar (MA)";"2872682,9"
"2111250";"São José dos Basílios (MA)";"69266,6"
"2111300";"São Luís (MA)";"39578221,9"
"2111409";"São Luís Gonzaga do Maranhão (MA)";"187079,2"
"2111508";"São Mateus do Maranhão (MA)";"464927,1"
"2111532";"São Pedro da Água Branca (MA)";"142979,2"
"2111573";"São Pedro dos Crentes (MA)";"101116,2"
"2111607";"São Raimundo das Mangabeiras (MA)";"863569,8"
"2111631";"São Raimundo do Doca Bezerra (MA)";"53237,6"
"2111672";"São Roberto (MA)";"49972,1"
"2111706";"São Vicente Ferrer (MA)";"163913,1"
"2111722";"Satubinha (MA)";"100254,1"
"2111748";"Senador Alexandre Costa (MA)";"179371,7"
"2111763";"Senador La Rocque (MA)";"197143,7"
"2111789";"Serrano do Maranhão (MA)";"101872,5"
"2111805";"Sítio Novo (MA)";"249392,4"
"2111904";"Sucupira do Norte (MA)";"154316,2"
"2111953";"Sucupira do Riachão (MA)";"59316,5"
"2112001";"Tasso Fragoso (MA)";"3322534,1"
"2112100";"Timbiras (MA)";"214654,9"
"2112209";"Timon (MA)";"2619876,1"
"2112233";"Trizidela do Vale (MA)";"493378,3"
"2112274";"Tufilândia (MA)";"64355,7"
"2112308";"Tuntum (MA)";"379878,7"
"2112407";"Turiaçu (MA)";"331393,6"
"2112456";"Turilândia (MA)";"262626,1"
"2112506";"Tutóia (MA)";"611978,1"
"2112605";"Urbano Santos (MA)";"303701,4"
"2112704";"Vargem Grande (MA)";"448144,7"
"2112803";"Viana (MA)";"570707,7"
"2112852";"Vila Nova dos Martírios (MA)";"179480,5"
"2112902";"Vitória do Mearim (MA)";"366775,1"
"2113009";"Vitorino Freire (MA)";"368451,7"
"2114007";"Zé Doca (MA)";"641091,9"
"2200053";"Acauã (PI)";"69703,2"
"2200103";"Agricolândia (PI)";"51901,7"
"2200202";"Água Branca (PI)";"267272,9"
"2200251";"Alagoinha do Piauí (PI)";"75805,5"
"2200277";"Alegrete do Piauí (PI)";"54724,0"
"2200301";"Alto Longá (PI)";"128594,6"
"2200400";"Altos (PI)";"660824,3"
"2200459";"Alvorada do Gurguéia (PI)";"95670,5"
"2200509";"Amarante (PI)";"220119,3"
"2200608";"Angical do Piauí (PI)";"75215,1"
"2200707";"Anísio de Abreu (PI)";"111663,3"
"2200806";"Antônio Almeida (PI)";"218386,2"
"2200905";"Aroazes (PI)";"58914,1"
"2200954";"Aroeiras do Itaim (PI)";"27965,8"
"2201002";"Arraial (PI)";"49462,7"
"2201051";"Assunção do Piauí (PI)";"68897,4"
"2201101";"Avelino Lopes (PI)";"104500,9"
"2201150";"Baixa Grande do Ribeiro (PI)";"2332225,7"
"2201176";"Barra D'Alcântara (PI)";"42721,2"
"2201200";"Barras (PI)";"575074,6"
"2201309";"Barreiras do Piauí (PI)";"124724,0"
"2201408";"Barro Duro (PI)";"102783,9"
"2201507";"Batalha (PI)";"272161,2"
"2201556";"Bela Vista do Piauí (PI)";"51937,4"
"2201572";"Belém do Piauí (PI)";"43967,5"
"2201606";"Beneditinos (PI)";"97628,0"
"2201705";"Bertolínia (PI)";"78169,2"
"2201739";"Betânia do Piauí (PI)";"232079,9"
"2201770";"Boa Hora (PI)";"71473,3"
"2201804";"Bocaina (PI)";"51900,7"
"2201903";"Bom Jesus (PI)";"1931867,1"
"2201919";"Bom Princípio do Piauí (PI)";"69422,8"
"2201929";"Bonfim do Piauí (PI)";"61162,8"
"2201945";"Boqueirão do Piauí (PI)";"57203,3"
"2201960";"Brasileira (PI)";"76412,9"
"2201988";"Brejo do Piauí (PI)";"45922,2"
"2202000";"Buriti dos Lopes (PI)";"236634,0"
"2202026";"Buriti dos Montes (PI)";"82158,7"
"2202059";"Cabeceiras do Piauí (PI)";"88954,3"
"2202075";"Cajazeiras do Piauí (PI)";"35141,6"
"2202083";"Cajueiro da Praia (PI)";"133053,5"
"2202091";"Caldeirão Grande do Piauí (PI)";"247291,0"
"2202109";"Campinas do Piauí (PI)";"63550,7"
"2202117";"Campo Alegre do Fidalgo (PI)";"56512,3"
"2202133";"Campo Grande do Piauí (PI)";"68258,7"
"2202174";"Campo Largo do Piauí (PI)";"63333,0"
"2202208";"Campo Maior (PI)";"769318,3"
"2202251";"Canavieira (PI)";"43652,0"
"2202307";"Canto do Buriti (PI)";"288516,5"
"2202406";"Capitão de Campos (PI)";"121311,3"
"2202455";"Capitão Gervásio Oliveira (PI)";"49633,9"
"2202505";"Caracol (PI)";"109248,9"
"2202539";"Caraúbas do Piauí (PI)";"59424,1"
"2202554";"Caridade do Piauí (PI)";"58151,3"
"2202604";"Castelo do Piauí (PI)";"213046,2"
"2202653";"Caxingó (PI)";"60407,7"
"2202703";"Cocal (PI)";"306564,2"
"2202711";"Cocal de Telha (PI)";"51048,9"
"2202729";"Cocal dos Alves (PI)";"66999,9"
"2202737";"Coivaras (PI)";"44160,7"
"2202752";"Colônia do Gurguéia (PI)";"79557,6"
"2202778";"Colônia do Piauí (PI)";"73244,3"
"2202802";"Conceição do Canindé (PI)";"62905,5"
"2202851";"Coronel José Dias (PI)";"48787,9"
"2202901";"Corrente (PI)";"781393,1"
"2203008";"Cristalândia do Piauí (PI)";"75395,6"
"2203107";"Cristino Castro (PI)";"131510,5"
"2203206";"Curimatá (PI)";"166600,1"
"2203230";"Currais (PI)";"616191,3"
"2203255";"Curralinhos (PI)";"45190,4"
"2203271";"Curral Novo do Piauí (PI)";"370814,0"
"2203305";"Demerval Lobão (PI)";"292740,3"
"2203354";"Dirceu Arcoverde (PI)";"74932,8"
"2203404";"Dom Expedito Lopes (PI)";"88388,9"
"2203420";"Domingos Mourão (PI)";"49241,6"
"2203453";"Dom Inocêncio (PI)";"156531,4"
"2203503";"Elesbão Veloso (PI)";"173676,3"
"2203602";"Eliseu Martins (PI)";"57179,0"
"2203701";"Esperantina (PI)";"538674,2"
"2203750";"Fartura do Piauí (PI)";"53212,7"
"2203800";"Flores do Piauí (PI)";"49842,0"
"2203859";"Floresta do Piauí (PI)";"27972,8"
"2203909";"Floriano (PI)";"1510317,3"
"2204006";"Francinópolis (PI)";"49002,7"
"2204105";"Francisco Ayres (PI)";"58490,2"
"2204154";"Francisco Macedo (PI)";"33190,8"
"2204204";"Francisco Santos (PI)";"93402,8"
"2204303";"Fronteiras (PI)";"129708,5"
"2204352";"Geminiano (PI)";"63986,2"
"2204402";"Gilbués (PI)";"517713,3"
"2204501";"Guadalupe (PI)";"561165,9"
"2204550";"Guaribas (PI)";"51221,6"
"2204600";"Hugo Napoleão (PI)";"36113,2"
"2204659";"Ilha Grande (PI)";"119887,8"
"2204709";"Inhuma (PI)";"168787,0"
"2204808";"Ipiranga do Piauí (PI)";"87654,3"
"2204907";"Isaías Coelho (PI)";"81559,3"
"2205003";"Itainópolis (PI)";"111035,0"
"2205102";"Itaueira (PI)";"151816,7"
"2205151";"Jacobina do Piauí (PI)";"77917,9"
"2205201";"Jaicós (PI)";"199386,1"
"2205250";"Jardim do Mulato (PI)";"44071,2"
"2205276";"Jatobá do Piauí (PI)";"65517,4"
"2205300";"Jerumenha (PI)";"61916,9"
"2205359";"João Costa (PI)";"71554,8"
"2205409";"Joaquim Pires (PI)";"125267,9"
"2205458";"Joca Marques (PI)";"53159,3"
"2205508";"José de Freitas (PI)";"458096,6"
"2205516";"Juazeiro do Piauí (PI)";"60019,6"
"2205524";"Júlio Borges (PI)";"112304,5"
"2205532";"Jurema (PI)";"51630,3"
"2205540";"Lagoinha do Piauí (PI)";"49901,5"
"2205557";"Lagoa Alegre (PI)";"82593,3"
"2205565";"Lagoa do Barro do Piauí (PI)";"378789,8"
"2205573";"Lagoa de São Francisco (PI)";"60414,8"
"2205581";"Lagoa do Piauí (PI)";"98557,7"
"2205599";"Lagoa do Sítio (PI)";"47233,3"
"2205607";"Landri Sales (PI)";"121521,4"
"2205706";"Luís Correia (PI)";"419366,9"
"2205805";"Luzilândia (PI)";"272272,5"
"2205854";"Madeiro (PI)";"78153,9"
"2205904";"Manoel Emídio (PI)";"60167,0"
"2205953";"Marcolândia (PI)";"238023,7"
"2206001";"Marcos Parente (PI)";"59887,8"
"2206050";"Massapê do Piauí (PI)";"53999,3"
"2206100";"Matias Olímpio (PI)";"106731,3"
"2206209";"Miguel Alves (PI)";"342933,8"
"2206308";"Miguel Leão (PI)";"33055,9"
"2206357";"Milton Brandão (PI)";"62177,3"
"2206407";"Monsenhor Gil (PI)";"146652,6"
"2206506";"Monsenhor Hipólito (PI)";"83185,8"
"2206605";"Monte Alegre do Piauí (PI)";"348508,5"
"2206654";"Morro Cabeça no Tempo (PI)";"43848,8"
"2206670";"Morro do Chapéu do Piauí (PI)";"67850,5"
"2206696";"Murici dos Portelas (PI)";"87472,9"
"2206704";"Nazaré do Piauí (PI)";"71018,3"
"2206720";"Nazária (PI)";"113043,2"
"2206753";"Nossa Senhora de Nazaré (PI)";"63188,7"
"2206803";"Nossa Senhora dos Remédios (PI)";"98187,1"
"2206902";"Novo Oriente do Piauí (PI)";"61165,0"
"2206951";"Novo Santo Antônio (PI)";"33260,8"
"2207009";"Oeiras (PI)";"668469,4"
"2207108";"Olho D'Água do Piauí (PI)";"31361,6"
"2207207";"Padre Marcos (PI)";"76715,3"
"2207306";"Paes Landim (PI)";"45800,5"
"2207355";"Pajeú do Piauí (PI)";"44277,8"
"2207405";"Palmeira do Piauí (PI)";"147783,7"
"2207504";"Palmeirais (PI)";"148985,5"
"2207553";"Paquetá (PI)";"50376,8"
"2207603";"Parnaguá (PI)";"117191,1"
"2207702";"Parnaíba (PI)";"3273603,6"
"2207751";"Passagem Franca do Piauí (PI)";"51808,2"
"2207777";"Patos do Piauí (PI)";"59641,7"
"2207793";"Pau D'Arco do Piauí (PI)";"37201,4"
"2207801";"Paulistana (PI)";"294110,7"
"2207850";"Pavussu (PI)";"41355,8"
"2207900";"Pedro II (PI)";"425039,6"
"2207934";"Pedro Laurentino (PI)";"33800,7"
"2207959";"Nova Santa Rita (PI)";"46224,3"
"2208007";"Picos (PI)";"2168531,8"
"2208106";"Pimenteiras (PI)";"111831,5"
"2208205";"Pio IX (PI)";"219870,7"
"2208304";"Piracuruca (PI)";"408400,4"
"2208403";"Piripiri (PI)";"1033833,1"
"2208502";"Porto (PI)";"139204,5"
"2208551";"Porto Alegre do Piauí (PI)";"49545,4"
"2208601";"Prata do Piauí (PI)";"34283,4"
"2208650";"Queimada Nova (PI)";"256472,6"
"2208700";"Redenção do Gurguéia (PI)";"112570,8"
"2208809";"Regeneração (PI)";"300295,1"
"2208858";"Riacho Frio (PI)";"48446,9"
"2208874";"Ribeira do Piauí (PI)";"233945,8"
"2208908";"Ribeiro Gonçalves (PI)";"886993,8"
"2209005";"Rio Grande do Piauí (PI)";"60569,5"
"2209104";"Santa Cruz do Piauí (PI)";"66207,0"
"2209153";"Santa Cruz dos Milagres (PI)";"46884,4"
"2209203";"Santa Filomena (PI)";"849997,3"
"2209302";"Santa Luz (PI)";"73650,5"
"2209351";"Santana do Piauí (PI)";"44360,0"
"2209377";"Santa Rosa do Piauí (PI)";"54217,4"
"2209401";"Santo Antônio de Lisboa (PI)";"86075,4"
"2209450";"Santo Antônio dos Milagres (PI)";"21017,7"
"2209500";"Santo Inácio do Piauí (PI)";"44443,7"
"2209559";"São Braz do Piauí (PI)";"42999,8"
"2209609";"São Félix do Piauí (PI)";"33366,9"
"2209658";"São Francisco de Assis do Piauí (PI)";"60351,0"
"2209708";"São Francisco do Piauí (PI)";"58610,0"
"2209757";"São Gonçalo do Gurguéia (PI)";"60001,0"
"2209807";"São Gonçalo do Piauí (PI)";"74940,9"
"2209856";"São João da Canabrava (PI)";"48417,5"
"2209872";"São João da Fronteira (PI)";"64032,9"
"2209906";"São João da Serra (PI)";"66616,8"
"2209955";"São João da Varjota (PI)";"39664,5"
"2209971";"São João do Arraial (PI)";"81968,7"
"2210003";"São João do Piauí (PI)";"389746,5"
"2210052";"São José do Divino (PI)";"66797,7"
"2210102";"São José do Peixe (PI)";"44547,6"
"2210201";"São José do Piauí (PI)";"70489,5"
"2210300";"São Julião (PI)";"62242,8"
"2210359";"São Lourenço do Piauí (PI)";"49852,1"
"2210375";"São Luis do Piauí (PI)";"24473,7"
"2210383";"São Miguel da Baixa Grande (PI)";"31222,4"
"2210391";"São Miguel do Fidalgo (PI)";"32902,3"
"2210409";"São Miguel do Tapuio (PI)";"173924,6"
"2210508";"São Pedro do Piauí (PI)";"143275,7"
"2210607";"São Raimundo Nonato (PI)";"653625,8"
"2210623";"Sebastião Barros (PI)";"53028,9"
"2210631";"Sebastião Leal (PI)";"686686,9"
"2210656";"Sigefredo Pacheco (PI)";"82609,7"
"2210706";"Simões (PI)";"412377,6"
"2210805";"Simplício Mendes (PI)";"207880,6"
"2210904";"Socorro do Piauí (PI)";"43637,0"
"2210938";"Sussuapara (PI)";"71571,6"
"2210953";"Tamboril do Piauí (PI)";"33718,5"
"2210979";"Tanque do Piauí (PI)";"36929,0"
"2211001";"Teresina (PI)";"25943688,0"
"2211100";"União (PI)";"516520,9"
"2211209";"Uruçuí (PI)";"3903796,4"
"2211308";"Valença do Piauí (PI)";"327235,2"
"2211357";"Várzea Branca (PI)";"52620,1"
"2211407";"Várzea Grande (PI)";"46140,9"
"2211506";"Vera Mendes (PI)";"37034,0"
"2211605";"Vila Nova do Piauí (PI)";"37315,6"
"2211704";"Wall Ferraz (PI)";"44373,8"
"2300101";"Abaiara (CE)";"126793,5"
"2300150";"Acarape (CE)";"183506,6"
"2300200";"Acaraú (CE)";"1184672,5"
"2300309";"Acopiara (CE)";"604192,2"
"2300408";"Aiuaba (CE)";"146744,4"
"2300507";"Alcântaras (CE)";"105769,8"
"2300606";"Altaneira (CE)";"82200,9"
"2300705";"Alto Santo (CE)";"240389,5"
"2300754";"Amontada (CE)";"684586,0"
"2300804";"Antonina do Norte (CE)";"89237,6"
"2300903";"Apuiarés (CE)";"134458,5"
"2301000";"Aquiraz (CE)";"4429049,6"
"2301109";"Aracati (CE)";"1791174,4"
"2301208";"Aracoiaba (CE)";"285456,9"
"2301257";"Ararendá (CE)";"117633,6"
"2301307";"Araripe (CE)";"219194,2"
"2301406";"Aratuba (CE)";"159277,5"
"2301505";"Arneiroz (CE)";"81650,6"
"2301604";"Assaré (CE)";"273041,4"
"2301703";"Aurora (CE)";"250837,2"
"2301802";"Baixio (CE)";"69658,0"
"2301851";"Banabuiú (CE)";"296956,3"
"2301901";"Barbalha (CE)";"1599702,7"
"2301950";"Barreira (CE)";"267357,2"
"2302008";"Barro (CE)";"262523,3"
"2302057";"Barroquinha (CE)";"150759,4"
"2302107";"Baturité (CE)";"503467,6"
"2302206";"Beberibe (CE)";"1208892,2"
"2302305";"Bela Cruz (CE)";"353476,1"
"2302404";"Boa Viagem (CE)";"584404,2"
"2302503";"Brejo Santo (CE)";"1009687,7"
"2302602";"Camocim (CE)";"855906,2"
"2302701";"Campos Sales (CE)";"314915,2"
"2302800";"Canindé (CE)";"1021411,3"
"2302909";"Capistrano (CE)";"190139,6"
"2303006";"Caridade (CE)";"187436,7"
"2303105";"Cariré (CE)";"208196,2"
"2303204";"Caririaçu (CE)";"271670,5"
"2303303";"Cariús (CE)";"193985,5"
"2303402";"Carnaubal (CE)";"185439,7"
"2303501";"Cascavel (CE)";"1182739,8"
"2303600";"Catarina (CE)";"132472,8"
"2303659";"Catunda (CE)";"117229,6"
"2303709";"Caucaia (CE)";"9891543,8"
"2303808";"Cedro (CE)";"260564,1"
"2303907";"Chaval (CE)";"125251,4"
"2303931";"Choró (CE)";"192950,8"
"2303956";"Chorozinho (CE)";"255376,8"
"2304004";"Coreaú (CE)";"236193,1"
"2304103";"Crateús (CE)";"1088879,3"
"2304202";"Crato (CE)";"2178406,1"
"2304236";"Croatá (CE)";"233557,2"
"2304251";"Cruz (CE)";"470272,5"
"2304269";"Deputado Irapuan Pinheiro (CE)";"111391,7"
"2304277";"Ereré (CE)";"93228,4"
"2304285";"Eusébio (CE)";"4557315,8"
"2304301";"Farias Brito (CE)";"225754,9"
"2304350";"Forquilha (CE)";"310509,8"
"2304400";"Fortaleza (CE)";"81362332,6"
"2304459";"Fortim (CE)";"331346,3"
"2304509";"Frecheirinha (CE)";"356850,7"
"2304608";"General Sampaio (CE)";"89926,0"
"2304657";"Graça (CE)";"136808,0"
"2304707";"Granja (CE)";"514903,2"
"2304806";"Granjeiro (CE)";"55419,4"
"2304905";"Groaíras (CE)";"123686,5"
"2304954";"Guaiúba (CE)";"272367,9"
"2305001";"Guaraciaba do Norte (CE)";"728027,4"
"2305100";"Guaramiranga (CE)";"94083,0"
"2305209";"Hidrolândia (CE)";"204119,5"
"2305233";"Horizonte (CE)";"2501483,0"
"2305266";"Ibaretama (CE)";"144293,5"
"2305308";"Ibiapina (CE)";"380747,3"
"2305332";"Ibicuitinga (CE)";"125308,2"
"2305357";"Icapuí (CE)";"400632,2"
"2305407";"Icó (CE)";"796420,4"
"2305506";"Iguatu (CE)";"2054538,7"
"2305605";"Independência (CE)";"347467,5"
"2305654";"Ipaporanga (CE)";"116772,3"
"2305704";"Ipaumirim (CE)";"167158,4"
"2305803";"Ipu (CE)";"575071,9"
"2305902";"Ipueiras (CE)";"385582,1"
"2306009";"Iracema (CE)";"211261,8"
"2306108";"Irauçuba (CE)";"251621,0"
"2306207";"Itaiçaba (CE)";"89380,3"
"2306256";"Itaitinga (CE)";"1588814,1"
"2306306";"Itapajé (CE)";"702418,1"
"2306405";"Itapipoca (CE)";"2129866,0"
"2306504";"Itapiúna (CE)";"182346,8"
"2306553";"Itarema (CE)";"722769,1"
"2306603";"Itatira (CE)";"190134,7"
"2306702";"Jaguaretama (CE)";"257163,2"
"2306801";"Jaguaribara (CE)";"165067,3"
"2306900";"Jaguaribe (CE)";"637710,5"
"2307007";"Jaguaruana (CE)";"598756,6"
"2307106";"Jardim (CE)";"310207,8"
"2307205";"Jati (CE)";"140333,6"
"2307254";"Jijoca de Jericoacoara (CE)";"696532,4"
"2307304";"Juazeiro do Norte (CE)";"5783730,2"
"2307403";"Jucás (CE)";"347056,8"
"2307502";"Lavras da Mangabeira (CE)";"390628,1"
"2307601";"Limoeiro do Norte (CE)";"1651935,9"
"2307635";"Madalena (CE)";"208237,6"
"2307650";"Maracanaú (CE)";"14004933,7"
"2307700";"Maranguape (CE)";"1793354,4"
"2307809";"Marco (CE)";"410771,0"
"2307908";"Martinópole (CE)";"109551,6"
"2308005";"Massapê (CE)";"441702,2"
"2308104";"Mauriti (CE)";"640788,7"
"2308203";"Meruoca (CE)";"143854,6"
"2308302";"Milagres (CE)";"317938,3"
"2308351";"Milhã (CE)";"226109,4"
"2308377";"Miraíma (CE)";"127318,2"
"2308401";"Missão Velha (CE)";"586551,4"
"2308500";"Mombaça (CE)";"531261,6"
"2308609";"Monsenhor Tabosa (CE)";"179307,3"
"2308708";"Morada Nova (CE)";"1570710,1"
"2308807";"Moraújo (CE)";"80171,5"
"2308906";"Morrinhos (CE)";"220951,4"
"2309003";"Mucambo (CE)";"144254,1"
"2309102";"Mulungu (CE)";"134731,5"
"2309201";"Nova Olinda (CE)";"179076,9"
"2309300";"Nova Russas (CE)";"381139,3"
"2309409";"Novo Oriente (CE)";"302449,9"
"2309458";"Ocara (CE)";"304031,8"
"2309508";"Orós (CE)";"234968,2"
"2309607";"Pacajus (CE)";"1534458,0"
"2309706";"Pacatuba (CE)";"1460732,8"
"2309805";"Pacoti (CE)";"153002,4"
"2309904";"Pacujá (CE)";"68377,2"
"2310001";"Palhano (CE)";"116455,4"
"2310100";"Palmácia (CE)";"120067,5"
"2310209";"Paracuru (CE)";"595518,3"
"2310258";"Paraipaba (CE)";"643387,6"
"2310308";"Parambu (CE)";"309634,8"
"2310407";"Paramoti (CE)";"121523,7"
"2310506";"Pedra Branca (CE)";"411066,1"
"2310605";"Penaforte (CE)";"142781,4"
"2310704";"Pentecoste (CE)";"537432,9"
"2310803";"Pereiro (CE)";"530452,0"
"2310852";"Pindoretama (CE)";"320047,1"
"2310902";"Piquet Carneiro (CE)";"181463,4"
"2310951";"Pires Ferreira (CE)";"91197,8"
"2311009";"Poranga (CE)";"128390,1"
"2311108";"Porteiras (CE)";"207091,3"
"2311207";"Potengi (CE)";"115651,1"
"2311231";"Potiretama (CE)";"92923,5"
"2311264";"Quiterianópolis (CE)";"211390,9"
"2311306";"Quixadá (CE)";"1283066,1"
"2311355";"Quixelô (CE)";"214522,4"
"2311405";"Quixeramobim (CE)";"1725839,5"
"2311504";"Quixeré (CE)";"682149,8"
"2311603";"Redenção (CE)";"450867,3"
"2311702";"Reriutaba (CE)";"213295,1"
"2311801";"Russas (CE)";"1332637,8"
"2311900";"Saboeiro (CE)";"164969,8"
"2311959";"Salitre (CE)";"187866,8"
"2312007";"Santana do Acaraú (CE)";"313119,9"
"2312106";"Santana do Cariri (CE)";"164590,8"
"2312205";"Santa Quitéria (CE)";"715964,5"
"2312304";"São Benedito (CE)";"710000,0"
"2312403";"São Gonçalo do Amarante (CE)";"6894155,5"
"2312502";"São João do Jaguaribe (CE)";"114371,2"
"2312601";"São Luís do Curu (CE)";"147888,4"
"2312700";"Senador Pompeu (CE)";"432507,6"
"2312809";"Senador Sá (CE)";"71512,4"
"2312908";"Sobral (CE)";"6016969,5"
"2313005";"Solonópole (CE)";"318203,0"
"2313104";"Tabuleiro do Norte (CE)";"563949,8"
"2313203";"Tamboril (CE)";"316962,5"
"2313252";"Tarrafas (CE)";"88539,0"
"2313302";"Tauá (CE)";"802394,9"
"2313351";"Tejuçuoca (CE)";"153336,6"
"2313401";"Tianguá (CE)";"1913963,7"
"2313500";"Trairi (CE)";"947832,6"
"2313559";"Tururu (CE)";"154601,5"
"2313609";"Ubajara (CE)";"714256,1"
"2313708";"Umari (CE)";"75947,8"
"2313757";"Umirim (CE)";"194960,7"
"2313807";"Uruburetama (CE)";"460849,8"
"2313906";"Uruoca (CE)";"238457,4"
"2313955";"Varjota (CE)";"404964,3"
"2314003";"Várzea Alegre (CE)";"502913,9"
"2314102";"Viçosa do Ceará (CE)";"642464,8"
"2400109";"Acari (RN)";"173700,0"
"2400208";"Açu (RN)";"2146108,4"
"2400307";"Afonso Bezerra (RN)";"193262,6"
"2400406";"Água Nova (RN)";"37808,7"
"2400505";"Alexandria (RN)";"178559,1"
"2400604";"Almino Afonso (RN)";"61041,5"
"2400703";"Alto do Rodrigues (RN)";"792175,9"
"2400802";"Angicos (RN)";"214392,8"
"2400901";"Antônio Martins (RN)";"70796,8"
"2401008";"Apodi (RN)";"895177,5"
"2401107";"Areia Branca (RN)";"1218377,5"
"2401206";"Arês (RN)";"440357,6"
"2401305";"Campo Grande (RN)";"119802,0"
"2401404";"Baía Formosa (RN)";"276105,2"
"2401453";"Baraúna (RN)";"783898,8"
"2401503";"Barcelona (RN)";"55407,7"
"2401602";"Bento Fernandes (RN)";"120352,7"
"2401651";"Bodó (RN)";"229572,1"
"2401701";"Bom Jesus (RN)";"130762,9"
"2401800";"Brejinho (RN)";"165970,2"
"2401859";"Caiçara do Norte (RN)";"115654,9"
"2401909";"Caiçara do Rio do Vento (RN)";"197692,0"
"2402006";"Caicó (RN)";"1598738,7"
"2402105";"Campo Redondo (RN)";"120903,5"
"2402204";"Canguaretama (RN)";"639754,6"
"2402303";"Caraúbas (RN)";"538285,2"
"2402402";"Carnaúba dos Dantas (RN)";"142819,8"
"2402501";"Carnaubais (RN)";"302477,9"
"2402600";"Ceará-Mirim (RN)";"1186373,6"
"2402709";"Cerro Corá (RN)";"171108,3"
"2402808";"Coronel Ezequiel (RN)";"58595,5"
"2402907";"Coronel João Pessoa (RN)";"46989,1"
"2403004";"Cruzeta (RN)";"141940,0"
"2403103";"Currais Novos (RN)";"930341,6"
"2403202";"Doutor Severiano (RN)";"91968,6"
"2403251";"Parnamirim (RN)";"7490687,9"
"2403301";"Encanto (RN)";"70242,2"
"2403400";"Equador (RN)";"85665,9"
"2403509";"Espírito Santo (RN)";"113843,9"
"2403608";"Extremoz (RN)";"844764,6"
"2403707";"Felipe Guerra (RN)";"396782,0"
"2403756";"Fernando Pedroza (RN)";"43861,6"
"2403806";"Florânia (RN)";"137719,0"
"2403905";"Francisco Dantas (RN)";"36903,6"
"2404002";"Frutuoso Gomes (RN)";"52613,9"
"2404101";"Galinhos (RN)";"124331,9"
"2404200";"Goianinha (RN)";"658982,9"
"2404309";"Governador Dix-Sept Rosado (RN)";"600065,9"
"2404408";"Grossos (RN)";"164487,6"
"2404507";"Guamaré (RN)";"2748777,5"
"2404606";"Ielmo Marinho (RN)";"157087,9"
"2404705";"Ipanguaçu (RN)";"215667,3"
"2404804";"Ipueira (RN)";"37971,3"
"2404853";"Itajá (RN)";"145395,3"
"2404903";"Itaú (RN)";"84154,8"
"2405009";"Jaçanã (RN)";"91187,9"
"2405108";"Jandaíra (RN)";"234017,5"
"2405207";"Janduís (RN)";"84487,8"
"2405306";"Januário Cicco (RN)";"96939,1"
"2405405";"Japi (RN)";"58421,4"
"2405504";"Jardim de Angicos (RN)";"62530,3"
"2405603";"Jardim de Piranhas (RN)";"243966,4"
"2405702";"Jardim do Seridó (RN)";"237956,5"
"2405801";"João Câmara (RN)";"1419595,6"
"2405900";"João Dias (RN)";"28716,6"
"2406007";"José da Penha (RN)";"77868,3"
"2406106";"Jucurutu (RN)";"391756,6"
"2406155";"Jundiá (RN)";"47189,3"
"2406205";"Lagoa d'Anta (RN)";"81851,2"
"2406304";"Lagoa de Pedras (RN)";"90590,5"
"2406403";"Lagoa de Velhos (RN)";"42744,1"
"2406502";"Lagoa Nova (RN)";"291874,4"
"2406601";"Lagoa Salgada (RN)";"113113,7"
"2406700";"Lajes (RN)";"230308,6"
"2406809";"Lajes Pintadas (RN)";"62555,9"
"2406908";"Lucrécia (RN)";"53827,4"
"2407005";"Luís Gomes (RN)";"97477,3"
"2407104";"Macaíba (RN)";"2109144,6"
"2407203";"Macau (RN)";"1493271,0"
"2407252";"Major Sales (RN)";"56007,0"
"2407302";"Marcelino Vieira (RN)";"92507,9"
"2407401";"Martins (RN)";"125502,6"
"2407500";"Maxaranguape (RN)";"145542,1"
"2407609";"Messias Targino (RN)";"59492,9"
"2407708";"Montanhas (RN)";"151805,5"
"2407807";"Monte Alegre (RN)";"325278,2"
"2407906";"Monte das Gameleiras (RN)";"37848,8"
"2408003";"Mossoró (RN)";"9582884,8"
"2408102";"Natal (RN)";"27497422,5"
"2408201";"Nísia Floresta (RN)";"573064,8"
"2408300";"Nova Cruz (RN)";"631949,8"
"2408409";"Olho d'Água do Borges (RN)";"48871,1"
"2408508";"Ouro Branco (RN)";"72852,0"
"2408607";"Paraná (RN)";"50385,5"
"2408706";"Paraú (RN)";"59380,0"
"2408805";"Parazinho (RN)";"510446,1"
"2408904";"Parelhas (RN)";"423937,5"
"2408953";"Rio do Fogo (RN)";"211825,1"
"2409100";"Passa e Fica (RN)";"171299,0"
"2409209";"Passagem (RN)";"52291,6"
"2409308";"Patu (RN)";"182565,4"
"2409332";"Santa Maria (RN)";"86696,0"
"2409407";"Pau dos Ferros (RN)";"798632,2"
"2409506";"Pedra Grande (RN)";"243846,3"
"2409605";"Pedra Preta (RN)";"43026,2"
"2409704";"Pedro Avelino (RN)";"98424,1"
"2409803";"Pedro Velho (RN)";"178730,2"
"2409902";"Pendências (RN)";"695059,2"
"2410009";"Pilões (RN)";"43979,3"
"2410108";"Poço Branco (RN)";"143410,7"
"2410207";"Portalegre (RN)";"91230,2"
"2410256";"Porto do Mangue (RN)";"172748,5"
"2410306";"Serra Caiada (RN)";"137082,3"
"2410405";"Pureza (RN)";"136764,0"
"2410504";"Rafael Fernandes (RN)";"57950,3"
"2410603";"Rafael Godeiro (RN)";"45689,6"
"2410702";"Riacho da Cruz (RN)";"37690,5"
"2410801";"Riacho de Santana (RN)";"48437,5"
"2410900";"Riachuelo (RN)";"345299,5"
"2411007";"Rodolfo Fernandes (RN)";"64939,5"
"2411056";"Tibau (RN)";"137774,1"
"2411106";"Ruy Barbosa (RN)";"203594,4"
"2411205";"Santa Cruz (RN)";"675849,6"
"2411403";"Santana do Matos (RN)";"179803,0"
"2411429";"Santana do Seridó (RN)";"44372,9"
"2411502";"Santo Antônio (RN)";"328015,3"
"2411601";"São Bento do Norte (RN)";"421480,9"
"2411700";"São Bento do Trairí (RN)";"55558,1"
"2411809";"São Fernando (RN)";"68978,9"
"2411908";"São Francisco do Oeste (RN)";"65016,1"
"2412005";"São Gonçalo do Amarante (RN)";"2307193,7"
"2412104";"São João do Sabugi (RN)";"94944,4"
"2412203";"São José de Mipibu (RN)";"1359847,7"
"2412302";"São José do Campestre (RN)";"141196,0"
"2412401";"São José do Seridó (RN)";"95605,5"
"2412500";"São Miguel (RN)";"386805,1"
"2412559";"São Miguel do Gostoso (RN)";"722955,1"
"2412609";"São Paulo do Potengi (RN)";"273441,6"
"2412708";"São Pedro (RN)";"68282,6"
"2412807";"São Rafael (RN)";"97419,4"
"2412906";"São Tomé (RN)";"120593,5"
"2413003";"São Vicente (RN)";"90507,3"
"2413102";"Senador Elói de Souza (RN)";"73626,9"
"2413201";"Senador Georgino Avelino (RN)";"105581,0"
"2413300";"Serra de São Bento (RN)";"73394,1"
"2413359";"Serra do Mel (RN)";"976555,1"
"2413409";"Serra Negra do Norte (RN)";"134899,8"
"2413508";"Serrinha (RN)";"81783,1"
"2413557";"Serrinha dos Pintos (RN)";"56137,6"
"2413607";"Severiano Melo (RN)";"92737,8"
"2413706";"Sítio Novo (RN)";"58723,2"
"2413805";"Taboleiro Grande (RN)";"37504,8"
"2413904";"Taipu (RN)";"174534,5"
"2414001";"Tangará (RN)";"213678,0"
"2414100";"Tenente Ananias (RN)";"128347,0"
"2414159";"Tenente Laurentino Cruz (RN)";"117559,8"
"2414209";"Tibau do Sul (RN)";"578303,6"
"2414308";"Timbaúba dos Batistas (RN)";"44946,8"
"2414407";"Touros (RN)";"979897,5"
"2414456";"Triunfo Potiguar (RN)";"52838,7"
"2414506";"Umarizal (RN)";"167033,6"
"2414605";"Upanema (RN)";"330522,9"
"2414704";"Várzea (RN)";"65328,0"
"2414753";"Venha-Ver (RN)";"42293,5"
"2414803";"Vera Cruz (RN)";"149591,1"
"2414902";"Viçosa (RN)";"25574,8"
"2415008";"Vila Flor (RN)";"47193,8"
"2500106";"Água Branca (PB)";"95193,0"
"2500205";"Aguiar (PB)";"61115,3"
"2500304";"Alagoa Grande (PB)";"320351,1"
"2500403";"Alagoa Nova (PB)";"377884,7"
"2500502";"Alagoinha (PB)";"152279,6"
"2500536";"Alcantil (PB)";"62649,2"
"2500577";"Algodão de Jandaíra (PB)";"33767,8"
"2500601";"Alhandra (PB)";"3639169,1"
"2500700";"São João do Rio do Peixe (PB)";"248471,6"
"2500734";"Amparo (PB)";"33047,8"
"2500775";"Aparecida (PB)";"125775,7"
"2500809";"Araçagi (PB)";"200370,3"
"2500908";"Arara (PB)";"119681,5"
"2501005";"Araruna (PB)";"210531,4"
"2501104";"Areia (PB)";"303548,9"
"2501153";"Areia de Baraúnas (PB)";"48609,1"
"2501203";"Areial (PB)";"71784,6"
"2501302";"Aroeiras (PB)";"314453,4"
"2501351";"Assunção (PB)";"53156,4"
"2501401";"Baía da Traição (PB)";"117262,0"
"2501500";"Bananeiras (PB)";"320676,6"
"2501534";"Baraúna (PB)";"54869,5"
"2501575";"Barra de Santana (PB)";"101341,5"
"2501609";"Barra de Santa Rosa (PB)";"156128,7"
"2501708";"Barra de São Miguel (PB)";"86302,8"
"2501807";"Bayeux (PB)";"1492127,1"
"2501906";"Belém (PB)";"241955,5"
"2502003";"Belém do Brejo do Cruz (PB)";"82367,0"
"2502052";"Bernardino Batista (PB)";"45715,7"
"2502102";"Boa Ventura (PB)";"56351,1"
"2502151";"Boa Vista (PB)";"305885,5"
"2502201";"Bom Jesus (PB)";"35756,0"
"2502300";"Bom Sucesso (PB)";"57235,1"
"2502409";"Bonito de Santa Fé (PB)";"98917,6"
"2502508";"Boqueirão (PB)";"265029,5"
"2502607";"Igaracy (PB)";"64888,8"
"2502706";"Borborema (PB)";"73308,0"
"2502805";"Brejo do Cruz (PB)";"169245,2"
"2502904";"Brejo dos Santos (PB)";"71212,5"
"2503001";"Caaporã (PB)";"456330,2"
"2503100";"Cabaceiras (PB)";"143538,3"
"2503209";"Cabedelo (PB)";"3605029,1"
"2503308";"Cachoeira dos Índios (PB)";"134515,3"
"2503407";"Cacimba de Areia (PB)";"41057,6"
"2503506";"Cacimba de Dentro (PB)";"160536,7"
"2503555";"Cacimbas (PB)";"76001,1"
"2503605";"Caiçara (PB)";"75521,0"
"2503704";"Cajazeiras (PB)";"1425034,5"
"2503753";"Cajazeirinhas (PB)";"44211,6"
"2503803";"Caldas Brandão (PB)";"81716,3"
"2503902";"Camalaú (PB)";"76257,3"
"2504009";"Campina Grande (PB)";"11505703,7"
"2504033";"Capim (PB)";"87593,1"
"2504074";"Caraúbas (PB)";"47319,9"
"2504108";"Carrapateira (PB)";"34001,0"
"2504157";"Casserengue (PB)";"75140,2"
"2504207";"Catingueira (PB)";"57035,8"
"2504306";"Catolé do Rocha (PB)";"568709,1"
"2504355";"Caturité (PB)";"75914,3"
"2504405";"Conceição (PB)";"234852,7"
"2504504";"Condado (PB)";"77145,9"
"2504603";"Conde (PB)";"1418528,8"
"2504702";"Congo (PB)";"68739,7"
"2504801";"Coremas (PB)";"229337,8"
"2504850";"Coxixola (PB)";"26736,0"
"2504900";"Cruz do Espírito Santo (PB)";"209447,0"
"2505006";"Cubati (PB)";"86843,1"
"2505105";"Cuité (PB)";"242714,7"
"2505204";"Cuitegi (PB)";"77090,7"
"2505238";"Cuité de Mamanguape (PB)";"78110,5"
"2505279";"Curral de Cima (PB)";"61995,2"
"2505303";"Curral Velho (PB)";"29807,3"
"2505352";"Damião (PB)";"54716,3"
"2505402";"Desterro (PB)";"82416,1"
"2505501";"Vista Serrana (PB)";"43723,2"
"2505600";"Diamante (PB)";"71581,4"
"2505709";"Dona Inês (PB)";"104756,7"
"2505808";"Duas Estradas (PB)";"52063,3"
"2505907";"Emas (PB)";"43294,7"
"2506004";"Esperança (PB)";"793127,1"
"2506103";"Fagundes (PB)";"120961,4"
"2506202";"Frei Martinho (PB)";"33079,0"
"2506251";"Gado Bravo (PB)";"85089,1"
"2506301";"Guarabira (PB)";"1325438,8"
"2506400";"Gurinhém (PB)";"170587,5"
"2506509";"Gurjão (PB)";"43684,3"
"2506608";"Ibiara (PB)";"60876,6"
"2506707";"Imaculada (PB)";"102541,8"
"2506806";"Ingá (PB)";"236604,4"
"2506905";"Itabaiana (PB)";"370500,3"
"2507002";"Itaporanga (PB)";"377082,4"
"2507101";"Itapororoca (PB)";"234764,2"
"2507200";"Itatuba (PB)";"180344,1"
"2507309";"Jacaraú (PB)";"192521,0"
"2507408";"Jericó (PB)";"86264,3"
"2507507";"João Pessoa (PB)";"24669918,6"
"2507606";"Juarez Távora (PB)";"84468,7"
"2507705";"Juazeirinho (PB)";"220993,2"
"2507804";"Junco do Seridó (PB)";"105293,8"
"2507903";"Juripiranga (PB)";"130971,5"
"2508000";"Juru (PB)";"96436,9"
"2508109";"Lagoa (PB)";"57360,5"
"2508208";"Lagoa de Dentro (PB)";"93702,7"
"2508307";"Lagoa Seca (PB)";"357094,2"
"2508406";"Lastro (PB)";"34151,0"
"2508505";"Livramento (PB)";"75589,0"
"2508554";"Logradouro (PB)";"54880,1"
"2508604";"Lucena (PB)";"249895,6"
"2508703";"Mãe d'Água (PB)";"41425,1"
"2508802";"Malta (PB)";"68216,1"
"2508901";"Mamanguape (PB)";"893543,8"
"2509008";"Manaíra (PB)";"105530,9"
"2509057";"Marcação (PB)";"109424,8"
"2509107";"Mari (PB)";"257312,1"
"2509156";"Marizópolis (PB)";"87286,2"
"2509206";"Massaranduba (PB)";"161375,9"
"2509305";"Mataraca (PB)";"196941,6"
"2509339";"Matinhas (PB)";"64161,5"
"2509370";"Mato Grosso (PB)";"34675,5"
"2509396";"Maturéia (PB)";"68505,0"
"2509404";"Mogeiro (PB)";"189354,6"
"2509503";"Montadas (PB)";"64384,5"
"2509602";"Monte Horebe (PB)";"53561,1"
"2509701";"Monteiro (PB)";"753021,0"
"2509800";"Mulungu (PB)";"100809,9"
"2509909";"Natuba (PB)";"110578,2"
"2510006";"Nazarezinho (PB)";"69768,5"
"2510105";"Nova Floresta (PB)";"102651,0"
"2510204";"Nova Olinda (PB)";"63671,7"
"2510303";"Nova Palmeira (PB)";"49123,8"
"2510402";"Olho d'Água (PB)";"67370,0"
"2510501";"Olivedos (PB)";"46787,0"
"2510600";"Ouro Velho (PB)";"42297,5"
"2510659";"Parari (PB)";"24668,9"
"2510709";"Passagem (PB)";"32130,2"
"2510808";"Patos (PB)";"2210177,4"
"2510907";"Paulista (PB)";"178361,7"
"2511004";"Pedra Branca (PB)";"42759,0"
"2511103";"Pedra Lavrada (PB)";"84890,3"
"2511202";"Pedras de Fogo (PB)";"695261,3"
"2511301";"Piancó (PB)";"224955,8"
"2511400";"Picuí (PB)";"245332,1"
"2511509";"Pilar (PB)";"139093,8"
"2511608";"Pilões (PB)";"108635,6"
"2511707";"Pilõezinhos (PB)";"58975,3"
"2511806";"Pirpirituba (PB)";"106136,2"
"2511905";"Pitimbu (PB)";"427279,6"
"2512002";"Pocinhos (PB)";"295224,4"
"2512036";"Poço Dantas (PB)";"46464,0"
"2512077";"Poço de José de Moura (PB)";"52955,1"
"2512101";"Pombal (PB)";"514593,8"
"2512200";"Prata (PB)";"65920,0"
"2512309";"Princesa Isabel (PB)";"299712,3"
"2512408";"Puxinanã (PB)";"168481,5"
"2512507";"Queimadas (PB)";"688425,9"
"2512606";"Quixaba (PB)";"29630,6"
"2512705";"Remígio (PB)";"194545,2"
"2512721";"Pedro Régis (PB)";"60802,5"
"2512747";"Riachão (PB)";"38501,5"
"2512754";"Riachão do Bacamarte (PB)";"57921,2"
"2512762";"Riachão do Poço (PB)";"62938,6"
"2512788";"Riacho de Santo Antônio (PB)";"32621,4"
"2512804";"Riacho dos Cavalos (PB)";"103303,5"
"2512903";"Rio Tinto (PB)";"357814,7"
"2513000";"Salgadinho (PB)";"34736,7"
"2513109";"Salgado de São Félix (PB)";"140789,6"
"2513158";"Santa Cecília (PB)";"81960,8"
"2513208";"Santa Cruz (PB)";"64858,6"
"2513307";"Santa Helena (PB)";"67436,0"
"2513356";"Santa Inês (PB)";"37776,3"
"2513406";"Santa Luzia (PB)";"794095,9"
"2513505";"Santana de Mangueira (PB)";"54851,2"
"2513604";"Santana dos Garrotes (PB)";"75269,2"
"2513653";"Joca Claudino (PB)";"35228,4"
"2513703";"Santa Rita (PB)";"2846355,2"
"2513802";"Santa Teresinha (PB)";"62606,9"
"2513851";"Santo André (PB)";"34481,9"
"2513901";"São Bento (PB)";"627757,0"
"2513927";"São Bentinho (PB)";"58645,7"
"2513943";"São Domingos do Cariri (PB)";"33208,1"
"2513968";"São Domingos (PB)";"39036,4"
"2513984";"São Francisco (PB)";"42733,0"
"2514008";"São João do Cariri (PB)";"61607,6"
"2514107";"São João do Tigre (PB)";"45782,1"
"2514206";"São José da Lagoa Tapada (PB)";"78660,7"
"2514305";"São José de Caiana (PB)";"55327,6"
"2514404";"São José de Espinharas (PB)";"58222,7"
"2514453";"São José dos Ramos (PB)";"69570,8"
"2514503";"São José de Piranhas (PB)";"255978,3"
"2514552";"São José de Princesa (PB)";"37035,9"
"2514602";"São José do Bonfim (PB)";"35043,3"
"2514651";"São José do Brejo do Cruz (PB)";"32475,6"
"2514701";"São José do Sabugi (PB)";"279771,8"
"2514800";"São José dos Cordeiros (PB)";"40204,1"
"2514909";"São Mamede (PB)";"130821,3"
"2515005";"São Miguel de Taipu (PB)";"98867,0"
"2515104";"São Sebastião de Lagoa de Roça (PB)";"114293,8"
"2515203";"São Sebastião do Umbuzeiro (PB)";"40190,9"
"2515302";"Sapé (PB)";"766290,4"
"2515401";"São Vicente do Seridó (PB)";"98023,7"
"2515500";"Serra Branca (PB)";"160559,5"
"2515609";"Serra da Raiz (PB)";"41753,0"
"2515708";"Serra Grande (PB)";"36499,8"
"2515807";"Serra Redonda (PB)";"65848,0"
"2515906";"Serraria (PB)";"70089,0"
"2515930";"Sertãozinho (PB)";"60561,5"
"2515971";"Sobrado (PB)";"121745,3"
"2516003";"Solânea (PB)";"381992,7"
"2516102";"Soledade (PB)";"299841,4"
"2516151";"Sossêgo (PB)";"42450,0"
"2516201";"Sousa (PB)";"1466568,2"
"2516300";"Sumé (PB)";"226700,1"
"2516409";"Tacima (PB)";"94201,5"
"2516508";"Taperoá (PB)";"150681,8"
"2516607";"Tavares (PB)";"154106,1"
"2516706";"Teixeira (PB)";"188082,2"
"2516755";"Tenório (PB)";"36698,7"
"2516805";"Triunfo (PB)";"102133,6"
"2516904";"Uiraúna (PB)";"219080,5"
"2517001";"Umbuzeiro (PB)";"95803,9"
"2517100";"Várzea (PB)";"41254,6"
"2517209";"Vieirópolis (PB)";"49371,0"
"2517407";"Zabelê (PB)";"30160,8"
"2600054";"Abreu e Lima (PE)";"1942161,2"
"2600104";"Afogados da Ingazeira (PE)";"601793,6"
"2600203";"Afrânio (PE)";"248783,9"
"2600302";"Agrestina (PE)";"339884,5"
"2600401";"Água Preta (PE)";"253239,9"
"2600500";"Águas Belas (PE)";"451412,1"
"2600609";"Alagoinha (PE)";"166384,2"
"2600708";"Aliança (PE)";"435530,8"
"2600807";"Altinho (PE)";"256376,2"
"2600906";"Amaraji (PE)";"248291,7"
"2601003";"Angelim (PE)";"151341,4"
"2601052";"Araçoiaba (PE)";"177209,1"
"2601102";"Araripina (PE)";"1539413,5"
"2601201";"Arcoverde (PE)";"1360081,8"
"2601300";"Barra de Guabiraba (PE)";"173697,8"
"2601409";"Barreiros (PE)";"563603,7"
"2601508";"Belém de Maria (PE)";"100935,1"
"2601607";"Belém do São Francisco (PE)";"612707,8"
"2601706";"Belo Jardim (PE)";"3276283,7"
"2601805";"Betânia (PE)";"113173,5"
"2601904";"Bezerros (PE)";"1200901,0"
"2602001";"Bodocó (PE)";"338010,3"
"2602100";"Bom Conselho (PE)";"728908,1"
"2602209";"Bom Jardim (PE)";"387052,8"
"2602308";"Bonito (PE)";"624055,4"
"2602407";"Brejão (PE)";"201664,7"
"2602506";"Brejinho (PE)";"93476,9"
"2602605";"Brejo da Madre de Deus (PE)";"490436,3"
"2602704";"Buenos Aires (PE)";"149124,1"
"2602803";"Buíque (PE)";"578158,7"
"2602902";"Cabo de Santo Agostinho (PE)";"14474713,8"
"2603009";"Cabrobó (PE)";"482236,9"
"2603108";"Cachoeirinha (PE)";"267051,5"
"2603207";"Caetés (PE)";"411350,0"
"2603306";"Calçado (PE)";"111556,1"
"2603405";"Calumbi (PE)";"56926,3"
"2603454";"Camaragibe (PE)";"2277081,4"
"2603504";"Camocim de São Félix (PE)";"188598,7"
"2603603";"Camutanga (PE)";"391183,6"
"2603702";"Canhotinho (PE)";"276707,0"
"2603801";"Capoeiras (PE)";"238706,7"
"2603900";"Carnaíba (PE)";"198851,7"
"2603926";"Carnaubeira da Penha (PE)";"102753,0"
"2604007";"Carpina (PE)";"1877611,9"
"2604106";"Caruaru (PE)";"9587869,5"
"2604155";"Casinhas (PE)";"111258,8"
"2604205";"Catende (PE)";"376204,7"
"2604304";"Cedro (PE)";"123537,5"
"2604403";"Chã de Alegria (PE)";"190073,9"
"2604502";"Chã Grande (PE)";"259385,6"
"2604601";"Condado (PE)";"289546,0"
"2604700";"Correntes (PE)";"200065,7"
"2604809";"Cortês (PE)";"131068,9"
"2604908";"Cumaru (PE)";"145927,7"
"2605004";"Cupira (PE)";"301381,0"
"2605103";"Custódia (PE)";"754985,2"
"2605152";"Dormentes (PE)";"285811,6"
"2605202";"Escada (PE)";"1604330,6"
"2605301";"Exu (PE)";"362060,4"
"2605400";"Feira Nova (PE)";"255594,9"
"2605459";"Fernando de Noronha (PE)";"301152,0"
"2605509";"Ferreiros (PE)";"152316,9"
"2605608";"Flores (PE)";"204658,6"
"2605707";"Floresta (PE)";"550801,6"
"2605806";"Frei Miguelinho (PE)";"136979,2"
"2605905";"Gameleira (PE)";"239836,9"
"2606002";"Garanhuns (PE)";"3537056,7"
"2606101";"Glória do Goitá (PE)";"601948,0"
"2606200";"Goiana (PE)";"12768634,7"
"2606309";"Granito (PE)";"83022,4"
"2606408";"Gravatá (PE)";"1398192,4"
"2606507";"Iati (PE)";"213964,7"
"2606606";"Ibimirim (PE)";"365085,2"
"2606705";"Ibirajuba (PE)";"90588,3"
"2606804";"Igarassu (PE)";"3582882,2"
"2606903";"Iguaracy (PE)";"117172,8"
"2607000";"Inajá (PE)";"241060,3"
"2607109";"Ingazeira (PE)";"59766,2"
"2607208";"Ipojuca (PE)";"17815112,4"
"2607307";"Ipubi (PE)";"364184,3"
"2607406";"Itacuruba (PE)";"81087,8"
"2607505";"Itaíba (PE)";"341185,5"
"2607604";"Ilha de Itamaracá (PE)";"297782,6"
"2607653";"Itambé (PE)";"529257,4"
"2607703";"Itapetim (PE)";"160416,1"
"2607752";"Itapissuma (PE)";"2732811,9"
"2607802";"Itaquitinga (PE)";"189703,8"
"2607901";"Jaboatão dos Guararapes (PE)";"18514597,8"
"2607950";"Jaqueira (PE)";"124767,4"
"2608008";"Jataúba (PE)";"166513,4"
"2608057";"Jatobá (PE)";"161439,4"
"2608107";"João Alfredo (PE)";"333326,0"
"2608206";"Joaquim Nabuco (PE)";"167790,4"
"2608255";"Jucati (PE)";"128676,6"
"2608305";"Jupi (PE)";"205887,7"
"2608404";"Jurema (PE)";"135761,8"
"2608453";"Lagoa do Carro (PE)";"296864,2"
"2608503";"Lagoa de Itaenga (PE)";"444479,9"
"2608602";"Lagoa do Ouro (PE)";"137606,4"
"2608701";"Lagoa dos Gatos (PE)";"150140,4"
"2608750";"Lagoa Grande (PE)";"514910,8"
"2608800";"Lajedo (PE)";"692122,3"
"2608909";"Limoeiro (PE)";"879346,8"
"2609006";"Macaparana (PE)";"316671,4"
"2609105";"Machados (PE)";"239370,9"
"2609154";"Manari (PE)";"162688,3"
"2609204";"Maraial (PE)";"98381,7"
"2609303";"Mirandiba (PE)";"202095,5"
"2609402";"Moreno (PE)";"973954,7"
"2609501";"Nazaré da Mata (PE)";"707307,8"
"2609600";"Olinda (PE)";"6430542,0"
"2609709";"Orobó (PE)";"470896,5"
"2609808";"Orocó (PE)";"186876,5"
"2609907";"Ouricuri (PE)";"856598,6"
"2610004";"Palmares (PE)";"1061834,8"
"2610103";"Palmeirina (PE)";"84019,6"
"2610202";"Panelas (PE)";"249257,6"
"2610301";"Paranatama (PE)";"264237,4"
"2610400";"Parnamirim (PE)";"249781,5"
"2610509";"Passira (PE)";"284208,4"
"2610608";"Paudalho (PE)";"1042984,9"
"2610707";"Paulista (PE)";"6393105,8"
"2610806";"Pedra (PE)";"353678,8"
"2610905";"Pesqueira (PE)";"967516,9"
"2611002";"Petrolândia (PE)";"1499748,5"
"2611101";"Petrolina (PE)";"8834261,3"
"2611200";"Poção (PE)";"121515,7"
"2611309";"Pombos (PE)";"583029,6"
"2611408";"Primavera (PE)";"275307,9"
"2611507";"Quipapá (PE)";"195626,4"
"2611533";"Quixaba (PE)";"72508,7"
"2611606";"Recife (PE)";"60078763,5"
"2611705";"Riacho das Almas (PE)";"286997,7"
"2611804";"Ribeirão (PE)";"562387,6"
"2611903";"Rio Formoso (PE)";"369563,5"
"2612000";"Sairé (PE)";"214022,4"
"2612109";"Salgadinho (PE)";"69834,2"
"2612208";"Salgueiro (PE)";"1380862,3"
"2612307";"Saloá (PE)";"195909,9"
"2612406";"Sanharó (PE)";"248472,4"
"2612455";"Santa Cruz (PE)";"155452,2"
"2612471";"Santa Cruz da Baixa Verde (PE)";"130227,0"
"2612505";"Santa Cruz do Capibaribe (PE)";"1924163,5"
"2612554";"Santa Filomena (PE)";"119282,6"
"2612604";"Santa Maria da Boa Vista (PE)";"610413,5"
"2612703";"Santa Maria do Cambucá (PE)";"137961,0"
"2612802";"Santa Terezinha (PE)";"114030,8"
"2612901";"São Benedito do Sul (PE)";"125362,3"
"2613008";"São Bento do Una (PE)";"1589736,1"
"2613107";"São Caitano (PE)";"542553,1"
"2613206";"São João (PE)";"293432,4"
"2613305";"São Joaquim do Monte (PE)";"193748,2"
"2613404";"São José da Coroa Grande (PE)";"358490,5"
"2613503";"São José do Belmonte (PE)";"397691,1"
"2613602";"São José do Egito (PE)";"457226,8"
"2613701";"São Lourenço da Mata (PE)";"1549069,7"
"2613800";"São Vicente Férrer (PE)";"302255,8"
"2613909";"Serra Talhada (PE)";"1903947,2"
"2614006";"Serrita (PE)";"175837,3"
"2614105";"Sertânia (PE)";"372221,8"
"2614204";"Sirinhaém (PE)";"732786,5"
"2614303";"Moreilândia (PE)";"93144,4"
"2614402";"Solidão (PE)";"61668,9"
"2614501";"Surubim (PE)";"968590,9"
"2614600";"Tabira (PE)";"319694,1"
"2614709";"Tacaimbó (PE)";"198366,5"
"2614808";"Tacaratu (PE)";"240651,7"
"2614857";"Tamandaré (PE)";"408347,9"
"2615003";"Taquaritinga do Norte (PE)";"366125,6"
"2615102";"Terezinha (PE)";"76191,3"
"2615201";"Terra Nova (PE)";"115451,2"
"2615300";"Timbaúba (PE)";"901619,6"
"2615409";"Toritama (PE)";"768526,6"
"2615508";"Tracunhaém (PE)";"184770,2"
"2615607";"Trindade (PE)";"640191,5"
"2615706";"Triunfo (PE)";"177202,7"
"2615805";"Tupanatinga (PE)";"272240,6"
"2615904";"Tuparetama (PE)";"91119,5"
"2616001";"Venturosa (PE)";"248461,3"
"2616100";"Verdejante (PE)";"89660,7"
"2616183";"Vertente do Lério (PE)";"92447,6"
"2616209";"Vertentes (PE)";"212447,9"
"2616308";"Vicência (PE)";"557087,2"
"2616407";"Vitória de Santo Antão (PE)";"5429995,1"
"2616506";"Xexéu (PE)";"193886,8"
"2700102";"Água Branca (AL)";"218171,8"
"2700201";"Anadia (AL)";"234236,9"
"2700300";"Arapiraca (AL)";"5859831,3"
"2700409";"Atalaia (AL)";"1135583,1"
"2700508";"Barra de Santo Antônio (AL)";"268712,3"
"2700607";"Barra de São Miguel (AL)";"259441,6"
"2700706";"Batalha (AL)";"247802,9"
"2700805";"Belém (AL)";"145721,2"
"2700904";"Belo Monte (AL)";"111702,3"
"2701001";"Boca da Mata (AL)";"425181,4"
"2701100";"Branquinha (AL)";"643725,1"
"2701209";"Cacimbinhas (AL)";"171398,8"
"2701308";"Cajueiro (AL)";"207396,6"
"2701357";"Campestre (AL)";"91713,2"
"2701407";"Campo Alegre (AL)";"669688,8"
"2701506";"Campo Grande (AL)";"105162,7"
"2701605";"Canapi (AL)";"204471,1"
"2701704";"Capela (AL)";"233253,7"
"2701803";"Carneiros (AL)";"87643,8"
"2701902";"Chã Preta (AL)";"255386,2"
"2702009";"Coité do Nóia (AL)";"199719,6"
"2702108";"Colônia Leopoldina (AL)";"342422,6"
"2702207";"Coqueiro Seco (AL)";"95555,6"
"2702306";"Coruripe (AL)";"1773231,5"
"2702355";"Craíbas (AL)";"496516,9"
"2702405";"Delmiro Gouveia (AL)";"783771,5"
"2702504";"Dois Riachos (AL)";"126223,5"
"2702553";"Estrela de Alagoas (AL)";"161951,8"
"2702603";"Feira Grande (AL)";"403888,0"
"2702702";"Feliz Deserto (AL)";"176508,5"
"2702801";"Flexeiras (AL)";"214146,0"
"2702900";"Girau do Ponciano (AL)";"489079,5"
"2703007";"Ibateguara (AL)";"195194,2"
"2703106";"Igaci (AL)";"282346,9"
"2703205";"Igreja Nova (AL)";"514258,7"
"2703304";"Inhapi (AL)";"183087,8"
"2703403";"Jacaré dos Homens (AL)";"78946,4"
"2703502";"Jacuípe (AL)";"155769,8"
"2703601";"Japaratinga (AL)";"312410,1"
"2703700";"Jaramataia (AL)";"69404,7"
"2703759";"Jequiá da Praia (AL)";"341153,6"
"2703809";"Joaquim Gomes (AL)";"393912,8"
"2703908";"Jundiá (AL)";"63236,6"
"2704005";"Junqueiro (AL)";"594025,7"
"2704104";"Lagoa da Canoa (AL)";"231718,8"
"2704203";"Limoeiro de Anadia (AL)";"577870,6"
"2704302";"Maceió (AL)";"29381840,4"
"2704401";"Major Isidoro (AL)";"283337,6"
"2704500";"Maragogi (AL)";"1141443,9"
"2704609";"Maravilha (AL)";"104088,2"
"2704708";"Marechal Deodoro (AL)";"2862078,4"
"2704807";"Maribondo (AL)";"194281,3"
"2704906";"Mar Vermelho (AL)";"49138,1"
"2705002";"Mata Grande (AL)";"303389,2"
"2705101";"Matriz de Camaragibe (AL)";"371511,1"
"2705200";"Messias (AL)";"274868,6"
"2705309";"Minador do Negrão (AL)";"77725,5"
"2705408";"Monteirópolis (AL)";"162517,5"
"2705507";"Murici (AL)";"666677,9"
"2705606";"Novo Lino (AL)";"199091,1"
"2705705";"Olho d'Água das Flores (AL)";"290123,0"
"2705804";"Olho d'Água do Casado (AL)";"93247,5"
"2705903";"Olho d'Água Grande (AL)";"67755,8"
"2706000";"Olivença (AL)";"121166,3"
"2706109";"Ouro Branco (AL)";"134314,7"
"2706208";"Palestina (AL)";"51599,9"
"2706307";"Palmeira dos Índios (AL)";"1240873,6"
"2706406";"Pão de Açúcar (AL)";"248373,8"
"2706422";"Pariconha (AL)";"126222,4"
"2706448";"Paripueira (AL)";"252605,7"
"2706505";"Passo de Camaragibe (AL)";"323343,6"
"2706604";"Paulo Jacinto (AL)";"89081,7"
"2706703";"Penedo (AL)";"992394,2"
"2706802";"Piaçabuçu (AL)";"401870,7"
"2706901";"Pilar (AL)";"889362,2"
"2707008";"Pindoba (AL)";"50767,0"
"2707107";"Piranhas (AL)";"333005,1"
"2707206";"Poço das Trincheiras (AL)";"121598,5"
"2707305";"Porto Calvo (AL)";"423604,5"
"2707404";"Porto de Pedras (AL)";"418368,4"
"2707503";"Porto Real do Colégio (AL)";"254627,3"
"2707602";"Quebrangulo (AL)";"172004,3"
"2707701";"Rio Largo (AL)";"1612079,9"
"2707800";"Roteiro (AL)";"175267,2"
"2707909";"Santa Luzia do Norte (AL)";"233337,2"
"2708006";"Santana do Ipanema (AL)";"718308,2"
"2708105";"Santana do Mundaú (AL)";"1540873,6"
"2708204";"São Brás (AL)";"104202,2"
"2708303";"São José da Laje (AL)";"462590,0"
"2708402";"São José da Tapera (AL)";"347514,3"
"2708501";"São Luís do Quitunde (AL)";"782973,7"
"2708600";"São Miguel dos Campos (AL)";"1272245,1"
"2708709";"São Miguel dos Milagres (AL)";"282989,1"
"2708808";"São Sebastião (AL)";"611062,1"
"2708907";"Satuba (AL)";"299423,7"
"2708956";"Senador Rui Palmeira (AL)";"121207,9"
"2709004";"Tanque d'Arca (AL)";"87853,1"
"2709103";"Taquarana (AL)";"392585,1"
"2709152";"Teotônio Vilela (AL)";"807896,8"
"2709202";"Traipu (AL)";"276306,1"
"2709301";"União dos Palmares (AL)";"1432363,2"
"2709400";"Viçosa (AL)";"503851,8"
"2800100";"Amparo do São Francisco (SE)";"39348,4"
"2800209";"Aquidabã (SE)";"293234,4"
"2800308";"Aracaju (SE)";"20604498,2"
"2800407";"Arauá (SE)";"153674,5"
"2800506";"Areia Branca (SE)";"282928,5"
"2800605";"Barra dos Coqueiros (SE)";"2283499,2"
"2800670";"Boquim (SE)";"365383,4"
"2800704";"Brejo Grande (SE)";"108239,8"
"2801009";"Campo do Brito (SE)";"277079,5"
"2801108";"Canhoba (SE)";"77113,3"
"2801207";"Canindé de São Francisco (SE)";"2954227,8"
"2801306";"Capela (SE)";"439115,1"
"2801405";"Carira (SE)";"458583,8"
"2801504";"Carmópolis (SE)";"362970,6"
"2801603";"Cedro de São João (SE)";"71098,8"
"2801702";"Cristinápolis (SE)";"283845,5"
"2801900";"Cumbe (SE)";"63884,0"
"2802007";"Divina Pastora (SE)";"191830,4"
"2802106";"Estância (SE)";"2383397,4"
"2802205";"Feira Nova (SE)";"112341,3"
"2802304";"Frei Paulo (SE)";"442101,8"
"2802403";"Gararu (SE)";"176744,4"
"2802502";"General Maynard (SE)";"47625,4"
"2802601";"Graccho Cardoso (SE)";"99164,2"
"2802700";"Ilha das Flores (SE)";"102803,9"
"2802809";"Indiaroba (SE)";"254736,2"
"2802908";"Itabaiana (SE)";"2510210,1"
"2803005";"Itabaianinha (SE)";"588847,1"
"2803104";"Itabi (SE)";"83596,0"
"2803203";"Itaporanga d'Ajuda (SE)";"1099233,0"
"2803302";"Japaratuba (SE)";"453870,6"
"2803401";"Japoatã (SE)";"230263,7"
"2803500";"Lagarto (SE)";"2127213,7"
"2803609";"Laranjeiras (SE)";"1415005,9"
"2803708";"Macambira (SE)";"101487,7"
"2803807";"Malhada dos Bois (SE)";"58964,1"
"2803906";"Malhador (SE)";"185938,2"
"2804003";"Maruim (SE)";"468340,8"
"2804102";"Moita Bonita (SE)";"202404,9"
"2804201";"Monte Alegre de Sergipe (SE)";"238046,6"
"2804300";"Muribeca (SE)";"105508,2"
"2804409";"Neópolis (SE)";"318547,7"
"2804458";"Nossa Senhora Aparecida (SE)";"126196,5"
"2804508";"Nossa Senhora da Glória (SE)";"943165,6"
"2804607";"Nossa Senhora das Dores (SE)";"467048,6"
"2804706";"Nossa Senhora de Lourdes (SE)";"89604,3"
"2804805";"Nossa Senhora do Socorro (SE)";"3804226,3"
"2804904";"Pacatuba (SE)";"281549,0"
"2805000";"Pedra Mole (SE)";"58162,0"
"2805109";"Pedrinhas (SE)";"103298,2"
"2805208";"Pinhão (SE)";"132055,5"
"2805307";"Pirambu (SE)";"159527,6"
"2805406";"Poço Redondo (SE)";"462181,8"
"2805505";"Poço Verde (SE)";"392809,6"
"2805604";"Porto da Folha (SE)";"405211,5"
"2805703";"Propriá (SE)";"573817,0"
"2805802";"Riachão do Dantas (SE)";"365972,2"
"2805901";"Riachuelo (SE)";"225681,7"
"2806008";"Ribeirópolis (SE)";"356224,0"
"2806107";"Rosário do Catete (SE)";"513849,3"
"2806206";"Salgado (SE)";"286738,5"
"2806305";"Santa Luzia do Itanhy (SE)";"217036,2"
"2806404";"Santana do São Francisco (SE)";"119178,5"
"2806503";"Santa Rosa de Lima (SE)";"58258,0"
"2806602";"Santo Amaro das Brotas (SE)";"201708,6"
"2806701";"São Cristóvão (SE)";"1175116,6"
"2806800";"São Domingos (SE)";"139978,0"
"2806909";"São Francisco (SE)";"52946,5"
"2807006";"São Miguel do Aleixo (SE)";"52286,5"
"2807105";"Simão Dias (SE)";"897435,4"
"2807204";"Siriri (SE)";"181479,6"
"2807303";"Telha (SE)";"44599,8"
"2807402";"Tobias Barreto (SE)";"717304,9"
"2807501";"Tomar do Geru (SE)";"157899,3"
"2807600";"Umbaúba (SE)";"492745,7"
"2900108";"Abaíra (BA)";"79219,6"
"2900207";"Abaré (BA)";"206161,5"
"2900306";"Acajutiba (BA)";"157503,8"
"2900355";"Adustina (BA)";"368395,1"
"2900405";"Água Fria (BA)";"159896,4"
"2900504";"Érico Cardoso (BA)";"89979,9"
"2900603";"Aiquara (BA)";"63586,6"
"2900702";"Alagoinhas (BA)";"5150945,9"
"2900801";"Alcobaça (BA)";"365754,1"
"2900900";"Almadina (BA)";"71248,2"
"2901007";"Amargosa (BA)";"534104,1"
"2901106";"Amélia Rodrigues (BA)";"483418,6"
"2901155";"América Dourada (BA)";"172892,2"
"2901205";"Anagé (BA)";"260324,7"
"2901304";"Andaraí (BA)";"163054,2"
"2901353";"Andorinha (BA)";"222631,4"
"2901403";"Angical (BA)";"203278,0"
"2901502";"Anguera (BA)";"92255,9"
"2901601";"Antas (BA)";"172127,9"
"2901700";"Antônio Cardoso (BA)";"133060,2"
"2901809";"Antônio Gonçalves (BA)";"93416,3"
"2901908";"Aporá (BA)";"168038,9"
"2901957";"Apuarema (BA)";"84490,4"
"2902005";"Aracatu (BA)";"164867,9"
"2902054";"Araçás (BA)";"418583,6"
"2902104";"Araci (BA)";"549715,9"
"2902203";"Aramari (BA)";"127076,1"
"2902252";"Arataca (BA)";"115193,7"
"2902302";"Aratuípe (BA)";"91212,9"
"2902401";"Aurelino Leal (BA)";"152785,6"
"2902500";"Baianópolis (BA)";"353299,8"
"2902609";"Baixa Grande (BA)";"215809,0"
"2902658";"Banzaê (BA)";"126552,5"
"2902708";"Barra (BA)";"489346,3"
"2902807";"Barra da Estiva (BA)";"427687,0"
"2902906";"Barra do Choça (BA)";"495488,3"
"2903003";"Barra do Mendes (BA)";"132407,3"
"2903102";"Barra do Rocha (BA)";"88764,7"
"2903201";"Barreiras (BA)";"8761076,6"
"2903235";"Barro Alto (BA)";"122267,0"
"2903276";"Barrocas (BA)";"278897,7"
"2903300";"Barro Preto (BA)";"93134,6"
"2903409";"Belmonte (BA)";"375199,7"
"2903508";"Belo Campo (BA)";"195500,0"
"2903607";"Biritinga (BA)";"161989,0"
"2903706";"Boa Nova (BA)";"130837,5"
"2903805";"Boa Vista do Tupim (BA)";"163553,7"
"2903904";"Bom Jesus da Lapa (BA)";"1478785,7"
"2903953";"Bom Jesus da Serra (BA)";"81010,8"
"2904001";"Boninal (BA)";"131798,1"
"2904050";"Bonito (BA)";"250498,6"
"2904100";"Boquira (BA)";"200438,4"
"2904209";"Botuporã (BA)";"120411,6"
"2904308";"Brejões (BA)";"149394,3"
"2904407";"Brejolândia (BA)";"128957,8"
"2904506";"Brotas de Macaúbas (BA)";"106716,1"
"2904605";"Brumado (BA)";"1916461,3"
"2904704";"Buerarema (BA)";"212174,0"
"2904753";"Buritirama (BA)";"175031,9"
"2904803";"Caatiba (BA)";"84896,4"
"2904852";"Cabaceiras do Paraguaçu (BA)";"157530,8"
"2904902";"Cachoeira (BA)";"518096,4"
"2905008";"Caculé (BA)";"380460,0"
"2905107";"Caém (BA)";"102600,4"
"2905156";"Caetanos (BA)";"102401,2"
"2905206";"Caetité (BA)";"1154744,6"
"2905305";"Cafarnaum (BA)";"235496,5"
"2905404";"Cairu (BA)";"2228400,6"
"2905503";"Caldeirão Grande (BA)";"119189,8"
"2905602";"Camacan (BA)";"391543,0"
"2905701";"Camaçari (BA)";"30465888,6"
"2905800";"Camamu (BA)";"496817,4"
"2905909";"Campo Alegre de Lourdes (BA)";"336862,0"
"2906006";"Campo Formoso (BA)";"1675839,2"
"2906105";"Canápolis (BA)";"95083,9"
"2906204";"Canarana (BA)";"270466,7"
"2906303";"Canavieiras (BA)";"438491,7"
"2906402";"Candeal (BA)";"73428,7"
"2906501";"Candeias (BA)";"7207729,2"
"2906600";"Candiba (BA)";"152302,2"
"2906709";"Cândido Sales (BA)";"262985,6"
"2906808";"Cansanção (BA)";"442763,4"
"2906824";"Canudos (BA)";"185457,8"
"2906857";"Capela do Alto Alegre (BA)";"134755,9"
"2906873";"Capim Grosso (BA)";"704240,3"
"2906899";"Caraíbas (BA)";"98638,9"
"2906907";"Caravelas (BA)";"373367,4"
"2907004";"Cardeal da Silva (BA)";"145418,4"
"2907103";"Carinhanha (BA)";"337539,3"
"2907202";"Casa Nova (BA)";"930298,8"
"2907301";"Castro Alves (BA)";"367434,4"
"2907400";"Catolândia (BA)";"90210,0"
"2907509";"Catu (BA)";"871419,5"
"2907558";"Caturama (BA)";"87384,8"
"2907608";"Central (BA)";"177929,5"
"2907707";"Chorrochó (BA)";"119313,1"
"2907806";"Cícero Dantas (BA)";"445985,0"
"2907905";"Cipó (BA)";"179188,0"
"2908002";"Coaraci (BA)";"221185,0"
"2908101";"Cocos (BA)";"664816,5"
"2908200";"Conceição da Feira (BA)";"415483,1"
"2908309";"Conceição do Almeida (BA)";"219702,0"
"2908408";"Conceição do Coité (BA)";"1009568,5"
"2908507";"Conceição do Jacuípe (BA)";"2886973,8"
"2908606";"Conde (BA)";"331196,9"
"2908705";"Condeúba (BA)";"191635,1"
"2908804";"Contendas do Sincorá (BA)";"57759,4"
"2908903";"Coração de Maria (BA)";"278464,2"
"2909000";"Cordeiros (BA)";"74074,0"
"2909109";"Coribe (BA)";"182548,2"
"2909208";"Coronel João Sá (BA)";"209198,1"
"2909307";"Correntina (BA)";"4110432,2"
"2909406";"Cotegipe (BA)";"185362,9"
"2909505";"Cravolândia (BA)";"48367,7"
"2909604";"Crisópolis (BA)";"218506,5"
"2909703";"Cristópolis (BA)";"188180,1"
"2909802";"Cruz das Almas (BA)";"1163112,0"
"2909901";"Curaçá (BA)";"411633,8"
"2910008";"Dário Meira (BA)";"144586,3"
"2910057";"Dias d'Ávila (BA)";"2208895,7"
"2910107";"Dom Basílio (BA)";"157646,5"
"2910206";"Dom Macedo Costa (BA)";"48993,2"
"2910305";"Elísio Medrado (BA)";"88469,2"
"2910404";"Encruzilhada (BA)";"248726,2"
"2910503";"Entre Rios (BA)";"843516,2"
"2910602";"Esplanada (BA)";"864600,0"
"2910701";"Euclides da Cunha (BA)";"858571,2"
"2910727";"Eunápolis (BA)";"3948115,7"
"2910750";"Fátima (BA)";"276559,6"
"2910776";"Feira da Mata (BA)";"71637,6"
"2910800";"Feira de Santana (BA)";"19625071,6"
"2910859";"Filadélfia (BA)";"170964,5"
"2910909";"Firmino Alves (BA)";"76622,8"
"2911006";"Floresta Azul (BA)";"116438,5"
"2911105";"Formosa do Rio Preto (BA)";"5987521,1"
"2911204";"Gandu (BA)";"512869,4"
"2911253";"Gavião (BA)";"55139,7"
"2911303";"Gentio do Ouro (BA)";"137667,0"
"2911402";"Glória (BA)";"223389,5"
"2911501";"Gongogi (BA)";"79733,5"
"2911600";"Governador Mangabeira (BA)";"240625,3"
"2911659";"Guajeru (BA)";"78556,5"
"2911709";"Guanambi (BA)";"1848370,2"
"2911808";"Guaratinga (BA)";"284896,8"
"2911857";"Heliópolis (BA)";"151762,5"
"2911907";"Iaçu (BA)";"286123,9"
"2912004";"Ibiassucê (BA)";"108316,9"
"2912103";"Ibicaraí (BA)";"230352,5"
"2912202";"Ibicoara (BA)";"496149,4"
"2912301";"Ibicuí (BA)";"199377,8"
"2912400";"Ibipeba (BA)";"183117,9"
"2912509";"Ibipitanga (BA)";"133688,7"
"2912608";"Ibiquera (BA)";"42163,7"
"2912707";"Ibirapitanga (BA)";"314018,3"
"2912806";"Ibirapuã (BA)";"440051,7"
"2912905";"Ibirataia (BA)";"245793,8"
"2913002";"Ibitiara (BA)";"124077,1"
"2913101";"Ibititá (BA)";"165480,2"
"2913200";"Ibotirama (BA)";"482520,1"
"2913309";"Ichu (BA)";"64299,0"
"2913408";"Igaporã (BA)";"213020,3"
"2913457";"Igrapiúna (BA)";"225550,2"
"2913507";"Iguaí (BA)";"247343,2"
"2913606";"Ilhéus (BA)";"6704943,1"
"2913705";"Inhambupe (BA)";"668474,7"
"2913804";"Ipecaetá (BA)";"125727,0"
"2913903";"Ipiaú (BA)";"640794,7"
"2914000";"Ipirá (BA)";"765627,8"
"2914109";"Ipupiara (BA)";"120660,5"
"2914208";"Irajuba (BA)";"76989,0"
"2914307";"Iramaia (BA)";"117392,0"
"2914406";"Iraquara (BA)";"766674,8"
"2914505";"Irará (BA)";"332675,3"
"2914604";"Irecê (BA)";"1779885,1"
"2914653";"Itabela (BA)";"549081,1"
"2914703";"Itaberaba (BA)";"1160119,4"
"2914802";"Itabuna (BA)";"4780912,1"
"2914901";"Itacaré (BA)";"482599,1"
"2915007";"Itaeté (BA)";"129630,2"
"2915106";"Itagi (BA)";"144578,9"
"2915205";"Itagibá (BA)";"876118,7"
"2915304";"Itagimirim (BA)";"139384,7"
"2915353";"Itaguaçu da Bahia (BA)";"150049,1"
"2915403";"Itaju do Colônia (BA)";"117698,5"
"2915502";"Itajuípe (BA)";"339263,0"
"2915601";"Itamaraju (BA)";"1258909,0"
"2915700";"Itamari (BA)";"101927,4"
"2915809";"Itambé (BA)";"352106,7"
"2915908";"Itanagra (BA)";"102243,6"
"2916005";"Itanhém (BA)";"305819,4"
"2916104";"Itaparica (BA)";"285799,7"
"2916203";"Itapé (BA)";"125798,5"
"2916302";"Itapebi (BA)";"297356,3"
"2916401";"Itapetinga (BA)";"1707485,5"
"2916500";"Itapicuru (BA)";"453942,9"
"2916609";"Itapitanga (BA)";"110954,6"
"2916708";"Itaquara (BA)";"95765,4"
"2916807";"Itarantim (BA)";"356225,5"
"2916856";"Itatim (BA)";"520384,8"
"2916906";"Itiruçu (BA)";"127757,6"
"2917003";"Itiúba (BA)";"388107,1"
"2917102";"Itororó (BA)";"263958,4"
"2917201";"Ituaçu (BA)";"277476,8"
"2917300";"Ituberá (BA)";"386726,3"
"2917334";"Iuiu (BA)";"149731,3"
"2917359";"Jaborandi (BA)";"1665178,4"
"2917409";"Jacaraci (BA)";"136009,3"
"2917508";"Jacobina (BA)";"1816304,2"
"2917607";"Jaguaquara (BA)";"750298,9"
"2917706";"Jaguarari (BA)";"865035,5"
"2917805";"Jaguaripe (BA)";"221946,7"
"2917904";"Jandaíra (BA)";"183483,3"
"2918001";"Jequié (BA)";"3613954,1"
"2918100";"Jeremoabo (BA)";"611471,3"
"2918209";"Jiquiriçá (BA)";"162566,2"
"2918308";"Jitaúna (BA)";"207889,4"
"2918357";"João Dourado (BA)";"309356,0"
"2918407";"Juazeiro (BA)";"5505939,0"
"2918456";"Jucuruçu (BA)";"138907,7"
"2918506";"Jussara (BA)";"133627,0"
"2918555";"Jussari (BA)";"78885,9"
"2918605";"Jussiape (BA)";"79497,9"
"2918704";"Lafaiete Coutinho (BA)";"64057,7"
"2918753";"Lagoa Real (BA)";"132847,8"
"2918803";"Laje (BA)";"314683,4"
"2918902";"Lajedão (BA)";"124139,7"
"2919009";"Lajedinho (BA)";"74608,2"
"2919058";"Lajedo do Tabocal (BA)";"84400,5"
"2919108";"Lamarão (BA)";"75343,4"
"2919157";"Lapão (BA)";"334842,9"
"2919207";"Lauro de Freitas (BA)";"8004189,9"
"2919306";"Lençóis (BA)";"184446,0"
"2919405";"Licínio de Almeida (BA)";"155601,2"
"2919504";"Livramento de Nossa Senhora (BA)";"623588,2"
"2919553";"Luís Eduardo Magalhães (BA)";"11938895,1"
"2919603";"Macajuba (BA)";"100246,5"
"2919702";"Macarani (BA)";"251739,5"
"2919801";"Macaúbas (BA)";"466083,4"
"2919900";"Macururé (BA)";"74830,3"
"2919926";"Madre de Deus (BA)";"580018,5"
"2919959";"Maetinga (BA)";"68888,3"
"2920007";"Maiquinique (BA)";"178235,0"
"2920106";"Mairi (BA)";"177569,8"
"2920205";"Malhada (BA)";"208455,9"
"2920304";"Malhada de Pedras (BA)";"92034,6"
"2920403";"Manoel Vitorino (BA)";"147474,7"
"2920452";"Mansidão (BA)";"106246,7"
"2920502";"Maracás (BA)";"621278,2"
"2920601";"Maragogipe (BA)";"430082,1"
"2920700";"Maraú (BA)";"396613,0"
"2920809";"Marcionílio Souza (BA)";"100169,5"
"2920908";"Mascote (BA)";"180089,6"
"2921005";"Mata de São João (BA)";"1657803,5"
"2921054";"Matina (BA)";"98504,7"
"2921104";"Medeiros Neto (BA)";"486192,4"
"2921203";"Miguel Calmon (BA)";"308661,1"
"2921302";"Milagres (BA)";"174737,2"
"2921401";"Mirangaba (BA)";"151436,4"
"2921450";"Mirante (BA)";"92560,0"
"2921500";"Monte Santo (BA)";"514352,8"
"2921609";"Morpará (BA)";"87064,2"
"2921708";"Morro do Chapéu (BA)";"737034,1"
"2921807";"Mortugaba (BA)";"114248,3"
"2921906";"Mucugê (BA)";"560967,7"
"2922003";"Mucuri (BA)";"2968295,7"
"2922052";"Mulungu do Morro (BA)";"254974,9"
"2922102";"Mundo Novo (BA)";"190073,6"
"2922201";"Muniz Ferreira (BA)";"77665,5"
"2922250";"Muquém do São Francisco (BA)";"234871,8"
"2922300";"Muritiba (BA)";"320965,0"
"2922409";"Mutuípe (BA)";"554458,8"
"2922508";"Nazaré (BA)";"411315,6"
"2922607";"Nilo Peçanha (BA)";"200143,9"
"2922656";"Nordestina (BA)";"171364,2"
"2922706";"Nova Canaã (BA)";"196102,0"
"2922730";"Nova Fátima (BA)";"102026,1"
"2922755";"Nova Ibiá (BA)";"106669,0"
"2922805";"Nova Itarana (BA)";"81200,9"
"2922854";"Nova Redenção (BA)";"83312,2"
"2922904";"Nova Soure (BA)";"291499,7"
"2923001";"Nova Viçosa (BA)";"646041,3"
"2923035";"Novo Horizonte (BA)";"115005,8"
"2923050";"Novo Triunfo (BA)";"114668,6"
"2923100";"Olindina (BA)";"270816,7"
"2923209";"Oliveira dos Brejinhos (BA)";"371571,1"
"2923308";"Ouriçangas (BA)";"106666,1"
"2923357";"Ourolândia (BA)";"281119,4"
"2923407";"Palmas de Monte Alto (BA)";"259686,2"
"2923506";"Palmeiras (BA)";"135574,7"
"2923605";"Paramirim (BA)";"284095,7"
"2923704";"Paratinga (BA)";"287939,9"
"2923803";"Paripiranga (BA)";"572979,6"
"2923902";"Pau Brasil (BA)";"118827,8"
"2924009";"Paulo Afonso (BA)";"4009274,1"
"2924058";"Pé de Serra (BA)";"162950,2"
"2924108";"Pedrão (BA)";"56137,6"
"2924207";"Pedro Alexandre (BA)";"169733,4"
"2924306";"Piatã (BA)";"213258,3"
"2924405";"Pilão Arcado (BA)";"313744,4"
"2924504";"Pindaí (BA)";"247172,2"
"2924603";"Pindobaçu (BA)";"187999,5"
"2924652";"Pintadas (BA)";"121618,6"
"2924678";"Piraí do Norte (BA)";"138883,5"
"2924702";"Piripá (BA)";"83834,1"
"2924801";"Piritiba (BA)";"197758,0"
"2924900";"Planaltino (BA)";"80129,3"
"2925006";"Planalto (BA)";"311911,9"
"2925105";"Poções (BA)";"622824,6"
"2925204";"Pojuca (BA)";"2808750,0"
"2925253";"Ponto Novo (BA)";"176483,4"
"2925303";"Porto Seguro (BA)";"4440532,3"
"2925402";"Potiraguá (BA)";"130208,8"
"2925501";"Prado (BA)";"719701,4"
"2925600";"Presidente Dutra (BA)";"145533,3"
"2925709";"Presidente Jânio Quadros (BA)";"111215,1"
"2925758";"Presidente Tancredo Neves (BA)";"365592,5"
"2925808";"Queimadas (BA)";"282522,1"
"2925907";"Quijingue (BA)";"271168,2"
"2925931";"Quixabeira (BA)";"95437,8"
"2925956";"Rafael Jambeiro (BA)";"423684,4"
"2926004";"Remanso (BA)";"523254,0"
"2926103";"Retirolândia (BA)";"174335,7"
"2926202";"Riachão das Neves (BA)";"2108395,2"
"2926301";"Riachão do Jacuípe (BA)";"506570,6"
"2926400";"Riacho de Santana (BA)";"355432,1"
"2926509";"Ribeira do Amparo (BA)";"172531,0"
"2926608";"Ribeira do Pombal (BA)";"805348,9"
"2926657";"Ribeirão do Largo (BA)";"117926,6"
"2926707";"Rio de Contas (BA)";"171464,8"
"2926806";"Rio do Antônio (BA)";"129869,2"
"2926905";"Rio do Pires (BA)";"105611,0"
"2927002";"Rio Real (BA)";"1106437,0"
"2927101";"Rodelas (BA)";"151147,0"
"2927200";"Ruy Barbosa (BA)";"472125,5"
"2927309";"Salinas da Margarida (BA)";"212067,3"
"2927408";"Salvador (BA)";"68764217,8"
"2927507";"Santa Bárbara (BA)";"199497,6"
"2927606";"Santa Brígida (BA)";"143420,1"
"2927705";"Santa Cruz Cabrália (BA)";"600433,2"
"2927804";"Santa Cruz da Vitória (BA)";"77134,8"
"2927903";"Santa Inês (BA)";"91139,4"
"2928000";"Santaluz (BA)";"619028,8"
"2928059";"Santa Luzia (BA)";"143634,9"
"2928109";"Santa Maria da Vitória (BA)";"648376,9"
"2928208";"Santana (BA)";"400246,9"
"2928307";"Santanópolis (BA)";"73340,8"
"2928406";"Santa Rita de Cássia (BA)";"328351,7"
"2928505";"Santa Terezinha (BA)";"146455,4"
"2928604";"Santo Amaro (BA)";"1223555,4"
"2928703";"Santo Antônio de Jesus (BA)";"2737852,0"
"2928802";"Santo Estêvão (BA)";"1130712,1"
"2928901";"São Desidério (BA)";"9514922,1"
"2928950";"São Domingos (BA)";"97825,4"
"2929008";"São Félix (BA)";"191035,8"
"2929057";"São Félix do Coribe (BA)";"250117,8"
"2929107";"São Felipe (BA)";"255642,4"
"2929206";"São Francisco do Conde (BA)";"25361789,0"
"2929255";"São Gabriel (BA)";"179236,2"
"2929305";"São Gonçalo dos Campos (BA)";"1361891,8"
"2929354";"São José da Vitória (BA)";"65330,5"
"2929370";"São José do Jacuípe (BA)";"136118,7"
"2929404";"São Miguel das Matas (BA)";"168437,3"
"2929503";"São Sebastião do Passé (BA)";"1057958,7"
"2929602";"Sapeaçu (BA)";"269295,8"
"2929701";"Sátiro Dias (BA)";"317794,2"
"2929750";"Saubara (BA)";"155655,3"
"2929800";"Saúde (BA)";"109732,6"
"2929909";"Seabra (BA)";"730433,1"
"2930006";"Sebastião Laranjeiras (BA)";"111668,9"
"2930105";"Senhor do Bonfim (BA)";"1153019,8"
"2930154";"Serra do Ramalho (BA)";"477400,5"
"2930204";"Sento Sé (BA)";"1493924,3"
"2930303";"Serra Dourada (BA)";"215873,9"
"2930402";"Serra Preta (BA)";"163469,2"
"2930501";"Serrinha (BA)";"1252947,0"
"2930600";"Serrolândia (BA)";"132635,5"
"2930709";"Simões Filho (BA)";"7423430,8"
"2930758";"Sítio do Mato (BA)";"132587,5"
"2930766";"Sítio do Quinto (BA)";"150091,0"
"2930774";"Sobradinho (BA)";"952518,2"
"2930808";"Souto Soares (BA)";"157653,1"
"2930907";"Tabocas do Brejo Velho (BA)";"341746,9"
"2931004";"Tanhaçu (BA)";"278871,6"
"2931053";"Tanque Novo (BA)";"216305,3"
"2931103";"Tanquinho (BA)";"72090,1"
"2931202";"Taperoá (BA)";"227007,1"
"2931301";"Tapiramutá (BA)";"163287,5"
"2931350";"Teixeira de Freitas (BA)";"3328070,4"
"2931400";"Teodoro Sampaio (BA)";"114574,1"
"2931509";"Teofilândia (BA)";"207926,8"
"2931608";"Teolândia (BA)";"233156,2"
"2931707";"Terra Nova (BA)";"174605,4"
"2931806";"Tremedal (BA)";"150401,2"
"2931905";"Tucano (BA)";"633447,1"
"2932002";"Uauá (BA)";"277058,0"
"2932101";"Ubaíra (BA)";"253803,9"
"2932200";"Ubaitaba (BA)";"289446,5"
"2932309";"Ubatã (BA)";"233221,3"
"2932408";"Uibaí (BA)";"307867,4"
"2932457";"Umburanas (BA)";"260968,7"
"2932507";"Una (BA)";"380359,8"
"2932606";"Urandi (BA)";"203527,0"
"2932705";"Uruçuca (BA)";"317768,4"
"2932804";"Utinga (BA)";"195562,7"
"2932903";"Valença (BA)";"2010351,3"
"2933000";"Valente (BA)";"311921,5"
"2933059";"Várzea da Roça (BA)";"129466,7"
"2933109";"Várzea do Poço (BA)";"132771,2"
"2933158";"Várzea Nova (BA)";"247161,9"
"2933174";"Varzedo (BA)";"149543,1"
"2933208";"Vera Cruz (BA)";"658721,6"
"2933257";"Vereda (BA)";"100788,5"
"2933307";"Vitória da Conquista (BA)";"9324322,4"
"2933406";"Wagner (BA)";"98206,0"
"2933455";"Wanderley (BA)";"194369,3"
"2933505";"Wenceslau Guimarães (BA)";"354804,8"
"2933604";"Xique-Xique (BA)";"560495,2"
"3100104";"Abadia dos Dourados (MG)";"179485,5"
"3100203";"Abaeté (MG)";"569165,6"
"3100302";"Abre Campo (MG)";"301984,7"
"3100401";"Acaiaca (MG)";"75588,1"
"3100500";"Açucena (MG)";"158448,9"
"3100609";"Água Boa (MG)";"223378,5"
"3100708";"Água Comprida (MG)";"238190,7"
"3100807";"Aguanil (MG)";"110897,6"
"3100906";"Águas Formosas (MG)";"310640,9"
"3101003";"Águas Vermelhas (MG)";"290803,1"
"3101102";"Aimorés (MG)";"723559,6"
"3101201";"Aiuruoca (MG)";"133881,7"
"3101300";"Alagoa (MG)";"51305,7"
"3101409";"Albertina (MG)";"176971,6"
"3101508";"Além Paraíba (MG)";"915497,5"
"3101607";"Alfenas (MG)";"3891811,0"
"3101631";"Alfredo Vasconcelos (MG)";"154408,0"
"3101706";"Almenara (MG)";"739398,0"
"3101805";"Alpercata (MG)";"100344,9"
"3101904";"Alpinópolis (MG)";"625970,6"
"3102001";"Alterosa (MG)";"326887,1"
"3102050";"Alto Caparaó (MG)";"139707,4"
"3102100";"Alto Rio Doce (MG)";"184430,2"
"3102209";"Alvarenga (MG)";"65157,8"
"3102308";"Alvinópolis (MG)";"361982,5"
"3102407";"Alvorada de Minas (MG)";"77831,2"
"3102506";"Amparo do Serra (MG)";"68128,7"
"3102605";"Andradas (MG)";"1339764,0"
"3102704";"Cachoeira de Pajeú (MG)";"142155,9"
"3102803";"Andrelândia (MG)";"314293,8"
"3102852";"Angelândia (MG)";"202644,0"
"3102902";"Antônio Carlos (MG)";"189737,9"
"3103009";"Antônio Dias (MG)";"500279,6"
"3103108";"Antônio Prado de Minas (MG)";"32949,3"
"3103207";"Araçaí (MG)";"69331,1"
"3103306";"Aracitaba (MG)";"35111,1"
"3103405";"Araçuaí (MG)";"744397,9"
"3103504";"Araguari (MG)";"6767656,2"
"3103603";"Arantina (MG)";"79151,8"
"3103702";"Araponga (MG)";"164341,1"
"3103751";"Araporã (MG)";"1345479,4"
"3103801";"Arapuá (MG)";"219252,3"
"3103900";"Araújos (MG)";"414182,3"
"3104007";"Araxá (MG)";"8637092,3"
"3104106";"Arceburgo (MG)";"402855,1"
"3104205";"Arcos (MG)";"2735328,5"
"3104304";"Areado (MG)";"336757,5"
"3104403";"Argirita (MG)";"44690,2"
"3104452";"Aricanduva (MG)";"80185,1"
"3104502";"Arinos (MG)";"384516,1"
"3104601";"Astolfo Dutra (MG)";"352823,5"
"3104700";"Ataléia (MG)";"202342,8"
"3104809";"Augusto de Lima (MG)";"86684,7"
"3104908";"Baependi (MG)";"399929,5"
"3105004";"Baldim (MG)";"113009,5"
"3105103";"Bambuí (MG)";"849035,6"
"3105202";"Bandeira (MG)";"60502,3"
"3105301";"Bandeira do Sul (MG)";"98245,0"
"3105400";"Barão de Cocais (MG)";"1727167,2"
"3105509";"Barão do Monte Alto (MG)";"64635,5"
"3105608";"Barbacena (MG)";"3873292,7"
"3105707";"Barra Longa (MG)";"91642,2"
"3105905";"Barroso (MG)";"759640,8"
"3106002";"Bela Vista de Minas (MG)";"395453,3"
"3106101";"Belmiro Braga (MG)";"67229,3"
"3106200";"Belo Horizonte (MG)";"115381697,8"
"3106309";"Belo Oriente (MG)";"2547424,8"
"3106408";"Belo Vale (MG)";"234548,4"
"3106507";"Berilo (MG)";"123979,3"
"3106606";"Bertópolis (MG)";"54639,6"
"3106655";"Berizal (MG)";"69610,8"
"3106705";"Betim (MG)";"47777093,8"
"3106804";"Bias Fortes (MG)";"44848,0"
"3106903";"Bicas (MG)";"324334,5"
"3107000";"Biquinhas (MG)";"72270,9"
"3107109";"Boa Esperança (MG)";"1317318,9"
"3107208";"Bocaina de Minas (MG)";"90620,6"
"3107307";"Bocaiúva (MG)";"1462198,6"
"3107406";"Bom Despacho (MG)";"2041159,4"
"3107505";"Bom Jardim de Minas (MG)";"136882,8"
"3107604";"Bom Jesus da Penha (MG)";"230720,0"
"3107703";"Bom Jesus do Amparo (MG)";"180460,1"
"3107802";"Bom Jesus do Galho (MG)";"200948,8"
"3107901";"Bom Repouso (MG)";"185409,6"
"3108008";"Bom Sucesso (MG)";"460604,6"
"3108107";"Bonfim (MG)";"173878,4"
"3108206";"Bonfinópolis de Minas (MG)";"481770,8"
"3108255";"Bonito de Minas (MG)";"107762,3"
"3108305";"Borda da Mata (MG)";"407585,4"
"3108404";"Botelhos (MG)";"342299,7"
"3108503";"Botumirim (MG)";"76590,4"
"3108552";"Brasilândia de Minas (MG)";"424706,8"
"3108602";"Brasília de Minas (MG)";"443175,6"
"3108701";"Brás Pires (MG)";"53895,8"
"3108800";"Braúnas (MG)";"157987,5"
"3108909";"Brazópolis (MG)";"235936,6"
"3109006";"Brumadinho (MG)";"2704306,8"
"3109105";"Bueno Brandão (MG)";"240323,5"
"3109204";"Buenópolis (MG)";"184692,3"
"3109253";"Bugre (MG)";"47893,3"
"3109303";"Buritis (MG)";"1440540,5"
"3109402";"Buritizeiro (MG)";"796395,3"
"3109451";"Cabeceira Grande (MG)";"399518,0"
"3109501";"Cabo Verde (MG)";"383533,2"
"3109600";"Cachoeira da Prata (MG)";"59241,2"
"3109709";"Cachoeira de Minas (MG)";"562165,9"
"3109808";"Cachoeira Dourada (MG)";"158178,7"
"3109907";"Caetanópolis (MG)";"364669,0"
"3110004";"Caeté (MG)";"981110,8"
"3110103";"Caiana (MG)";"110448,5"
"3110202";"Cajuri (MG)";"116040,2"
"3110301";"Caldas (MG)";"350443,4"
"3110400";"Camacho (MG)";"87992,0"
"3110509";"Camanducaia (MG)";"1203932,7"
"3110608";"Cambuí (MG)";"2137683,1"
"3110707";"Cambuquira (MG)";"377194,9"
"3110806";"Campanário (MG)";"52824,6"
"3110905";"Campanha (MG)";"503353,0"
"3111002";"Campestre (MG)";"548000,8"
"3111101";"Campina Verde (MG)";"589743,2"
"3111150";"Campo Azul (MG)";"46711,0"
"3111200";"Campo Belo (MG)";"1406838,4"
"3111309";"Campo do Meio (MG)";"262698,7"
"3111408";"Campo Florido (MG)";"810468,9"
"3111507";"Campos Altos (MG)";"583445,6"
"3111606";"Campos Gerais (MG)";"924910,4"
"3111705";"Canaã (MG)";"86362,8"
"3111804";"Canápolis (MG)";"853757,8"
"3111903";"Cana Verde (MG)";"87296,3"
"3112000";"Candeias (MG)";"440351,2"
"3112059";"Cantagalo (MG)";"60320,1"
"3112109";"Caparaó (MG)";"157696,0"
"3112208";"Capela Nova (MG)";"69779,5"
"3112307";"Capelinha (MG)";"1025592,0"
"3112406";"Capetinga (MG)";"228950,1"
"3112505";"Capim Branco (MG)";"139813,1"
"3112604";"Capinópolis (MG)";"821467,0"
"3112653";"Capitão Andrade (MG)";"63863,3"
"3112703";"Capitão Enéas (MG)";"624275,4"
"3112802";"Capitólio (MG)";"406754,8"
"3112901";"Caputira (MG)";"184180,9"
"3113008";"Caraí (MG)";"224636,6"
"3113107";"Caranaíba (MG)";"45883,6"
"3113206";"Carandaí (MG)";"885252,4"
"3113305";"Carangola (MG)";"700417,0"
"3113404";"Caratinga (MG)";"2647811,9"
"3113503";"Carbonita (MG)";"178673,1"
"3113602";"Careaçu (MG)";"252765,6"
"3113701";"Carlos Chagas (MG)";"503873,0"
"3113800";"Carmésia (MG)";"38251,7"
"3113909";"Carmo da Cachoeira (MG)";"363858,9"
"3114006";"Carmo da Mata (MG)";"286356,7"
"3114105";"Carmo de Minas (MG)";"325942,4"
"3114204";"Carmo do Cajuru (MG)";"677622,1"
"3114303";"Carmo do Paranaíba (MG)";"1178412,5"
"3114402";"Carmo do Rio Claro (MG)";"919851,0"
"3114501";"Carmópolis de Minas (MG)";"484160,2"
"3114550";"Carneirinho (MG)";"450482,6"
"3114600";"Carrancas (MG)";"165827,8"
"3114709";"Carvalhópolis (MG)";"90885,4"
"3114808";"Carvalhos (MG)";"92014,6"
"3114907";"Casa Grande (MG)";"70928,1"
"3115003";"Cascalho Rico (MG)";"94876,3"
"3115102";"Cássia (MG)";"497327,1"
"3115201";"Conceição da Barra de Minas (MG)";"70759,3"
"3115300";"Cataguases (MG)";"1821409,0"
"3115359";"Catas Altas (MG)";"2139892,5"
"3115409";"Catas Altas da Noruega (MG)";"43876,2"
"3115458";"Catuji (MG)";"106417,7"
"3115474";"Catuti (MG)";"63502,9"
"3115508";"Caxambu (MG)";"403602,7"
"3115607";"Cedro do Abaeté (MG)";"24732,5"
"3115706";"Central de Minas (MG)";"90002,8"
"3115805";"Centralina (MG)";"435047,8"
"3115904";"Chácara (MG)";"53962,4"
"3116001";"Chalé (MG)";"139717,0"
"3116100";"Chapada do Norte (MG)";"107816,5"
"3116159";"Chapada Gaúcha (MG)";"408892,1"
"3116209";"Chiador (MG)";"43149,7"
"3116308";"Cipotânea (MG)";"73126,4"
"3116407";"Claraval (MG)";"222237,2"
"3116506";"Claro dos Poções (MG)";"103826,5"
"3116605";"Cláudio (MG)";"1275084,5"
"3116704";"Coimbra (MG)";"151928,3"
"3116803";"Coluna (MG)";"129330,2"
"3116902";"Comendador Gomes (MG)";"170475,4"
"3117009";"Comercinho (MG)";"77172,2"
"3117108";"Conceição da Aparecida (MG)";"340024,9"
"3117207";"Conceição das Pedras (MG)";"78460,5"
"3117306";"Conceição das Alagoas (MG)";"1363980,4"
"3117405";"Conceição de Ipanema (MG)";"92884,4"
"3117504";"Conceição do Mato Dentro (MG)";"3542338,1"
"3117603";"Conceição do Pará (MG)";"373924,6"
"3117702";"Conceição do Rio Verde (MG)";"366160,5"
"3117801";"Conceição dos Ouros (MG)";"259018,4"
"3117836";"Cônego Marinho (MG)";"69322,8"
"3117876";"Confins (MG)";"780843,1"
"3117900";"Congonhal (MG)";"241164,4"
"3118007";"Congonhas (MG)";"8477571,4"
"3118106";"Congonhas do Norte (MG)";"55202,6"
"3118205";"Conquista (MG)";"534105,3"
"3118304";"Conselheiro Lafaiete (MG)";"2998868,6"
"3118403";"Conselheiro Pena (MG)";"549039,2"
"3118502";"Consolação (MG)";"32082,5"
"3118601";"Contagem (MG)";"42596067,4"
"3118700";"Coqueiral (MG)";"274206,0"
"3118809";"Coração de Jesus (MG)";"300866,5"
"3118908";"Cordisburgo (MG)";"147036,3"
"3119005";"Cordislândia (MG)";"135392,9"
"3119104";"Corinto (MG)";"563276,5"
"3119203";"Coroaci (MG)";"135645,0"
"3119302";"Coromandel (MG)";"1876644,6"
"3119401";"Coronel Fabriciano (MG)";"2164490,1"
"3119500";"Coronel Murta (MG)";"113329,2"
"3119609";"Coronel Pacheco (MG)";"65349,7"
"3119708";"Coronel Xavier Chaves (MG)";"75935,9"
"3119807";"Córrego Danta (MG)";"199342,8"
"3119906";"Córrego do Bom Jesus (MG)";"53635,3"
"3119955";"Córrego Fundo (MG)";"460308,1"
"3120003";"Córrego Novo (MG)";"45589,5"
"3120102";"Couto de Magalhães de Minas (MG)";"68415,4"
"3120151";"Crisólita (MG)";"78615,2"
"3120201";"Cristais (MG)";"320609,2"
"3120300";"Cristália (MG)";"59248,1"
"3120409";"Cristiano Otoni (MG)";"165311,7"
"3120508";"Cristina (MG)";"274252,4"
"3120607";"Crucilândia (MG)";"91382,0"
"3120706";"Cruzeiro da Fortaleza (MG)";"193461,9"
"3120805";"Cruzília (MG)";"374479,7"
"3120839";"Cuparaque (MG)";"76948,8"
"3120870";"Curral de Dentro (MG)";"84251,5"
"3120904";"Curvelo (MG)";"2352584,6"
"3121001";"Datas (MG)";"79589,8"
"3121100";"Delfim Moreira (MG)";"126342,8"
"3121209";"Delfinópolis (MG)";"297581,5"
"3121258";"Delta (MG)";"528670,9"
"3121308";"Descoberto (MG)";"102136,7"
"3121407";"Desterro de Entre Rios (MG)";"298080,8"
"3121506";"Desterro do Melo (MG)";"58247,0"
"3121605";"Diamantina (MG)";"1037925,2"
"3121704";"Diogo de Vasconcelos (MG)";"49388,2"
"3121803";"Dionísio (MG)";"95506,9"
"3121902";"Divinésia (MG)";"79771,9"
"3122009";"Divino (MG)";"462607,4"
"3122108";"Divino das Laranjeiras (MG)";"63796,8"
"3122207";"Divinolândia de Minas (MG)";"82947,0"
"3122306";"Divinópolis (MG)";"8791427,4"
"3122355";"Divisa Alegre (MG)";"221542,7"
"3122405";"Divisa Nova (MG)";"147395,9"
"3122454";"Divisópolis (MG)";"103450,7"
"3122470";"Dom Bosco (MG)";"74216,2"
"3122504";"Dom Cavati (MG)";"76125,8"
"3122603";"Dom Joaquim (MG)";"67270,3"
"3122702";"Dom Silvério (MG)";"115466,4"
"3122801";"Dom Viçoso (MG)";"46944,8"
"3122900";"Dona Euzébia (MG)";"108142,2"
"3123007";"Dores de Campos (MG)";"370654,7"
"3123106";"Dores de Guanhães (MG)";"178040,4"
"3123205";"Dores do Indaiá (MG)";"341842,5"
"3123304";"Dores do Turvo (MG)";"68801,8"
"3123403";"Doresópolis (MG)";"123362,0"
"3123502";"Douradoquara (MG)";"84277,7"
"3123528";"Durandé (MG)";"195042,3"
"3123601";"Elói Mendes (MG)";"924298,1"
"3123700";"Engenheiro Caldas (MG)";"167574,2"
"3123809";"Engenheiro Navarro (MG)";"104272,3"
"3123858";"Entre Folhas (MG)";"74684,5"
"3123908";"Entre Rios de Minas (MG)";"364593,7"
"3124005";"Ervália (MG)";"523466,0"
"3124104";"Esmeraldas (MG)";"1207162,5"
"3124203";"Espera Feliz (MG)";"830714,3"
"3124302";"Espinosa (MG)";"405307,5"
"3124401";"Espírito Santo do Dourado (MG)";"121181,1"
"3124500";"Estiva (MG)";"602366,1"
"3124609";"Estrela Dalva (MG)";"48358,4"
"3124708";"Estrela do Indaiá (MG)";"140290,9"
"3124807";"Estrela do Sul (MG)";"415826,7"
"3124906";"Eugenópolis (MG)";"242516,7"
"3125002";"Ewbank da Câmara (MG)";"60943,4"
"3125101";"Extrema (MG)";"17506036,5"
"3125200";"Fama (MG)";"62722,2"
"3125309";"Faria Lemos (MG)";"74154,6"
"3125408";"Felício dos Santos (MG)";"81601,3"
"3125507";"São Gonçalo do Rio Preto (MG)";"49661,4"
"3125606";"Felisburgo (MG)";"77332,9"
"3125705";"Felixlândia (MG)";"284405,3"
"3125804";"Fernandes Tourinho (MG)";"47684,0"
"3125903";"Ferros (MG)";"151696,8"
"3125952";"Fervedouro (MG)";"222413,0"
"3126000";"Florestal (MG)";"155554,1"
"3126109";"Formiga (MG)";"2661730,5"
"3126208";"Formoso (MG)";"507507,8"
"3126307";"Fortaleza de Minas (MG)";"101509,2"
"3126406";"Fortuna de Minas (MG)";"59803,4"
"3126505";"Francisco Badaró (MG)";"78956,7"
"3126604";"Francisco Dumont (MG)";"79709,0"
"3126703";"Francisco Sá (MG)";"499307,3"
"3126752";"Franciscópolis (MG)";"92468,6"
"3126802";"Frei Gaspar (MG)";"77422,6"
"3126901";"Frei Inocêncio (MG)";"168192,1"
"3126950";"Frei Lagonegro (MG)";"42805,7"
"3127008";"Fronteira (MG)";"748730,4"
"3127057";"Fronteira dos Vales (MG)";"53194,5"
"3127073";"Fruta de Leite (MG)";"50424,8"
"3127107";"Frutal (MG)";"3084987,3"
"3127206";"Funilândia (MG)";"96696,6"
"3127305";"Galiléia (MG)";"110318,0"
"3127339";"Gameleiras (MG)";"65812,9"
"3127354";"Glaucilândia (MG)";"47510,6"
"3127370";"Goiabeira (MG)";"51302,1"
"3127388";"Goianá (MG)";"75115,3"
"3127404";"Gonçalves (MG)";"106374,5"
"3127503";"Gonzaga (MG)";"77889,3"
"3127602";"Gouveia (MG)";"188430,8"
"3127701";"Governador Valadares (MG)";"8028768,8"
"3127800";"Grão Mogol (MG)";"525199,4"
"3127909";"Grupiara (MG)";"49746,3"
"3128006";"Guanhães (MG)";"1087755,1"
"3128105";"Guapé (MG)";"459855,2"
"3128204";"Guaraciaba (MG)";"118989,7"
"3128253";"Guaraciama (MG)";"67716,4"
"3128303";"Guaranésia (MG)";"744283,8"
"3128402";"Guarani (MG)";"190852,5"
"3128501";"Guarará (MG)";"63807,4"
"3128600";"Guarda-Mor (MG)";"918639,3"
"3128709";"Guaxupé (MG)";"3912373,2"
"3128808";"Guidoval (MG)";"131187,3"
"3128907";"Guimarânia (MG)";"333130,7"
"3129004";"Guiricema (MG)";"120001,1"
"3129103";"Gurinhatã (MG)";"217168,3"
"3129202";"Heliodora (MG)";"146293,8"
"3129301";"Iapu (MG)";"215368,8"
"3129400";"Ibertioga (MG)";"110483,6"
"3129509";"Ibiá (MG)";"1641283,9"
"3129608";"Ibiaí (MG)";"134720,0"
"3129657";"Ibiracatu (MG)";"54817,9"
"3129707";"Ibiraci (MG)";"728550,2"
"3129806";"Ibirité (MG)";"3073444,8"
"3129905";"Ibitiúra de Minas (MG)";"80149,2"
"3130002";"Ibituruna (MG)";"62721,8"
"3130051";"Icaraí de Minas (MG)";"114602,8"
"3130101";"Igarapé (MG)";"1206081,8"
"3130200";"Igaratinga (MG)";"762874,3"
"3130309";"Iguatama (MG)";"556687,8"
"3130408";"Ijaci (MG)";"564038,9"
"3130507";"Ilicínea (MG)";"292707,8"
"3130556";"Imbé de Minas (MG)";"139946,7"
"3130606";"Inconfidentes (MG)";"176008,2"
"3130655";"Indaiabira (MG)";"87898,8"
"3130705";"Indianópolis (MG)";"861720,5"
"3130804";"Ingaí (MG)";"135273,0"
"3130903";"Inhapim (MG)";"501843,0"
"3131000";"Inhaúma (MG)";"147426,2"
"3131109";"Inimutaba (MG)";"104620,8"
"3131158";"Ipaba (MG)";"191442,7"
"3131208";"Ipanema (MG)";"397402,3"
"3131307";"Ipatinga (MG)";"18957034,8"
"3131406";"Ipiaçu (MG)";"217352,0"
"3131505";"Ipuiúna (MG)";"198705,3"
"3131604";"Iraí de Minas (MG)";"344281,1"
"3131703";"Itabira (MG)";"7361373,4"
"3131802";"Itabirinha (MG)";"161417,6"
"3131901";"Itabirito (MG)";"7258818,7"
"3132008";"Itacambira (MG)";"62077,0"
"3132107";"Itacarambi (MG)";"244991,7"
"3132206";"Itaguara (MG)";"447167,6"
"3132305";"Itaipé (MG)";"125234,1"
"3132404";"Itajubá (MG)";"4121333,7"
"3132503";"Itamarandiba (MG)";"636219,2"
"3132602";"Itamarati de Minas (MG)";"65478,4"
"3132701";"Itambacuri (MG)";"370460,2"
"3132800";"Itambé do Mato Dentro (MG)";"40712,6"
"3132909";"Itamogi (MG)";"346912,6"
"3133006";"Itamonte (MG)";"805016,4"
"3133105";"Itanhandu (MG)";"557979,8"
"3133204";"Itanhomi (MG)";"159556,1"
"3133303";"Itaobim (MG)";"355199,1"
"3133402";"Itapagipe (MG)";"550663,5"
"3133501";"Itapecerica (MG)";"641893,7"
"3133600";"Itapeva (MG)";"1275556,5"
"3133709";"Itatiaiuçu (MG)";"3079751,8"
"3133758";"Itaú de Minas (MG)";"831717,9"
"3133808";"Itaúna (MG)";"5324954,9"
"3133907";"Itaverava (MG)";"76310,1"
"3134004";"Itinga (MG)";"143976,0"
"3134103";"Itueta (MG)";"141201,8"
"3134202";"Ituiutaba (MG)";"4387179,8"
"3134301";"Itumirim (MG)";"102914,8"
"3134400";"Iturama (MG)";"2403673,1"
"3134509";"Itutinga (MG)";"174873,7"
"3134608";"Jaboticatubas (MG)";"331471,6"
"3134707";"Jacinto (MG)";"142291,0"
"3134806";"Jacuí (MG)";"183602,8"
"3134905";"Jacutinga (MG)";"1354852,4"
"3135001";"Jaguaraçu (MG)";"126244,4"
"3135050";"Jaíba (MG)";"843988,2"
"3135076";"Jampruca (MG)";"75146,1"
"3135100";"Janaúba (MG)";"1666043,0"
"3135209";"Januária (MG)";"903261,9"
"3135308";"Japaraíba (MG)";"103026,5"
"3135357";"Japonvar (MG)";"90085,9"
"3135407";"Jeceaba (MG)";"1773263,1"
"3135456";"Jenipapo de Minas (MG)";"79506,5"
"3135506";"Jequeri (MG)";"257952,3"
"3135605";"Jequitaí (MG)";"148744,3"
"3135704";"Jequitibá (MG)";"140200,1"
"3135803";"Jequitinhonha (MG)";"313074,6"
"3135902";"Jesuânia (MG)";"113437,5"
"3136009";"Joaíma (MG)";"180592,3"
"3136108";"Joanésia (MG)";"113406,7"
"3136207";"João Monlevade (MG)";"5011364,5"
"3136306";"João Pinheiro (MG)";"2254280,4"
"3136405";"Joaquim Felício (MG)";"71970,7"
"3136504";"Jordânia (MG)";"120966,6"
"3136520";"José Gonçalves de Minas (MG)";"55890,8"
"3136553";"José Raydan (MG)";"83717,0"
"3136579";"Josenópolis (MG)";"52055,5"
"3136603";"Nova União (MG)";"134151,9"
"3136652";"Juatuba (MG)";"1767832,5"
"3136702";"Juiz de Fora (MG)";"21817612,7"
"3136801";"Juramento (MG)";"56559,2"
"3136900";"Juruaia (MG)";"317184,0"
"3136959";"Juvenília (MG)";"71184,0"
"3137007";"Ladainha (MG)";"149545,0"
"3137106";"Lagamar (MG)";"249903,1"
"3137205";"Lagoa da Prata (MG)";"2587184,9"
"3137304";"Lagoa dos Patos (MG)";"57187,3"
"3137403";"Lagoa Dourada (MG)";"354139,2"
"3137502";"Lagoa Formosa (MG)";"671391,3"
"3137536";"Lagoa Grande (MG)";"317817,9"
"3137601";"Lagoa Santa (MG)";"2613051,9"
"3137700";"Lajinha (MG)";"557866,9"
"3137809";"Lambari (MG)";"490868,8"
"3137908";"Lamim (MG)";"55311,0"
"3138005";"Laranjal (MG)";"98942,2"
"3138104";"Lassance (MG)";"200672,6"
"3138203";"Lavras (MG)";"3348002,7"
"3138302";"Leandro Ferreira (MG)";"57948,5"
"3138351";"Leme do Prado (MG)";"72571,1"
"3138401";"Leopoldina (MG)";"1180538,9"
"3138500";"Liberdade (MG)";"105712,0"
"3138609";"Lima Duarte (MG)";"360158,0"
"3138625";"Limeira do Oeste (MG)";"406146,2"
"3138658";"Lontra (MG)";"98905,0"
"3138674";"Luisburgo (MG)";"191968,1"
"3138682";"Luislândia (MG)";"72962,7"
"3138708";"Luminárias (MG)";"168807,6"
"3138807";"Luz (MG)";"730134,8"
"3138906";"Machacalis (MG)";"117258,5"
"3139003";"Machado (MG)";"1478210,0"
"3139102";"Madre de Deus de Minas (MG)";"380445,0"
"3139201";"Malacacheta (MG)";"259316,3"
"3139250";"Mamonas (MG)";"68239,9"
"3139300";"Manga (MG)";"271190,9"
"3139409";"Manhuaçu (MG)";"4127694,4"
"3139508";"Manhumirim (MG)";"557244,5"
"3139607";"Mantena (MG)";"551720,3"
"3139706";"Maravilhas (MG)";"263344,9"
"3139805";"Mar de Espanha (MG)";"232414,5"
"3139904";"Maria da Fé (MG)";"230037,3"
"3140001";"Mariana (MG)";"5090283,3"
"3140100";"Marilac (MG)";"63670,5"
"3140159";"Mário Campos (MG)";"210846,1"
"3140209";"Maripá de Minas (MG)";"86161,8"
"3140308";"Marliéria (MG)";"60875,7"
"3140407";"Marmelópolis (MG)";"48873,2"
"3140506";"Martinho Campos (MG)";"528224,4"
"3140530";"Martins Soares (MG)";"422170,6"
"3140555";"Mata Verde (MG)";"107836,1"
"3140605";"Materlândia (MG)";"65361,2"
"3140704";"Mateus Leme (MG)";"1076291,4"
"3140803";"Matias Barbosa (MG)";"725963,3"
"3140852";"Matias Cardoso (MG)";"172456,3"
"3140902";"Matipó (MG)";"664476,3"
"3141009";"Mato Verde (MG)";"187463,3"
"3141108";"Matozinhos (MG)";"1800386,7"
"3141207";"Matutina (MG)";"99497,9"
"3141306";"Medeiros (MG)";"273655,3"
"3141405";"Medina (MG)";"276313,8"
"3141504";"Mendes Pimentel (MG)";"81971,1"
"3141603";"Mercês (MG)";"170733,6"
"3141702";"Mesquita (MG)";"67257,6"
"3141801";"Minas Novas (MG)";"346059,0"
"3141900";"Minduri (MG)";"168911,5"
"3142007";"Mirabela (MG)";"165955,7"
"3142106";"Miradouro (MG)";"182413,4"
"3142205";"Miraí (MG)";"289982,3"
"3142254";"Miravânia (MG)";"50387,2"
"3142304";"Moeda (MG)";"89883,4"
"3142403";"Moema (MG)";"149686,5"
"3142502";"Monjolos (MG)";"42478,6"
"3142601";"Monsenhor Paulo (MG)";"268788,6"
"3142700";"Montalvânia (MG)";"179715,3"
"3142809";"Monte Alegre de Minas (MG)";"830858,6"
"3142908";"Monte Azul (MG)";"281700,2"
"3143005";"Monte Belo (MG)";"403025,1"
"3143104";"Monte Carmelo (MG)";"2116369,0"
"3143153";"Monte Formoso (MG)";"45536,7"
"3143203";"Monte Santo de Minas (MG)";"627072,2"
"3143302";"Montes Claros (MG)";"12351982,9"
"3143401";"Monte Sião (MG)";"657402,3"
"3143450";"Montezuma (MG)";"86876,9"
"3143500";"Morada Nova de Minas (MG)";"481820,9"
"3143609";"Morro da Garça (MG)";"54493,3"
"3143708";"Morro do Pilar (MG)";"48345,9"
"3143807";"Munhoz (MG)";"138957,6"
"3143906";"Muriaé (MG)";"2832646,4"
"3144003";"Mutum (MG)";"635552,0"
"3144102";"Muzambinho (MG)";"678498,3"
"3144201";"Nacip Raydan (MG)";"36977,8"
"3144300";"Nanuque (MG)";"1019998,9"
"3144359";"Naque (MG)";"96650,5"
"3144375";"Natalândia (MG)";"73642,5"
"3144409";"Natércia (MG)";"143676,6"
"3144508";"Nazareno (MG)";"1019641,8"
"3144607";"Nepomuceno (MG)";"631103,8"
"3144656";"Ninheira (MG)";"175807,6"
"3144672";"Nova Belém (MG)";"159949,8"
"3144706";"Nova Era (MG)";"485383,7"
"3144805";"Nova Lima (MG)";"12119429,0"
"3144904";"Nova Módica (MG)";"61884,7"
"3145000";"Nova Ponte (MG)";"1181374,7"
"3145059";"Nova Porteirinha (MG)";"125544,6"
"3145109";"Nova Resende (MG)";"569124,3"
"3145208";"Nova Serrana (MG)";"3307358,5"
"3145307";"Novo Cruzeiro (MG)";"372038,0"
"3145356";"Novo Oriente de Minas (MG)";"121180,6"
"3145372";"Novorizonte (MG)";"86202,0"
"3145406";"Olaria (MG)";"37442,3"
"3145455";"Olhos-d'Água (MG)";"161673,6"
"3145505";"Olímpio Noronha (MG)";"53646,9"
"3145604";"Oliveira (MG)";"1296254,9"
"3145703";"Oliveira Fortes (MG)";"37446,0"
"3145802";"Onça de Pitangui (MG)";"62671,4"
"3145851";"Oratórios (MG)";"72550,9"
"3145877";"Orizânia (MG)";"164147,3"
"3145901";"Ouro Branco (MG)";"4988928,6"
"3146008";"Ouro Fino (MG)";"1142948,8"
"3146107";"Ouro Preto (MG)";"7305998,8"
"3146206";"Ouro Verde de Minas (MG)";"74690,2"
"3146255";"Padre Carvalho (MG)";"62090,9"
"3146305";"Padre Paraíso (MG)";"223908,2"
"3146404";"Paineiras (MG)";"88763,6"
"3146503";"Pains (MG)";"628905,4"
"3146552";"Pai Pedro (MG)";"64104,9"
"3146602";"Paiva (MG)";"29894,0"
"3146701";"Palma (MG)";"105285,9"
"3146750";"Palmópolis (MG)";"73448,9"
"3146909";"Papagaios (MG)";"374008,7"
"3147006";"Paracatu (MG)";"6489208,4"
"3147105";"Pará de Minas (MG)";"4578580,7"
"3147204";"Paraguaçu (MG)";"790514,0"
"3147303";"Paraisópolis (MG)";"659482,7"
"3147402";"Paraopeba (MG)";"1011879,0"
"3147501";"Passabém (MG)";"26234,7"
"3147600";"Passa Quatro (MG)";"663760,3"
"3147709";"Passa Tempo (MG)";"377005,7"
"3147808";"Passa Vinte (MG)";"48725,8"
"3147907";"Passos (MG)";"3534527,2"
"3147956";"Patis (MG)";"56688,8"
"3148004";"Patos de Minas (MG)";"7149201,7"
"3148103";"Patrocínio (MG)";"4419875,0"
"3148202";"Patrocínio do Muriaé (MG)";"134240,4"
"3148301";"Paula Cândido (MG)";"142148,5"
"3148400";"Paulistas (MG)";"73650,8"
"3148509";"Pavão (MG)";"98286,4"
"3148608";"Peçanha (MG)";"261343,3"
"3148707";"Pedra Azul (MG)";"407860,3"
"3148756";"Pedra Bonita (MG)";"164906,7"
"3148806";"Pedra do Anta (MG)";"63370,5"
"3148905";"Pedra do Indaiá (MG)";"130405,1"
"3149002";"Pedra Dourada (MG)";"57946,4"
"3149101";"Pedralva (MG)";"202575,1"
"3149150";"Pedras de Maria da Cruz (MG)";"112339,9"
"3149200";"Pedrinópolis (MG)";"271186,9"
"3149309";"Pedro Leopoldo (MG)";"2221404,3"
"3149408";"Pedro Teixeira (MG)";"32642,8"
"3149507";"Pequeri (MG)";"65340,0"
"3149606";"Pequi (MG)";"132279,7"
"3149705";"Perdigão (MG)";"317551,5"
"3149804";"Perdizes (MG)";"2086047,3"
"3149903";"Perdões (MG)";"715579,9"
"3149952";"Periquito (MG)";"118620,0"
"3150000";"Pescador (MG)";"48573,7"
"3150109";"Piau (MG)";"84235,9"
"3150158";"Piedade de Caratinga (MG)";"196871,9"
"3150208";"Piedade de Ponte Nova (MG)";"66897,3"
"3150307";"Piedade do Rio Grande (MG)";"118841,5"
"3150406";"Piedade dos Gerais (MG)";"108715,2"
"3150505";"Pimenta (MG)";"341255,4"
"3150539";"Pingo-d'Água (MG)";"57657,5"
"3150570";"Pintópolis (MG)";"80535,9"
"3150604";"Piracema (MG)";"248221,4"
"3150703";"Pirajuba (MG)";"501603,1"
"3150802";"Piranga (MG)";"218219,8"
"3150901";"Piranguçu (MG)";"88611,8"
"3151008";"Piranguinho (MG)";"157970,7"
"3151107";"Pirapetinga (MG)";"612887,4"
"3151206";"Pirapora (MG)";"3368912,3"
"3151305";"Piraúba (MG)";"209328,8"
"3151404";"Pitangui (MG)";"736006,1"
"3151503";"Piumhi (MG)";"1496840,3"
"3151602";"Planura (MG)";"517704,4"
"3151701";"Poço Fundo (MG)";"488910,6"
"3151800";"Poços de Caldas (MG)";"9792526,3"
"3151909";"Pocrane (MG)";"145591,8"
"3152006";"Pompéu (MG)";"1172244,4"
"3152105";"Ponte Nova (MG)";"2245067,1"
"3152131";"Ponto Chique (MG)";"53623,2"
"3152170";"Ponto dos Volantes (MG)";"129538,5"
"3152204";"Porteirinha (MG)";"526275,4"
"3152303";"Porto Firme (MG)";"143929,8"
"3152402";"Poté (MG)";"175768,1"
"3152501";"Pouso Alegre (MG)";"12476110,7"
"3152600";"Pouso Alto (MG)";"438624,1"
"3152709";"Prados (MG)";"225722,1"
"3152808";"Prata (MG)";"1565416,3"
"3152907";"Pratápolis (MG)";"246349,9"
"3153004";"Pratinha (MG)";"225218,4"
"3153103";"Presidente Bernardes (MG)";"78080,5"
"3153202";"Presidente Juscelino (MG)";"54976,0"
"3153301";"Presidente Kubitschek (MG)";"40084,2"
"3153400";"Presidente Olegário (MG)";"907953,0"
"3153509";"Alto Jequitibá (MG)";"163818,4"
"3153608";"Prudente de Morais (MG)";"265396,2"
"3153707";"Quartel Geral (MG)";"81850,3"
"3153806";"Queluzito (MG)";"46584,7"
"3153905";"Raposos (MG)";"293689,1"
"3154002";"Raul Soares (MG)";"455337,1"
"3154101";"Recreio (MG)";"128928,5"
"3154150";"Reduto (MG)";"155354,5"
"3154200";"Resende Costa (MG)";"214697,5"
"3154309";"Resplendor (MG)";"360256,2"
"3154408";"Ressaquinha (MG)";"451721,1"
"3154457";"Riachinho (MG)";"166414,7"
"3154507";"Riacho dos Machados (MG)";"247901,6"
"3154606";"Ribeirão das Neves (MG)";"5754238,5"
"3154705";"Ribeirão Vermelho (MG)";"127369,8"
"3154804";"Rio Acima (MG)";"262637,1"
"3154903";"Rio Casca (MG)";"256593,1"
"3155009";"Rio Doce (MG)";"61822,0"
"3155108";"Rio do Prado (MG)";"59990,6"
"3155207";"Rio Espera (MG)";"64423,4"
"3155306";"Rio Manso (MG)";"124134,0"
"3155405";"Rio Novo (MG)";"129338,0"
"3155504";"Rio Paranaíba (MG)";"1106499,4"
"3155603";"Rio Pardo de Minas (MG)";"358041,3"
"3155702";"Rio Piracicaba (MG)";"270393,0"
"3155801";"Rio Pomba (MG)";"468545,1"
"3155900";"Rio Preto (MG)";"75066,1"
"3156007";"Rio Vermelho (MG)";"153615,5"
"3156106";"Ritápolis (MG)";"97197,5"
"3156205";"Rochedo de Minas (MG)";"144754,2"
"3156304";"Rodeiro (MG)";"545499,3"
"3156403";"Romaria (MG)";"364666,8"
"3156452";"Rosário da Limeira (MG)";"85498,0"
"3156502";"Rubelita (MG)";"73491,9"
"3156601";"Rubim (MG)";"123943,7"
"3156700";"Sabará (MG)";"3934173,8"
"3156809";"Sabinópolis (MG)";"309137,2"
"3156908";"Sacramento (MG)";"2139747,8"
"3157005";"Salinas (MG)";"791733,8"
"3157104";"Salto da Divisa (MG)";"117452,3"
"3157203";"Santa Bárbara (MG)";"1152729,9"
"3157252";"Santa Bárbara do Leste (MG)";"149128,8"
"3157278";"Santa Bárbara do Monte Verde (MG)";"58847,5"
"3157302";"Santa Bárbara do Tugúrio (MG)";"72570,8"
"3157336";"Santa Cruz de Minas (MG)";"121163,1"
"3157377";"Santa Cruz de Salinas (MG)";"53726,6"
"3157401";"Santa Cruz do Escalvado (MG)";"109625,2"
"3157500";"Santa Efigênia de Minas (MG)";"55391,1"
"3157609";"Santa Fé de Minas (MG)";"60999,9"
"3157658";"Santa Helena de Minas (MG)";"59908,9"
"3157708";"Santa Juliana (MG)";"924579,9"
"3157807";"Santa Luzia (MG)";"5758336,5"
"3157906";"Santa Margarida (MG)";"545006,8"
"3158003";"Santa Maria de Itabira (MG)";"272757,8"
"3158102";"Santa Maria do Salto (MG)";"50815,2"
"3158201";"Santa Maria do Suaçuí (MG)";"178799,3"
"3158300";"Santana da Vargem (MG)";"214152,1"
"3158409";"Santana de Cataguases (MG)";"51898,5"
"3158508";"Santana de Pirapama (MG)";"125203,4"
"3158607";"Santana do Deserto (MG)";"50988,1"
"3158706";"Santana do Garambéu (MG)";"40761,3"
"3158805";"Santana do Jacaré (MG)";"119141,6"
"3158904";"Santana do Manhuaçu (MG)";"245127,6"
"3158953";"Santana do Paraíso (MG)";"1187338,2"
"3159001";"Santana do Riacho (MG)";"122253,2"
"3159100";"Santana dos Montes (MG)";"53371,5"
"3159209";"Santa Rita de Caldas (MG)";"239954,6"
"3159308";"Santa Rita de Jacutinga (MG)";"80379,8"
"3159357";"Santa Rita de Minas (MG)";"188093,3"
"3159407";"Santa Rita de Ibitipoca (MG)";"66534,0"
"3159506";"Santa Rita do Itueto (MG)";"294767,3"
"3159605";"Santa Rita do Sapucaí (MG)";"2187943,3"
"3159704";"Santa Rosa da Serra (MG)";"182791,0"
"3159803";"Santa Vitória (MG)";"1128792,8"
"3159902";"Santo Antônio do Amparo (MG)";"413731,1"
"3160009";"Santo Antônio do Aventureiro (MG)";"68079,8"
"3160108";"Santo Antônio do Grama (MG)";"90008,4"
"3160207";"Santo Antônio do Itambé (MG)";"50463,7"
"3160306";"Santo Antônio do Jacinto (MG)";"123552,1"
"3160405";"Santo Antônio do Monte (MG)";"828153,5"
"3160454";"Santo Antônio do Retiro (MG)";"76799,7"
"3160504";"Santo Antônio do Rio Abaixo (MG)";"32402,5"
"3160603";"Santo Hipólito (MG)";"49466,0"
"3160702";"Santos Dumont (MG)";"1208059,4"
"3160801";"São Bento Abade (MG)";"87981,7"
"3160900";"São Brás do Suaçuí (MG)";"90665,7"
"3160959";"São Domingos das Dores (MG)";"120311,6"
"3161007";"São Domingos do Prata (MG)";"357693,2"
"3161056";"São Félix de Minas (MG)";"46652,0"
"3161106";"São Francisco (MG)";"725685,0"
"3161205";"São Francisco de Paula (MG)";"218276,3"
"3161304";"São Francisco de Sales (MG)";"193421,1"
"3161403";"São Francisco do Glória (MG)";"87316,2"
"3161502";"São Geraldo (MG)";"290355,9"
"3161601";"São Geraldo da Piedade (MG)";"46622,1"
"3161650";"São Geraldo do Baixio (MG)";"49274,1"
"3161700";"São Gonçalo do Abaeté (MG)";"379298,4"
"3161809";"São Gonçalo do Pará (MG)";"328832,9"
"3161908";"São Gonçalo do Rio Abaixo (MG)";"3838429,7"
"3162005";"São Gonçalo do Sapucaí (MG)";"1110721,0"
"3162104";"São Gotardo (MG)";"1447958,1"
"3162203";"São João Batista do Glória (MG)";"265284,6"
"3162252";"São João da Lagoa (MG)";"65157,1"
"3162302";"São João da Mata (MG)";"62268,9"
"3162401";"São João da Ponte (MG)";"294983,7"
"3162450";"São João das Missões (MG)";"104830,8"
"3162500";"São João del Rei (MG)";"3286449,1"
"3162559";"São João do Manhuaçu (MG)";"261762,5"
"3162575";"São João do Manteninha (MG)";"86651,8"
"3162609";"São João do Oriente (MG)";"111761,6"
"3162658";"São João do Pacuí (MG)";"46918,1"
"3162708";"São João do Paraíso (MG)";"286699,3"
"3162807";"São João Evangelista (MG)";"259717,8"
"3162906";"São João Nepomuceno (MG)";"581987,2"
"3162922";"São Joaquim de Bicas (MG)";"956892,0"
"3162948";"São José da Barra (MG)";"668346,8"
"3162955";"São José da Lapa (MG)";"976279,9"
"3163003";"São José da Safira (MG)";"48147,1"
"3163102";"São José da Varginha (MG)";"121945,5"
"3163201";"São José do Alegre (MG)";"69544,1"
"3163300";"São José do Divino (MG)";"54219,5"
"3163409";"São José do Goiabal (MG)";"73843,9"
"3163508";"São José do Jacuri (MG)";"116399,8"
"3163607";"São José do Mantimento (MG)";"57196,4"
"3163706";"São Lourenço (MG)";"1249052,3"
"3163805";"São Miguel do Anta (MG)";"130368,1"
"3163904";"São Pedro da União (MG)";"184727,3"
"3164001";"São Pedro dos Ferros (MG)";"143511,1"
"3164100";"São Pedro do Suaçuí (MG)";"95276,7"
"3164209";"São Romão (MG)";"268414,1"
"3164308";"São Roque de Minas (MG)";"357530,2"
"3164407";"São Sebastião da Bela Vista (MG)";"618200,8"
"3164431";"São Sebastião da Vargem Alegre (MG)";"74833,0"
"3164472";"São Sebastião do Anta (MG)";"131729,7"
"3164506";"São Sebastião do Maranhão (MG)";"107846,0"
"3164605";"São Sebastião do Oeste (MG)";"772508,1"
"3164704";"São Sebastião do Paraíso (MG)";"2537934,9"
"3164803";"São Sebastião do Rio Preto (MG)";"27919,1"
"3164902";"São Sebastião do Rio Verde (MG)";"41464,1"
"3165008";"São Tiago (MG)";"255019,0"
"3165107";"São Tomás de Aquino (MG)";"252855,8"
"3165206";"São Tomé das Letras (MG)";"156679,5"
"3165305";"São Vicente de Minas (MG)";"222960,1"
"3165404";"Sapucaí-Mirim (MG)";"137508,5"
"3165503";"Sardoá (MG)";"71576,9"
"3165537";"Sarzedo (MG)";"1633539,6"
"3165552";"Setubinha (MG)";"130345,7"
"3165560";"Sem-Peixe (MG)";"36775,1"
"3165578";"Senador Amaral (MG)";"101052,5"
"3165602";"Senador Cortes (MG)";"42692,2"
"3165701";"Senador Firmino (MG)";"123408,5"
"3165800";"Senador José Bento (MG)";"44947,0"
"3165909";"Senador Modestino Gonçalves (MG)";"86654,2"
"3166006";"Senhora de Oliveira (MG)";"86520,6"
"3166105";"Senhora do Porto (MG)";"50946,2"
"3166204";"Senhora dos Remédios (MG)";"126898,2"
"3166303";"Sericita (MG)";"175838,3"
"3166402";"Seritinga (MG)";"48147,1"
"3166501";"Serra Azul de Minas (MG)";"48541,6"
"3166600";"Serra da Saudade (MG)";"22517,7"
"3166709";"Serra dos Aimorés (MG)";"152030,2"
"3166808";"Serra do Salitre (MG)";"882063,9"
"3166907";"Serrania (MG)";"200224,3"
"3166956";"Serranópolis de Minas (MG)";"53002,3"
"3167004";"Serranos (MG)";"43206,7"
"3167103";"Serro (MG)";"335210,3"
"3167202";"Sete Lagoas (MG)";"14818543,9"
"3167301";"Silveirânia (MG)";"39513,3"
"3167400";"Silvianópolis (MG)";"158829,3"
"3167509";"Simão Pereira (MG)";"107886,1"
"3167608";"Simonésia (MG)";"494706,3"
"3167707";"Sobrália (MG)";"72625,5"
"3167806";"Soledade de Minas (MG)";"95263,2"
"3167905";"Tabuleiro (MG)";"79867,6"
"3168002";"Taiobeiras (MG)";"618917,8"
"3168051";"Taparuba (MG)";"55723,4"
"3168101";"Tapira (MG)";"643070,6"
"3168200";"Tapiraí (MG)";"67094,7"
"3168309";"Taquaraçu de Minas (MG)";"76507,3"
"3168408";"Tarumirim (MG)";"195705,9"
"3168507";"Teixeiras (MG)";"227664,6"
"3168606";"Teófilo Otoni (MG)";"3051476,0"
"3168705";"Timóteo (MG)";"5458822,2"
"3168804";"Tiradentes (MG)";"253015,0"
"3168903";"Tiros (MG)";"434588,1"
"3169000";"Tocantins (MG)";"387031,1"
"3169059";"Tocos do Moji (MG)";"73324,9"
"3169109";"Toledo (MG)";"115920,2"
"3169208";"Tombos (MG)";"145318,9"
"3169307";"Três Corações (MG)";"3283951,1"
"3169356";"Três Marias (MG)";"2645024,9"
"3169406";"Três Pontas (MG)";"2173779,6"
"3169505";"Tumiritinga (MG)";"92082,3"
"3169604";"Tupaciguara (MG)";"1182517,7"
"3169703";"Turmalina (MG)";"455067,5"
"3169802";"Turvolândia (MG)";"149761,6"
"3169901";"Ubá (MG)";"3768282,7"
"3170008";"Ubaí (MG)";"124460,8"
"3170057";"Ubaporanga (MG)";"204269,0"
"3170107";"Uberaba (MG)";"23582499,8"
"3170206";"Uberlândia (MG)";"47790806,7"
"3170305";"Umburatiba (MG)";"44831,5"
"3170404";"Unaí (MG)";"4864891,2"
"3170438";"União de Minas (MG)";"148297,1"
"3170479";"Uruana de Minas (MG)";"93347,5"
"3170503";"Urucânia (MG)";"276044,5"
"3170529";"Urucuia (MG)";"204029,3"
"3170578";"Vargem Alegre (MG)";"81054,2"
"3170602";"Vargem Bonita (MG)";"95825,4"
"3170651";"Vargem Grande do Rio Pardo (MG)";"69797,6"
"3170701";"Varginha (MG)";"9925786,3"
"3170750";"Varjão de Minas (MG)";"385320,4"
"3170800";"Várzea da Palma (MG)";"1265737,6"
"3170909";"Varzelândia (MG)";"199299,1"
"3171006";"Vazante (MG)";"1133352,4"
"3171030";"Verdelândia (MG)";"114042,3"
"3171071";"Veredinha (MG)";"123906,0"
"3171105";"Veríssimo (MG)";"179174,9"
"3171154";"Vermelho Novo (MG)";"77630,5"
"3171204";"Vespasiano (MG)";"3368065,6"
"3171303";"Viçosa (MG)";"2004831,5"
"3171402";"Vieiras (MG)";"65686,4"
"3171501";"Mathias Lobato (MG)";"50685,8"
"3171600";"Virgem da Lapa (MG)";"139827,0"
"3171709";"Virgínia (MG)";"196221,7"
"3171808";"Virginópolis (MG)";"191991,9"
"3171907";"Virgolândia (MG)";"62775,6"
"3172004";"Visconde do Rio Branco (MG)";"1687802,6"
"3172103";"Volta Grande (MG)";"123806,6"
"3172202";"Wenceslau Braz (MG)";"36814,5"
"3200102";"Afonso Cláudio (ES)";"704170,4"
"3200136";"Águia Branca (ES)";"285359,1"
"3200169";"Água Doce do Norte (ES)";"193868,0"
"3200201";"Alegre (ES)";"615686,3"
"3200300";"Alfredo Chaves (ES)";"503090,1"
"3200359";"Alto Rio Novo (ES)";"128054,6"
"3200409";"Anchieta (ES)";"1812851,6"
"3200508";"Apiacá (ES)";"132066,5"
"3200607";"Aracruz (ES)";"6372857,8"
"3200706";"Atílio Vivácqua (ES)";"400925,5"
"3200805";"Baixo Guandu (ES)";"892742,5"
"3200904";"Barra de São Francisco (ES)";"1174754,9"
"3201001";"Boa Esperança (ES)";"309700,9"
"3201100";"Bom Jesus do Norte (ES)";"221085,0"
"3201159";"Brejetuba (ES)";"491754,1"
"3201209";"Cachoeiro de Itapemirim (ES)";"6282575,3"
"3201308";"Cariacica (ES)";"14637850,6"
"3201407";"Castelo (ES)";"1300851,1"
"3201506";"Colatina (ES)";"4427118,6"
"3201605";"Conceição da Barra (ES)";"609139,3"
"3201704";"Conceição do Castelo (ES)";"328816,9"
"3201803";"Divino de São Lourenço (ES)";"98082,1"
"3201902";"Domingos Martins (ES)";"1104696,9"
"3202009";"Dores do Rio Preto (ES)";"186331,9"
"3202108";"Ecoporanga (ES)";"407119,7"
"3202207";"Fundão (ES)";"471908,1"
"3202256";"Governador Lindenberg (ES)";"354081,5"
"3202306";"Guaçuí (ES)";"714399,0"
"3202405";"Guarapari (ES)";"2801585,9"
"3202454";"Ibatiba (ES)";"540861,1"
"3202504";"Ibiraçu (ES)";"311275,3"
"3202553";"Ibitirama (ES)";"212491,7"
"3202603";"Iconha (ES)";"336305,8"
"3202652";"Irupi (ES)";"399394,3"
"3202702";"Itaguaçu (ES)";"389505,3"
"3202801";"Itapemirim (ES)";"6164004,5"
"3202900";"Itarana (ES)";"335824,4"
"3203007";"Iúna (ES)";"777408,5"
"3203056";"Jaguaré (ES)";"1244234,1"
"3203106";"Jerônimo Monteiro (ES)";"196921,2"
"3203130";"João Neiva (ES)";"689638,9"
"3203163";"Laranja da Terra (ES)";"225609,4"
"3203205";"Linhares (ES)";"7895973,1"
"3203304";"Mantenópolis (ES)";"242039,7"
"3203320";"Marataízes (ES)";"7237131,5"
"3203346";"Marechal Floriano (ES)";"603569,3"
"3203353";"Marilândia (ES)";"367196,0"
"3203403";"Mimoso do Sul (ES)";"663158,7"
"3203502";"Montanha (ES)";"484545,4"
"3203601";"Mucurici (ES)";"108803,2"
"3203700";"Muniz Freire (ES)";"463826,1"
"3203809";"Muqui (ES)";"250614,1"
"3203908";"Nova Venécia (ES)";"1477704,7"
"3204005";"Pancas (ES)";"433443,6"
"3204054";"Pedro Canário (ES)";"426168,2"
"3204104";"Pinheiros (ES)";"925007,1"
"3204203";"Piúma (ES)";"1075544,6"
"3204252";"Ponto Belo (ES)";"120797,4"
"3204302";"Presidente Kennedy (ES)";"8179737,9"
"3204351";"Rio Bananal (ES)";"652400,1"
"3204401";"Rio Novo do Sul (ES)";"260345,0"
"3204500";"Santa Leopoldina (ES)";"362244,0"
"3204559";"Santa Maria de Jetibá (ES)";"1960529,0"
"3204609";"Santa Teresa (ES)";"692568,8"
"3204658";"São Domingos do Norte (ES)";"343509,8"
"3204708";"São Gabriel da Palha (ES)";"884873,4"
"3204807";"São José do Calçado (ES)";"202543,7"
"3204906";"São Mateus (ES)";"3451217,8"
"3204955";"São Roque do Canaã (ES)";"275507,0"
"3205002";"Serra (ES)";"34774776,5"
"3205010";"Sooretama (ES)";"707091,7"
"3205036";"Vargem Alta (ES)";"455504,2"
"3205069";"Venda Nova do Imigrante (ES)";"798302,3"
"3205101";"Viana (ES)";"4100265,4"
"3205150";"Vila Pavão (ES)";"196503,3"
"3205176";"Vila Valério (ES)";"525704,1"
"3205200";"Vila Velha (ES)";"16959024,5"
"3205309";"Vitória (ES)";"24203420,4"
"3300100";"Angra dos Reis (RJ)";"11032724,6"
"3300159";"Aperibé (RJ)";"276294,7"
"3300209";"Araruama (RJ)";"9387990,0"
"3300225";"Areal (RJ)";"488446,2"
"3300233";"Armação dos Búzios (RJ)";"4138736,7"
"3300258";"Arraial do Cabo (RJ)";"7026277,3"
"3300308";"Barra do Piraí (RJ)";"3005432,0"
"3300407";"Barra Mansa (RJ)";"6513673,5"
"3300456";"Belford Roxo (RJ)";"9579716,4"
"3300506";"Bom Jardim (RJ)";"890883,0"
"3300605";"Bom Jesus do Itabapoana (RJ)";"1062573,3"
"3300704";"Cabo Frio (RJ)";"15453319,3"
"3300803";"Cachoeiras de Macacu (RJ)";"1567754,5"
"3300902";"Cambuci (RJ)";"459441,6"
"3300936";"Carapebus (RJ)";"1195363,4"
"3300951";"Comendador Levy Gasparian (RJ)";"572680,2"
"3301009";"Campos dos Goytacazes (RJ)";"49942073,8"
"3301108";"Cantagalo (RJ)";"915904,3"
"3301157";"Cardoso Moreira (RJ)";"383126,4"
"3301207";"Carmo (RJ)";"620952,3"
"3301306";"Casimiro de Abreu (RJ)";"3142864,7"
"3301405";"Conceição de Macabu (RJ)";"449934,9"
"3301504";"Cordeiro (RJ)";"477135,5"
"3301603";"Duas Barras (RJ)";"274029,9"
"3301702";"Duque de Caxias (RJ)";"65861332,8"
"3301801";"Engenheiro Paulo de Frontin (RJ)";"383264,2"
"3301850";"Guapimirim (RJ)";"1450029,8"
"3301876";"Iguaba Grande (RJ)";"712149,4"
"3301900";"Itaboraí (RJ)";"5640940,6"
"3302007";"Itaguaí (RJ)";"9092302,1"
"3302056";"Italva (RJ)";"399060,7"
"3302106";"Itaocara (RJ)";"685896,7"
"3302205";"Itaperuna (RJ)";"3597510,5"
"3302254";"Itatiaia (RJ)";"6268879,2"
"3302270";"Japeri (RJ)";"1669777,4"
"3302304";"Laje do Muriaé (RJ)";"191370,4"
"3302403";"Macaé (RJ)";"19614198,4"
"3302452";"Macuco (RJ)";"277378,8"
"3302502";"Magé (RJ)";"4780409,2"
"3302601";"Mangaratiba (RJ)";"3079416,4"
"3302700";"Maricá (RJ)";"158394291,2"
"3302809";"Mendes (RJ)";"438825,7"
"3302858";"Mesquita (RJ)";"2834791,3"
"3302908";"Miguel Pereira (RJ)";"760561,1"
"3303005";"Miracema (RJ)";"725936,4"
"3303104";"Natividade (RJ)";"377914,3"
"3303203";"Nilópolis (RJ)";"3389447,4"
"3303302";"Niterói (RJ)";"88716289,3"
"3303401";"Nova Friburgo (RJ)";"6774950,5"
"3303500";"Nova Iguaçu (RJ)";"19911893,7"
"3303609";"Paracambi (RJ)";"1073592,5"
"3303708";"Paraíba do Sul (RJ)";"1254487,9"
"3303807";"Paraty (RJ)";"4426137,3"
"3303856";"Paty do Alferes (RJ)";"793140,7"
"3303906";"Petrópolis (RJ)";"15951213,2"
"3303955";"Pinheiral (RJ)";"1207568,5"
"3304003";"Piraí (RJ)";"2885733,7"
"3304102";"Porciúncula (RJ)";"564478,4"
"3304110";"Porto Real (RJ)";"3956993,5"
"3304128";"Quatis (RJ)";"359212,0"
"3304144";"Queimados (RJ)";"4403902,1"
"3304151";"Quissamã (RJ)";"8493476,2"
"3304201";"Resende (RJ)";"11663533,7"
"3304300";"Rio Bonito (RJ)";"1905833,2"
"3304409";"Rio Claro (RJ)";"558686,7"
"3304508";"Rio das Flores (RJ)";"325930,6"
"3304524";"Rio das Ostras (RJ)";"10916617,0"
"3304557";"Rio de Janeiro (RJ)";"380381515,1"
"3304607";"Santa Maria Madalena (RJ)";"267049,1"
"3304706";"Santo Antônio de Pádua (RJ)";"1457558,9"
"3304755";"São Francisco de Itabapoana (RJ)";"1305145,5"
"3304805";"São Fidélis (RJ)";"921817,9"
"3304904";"São Gonçalo (RJ)";"20561717,8"
"3305000";"São João da Barra (RJ)";"12793325,0"
"3305109";"São João de Meriti (RJ)";"10615039,0"
"3305133";"São José de Ubá (RJ)";"238089,2"
"3305158";"São José do Vale do Rio Preto (RJ)";"914556,5"
"3305208";"São Pedro da Aldeia (RJ)";"2975703,2"
"3305307";"São Sebastião do Alto (RJ)";"275484,9"
"3305406";"Sapucaia (RJ)";"1115045,4"
"3305505";"Saquarema (RJ)";"75409090,2"
"3305554";"Seropédica (RJ)";"4240104,3"
"3305604";"Silva Jardim (RJ)";"646129,0"
"3305703";"Sumidouro (RJ)";"675214,9"
"3305752";"Tanguá (RJ)";"807845,3"
"3305802";"Teresópolis (RJ)";"6247785,4"
"3305901";"Trajano de Moraes (RJ)";"277259,9"
"3306008";"Três Rios (RJ)";"5499387,1"
"3306107";"Valença (RJ)";"3044053,9"
"3306156";"Varre-Sai (RJ)";"399232,1"
"3306206";"Vassouras (RJ)";"1344715,1"
"3306305";"Volta Redonda (RJ)";"15472606,8"
"3500105";"Adamantina (SP)";"1542108,8"
"3500204";"Adolfo (SP)";"152745,0"
"3500303";"Aguaí (SP)";"1538788,8"
"3500402";"Águas da Prata (SP)";"237447,3"
"3500501";"Águas de Lindóia (SP)";"709589,6"
"3500550";"Águas de Santa Bárbara (SP)";"254816,8"
"3500600";"Águas de São Pedro (SP)";"160665,0"
"3500709";"Agudos (SP)";"2685446,0"
"3500758";"Alambari (SP)";"133707,1"
"3500808";"Alfredo Marcondes (SP)";"129965,0"
"3500907";"Altair (SP)";"126933,7"
"3501004";"Altinópolis (SP)";"646572,3"
"3501103";"Alto Alegre (SP)";"113062,3"
"3501152";"Alumínio (SP)";"3594285,6"
"3501202";"Álvares Florence (SP)";"135133,7"
"3501301";"Álvares Machado (SP)";"820450,6"
"3501400";"Álvaro de Carvalho (SP)";"59626,4"
"3501509";"Alvinlândia (SP)";"64404,1"
"3501608";"Americana (SP)";"16677590,5"
"3501707";"Américo Brasiliense (SP)";"1376814,3"
"3501806";"Américo de Campos (SP)";"141692,2"
"3501905";"Amparo (SP)";"6156333,1"
"3502002";"Analândia (SP)";"210931,8"
"3502101";"Andradina (SP)";"4038899,1"
"3502200";"Angatuba (SP)";"1661556,5"
"3502309";"Anhembi (SP)";"171606,6"
"3502408";"Anhumas (SP)";"100740,1"
"3502507";"Aparecida (SP)";"1145412,6"
"3502606";"Aparecida d'Oeste (SP)";"168206,3"
"3502705";"Apiaí (SP)";"982326,2"
"3502754";"Araçariguama (SP)";"5128859,2"
"3502804";"Araçatuba (SP)";"10301206,4"
"3502903";"Araçoiaba da Serra (SP)";"1215670,7"
"3503000";"Aramina (SP)";"172550,0"
"3503109";"Arandu (SP)";"188931,4"
"3503158";"Arapeí (SP)";"47563,1"
"3503208";"Araraquara (SP)";"13194878,8"
"3503307";"Araras (SP)";"8447070,8"
"3503356";"Arco-Íris (SP)";"62022,3"
"3503406";"Arealva (SP)";"252102,4"
"3503505";"Areias (SP)";"63771,3"
"3503604";"Areiópolis (SP)";"174095,0"
"3503703";"Ariranha (SP)";"1283203,6"
"3503802";"Artur Nogueira (SP)";"2306807,3"
"3503901";"Arujá (SP)";"9448587,8"
"3503950";"Aspásia (SP)";"44376,6"
"3504008";"Assis (SP)";"4581890,6"
"3504107";"Atibaia (SP)";"8826312,1"
"3504206";"Auriflama (SP)";"392589,0"
"3504305";"Avaí (SP)";"330717,1"
"3504404";"Avanhandava (SP)";"219883,0"
"3504503";"Avaré (SP)";"3871414,8"
"3504602";"Bady Bassitt (SP)";"666077,9"
"3504701";"Balbinos (SP)";"62119,3"
"3504800";"Bálsamo (SP)";"311241,0"
"3504909";"Bananal (SP)";"236093,4"
"3505005";"Barão de Antonina (SP)";"78067,4"
"3505104";"Barbosa (SP)";"129133,2"
"3505203";"Bariri (SP)";"1810874,5"
"3505302";"Barra Bonita (SP)";"1760475,8"
"3505351";"Barra do Chapéu (SP)";"163231,5"
"3505401";"Barra do Turvo (SP)";"138337,7"
"3505500";"Barretos (SP)";"6174110,2"
"3505609";"Barrinha (SP)";"658639,2"
"3505708";"Barueri (SP)";"69665768,9"
"3505807";"Bastos (SP)";"1141590,2"
"3505906";"Batatais (SP)";"2795758,2"
"3506003";"Bauru (SP)";"18612852,9"
"3506102";"Bebedouro (SP)";"4756160,0"
"3506201";"Bento de Abreu (SP)";"249335,1"
"3506300";"Bernardino de Campos (SP)";"482828,2"
"3506359";"Bertioga (SP)";"2276073,1"
"3506409";"Bilac (SP)";"279245,3"
"3506508";"Birigui (SP)";"4489460,8"
"3506607";"Biritiba Mirim (SP)";"929917,4"
"3506706";"Boa Esperança do Sul (SP)";"426174,9"
"3506805";"Bocaina (SP)";"306478,8"
"3506904";"Bofete (SP)";"237971,2"
"3507001";"Boituva (SP)";"3980439,9"
"3507100";"Bom Jesus dos Perdões (SP)";"1845067,5"
"3507159";"Bom Sucesso de Itararé (SP)";"66937,2"
"3507209";"Borá (SP)";"92174,5"
"3507308";"Boracéia (SP)";"582110,7"
"3507407";"Borborema (SP)";"559934,3"
"3507456";"Borebi (SP)";"81816,0"
"3507506";"Botucatu (SP)";"6709748,6"
"3507605";"Bragança Paulista (SP)";"9125116,9"
"3507704";"Braúna (SP)";"118469,7"
"3507753";"Brejo Alegre (SP)";"78574,2"
"3507803";"Brodowski (SP)";"971558,2"
"3507902";"Brotas (SP)";"1355480,8"
"3508009";"Buri (SP)";"702838,5"
"3508108";"Buritama (SP)";"646238,9"
"3508207";"Buritizal (SP)";"257455,0"
"3508306";"Cabrália Paulista (SP)";"120867,3"
"3508405";"Cabreúva (SP)";"6625402,2"
"3508504";"Caçapava (SP)";"5870325,3"
"3508603";"Cachoeira Paulista (SP)";"727280,9"
"3508702";"Caconde (SP)";"479156,1"
"3508801";"Cafelândia (SP)";"737488,8"
"3508900";"Caiabu (SP)";"70620,5"
"3509007";"Caieiras (SP)";"5172279,1"
"3509106";"Caiuá (SP)";"91472,8"
"3509205";"Cajamar (SP)";"24330164,4"
"3509254";"Cajati (SP)";"2228754,2"
"3509304";"Cajobi (SP)";"194846,5"
"3509403";"Cajuru (SP)";"841325,6"
"3509452";"Campina do Monte Alegre (SP)";"176896,2"
"3509502";"Campinas (SP)";"80646591,2"
"3509601";"Campo Limpo Paulista (SP)";"2976085,5"
"3509700";"Campos do Jordão (SP)";"1662494,1"
"3509809";"Campos Novos Paulista (SP)";"234017,3"
"3509908";"Cananéia (SP)";"286747,1"
"3509957";"Canas (SP)";"131851,6"
"3510005";"Cândido Mota (SP)";"2074288,5"
"3510104";"Cândido Rodrigues (SP)";"109176,3"
"3510153";"Canitar (SP)";"215547,9"
"3510203";"Capão Bonito (SP)";"1395125,3"
"3510302";"Capela do Alto (SP)";"442198,9"
"3510401";"Capivari (SP)";"3335183,1"
"3510500";"Caraguatatuba (SP)";"5575378,4"
"3510609";"Carapicuíba (SP)";"7817578,7"
"3510708";"Cardoso (SP)";"372262,4"
"3510807";"Casa Branca (SP)";"1260886,0"
"3510906";"Cássia dos Coqueiros (SP)";"212552,6"
"3511003";"Castilho (SP)";"1792751,0"
"3511102";"Catanduva (SP)";"6036118,4"
"3511201";"Catiguá (SP)";"170228,6"
"3511300";"Cedral (SP)";"643216,3"
"3511409";"Cerqueira César (SP)";"1220434,5"
"3511508";"Cerquilho (SP)";"2566786,0"
"3511607";"Cesário Lange (SP)";"1032978,3"
"3511706";"Charqueada (SP)";"610774,7"
"3511904";"Clementina (SP)";"200098,0"
"3512001";"Colina (SP)";"2117227,3"
"3512100";"Colômbia (SP)";"473152,8"
"3512209";"Conchal (SP)";"978772,5"
"3512308";"Conchas (SP)";"471792,8"
"3512407";"Cordeirópolis (SP)";"4216369,4"
"3512506";"Coroados (SP)";"257147,9"
"3512605";"Coronel Macedo (SP)";"143742,1"
"3512704";"Corumbataí (SP)";"340219,9"
"3512803";"Cosmópolis (SP)";"2059490,0"
"3512902";"Cosmorama (SP)";"622395,6"
"3513009";"Cotia (SP)";"17274219,5"
"3513108";"Cravinhos (SP)";"2054668,1"
"3513207";"Cristais Paulista (SP)";"431297,7"
"3513306";"Cruzália (SP)";"217897,8"
"3513405";"Cruzeiro (SP)";"3815247,0"
"3513504";"Cubatão (SP)";"28715658,2"
"3513603";"Cunha (SP)";"355775,5"
"3513702";"Descalvado (SP)";"2328295,9"
"3513801";"Diadema (SP)";"20056680,2"
"3513850";"Dirce Reis (SP)";"81422,4"
"3513900";"Divinolândia (SP)";"418610,4"
"3514007";"Dobrada (SP)";"160515,8"
"3514106";"Dois Córregos (SP)";"1007949,2"
"3514205";"Dolcinópolis (SP)";"63005,0"
"3514304";"Dourado (SP)";"856062,9"
"3514403";"Dracena (SP)";"1626665,6"
"3514502";"Duartina (SP)";"324954,2"
"3514601";"Dumont (SP)";"421940,3"
"3514700";"Echaporã (SP)";"166591,7"
"3514809";"Eldorado (SP)";"309186,4"
"3514908";"Elias Fausto (SP)";"1510915,9"
"3514924";"Elisiário (SP)";"84550,1"
"3514957";"Embaúba (SP)";"66131,6"
"3515004";"Embu das Artes (SP)";"16591731,3"
"3515103";"Embu-Guaçu (SP)";"1548217,6"
"3515129";"Emilianópolis (SP)";"78917,5"
"3515152";"Engenheiro Coelho (SP)";"754021,5"
"3515186";"Espírito Santo do Pinhal (SP)";"2399383,4"
"3515194";"Espírito Santo do Turvo (SP)";"96443,3"
"3515202";"Estrela d'Oeste (SP)";"1211779,8"
"3515301";"Estrela do Norte (SP)";"56385,0"
"3515350";"Euclides da Cunha Paulista (SP)";"134967,0"
"3515400";"Fartura (SP)";"482673,1"
"3515509";"Fernandópolis (SP)";"2760929,1"
"3515608";"Fernando Prestes (SP)";"221148,9"
"3515657";"Fernão (SP)";"79803,0"
"3515707";"Ferraz de Vasconcelos (SP)";"5179708,0"
"3515806";"Flora Rica (SP)";"47500,1"
"3515905";"Floreal (SP)";"82992,7"
"3516002";"Flórida Paulista (SP)";"289806,7"
"3516101";"Florínea (SP)";"196358,0"
"3516200";"Franca (SP)";"13076032,5"
"3516309";"Francisco Morato (SP)";"2039346,0"
"3516408";"Franco da Rocha (SP)";"5087143,1"
"3516507";"Gabriel Monteiro (SP)";"109552,3"
"3516606";"Gália (SP)";"167524,3"
"3516705";"Garça (SP)";"1657852,9"
"3516804";"Gastão Vidigal (SP)";"83274,6"
"3516853";"Gavião Peixoto (SP)";"1258362,6"
"3516903";"General Salgado (SP)";"298226,2"
"3517000";"Getulina (SP)";"220875,9"
"3517109";"Glicério (SP)";"138649,4"
"3517208";"Guaiçara (SP)";"259999,7"
"3517307";"Guaimbê (SP)";"462425,7"
"3517406";"Guaíra (SP)";"2984915,0"
"3517505";"Guapiaçu (SP)";"942652,2"
"3517604";"Guapiara (SP)";"523933,9"
"3517703";"Guará (SP)";"749060,0"
"3517802";"Guaraçaí (SP)";"280624,6"
"3517901";"Guaraci (SP)";"449531,4"
"3518008";"Guarani d'Oeste (SP)";"38174,9"
"3518107";"Guarantã (SP)";"212070,9"
"3518206";"Guararapes (SP)";"1475719,6"
"3518305";"Guararema (SP)";"1650452,4"
"3518404";"Guaratinguetá (SP)";"8343080,6"
"3518503";"Guareí (SP)";"331671,4"
"3518602";"Guariba (SP)";"1312651,5"
"3518701";"Guarujá (SP)";"11474578,5"
"3518800";"Guarulhos (SP)";"86373709,5"
"3518859";"Guatapará (SP)";"227822,0"
"3518909";"Guzolândia (SP)";"97181,3"
"3519006";"Herculândia (SP)";"420580,4"
"3519055";"Holambra (SP)";"1518913,1"
"3519071";"Hortolândia (SP)";"21420797,3"
"3519105";"Iacanga (SP)";"843177,4"
"3519204";"Iacri (SP)";"288024,6"
"3519253";"Iaras (SP)";"185127,6"
"3519303";"Ibaté (SP)";"1231163,0"
"3519402";"Ibirá (SP)";"342388,8"
"3519501";"Ibirarema (SP)";"281211,4"
"3519600";"Ibitinga (SP)";"1961941,4"
"3519709";"Ibiúna (SP)";"2676376,8"
"3519808";"Icém (SP)";"236126,2"
"3519907";"Iepê (SP)";"476847,1"
"3520004";"Igaraçu do Tietê (SP)";"416079,1"
"3520103";"Igarapava (SP)";"1592921,3"
"3520202";"Igaratá (SP)";"310646,9"
"3520301";"Iguape (SP)";"2376543,2"
"3520400";"Ilhabela (SP)";"24913501,4"
"3520426";"Ilha Comprida (SP)";"2303081,8"
"3520442";"Ilha Solteira (SP)";"768553,4"
"3520509";"Indaiatuba (SP)";"26940477,5"
"3520608";"Indiana (SP)";"90275,0"
"3520707";"Indiaporã (SP)";"121298,1"
"3520806";"Inúbia Paulista (SP)";"160509,0"
"3520905";"Ipaussu (SP)";"583771,3"
"3521002";"Iperó (SP)";"1140856,5"
"3521101";"Ipeúna (SP)";"985603,8"
"3521150";"Ipiguá (SP)";"146481,5"
"3521200";"Iporanga (SP)";"65472,7"
"3521309";"Ipuã (SP)";"506912,3"
"3521408";"Iracemápolis (SP)";"2118043,5"
"3521507";"Irapuã (SP)";"199585,6"
"3521606";"Irapuru (SP)";"116246,8"
"3521705";"Itaberá (SP)";"1204811,3"
"3521804";"Itaí (SP)";"997076,9"
"3521903";"Itajobi (SP)";"1040974,9"
"3522000";"Itaju (SP)";"338466,4"
"3522109";"Itanhaém (SP)";"2611455,5"
"3522158";"Itaoca (SP)";"56550,8"
"3522208";"Itapecerica da Serra (SP)";"5275802,3"
"3522307";"Itapetininga (SP)";"7249598,9"
"3522406";"Itapeva (SP)";"4196751,2"
"3522505";"Itapevi (SP)";"15017261,1"
"3522604";"Itapira (SP)";"5497230,4"
"3522653";"Itapirapuã Paulista (SP)";"63289,9"
"3522703";"Itápolis (SP)";"1973005,8"
"3522802";"Itaporanga (SP)";"367401,0"
"3522901";"Itapuí (SP)";"1235795,3"
"3523008";"Itapura (SP)";"136395,1"
"3523107";"Itaquaquecetuba (SP)";"10755651,3"
"3523206";"Itararé (SP)";"1304342,6"
"3523305";"Itariri (SP)";"327125,6"
"3523404";"Itatiba (SP)";"9032760,7"
"3523503";"Itatinga (SP)";"432050,0"
"3523602";"Itirapina (SP)";"1735171,4"
"3523701";"Itirapuã (SP)";"188762,8"
"3523800";"Itobi (SP)";"250848,4"
"3523909";"Itu (SP)";"11782988,6"
"3524006";"Itupeva (SP)";"9479462,4"
"3524105";"Ituverava (SP)";"2208547,3"
"3524204";"Jaborandi (SP)";"174902,4"
"3524303";"Jaboticabal (SP)";"3877101,8"
"3524402";"Jacareí (SP)";"17761834,8"
"3524501";"Jaci (SP)";"713599,5"
"3524600";"Jacupiranga (SP)";"579594,6"
"3524709";"Jaguariúna (SP)";"13930315,2"
"3524808";"Jales (SP)";"2384962,2"
"3524907";"Jambeiro (SP)";"369698,3"
"3525003";"Jandira (SP)";"5752533,0"
"3525102";"Jardinópolis (SP)";"1933190,2"
"3525201";"Jarinu (SP)";"3245903,1"
"3525300";"Jaú (SP)";"6248399,6"
"3525409";"Jeriquara (SP)";"153123,8"
"3525508";"Joanópolis (SP)";"285354,4"
"3525607";"João Ramalho (SP)";"119071,3"
"3525706";"José Bonifácio (SP)";"1642066,8"
"3525805";"Júlio Mesquita (SP)";"67851,5"
"3525854";"Jumirim (SP)";"237904,9"
"3525904";"Jundiaí (SP)";"63835906,8"
"3526001";"Junqueirópolis (SP)";"878755,6"
"3526100";"Juquiá (SP)";"379655,2"
"3526209";"Juquitiba (SP)";"623225,8"
"3526308";"Lagoinha (SP)";"83001,5"
"3526407";"Laranjal Paulista (SP)";"1522677,9"
"3526506";"Lavínia (SP)";"180410,8"
"3526605";"Lavrinhas (SP)";"154189,6"
"3526704";"Leme (SP)";"5139315,3"
"3526803";"Lençóis Paulista (SP)";"5881418,0"
"3526902";"Limeira (SP)";"19078470,3"
"3527009";"Lindóia (SP)";"321979,9"
"3527108";"Lins (SP)";"8848508,8"
"3527207";"Lorena (SP)";"4172744,1"
"3527256";"Lourdes (SP)";"43632,6"
"3527306";"Louveira (SP)";"19241992,4"
"3527405";"Lucélia (SP)";"541971,3"
"3527504";"Lucianópolis (SP)";"73640,2"
"3527603";"Luís Antônio (SP)";"1813179,4"
"3527702";"Luiziânia (SP)";"95716,6"
"3527801";"Lupércio (SP)";"96789,1"
"3527900";"Lutécia (SP)";"100630,6"
"3528007";"Macatuba (SP)";"636544,1"
"3528106";"Macaubal (SP)";"215139,6"
"3528205";"Macedônia (SP)";"93684,3"
"3528304";"Magda (SP)";"121126,5"
"3528403";"Mairinque (SP)";"2613752,7"
"3528502";"Mairiporã (SP)";"2484184,2"
"3528601";"Manduri (SP)";"310583,8"
"3528700";"Marabá Paulista (SP)";"139886,5"
"3528809";"Maracaí (SP)";"953215,3"
"3528858";"Marapoama (SP)";"124020,4"
"3528908";"Mariápolis (SP)";"69905,7"
"3529005";"Marília (SP)";"11020231,4"
"3529104";"Marinópolis (SP)";"42489,8"
"3529203";"Martinópolis (SP)";"766182,4"
"3529302";"Matão (SP)";"6187823,9"
"3529401";"Mauá (SP)";"24111460,5"
"3529500";"Mendonça (SP)";"474541,4"
"3529609";"Meridiano (SP)";"399566,2"
"3529658";"Mesópolis (SP)";"78851,9"
"3529708";"Miguelópolis (SP)";"1079728,8"
"3529807";"Mineiros do Tietê (SP)";"255740,2"
"3529906";"Miracatu (SP)";"471305,5"
"3530003";"Mira Estrela (SP)";"67283,1"
"3530102";"Mirandópolis (SP)";"788259,5"
"3530201";"Mirante do Paranapanema (SP)";"585090,3"
"3530300";"Mirassol (SP)";"3039964,5"
"3530409";"Mirassolândia (SP)";"209298,6"
"3530508";"Mococa (SP)";"3478085,1"
"3530607";"Mogi das Cruzes (SP)";"22702759,1"
"3530706";"Mogi Guaçu (SP)";"8182932,2"
"3530805";"Mogi Mirim (SP)";"7317579,3"
"3530904";"Mombuca (SP)";"147771,7"
"3531001";"Monções (SP)";"63512,8"
"3531100";"Mongaguá (SP)";"1396443,6"
"3531209";"Monte Alegre do Sul (SP)";"284876,2"
"3531308";"Monte Alto (SP)";"2825781,8"
"3531407";"Monte Aprazível (SP)";"880683,7"
"3531506";"Monte Azul Paulista (SP)";"806993,2"
"3531605";"Monte Castelo (SP)";"130920,4"
"3531704";"Monteiro Lobato (SP)";"90419,7"
"3531803";"Monte Mor (SP)";"4751055,8"
"3531902";"Morro Agudo (SP)";"1459845,1"
"3532009";"Morungaba (SP)";"708975,9"
"3532058";"Motuca (SP)";"132075,4"
"3532108";"Murutinga do Sul (SP)";"83672,3"
"3532157";"Nantes (SP)";"156852,4"
"3532207";"Narandiba (SP)";"741378,6"
"3532306";"Natividade da Serra (SP)";"120667,9"
"3532405";"Nazaré Paulista (SP)";"505080,9"
"3532504";"Neves Paulista (SP)";"312975,2"
"3532603";"Nhandeara (SP)";"437104,5"
"3532702";"Nipoã (SP)";"103610,4"
"3532801";"Nova Aliança (SP)";"385749,6"
"3532827";"Nova Campina (SP)";"229915,5"
"3532843";"Nova Canaã Paulista (SP)";"46089,5"
"3532868";"Nova Castilho (SP)";"63339,8"
"3532900";"Nova Europa (SP)";"430589,8"
"3533007";"Nova Granada (SP)";"593529,6"
"3533106";"Nova Guataporanga (SP)";"38624,4"
"3533205";"Nova Independência (SP)";"207949,0"
"3533254";"Novais (SP)";"81999,0"
"3533304";"Nova Luzitânia (SP)";"59751,9"
"3533403";"Nova Odessa (SP)";"4620501,0"
"3533502";"Novo Horizonte (SP)";"1821682,0"
"3533601";"Nuporanga (SP)";"1003708,8"
"3533700";"Ocauçu (SP)";"128930,2"
"3533809";"Óleo (SP)";"121966,0"
"3533908";"Olímpia (SP)";"3126540,6"
"3534005";"Onda Verde (SP)";"247119,3"
"3534104";"Oriente (SP)";"148157,0"
"3534203";"Orindiúva (SP)";"697765,7"
"3534302";"Orlândia (SP)";"2864547,0"
"3534401";"Osasco (SP)";"112145798,2"
"3534500";"Oscar Bressane (SP)";"104638,4"
"3534609";"Osvaldo Cruz (SP)";"1231458,4"
"3534708";"Ourinhos (SP)";"4463317,2"
"3534757";"Ouroeste (SP)";"608635,9"
"3534807";"Ouro Verde (SP)";"143472,2"
"3534906";"Pacaembu (SP)";"244521,6"
"3535002";"Palestina (SP)";"466894,6"
"3535101";"Palmares Paulista (SP)";"158111,2"
"3535200";"Palmeira d'Oeste (SP)";"231468,0"
"3535309";"Palmital (SP)";"1256951,7"
"3535408";"Panorama (SP)";"343055,2"
"3535507";"Paraguaçu Paulista (SP)";"2653821,1"
"3535606";"Paraibuna (SP)";"364785,8"
"3535705";"Paraíso (SP)";"341514,0"
"3535804";"Paranapanema (SP)";"1134949,7"
"3535903";"Paranapuã (SP)";"135993,5"
"3536000";"Parapuã (SP)";"881743,2"
"3536109";"Pardinho (SP)";"440221,2"
"3536208";"Pariquera-Açu (SP)";"661857,0"
"3536257";"Parisi (SP)";"56106,8"
"3536307";"Patrocínio Paulista (SP)";"1599786,1"
"3536406";"Paulicéia (SP)";"254093,7"
"3536505";"Paulínia (SP)";"70496583,8"
"3536570";"Paulistânia (SP)";"52259,4"
"3536604";"Paulo de Faria (SP)";"306078,8"
"3536703";"Pederneiras (SP)";"3986159,1"
"3536802";"Pedra Bela (SP)";"124824,1"
"3536901";"Pedranópolis (SP)";"84614,0"
"3537008";"Pedregulho (SP)";"995360,4"
"3537107";"Pedreira (SP)";"1636576,7"
"3537156";"Pedrinhas Paulista (SP)";"203321,1"
"3537206";"Pedro de Toledo (SP)";"169835,1"
"3537305";"Penápolis (SP)";"2259079,3"
"3537404";"Pereira Barreto (SP)";"1296050,5"
"3537503";"Pereiras (SP)";"334838,1"
"3537602";"Peruíbe (SP)";"2471440,3"
"3537701";"Piacatu (SP)";"116895,6"
"3537800";"Piedade (SP)";"1614592,5"
"3537909";"Pilar do Sul (SP)";"1568001,7"
"3538006";"Pindamonhangaba (SP)";"13719557,1"
"3538105";"Pindorama (SP)";"580740,5"
"3538204";"Pinhalzinho (SP)";"353044,9"
"3538303";"Piquerobi (SP)";"75045,1"
"3538501";"Piquete (SP)";"211421,7"
"3538600";"Piracaia (SP)";"708921,4"
"3538709";"Piracicaba (SP)";"42063296,9"
"3538808";"Piraju (SP)";"976905,8"
"3538907";"Pirajuí (SP)";"582403,0"
"3539004";"Pirangi (SP)";"422167,6"
"3539103";"Pirapora do Bom Jesus (SP)";"713384,9"
"3539202";"Pirapozinho (SP)";"1226915,7"
"3539301";"Pirassununga (SP)";"3844918,5"
"3539400";"Piratininga (SP)";"325773,1"
"3539509";"Pitangueiras (SP)";"1637314,8"
"3539608";"Planalto (SP)";"231891,4"
"3539707";"Platina (SP)";"139776,9"
"3539806";"Poá (SP)";"4022935,0"
"3539905";"Poloni (SP)";"172111,6"
"3540002";"Pompéia (SP)";"2325356,7"
"3540101";"Pongaí (SP)";"99853,7"
"3540200";"Pontal (SP)";"1667659,8"
"3540259";"Pontalinda (SP)";"97316,2"
"3540309";"Pontes Gestal (SP)";"115084,1"
"3540408";"Populina (SP)";"120313,5"
"3540507";"Porangaba (SP)";"259914,5"
"3540606";"Porto Feliz (SP)";"4346576,9"
"3540705";"Porto Ferreira (SP)";"2690983,4"
"3540754";"Potim (SP)";"333131,6"
"3540804";"Potirendaba (SP)";"738361,9"
"3540853";"Pracinha (SP)";"36227,0"
"3540903";"Pradópolis (SP)";"1224933,7"
"3541000";"Praia Grande (SP)";"9984881,5"
"3541059";"Pratânia (SP)";"132254,7"
"3541109";"Presidente Alves (SP)";"81380,1"
"3541208";"Presidente Bernardes (SP)";"336492,1"
"3541307";"Presidente Epitácio (SP)";"1570778,0"
"3541406";"Presidente Prudente (SP)";"10344115,0"
"3541505";"Presidente Venceslau (SP)";"912751,6"
"3541604";"Promissão (SP)";"2922927,9"
"3541653";"Quadra (SP)";"157133,5"
"3541703";"Quatá (SP)";"917950,5"
"3541802";"Queiroz (SP)";"747539,9"
"3541901";"Queluz (SP)";"451013,2"
"3542008";"Quintana (SP)";"326892,7"
"3542107";"Rafard (SP)";"543863,2"
"3542206";"Rancharia (SP)";"1724782,5"
"3542305";"Redenção da Serra (SP)";"82130,4"
"3542404";"Regente Feijó (SP)";"1123239,4"
"3542503";"Reginópolis (SP)";"197943,4"
"3542602";"Registro (SP)";"2726881,0"
"3542701";"Restinga (SP)";"253224,7"
"3542800";"Ribeira (SP)";"56194,1"
"3542909";"Ribeirão Bonito (SP)";"412615,3"
"3543006";"Ribeirão Branco (SP)";"445041,0"
"3543105";"Ribeirão Corrente (SP)";"211826,8"
"3543204";"Ribeirão do Sul (SP)";"295843,7"
"3543238";"Ribeirão dos Índios (SP)";"45555,2"
"3543253";"Ribeirão Grande (SP)";"114005,0"
"3543303";"Ribeirão Pires (SP)";"4665686,0"
"3543402";"Ribeirão Preto (SP)";"47434521,4"
"3543501";"Riversul (SP)";"102812,0"
"3543600";"Rifaina (SP)";"207289,2"
"3543709";"Rincão (SP)";"252857,5"
"3543808";"Rinópolis (SP)";"387787,6"
"3543907";"Rio Claro (SP)";"13877679,6"
"3544004";"Rio das Pedras (SP)";"2124685,7"
"3544103";"Rio Grande da Serra (SP)";"1037153,0"
"3544202";"Riolândia (SP)";"313423,1"
"3544251";"Rosana (SP)";"1631427,7"
"3544301";"Roseira (SP)";"416137,5"
"3544400";"Rubiácea (SP)";"69438,9"
"3544509";"Rubinéia (SP)";"145707,5"
"3544608";"Sabino (SP)";"167592,5"
"3544707";"Sagres (SP)";"54988,3"
"3544806";"Sales (SP)";"203344,8"
"3544905";"Sales Oliveira (SP)";"474424,5"
"3545001";"Salesópolis (SP)";"271541,4"
"3545100";"Salmourão (SP)";"92861,2"
"3545159";"Saltinho (SP)";"431950,2"
"3545209";"Salto (SP)";"10822151,7"
"3545308";"Salto de Pirapora (SP)";"2659063,2"
"3545407";"Salto Grande (SP)";"320746,2"
"3545506";"Sandovalina (SP)";"378966,5"
"3545605";"Santa Adélia (SP)";"462736,5"
"3545704";"Santa Albertina (SP)";"277754,7"
"3545803";"Santa Bárbara d'Oeste (SP)";"9437421,3"
"3546009";"Santa Branca (SP)";"323281,5"
"3546108";"Santa Clara d'Oeste (SP)";"101020,7"
"3546207";"Santa Cruz da Conceição (SP)";"173306,0"
"3546256";"Santa Cruz da Esperança (SP)";"61840,5"
"3546306";"Santa Cruz das Palmeiras (SP)";"723279,6"
"3546405";"Santa Cruz do Rio Pardo (SP)";"3445164,5"
"3546504";"Santa Ernestina (SP)";"122316,3"
"3546603";"Santa Fé do Sul (SP)";"1681363,4"
"3546702";"Santa Gertrudes (SP)";"3508436,6"
"3546801";"Santa Isabel (SP)";"1947787,6"
"3546900";"Santa Lúcia (SP)";"141710,3"
"3547007";"Santa Maria da Serra (SP)";"164149,0"
"3547106";"Santa Mercedes (SP)";"73932,6"
"3547205";"Santana da Ponte Pensa (SP)";"45598,5"
"3547304";"Santana de Parnaíba (SP)";"12774323,6"
"3547403";"Santa Rita d'Oeste (SP)";"82816,6"
"3547502";"Santa Rita do Passa Quatro (SP)";"874777,0"
"3547601";"Santa Rosa de Viterbo (SP)";"890869,1"
"3547650";"Santa Salete (SP)";"44239,6"
"3547700";"Santo Anastácio (SP)";"578356,2"
"3547809";"Santo André (SP)";"36470028,6"
"3547908";"Santo Antônio da Alegria (SP)";"201695,3"
"3548005";"Santo Antônio de Posse (SP)";"1947452,2"
"3548054";"Santo Antônio do Aracanguá (SP)";"292812,0"
"3548104";"Santo Antônio do Jardim (SP)";"274001,2"
"3548203";"Santo Antônio do Pinhal (SP)";"159641,8"
"3548302";"Santo Expedito (SP)";"53812,6"
"3548401";"Santópolis do Aguapeí (SP)";"87085,7"
"3548500";"Santos (SP)";"27510857,3"
"3548609";"São Bento do Sapucaí (SP)";"305965,1"
"3548708";"São Bernardo do Campo (SP)";"65652404,2"
"3548807";"São Caetano do Sul (SP)";"18128058,8"
"3548906";"São Carlos (SP)";"15599640,3"
"3549003";"São Francisco (SP)";"50205,1"
"3549102";"São João da Boa Vista (SP)";"4683628,5"
"3549201";"São João das Duas Pontes (SP)";"55918,9"
"3549250";"São João de Iracema (SP)";"52814,9"
"3549300";"São João do Pau d'Alho (SP)";"64165,5"
"3549409";"São Joaquim da Barra (SP)";"2485889,1"
"3549508";"São José da Bela Vista (SP)";"281274,4"
"3549607";"São José do Barreiro (SP)";"66747,7"
"3549706";"São José do Rio Pardo (SP)";"2619385,8"
"3549805";"São José do Rio Preto (SP)";"23799646,4"
"3549904";"São José dos Campos (SP)";"56653326,7"
"3549953";"São Lourenço da Serra (SP)";"301589,3"
"3550001";"São Luiz do Paraitinga (SP)";"220581,5"
"3550100";"São Manuel (SP)";"1482433,4"
"3550209";"São Miguel Arcanjo (SP)";"941899,3"
"3550308";"São Paulo (SP)";"945946482,8"
"3550407";"São Pedro (SP)";"1023481,5"
"3550506";"São Pedro do Turvo (SP)";"235145,5"
"3550605";"São Roque (SP)";"3900209,6"
"3550704";"São Sebastião (SP)";"18873505,6"
"3550803";"São Sebastião da Grama (SP)";"379071,5"
"3550902";"São Simão (SP)";"531982,2"
"3551009";"São Vicente (SP)";"6746300,7"
"3551108";"Sarapuí (SP)";"228901,4"
"3551207";"Sarutaiá (SP)";"93449,4"
"3551306";"Sebastianópolis do Sul (SP)";"424963,4"
"3551405";"Serra Azul (SP)";"190474,3"
"3551504";"Serrana (SP)";"1366460,2"
"3551603";"Serra Negra (SP)";"896883,4"
"3551702";"Sertãozinho (SP)";"8098068,3"
"3551801";"Sete Barras (SP)";"363320,1"
"3551900";"Severínia (SP)";"314475,3"
"3552007";"Silveiras (SP)";"101329,0"
"3552106";"Socorro (SP)";"1269084,4"
"3552205";"Sorocaba (SP)";"54465435,8"
"3552304";"Sud Mennucci (SP)";"210354,5"
"3552403";"Sumaré (SP)";"17753218,6"
"3552502";"Suzano (SP)";"16866186,2"
"3552551";"Suzanápolis (SP)";"386090,3"
"3552601";"Tabapuã (SP)";"304867,3"
"3552700";"Tabatinga (SP)";"376564,5"
"3552809";"Taboão da Serra (SP)";"10975626,4"
"3552908";"Taciba (SP)";"199128,0"
"3553005";"Taguaí (SP)";"391497,8"
"3553104";"Taiaçu (SP)";"121215,9"
"3553203";"Taiúva (SP)";"151516,0"
"3553302";"Tambaú (SP)";"843711,2"
"3553401";"Tanabi (SP)";"1408897,1"
"3553500";"Tapiraí (SP)";"191747,2"
"3553609";"Tapiratiba (SP)";"294802,1"
"3553658";"Taquaral (SP)";"55233,7"
"3553708";"Taquaritinga (SP)";"1930593,7"
"3553807";"Taquarituba (SP)";"1227811,1"
"3553856";"Taquarivaí (SP)";"453976,3"
"3553906";"Tarabai (SP)";"170112,9"
"3553955";"Tarumã (SP)";"918710,5"
"3554003";"Tatuí (SP)";"5978311,9"
"3554102";"Taubaté (SP)";"18462529,0"
"3554201";"Tejupá (SP)";"124784,1"
"3554300";"Teodoro Sampaio (SP)";"678819,6"
"3554409";"Terra Roxa (SP)";"182316,1"
"3554508";"Tietê (SP)";"2473358,8"
"3554607";"Timburi (SP)";"62755,1"
"3554656";"Torre de Pedra (SP)";"37807,3"
"3554706";"Torrinha (SP)";"320479,9"
"3554755";"Trabiju (SP)";"52600,8"
"3554805";"Tremembé (SP)";"1023337,7"
"3554904";"Três Fronteiras (SP)";"130745,4"
"3554953";"Tuiuti (SP)";"193507,6"
"3555000";"Tupã (SP)";"2509745,9"
"3555109";"Tupi Paulista (SP)";"375898,1"
"3555208";"Turiúba (SP)";"61349,9"
"3555307";"Turmalina (SP)";"72579,6"
"3555356";"Ubarana (SP)";"230722,5"
"3555406";"Ubatuba (SP)";"3218974,1"
"3555505";"Ubirajara (SP)";"123802,3"
"3555604";"Uchoa (SP)";"408570,5"
"3555703";"União Paulista (SP)";"64215,4"
"3555802";"Urânia (SP)";"313528,2"
"3555901";"Uru (SP)";"51165,9"
"3556008";"Urupês (SP)";"549725,3"
"3556107";"Valentim Gentil (SP)";"459473,4"
"3556206";"Valinhos (SP)";"9259974,2"
"3556305";"Valparaíso (SP)";"1338314,3"
"3556354";"Vargem (SP)";"183035,0"
"3556404";"Vargem Grande do Sul (SP)";"1357282,6"
"3556453";"Vargem Grande Paulista (SP)";"3266316,6"
"3556503";"Várzea Paulista (SP)";"4339125,7"
"3556602";"Vera Cruz (SP)";"277525,3"
"3556701";"Vinhedo (SP)";"14061247,7"
"3556800";"Viradouro (SP)";"512076,1"
"3556909";"Vista Alegre do Alto (SP)";"547752,4"
"3556958";"Vitória Brasil (SP)";"47828,5"
"3557006";"Votorantim (SP)";"4518921,7"
"3557105";"Votuporanga (SP)";"4138149,4"
"3557154";"Zacarias (SP)";"146668,3"
"3557204";"Chavantes (SP)";"379732,5"
"3557303";"Estiva Gerbi (SP)";"444697,3"
"4100103";"Abatiá (PR)";"282503,2"
"4100202";"Adrianópolis (PR)";"442776,4"
"4100301";"Agudos do Sul (PR)";"238565,0"
"4100400";"Almirante Tamandaré (PR)";"2074574,0"
"4100459";"Altamira do Paraná (PR)";"106033,1"
"4100509";"Altônia (PR)";"442850,2"
"4100608";"Alto Paraná (PR)";"391675,5"
"4100707";"Alto Piquiri (PR)";"381077,2"
"4100806";"Alvorada do Sul (PR)";"449849,0"
"4100905";"Amaporã (PR)";"122957,5"
"4101002";"Ampére (PR)";"814702,3"
"4101051";"Anahy (PR)";"110971,7"
"4101101";"Andirá (PR)";"842323,8"
"4101150";"Ângulo (PR)";"170201,9"
"4101200";"Antonina (PR)";"948884,5"
"4101309";"Antônio Olinto (PR)";"244883,5"
"4101408";"Apucarana (PR)";"4312220,6"
"4101507";"Arapongas (PR)";"5102660,3"
"4101606";"Arapoti (PR)";"1676469,7"
"4101655";"Arapuã (PR)";"133536,1"
"4101705";"Araruna (PR)";"471911,0"
"4101804";"Araucária (PR)";"31308555,9"
"4101853";"Ariranha do Ivaí (PR)";"114831,4"
"4101903";"Assaí (PR)";"613492,3"
"4102000";"Assis Chateaubriand (PR)";"1617587,9"
"4102109";"Astorga (PR)";"1110365,5"
"4102208";"Atalaia (PR)";"203460,7"
"4102307";"Balsa Nova (PR)";"1272534,4"
"4102406";"Bandeirantes (PR)";"1123357,5"
"4102505";"Barbosa Ferraz (PR)";"232714,2"
"4102604";"Barracão (PR)";"291717,9"
"4102703";"Barra do Jacaré (PR)";"186282,9"
"4102752";"Bela Vista da Caroba (PR)";"91070,4"
"4102802";"Bela Vista do Paraíso (PR)";"633301,9"
"4102901";"Bituruna (PR)";"527648,0"
"4103008";"Boa Esperança (PR)";"280661,5"
"4103024";"Boa Esperança do Iguaçu (PR)";"122034,4"
"4103040";"Boa Ventura de São Roque (PR)";"419427,6"
"4103057";"Boa Vista da Aparecida (PR)";"192292,0"
"4103107";"Bocaiúva do Sul (PR)";"289093,4"
"4103156";"Bom Jesus do Sul (PR)";"126393,4"
"4103206";"Bom Sucesso (PR)";"179788,5"
"4103222";"Bom Sucesso do Sul (PR)";"314247,3"
"4103305";"Borrazópolis (PR)";"269979,4"
"4103354";"Braganey (PR)";"257285,9"
"4103370";"Brasilândia do Sul (PR)";"235241,0"
"4103404";"Cafeara (PR)";"93812,8"
"4103453";"Cafelândia (PR)";"2410673,1"
"4103479";"Cafezal do Sul (PR)";"138966,0"
"4103503";"Califórnia (PR)";"240186,0"
"4103602";"Cambará (PR)";"969626,3"
"4103701";"Cambé (PR)";"6118832,8"
"4103800";"Cambira (PR)";"314677,6"
"4103909";"Campina da Lagoa (PR)";"605746,9"
"4103958";"Campina do Simão (PR)";"168306,0"
"4104006";"Campina Grande do Sul (PR)";"2497170,8"
"4104055";"Campo Bonito (PR)";"207893,3"
"4104105";"Campo do Tenente (PR)";"313847,4"
"4104204";"Campo Largo (PR)";"6118470,6"
"4104253";"Campo Magro (PR)";"591900,5"
"4104303";"Campo Mourão (PR)";"5697717,9"
"4104402";"Cândido de Abreu (PR)";"467036,4"
"4104428";"Candói (PR)";"918859,6"
"4104451";"Cantagalo (PR)";"366887,6"
"4104501";"Capanema (PR)";"1206588,1"
"4104600";"Capitão Leônidas Marques (PR)";"1164122,4"
"4104659";"Carambeí (PR)";"1829888,9"
"4104709";"Carlópolis (PR)";"533659,9"
"4104808";"Cascavel (PR)";"18099792,6"
"4104907";"Castro (PR)";"4274953,2"
"4105003";"Catanduvas (PR)";"408002,0"
"4105102";"Centenário do Sul (PR)";"339018,3"
"4105201";"Cerro Azul (PR)";"340663,0"
"4105300";"Céu Azul (PR)";"937100,7"
"4105409";"Chopinzinho (PR)";"968767,8"
"4105508";"Cianorte (PR)";"3497697,5"
"4105607";"Cidade Gaúcha (PR)";"506191,7"
"4105706";"Clevelândia (PR)";"822193,8"
"4105805";"Colombo (PR)";"6366278,0"
"4105904";"Colorado (PR)";"948126,6"
"4106001";"Congonhinhas (PR)";"330955,3"
"4106100";"Conselheiro Mairinck (PR)";"182939,7"
"4106209";"Contenda (PR)";"619203,4"
"4106308";"Corbélia (PR)";"1003639,0"
"4106407";"Cornélio Procópio (PR)";"2173940,2"
"4106456";"Coronel Domingos Soares (PR)";"334094,9"
"4106506";"Coronel Vivida (PR)";"895506,6"
"4106555";"Corumbataí do Sul (PR)";"82926,3"
"4106571";"Cruzeiro do Iguaçu (PR)";"173963,6"
"4106605";"Cruzeiro do Oeste (PR)";"893852,7"
"4106704";"Cruzeiro do Sul (PR)";"213806,0"
"4106803";"Cruz Machado (PR)";"468274,2"
"4106852";"Cruzmaltina (PR)";"194539,9"
"4106902";"Curitiba (PR)";"111760270,0"
"4107009";"Curiúva (PR)";"318794,6"
"4107108";"Diamante do Norte (PR)";"380691,0"
"4107124";"Diamante do Sul (PR)";"71943,6"
"4107157";"Diamante D'Oeste (PR)";"115173,1"
"4107207";"Dois Vizinhos (PR)";"2211267,6"
"4107256";"Douradina (PR)";"737484,1"
"4107306";"Doutor Camargo (PR)";"182585,5"
"4107405";"Enéas Marques (PR)";"320674,3"
"4107504";"Engenheiro Beltrão (PR)";"461166,1"
"4107520";"Esperança Nova (PR)";"65714,5"
"4107538";"Entre Rios do Oeste (PR)";"384483,9"
"4107546";"Espigão Alto do Iguaçu (PR)";"204708,6"
"4107553";"Farol (PR)";"162504,7"
"4107603";"Faxinal (PR)";"594325,0"
"4107652";"Fazenda Rio Grande (PR)";"4053190,0"
"4107702";"Fênix (PR)";"157893,8"
"4107736";"Fernandes Pinheiro (PR)";"275670,0"
"4107751";"Figueira (PR)";"169826,9"
"4107801";"Floraí (PR)";"267764,2"
"4107850";"Flor da Serra do Sul (PR)";"176425,6"
"4107900";"Floresta (PR)";"277087,7"
"4108007";"Florestópolis (PR)";"471672,4"
"4108106";"Flórida (PR)";"82612,2"
"4108205";"Formosa do Oeste (PR)";"416851,1"
"4108304";"Foz do Iguaçu (PR)";"17479951,7"
"4108320";"Francisco Alves (PR)";"205654,2"
"4108403";"Francisco Beltrão (PR)";"3970335,9"
"4108452";"Foz do Jordão (PR)";"175861,7"
"4108502";"General Carneiro (PR)";"427244,6"
"4108551";"Godoy Moreira (PR)";"81117,6"
"4108601";"Goioerê (PR)";"1118784,8"
"4108650";"Goioxim (PR)";"348141,0"
"4108700";"Grandes Rios (PR)";"161294,8"
"4108809";"Guaíra (PR)";"1165667,2"
"4108908";"Guairaçá (PR)";"278167,8"
"4108957";"Guamiranga (PR)";"267831,0"
"4109005";"Guapirama (PR)";"218140,9"
"4109104";"Guaporema (PR)";"83635,5"
"4109203";"Guaraci (PR)";"164970,6"
"4109302";"Guaraniaçu (PR)";"535922,1"
"4109401";"Guarapuava (PR)";"9378784,9"
"4109500";"Guaraqueçaba (PR)";"129116,1"
"4109609";"Guaratuba (PR)";"1065549,4"
"4109658";"Honório Serpa (PR)";"282889,9"
"4109708";"Ibaiti (PR)";"990331,5"
"4109757";"Ibema (PR)";"198450,8"
"4109807";"Ibiporã (PR)";"4506743,5"
"4109906";"Icaraíma (PR)";"278204,9"
"4110003";"Iguaraçu (PR)";"234416,4"
"4110052";"Iguatu (PR)";"90839,1"
"4110078";"Imbaú (PR)";"295776,5"
"4110102";"Imbituva (PR)";"1356418,3"
"4110201";"Inácio Martins (PR)";"250999,6"
"4110300";"Inajá (PR)";"55662,3"
"4110409";"Indianópolis (PR)";"687610,6"
"4110508";"Ipiranga (PR)";"826430,8"
"4110607";"Iporã (PR)";"537987,9"
"4110656";"Iracema do Oeste (PR)";"84703,2"
"4110706";"Irati (PR)";"2539166,6"
"4110805";"Iretama (PR)";"363402,1"
"4110904";"Itaguajé (PR)";"127181,4"
"4110953";"Itaipulândia (PR)";"508136,6"
"4111001";"Itambaracá (PR)";"261669,5"
"4111100";"Itambé (PR)";"185268,4"
"4111209";"Itapejara d'Oeste (PR)";"899902,2"
"4111258";"Itaperuçu (PR)";"679361,0"
"4111308";"Itaúna do Sul (PR)";"124605,2"
"4111407";"Ivaí (PR)";"479720,5"
"4111506";"Ivaiporã (PR)";"1011289,8"
"4111555";"Ivaté (PR)";"208640,0"
"4111605";"Ivatuba (PR)";"123020,7"
"4111704";"Jaboti (PR)";"159159,2"
"4111803";"Jacarezinho (PR)";"1804412,2"
"4111902";"Jaguapitã (PR)";"1281632,4"
"4112009";"Jaguariaíva (PR)";"1910121,9"
"4112108";"Jandaia do Sul (PR)";"877358,2"
"4112207";"Janiópolis (PR)";"209418,6"
"4112306";"Japira (PR)";"180934,7"
"4112405";"Japurá (PR)";"363801,1"
"4112504";"Jardim Alegre (PR)";"381424,0"
"4112603";"Jardim Olinda (PR)";"52758,1"
"4112702";"Jataizinho (PR)";"302622,5"
"4112751";"Jesuítas (PR)";"433042,5"
"4112801";"Joaquim Távora (PR)";"846959,6"
"4112900";"Jundiaí do Sul (PR)";"162325,3"
"4112959";"Juranda (PR)";"406996,2"
"4113007";"Jussara (PR)";"376560,5"
"4113106";"Kaloré (PR)";"154886,2"
"4113205";"Lapa (PR)";"2541265,8"
"4113254";"Laranjal (PR)";"111089,2"
"4113304";"Laranjeiras do Sul (PR)";"1125233,9"
"4113403";"Leópolis (PR)";"184672,8"
"4113429";"Lidianópolis (PR)";"128153,0"
"4113452";"Lindoeste (PR)";"232240,4"
"4113502";"Loanda (PR)";"746615,6"
"4113601";"Lobato (PR)";"264716,6"
"4113700";"Londrina (PR)";"26215153,8"
"4113734";"Luiziana (PR)";"479630,9"
"4113759";"Lunardelli (PR)";"126036,9"
"4113809";"Lupionópolis (PR)";"144262,4"
"4113908";"Mallet (PR)";"853261,8"
"4114005";"Mamborê (PR)";"786902,4"
"4114104";"Mandaguaçu (PR)";"808909,3"
"4114203";"Mandaguari (PR)";"2636921,9"
"4114302";"Mandirituba (PR)";"729769,5"
"4114351";"Manfrinópolis (PR)";"78196,2"
"4114401";"Mangueirinha (PR)";"1719811,5"
"4114500";"Manoel Ribas (PR)";"633793,3"
"4114609";"Marechal Cândido Rondon (PR)";"3631243,6"
"4114708";"Maria Helena (PR)";"138583,8"
"4114807";"Marialva (PR)";"2758390,4"
"4114906";"Marilândia do Sul (PR)";"494279,6"
"4115002";"Marilena (PR)";"210881,7"
"4115101";"Mariluz (PR)";"257422,8"
"4115200";"Maringá (PR)";"26668371,7"
"4115309";"Mariópolis (PR)";"630785,4"
"4115358";"Maripá (PR)";"373085,0"
"4115408";"Marmeleiro (PR)";"644725,6"
"4115457";"Marquinho (PR)";"126058,0"
"4115507";"Marumbi (PR)";"108802,0"
"4115606";"Matelândia (PR)";"1288278,1"
"4115705";"Matinhos (PR)";"1000497,6"
"4115739";"Mato Rico (PR)";"131490,9"
"4115754";"Mauá da Serra (PR)";"544204,7"
"4115804";"Medianeira (PR)";"2644510,1"
"4115853";"Mercedes (PR)";"262523,6"
"4115903";"Mirador (PR)";"125966,7"
"4116000";"Miraselva (PR)";"61314,1"
"4116059";"Missal (PR)";"431521,0"
"4116109";"Moreira Sales (PR)";"271903,5"
"4116208";"Morretes (PR)";"415708,7"
"4116307";"Munhoz de Melo (PR)";"147724,8"
"4116406";"Nossa Senhora das Graças (PR)";"103727,3"
"4116505";"Nova Aliança do Ivaí (PR)";"51328,0"
"4116604";"Nova América da Colina (PR)";"102392,4"
"4116703";"Nova Aurora (PR)";"851560,1"
"4116802";"Nova Cantu (PR)";"334806,8"
"4116901";"Nova Esperança (PR)";"1085729,6"
"4116950";"Nova Esperança do Sudoeste (PR)";"165004,0"
"4117008";"Nova Fátima (PR)";"356354,7"
"4117057";"Nova Laranjeiras (PR)";"317367,2"
"4117107";"Nova Londrina (PR)";"597027,8"
"4117206";"Nova Olímpia (PR)";"111831,4"
"4117214";"Nova Santa Bárbara (PR)";"128118,7"
"4117222";"Nova Santa Rosa (PR)";"371317,5"
"4117255";"Nova Prata do Iguaçu (PR)";"413699,0"
"4117271";"Nova Tebas (PR)";"220519,3"
"4117297";"Novo Itacolomi (PR)";"102120,8"
"4117305";"Ortigueira (PR)";"3104324,5"
"4117404";"Ourizona (PR)";"134871,0"
"4117453";"Ouro Verde do Oeste (PR)";"237412,0"
"4117503";"Paiçandu (PR)";"1183331,4"
"4117602";"Palmas (PR)";"1621299,2"
"4117701";"Palmeira (PR)";"1964610,6"
"4117800";"Palmital (PR)";"377302,2"
"4117909";"Palotina (PR)";"3109763,9"
"4118006";"Paraíso do Norte (PR)";"406283,6"
"4118105";"Paranacity (PR)";"361504,8"
"4118204";"Paranaguá (PR)";"16367621,9"
"4118303";"Paranapoema (PR)";"79480,7"
"4118402";"Paranavaí (PR)";"3471737,2"
"4118451";"Pato Bragado (PR)";"223321,6"
"4118501";"Pato Branco (PR)";"5444892,1"
"4118600";"Paula Freitas (PR)";"503282,4"
"4118709";"Paulo Frontin (PR)";"462027,7"
"4118808";"Peabiru (PR)";"372907,7"
"4118857";"Perobal (PR)";"242962,9"
"4118907";"Pérola (PR)";"322089,9"
"4119004";"Pérola d'Oeste (PR)";"175470,0"
"4119103";"Piên (PR)";"922345,5"
"4119152";"Pinhais (PR)";"8558771,1"
"4119202";"Pinhalão (PR)";"280515,8"
"4119251";"Pinhal de São Bento (PR)";"62528,4"
"4119301";"Pinhão (PR)";"1799285,0"
"4119400";"Piraí do Sul (PR)";"1368119,1"
"4119509";"Piraquara (PR)";"1691358,9"
"4119608";"Pitanga (PR)";"1371478,1"
"4119657";"Pitangueiras (PR)";"154661,5"
"4119707";"Planaltina do Paraná (PR)";"115960,1"
"4119806";"Planalto (PR)";"407894,6"
"4119905";"Ponta Grossa (PR)";"23292221,3"
"4119954";"Pontal do Paraná (PR)";"713238,4"
"4120002";"Porecatu (PR)";"679024,4"
"4120101";"Porto Amazonas (PR)";"243728,3"
"4120150";"Porto Barreiro (PR)";"184228,1"
"4120200";"Porto Rico (PR)";"118584,6"
"4120309";"Porto Vitória (PR)";"91361,9"
"4120333";"Prado Ferreira (PR)";"198239,6"
"4120358";"Pranchita (PR)";"279158,9"
"4120408";"Presidente Castelo Branco (PR)";"184906,3"
"4120507";"Primeiro de Maio (PR)";"460931,4"
"4120606";"Prudentópolis (PR)";"1617597,8"
"4120655";"Quarto Centenário (PR)";"265756,1"
"4120705";"Quatiguá (PR)";"232832,2"
"4120804";"Quatro Barras (PR)";"2083795,7"
"4120853";"Quatro Pontes (PR)";"253121,8"
"4120903";"Quedas do Iguaçu (PR)";"1682535,3"
"4121000";"Querência do Norte (PR)";"250310,3"
"4121109";"Quinta do Sol (PR)";"225785,6"
"4121208";"Quitandinha (PR)";"561246,0"
"4121257";"Ramilândia (PR)";"98711,7"
"4121307";"Rancho Alegre (PR)";"174359,9"
"4121356";"Rancho Alegre D'Oeste (PR)";"179423,3"
"4121406";"Realeza (PR)";"748454,4"
"4121505";"Rebouças (PR)";"540782,0"
"4121604";"Renascença (PR)";"347094,7"
"4121703";"Reserva (PR)";"779992,9"
"4121752";"Reserva do Iguaçu (PR)";"263340,8"
"4121802";"Ribeirão Claro (PR)";"496127,6"
"4121901";"Ribeirão do Pinhal (PR)";"459244,0"
"4122008";"Rio Azul (PR)";"948932,3"
"4122107";"Rio Bom (PR)";"115586,5"
"4122156";"Rio Bonito do Iguaçu (PR)";"507374,0"
"4122172";"Rio Branco do Ivaí (PR)";"151107,7"
"4122206";"Rio Branco do Sul (PR)";"1649518,4"
"4122305";"Rio Negro (PR)";"1363742,4"
"4122404";"Rolândia (PR)";"4186826,1"
"4122503";"Roncador (PR)";"632269,8"
"4122602";"Rondon (PR)";"402505,6"
"4122651";"Rosário do Ivaí (PR)";"142134,8"
"4122701";"Sabáudia (PR)";"692580,3"
"4122800";"Salgado Filho (PR)";"124468,5"
"4122909";"Salto do Itararé (PR)";"112749,1"
"4123006";"Salto do Lontra (PR)";"489076,5"
"4123105";"Santa Amélia (PR)";"118787,5"
"4123204";"Santa Cecília do Pavão (PR)";"185038,7"
"4123303";"Santa Cruz de Monte Castelo (PR)";"354600,8"
"4123402";"Santa Fé (PR)";"354483,1"
"4123501";"Santa Helena (PR)";"1560603,3"
"4123600";"Santa Inês (PR)";"58924,2"
"4123709";"Santa Isabel do Ivaí (PR)";"255763,5"
"4123808";"Santa Izabel do Oeste (PR)";"398553,4"
"4123824";"Santa Lúcia (PR)";"156572,7"
"4123857";"Santa Maria do Oeste (PR)";"326164,8"
"4123907";"Santa Mariana (PR)";"461616,6"
"4123956";"Santa Mônica (PR)";"90776,3"
"4124004";"Santana do Itararé (PR)";"195898,1"
"4124020";"Santa Tereza do Oeste (PR)";"678676,7"
"4124053";"Santa Terezinha de Itaipu (PR)";"696657,0"
"4124103";"Santo Antônio da Platina (PR)";"1780115,6"
"4124202";"Santo Antônio do Caiuá (PR)";"58266,4"
"4124301";"Santo Antônio do Paraíso (PR)";"123392,9"
"4124400";"Santo Antônio do Sudoeste (PR)";"665500,3"
"4124509";"Santo Inácio (PR)";"698440,2"
"4124608";"São Carlos do Ivaí (PR)";"442768,4"
"4124707";"São Jerônimo da Serra (PR)";"370262,7"
"4124806";"São João (PR)";"1081146,0"
"4124905";"São João do Caiuá (PR)";"142943,8"
"4125001";"São João do Ivaí (PR)";"351357,8"
"4125100";"São João do Triunfo (PR)";"729207,9"
"4125209";"São Jorge d'Oeste (PR)";"446317,2"
"4125308";"São Jorge do Ivaí (PR)";"321717,2"
"4125357";"São Jorge do Patrocínio (PR)";"171594,9"
"4125407";"São José da Boa Vista (PR)";"259600,6"
"4125456";"São José das Palmeiras (PR)";"89392,7"
"4125506";"São José dos Pinhais (PR)";"31479079,4"
"4125555";"São Manoel do Paraná (PR)";"66192,0"
"4125605";"São Mateus do Sul (PR)";"1853493,4"
"4125704";"São Miguel do Iguaçu (PR)";"1416053,6"
"4125753";"São Pedro do Iguaçu (PR)";"226385,7"
"4125803";"São Pedro do Ivaí (PR)";"406099,5"
"4125902";"São Pedro do Paraná (PR)";"90697,6"
"4126009";"São Sebastião da Amoreira (PR)";"310711,4"
"4126108";"São Tomé (PR)";"179457,2"
"4126207";"Sapopema (PR)";"157605,5"
"4126256";"Sarandi (PR)";"2260728,7"
"4126272";"Saudade do Iguaçu (PR)";"1161785,5"
"4126306";"Sengés (PR)";"652555,0"
"4126355";"Serranópolis do Iguaçu (PR)";"226887,9"
"4126405";"Sertaneja (PR)";"371953,1"
"4126504";"Sertanópolis (PR)";"895876,7"
"4126603";"Siqueira Campos (PR)";"791100,3"
"4126652";"Sulina (PR)";"168630,8"
"4126678";"Tamarana (PR)";"442629,3"
"4126702";"Tamboara (PR)";"146798,8"
"4126801";"Tapejara (PR)";"541077,1"
"4126900";"Tapira (PR)";"155538,2"
"4127007";"Teixeira Soares (PR)";"595237,4"
"4127106";"Telêmaco Borba (PR)";"5066785,2"
"4127205";"Terra Boa (PR)";"614113,9"
"4127304";"Terra Rica (PR)";"408197,3"
"4127403";"Terra Roxa (PR)";"734804,5"
"4127502";"Tibagi (PR)";"1683339,0"
"4127601";"Tijucas do Sul (PR)";"636632,8"
"4127700";"Toledo (PR)";"8435404,2"
"4127809";"Tomazina (PR)";"370416,0"
"4127858";"Três Barras do Paraná (PR)";"454472,3"
"4127882";"Tunas do Paraná (PR)";"132829,2"
"4127908";"Tuneiras do Oeste (PR)";"238953,2"
"4127957";"Tupãssi (PR)";"441146,9"
"4127965";"Turvo (PR)";"633523,6"
"4128005";"Ubiratã (PR)";"1740504,3"
"4128104";"Umuarama (PR)";"4402397,3"
"4128203";"União da Vitória (PR)";"1976995,6"
"4128302";"Uniflor (PR)";"103628,5"
"4128401";"Uraí (PR)";"346336,4"
"4128500";"Wenceslau Braz (PR)";"845345,3"
"4128534";"Ventania (PR)";"397255,0"
"4128559";"Vera Cruz do Oeste (PR)";"290769,1"
"4128609";"Verê (PR)";"535581,8"
"4128625";"Alto Paraíso (PR)";"118377,3"
"4128633";"Doutor Ulysses (PR)";"98491,1"
"4128658";"Virmond (PR)";"203542,2"
"4128708";"Vitorino (PR)";"520196,4"
"4128807";"Xambrê (PR)";"110373,0"
"4200051";"Abdon Batista (SC)";"110319,1"
"4200101";"Abelardo Luz (SC)";"1018505,5"
"4200200";"Agrolândia (SC)";"450052,0"
"4200309";"Agronômica (SC)";"234769,2"
"4200408";"Água Doce (SC)";"755266,6"
"4200507";"Águas de Chapecó (SC)";"159833,2"
"4200556";"Águas Frias (SC)";"206975,3"
"4200606";"Águas Mornas (SC)";"211415,9"
"4200705";"Alfredo Wagner (SC)";"352092,9"
"4200754";"Alto Bela Vista (SC)";"82056,6"
"4200804";"Anchieta (SC)";"221545,1"
"4200903";"Angelina (SC)";"147479,3"
"4201000";"Anita Garibaldi (SC)";"214198,5"
"4201109";"Anitápolis (SC)";"94169,9"
"4201208";"Antônio Carlos (SC)";"818936,6"
"4201257";"Apiúna (SC)";"483694,9"
"4201273";"Arabutã (SC)";"346773,7"
"4201307";"Araquari (SC)";"7985861,5"
"4201406";"Araranguá (SC)";"2693788,5"
"4201505";"Armazém (SC)";"286198,0"
"4201604";"Arroio Trinta (SC)";"137049,1"
"4201653";"Arvoredo (SC)";"184169,3"
"4201703";"Ascurra (SC)";"275531,4"
"4201802";"Atalanta (SC)";"140200,1"
"4201901";"Aurora (SC)";"408304,2"
"4201950";"Balneário Arroio do Silva (SC)";"251898,2"
"4202008";"Balneário Camboriú (SC)";"7981314,8"
"4202057";"Balneário Barra do Sul (SC)";"282156,1"
"4202073";"Balneário Gaivota (SC)";"258903,9"
"4202081";"Bandeirante (SC)";"108416,1"
"4202099";"Barra Bonita (SC)";"55813,5"
"4202107";"Barra Velha (SC)";"2554303,9"
"4202131";"Bela Vista do Toldo (SC)";"211493,9"
"4202156";"Belmonte (SC)";"73718,5"
"4202206";"Benedito Novo (SC)";"462699,8"
"4202305";"Biguaçu (SC)";"2970824,1"
"4202404";"Blumenau (SC)";"22791289,4"
"4202438";"Bocaina do Sul (SC)";"131812,4"
"4202453";"Bombinhas (SC)";"965945,9"
"4202503";"Bom Jardim da Serra (SC)";"270769,3"
"4202537";"Bom Jesus (SC)";"180265,5"
"4202578";"Bom Jesus do Oeste (SC)";"83782,7"
"4202602";"Bom Retiro (SC)";"417364,6"
"4202701";"Botuverá (SC)";"464899,8"
"4202800";"Braço do Norte (SC)";"1962656,2"
"4202859";"Braço do Trombudo (SC)";"259027,5"
"4202875";"Brunópolis (SC)";"113026,2"
"4202909";"Brusque (SC)";"9919247,1"
"4203006";"Caçador (SC)";"4922085,8"
"4203105";"Caibi (SC)";"339318,9"
"4203154";"Calmon (SC)";"105794,5"
"4203204";"Camboriú (SC)";"2560908,6"
"4203253";"Capão Alto (SC)";"194684,0"
"4203303";"Campo Alegre (SC)";"770692,2"
"4203402";"Campo Belo do Sul (SC)";"304909,0"
"4203501";"Campo Erê (SC)";"487076,8"
"4203600";"Campos Novos (SC)";"3229122,8"
"4203709";"Canelinha (SC)";"363976,6"
"4203808";"Canoinhas (SC)";"2418105,5"
"4203907";"Capinzal (SC)";"1280648,3"
"4203956";"Capivari de Baixo (SC)";"592015,2"
"4204004";"Catanduvas (SC)";"625627,9"
"4204103";"Caxambu do Sul (SC)";"213040,8"
"4204152";"Celso Ramos (SC)";"83430,9"
"4204178";"Cerro Negro (SC)";"106659,6"
"4204194";"Chapadão do Lageado (SC)";"111050,5"
"4204202";"Chapecó (SC)";"15615663,6"
"4204251";"Cocal do Sul (SC)";"999972,7"
"4204301";"Concórdia (SC)";"5116747,2"
"4204350";"Cordilheira Alta (SC)";"449634,7"
"4204400";"Coronel Freitas (SC)";"407480,4"
"4204459";"Coronel Martins (SC)";"54428,2"
"4204509";"Corupá (SC)";"838130,3"
"4204558";"Correia Pinto (SC)";"649992,1"
"4204608";"Criciúma (SC)";"11211117,1"
"4204707";"Cunha Porã (SC)";"1013553,8"
"4204756";"Cunhataí (SC)";"79176,1"
"4204806";"Curitibanos (SC)";"2004549,9"
"4204905";"Descanso (SC)";"328520,0"
"4205001";"Dionísio Cerqueira (SC)";"585415,8"
"4205100";"Dona Emma (SC)";"176688,5"
"4205159";"Doutor Pedrinho (SC)";"165112,2"
"4205175";"Entre Rios (SC)";"67856,9"
"4205191";"Ermo (SC)";"180978,1"
"4205209";"Erval Velho (SC)";"239100,2"
"4205308";"Faxinal dos Guedes (SC)";"802802,7"
"4205357";"Flor do Sertão (SC)";"79685,7"
"4205407";"Florianópolis (SC)";"26552426,2"
"4205431";"Formosa do Sul (SC)";"87118,1"
"4205456";"Forquilhinha (SC)";"1338681,8"
"4205506";"Fraiburgo (SC)";"1386572,4"
"4205555";"Frei Rogério (SC)";"96981,1"
"4205605";"Galvão (SC)";"123184,9"
"4205704";"Garopaba (SC)";"863321,3"
"4205803";"Garuva (SC)";"1767664,5"
"4205902";"Gaspar (SC)";"4963886,9"
"4206009";"Governador Celso Ramos (SC)";"554945,8"
"4206108";"Grão-Pará (SC)";"355167,3"
"4206207";"Gravatal (SC)";"390451,1"
"4206306";"Guabiruba (SC)";"1328996,8"
"4206405";"Guaraciaba (SC)";"509033,6"
"4206504";"Guaramirim (SC)";"2908382,8"
"4206603";"Guarujá do Sul (SC)";"224031,0"
"4206652";"Guatambú (SC)";"475207,7"
"4206702";"Herval d'Oeste (SC)";"664735,2"
"4206751";"Ibiam (SC)";"74450,9"
"4206801";"Ibicaré (SC)";"155012,0"
"4206900";"Ibirama (SC)";"680120,9"
"4207007";"Içara (SC)";"4331901,3"
"4207106";"Ilhota (SC)";"1237649,1"
"4207205";"Imaruí (SC)";"279511,5"
"4207304";"Imbituba (SC)";"2831613,7"
"4207403";"Imbuia (SC)";"291402,1"
"4207502";"Indaial (SC)";"4043553,3"
"4207577";"Iomerê (SC)";"276144,4"
"4207601";"Ipira (SC)";"117758,3"
"4207650";"Iporã do Oeste (SC)";"409313,4"
"4207684";"Ipuaçu (SC)";"378147,0"
"4207700";"Ipumirim (SC)";"518696,2"
"4207759";"Iraceminha (SC)";"196841,2"
"4207809";"Irani (SC)";"311687,7"
"4207858";"Irati (SC)";"66801,3"
"4207908";"Irineópolis (SC)";"532410,1"
"4208005";"Itá (SC)";"487918,9"
"4208104";"Itaiópolis (SC)";"1173580,5"
"4208203";"Itajaí (SC)";"50816696,2"
"4208302";"Itapema (SC)";"3214850,0"
"4208401";"Itapiranga (SC)";"1229482,9"
"4208450";"Itapoá (SC)";"1976757,0"
"4208500";"Ituporanga (SC)";"1400351,7"
"4208609";"Jaborá (SC)";"211114,1"
"4208708";"Jacinto Machado (SC)";"598807,0"
"4208807";"Jaguaruna (SC)";"815250,5"
"4208906";"Jaraguá do Sul (SC)";"13778059,6"
"4208955";"Jardinópolis (SC)";"71751,0"
"4209003";"Joaçaba (SC)";"2588135,2"
"4209102";"Joinville (SC)";"45511050,6"
"4209151";"José Boiteux (SC)";"140264,3"
"4209177";"Jupiá (SC)";"96074,8"
"4209201";"Lacerdópolis (SC)";"161857,8"
"4209300";"Lages (SC)";"7540244,3"
"4209409";"Laguna (SC)";"1181763,9"
"4209458";"Lajeado Grande (SC)";"82294,4"
"4209508";"Laurentino (SC)";"524620,7"
"4209607";"Lauro Müller (SC)";"417062,1"
"4209706";"Lebon Régis (SC)";"375556,8"
"4209805";"Leoberto Leal (SC)";"153711,1"
"4209854";"Lindóia do Sul (SC)";"162695,7"
"4209904";"Lontras (SC)";"528412,5"
"4210001";"Luiz Alves (SC)";"937508,8"
"4210035";"Luzerna (SC)";"325563,5"
"4210050";"Macieira (SC)";"67237,8"
"4210100";"Mafra (SC)";"3025375,6"
"4210209";"Major Gercino (SC)";"73674,5"
"4210308";"Major Vieira (SC)";"352564,8"
"4210407";"Maracajá (SC)";"319263,9"
"4210506";"Maravilha (SC)";"2250308,5"
"4210555";"Marema (SC)";"100177,3"
"4210605";"Massaranduba (SC)";"870023,3"
"4210704";"Matos Costa (SC)";"66968,3"
"4210803";"Meleiro (SC)";"377837,3"
"4210852";"Mirim Doce (SC)";"96429,9"
"4210902";"Modelo (SC)";"179834,6"
"4211009";"Mondaí (SC)";"1131737,4"
"4211058";"Monte Carlo (SC)";"249273,5"
"4211108";"Monte Castelo (SC)";"262775,2"
"4211207";"Morro da Fumaça (SC)";"919663,2"
"4211256";"Morro Grande (SC)";"174039,2"
"4211306";"Navegantes (SC)";"7166303,3"
"4211405";"Nova Erechim (SC)";"255484,0"
"4211454";"Nova Itaberaba (SC)";"167423,3"
"4211504";"Nova Trento (SC)";"826323,5"
"4211603";"Nova Veneza (SC)";"1165147,3"
"4211652";"Novo Horizonte (SC)";"140227,8"
"4211702";"Orleans (SC)";"1273948,7"
"4211751";"Otacílio Costa (SC)";"1107127,1"
"4211801";"Ouro (SC)";"261035,3"
"4211850";"Ouro Verde (SC)";"177247,7"
"4211876";"Paial (SC)";"74424,1"
"4211892";"Painel (SC)";"93594,5"
"4211900";"Palhoça (SC)";"9105304,0"
"4212007";"Palma Sola (SC)";"330780,0"
"4212056";"Palmeira (SC)";"181020,0"
"4212106";"Palmitos (SC)";"1021331,6"
"4212205";"Papanduva (SC)";"1048776,8"
"4212239";"Paraíso (SC)";"184625,6"
"4212254";"Passo de Torres (SC)";"274891,0"
"4212270";"Passos Maia (SC)";"175427,8"
"4212304";"Paulo Lopes (SC)";"299198,7"
"4212403";"Pedras Grandes (SC)";"286003,7"
"4212502";"Penha (SC)";"1147219,6"
"4212601";"Peritiba (SC)";"145411,6"
"4212650";"Pescaria Brava (SC)";"138525,3"
"4212700";"Petrolândia (SC)";"247125,9"
"4212809";"Balneário Piçarras (SC)";"1587685,5"
"4212908";"Pinhalzinho (SC)";"1738799,0"
"4213005";"Pinheiro Preto (SC)";"241832,6"
"4213104";"Piratuba (SC)";"419814,0"
"4213153";"Planalto Alegre (SC)";"152929,7"
"4213203";"Pomerode (SC)";"2964120,5"
"4213302";"Ponte Alta (SC)";"171154,5"
"4213351";"Ponte Alta do Norte (SC)";"153410,1"
"4213401";"Ponte Serrada (SC)";"322644,8"
"4213500";"Porto Belo (SC)";"1721133,8"
"4213609";"Porto União (SC)";"1347343,5"
"4213708";"Pouso Redondo (SC)";"813931,9"
"4213807";"Praia Grande (SC)";"239795,3"
"4213906";"Presidente Castello Branco (SC)";"81851,1"
"4214003";"Presidente Getúlio (SC)";"1001043,5"
"4214102";"Presidente Nereu (SC)";"71753,2"
"4214151";"Princesa (SC)";"158481,8"
"4214201";"Quilombo (SC)";"581416,6"
"4214300";"Rancho Queimado (SC)";"166661,8"
"4214409";"Rio das Antas (SC)";"300067,5"
"4214508";"Rio do Campo (SC)";"240771,7"
"4214607";"Rio do Oeste (SC)";"296743,2"
"4214706";"Rio dos Cedros (SC)";"506213,9"
"4214805";"Rio do Sul (SC)";"4306891,4"
"4214904";"Rio Fortuna (SC)";"315109,7"
"4215000";"Rio Negrinho (SC)";"1709159,0"
"4215059";"Rio Rufino (SC)";"86405,1"
"4215075";"Riqueza (SC)";"169647,6"
"4215109";"Rodeio (SC)";"452502,3"
"4215208";"Romelândia (SC)";"112803,8"
"4215307";"Salete (SC)";"343522,2"
"4215356";"Saltinho (SC)";"99145,9"
"4215406";"Salto Veloso (SC)";"307001,0"
"4215455";"Sangão (SC)";"569973,7"
"4215505";"Santa Cecília (SC)";"678193,6"
"4215554";"Santa Helena (SC)";"121919,1"
"4215604";"Santa Rosa de Lima (SC)";"89003,2"
"4215653";"Santa Rosa do Sul (SC)";"229214,1"
"4215679";"Santa Terezinha (SC)";"268998,7"
"4215687";"Santa Terezinha do Progresso (SC)";"92259,6"
"4215695";"Santiago do Sul (SC)";"52159,5"
"4215703";"Santo Amaro da Imperatriz (SC)";"1377649,9"
"4215752";"São Bernardino (SC)";"101830,9"
"4215802";"São Bento do Sul (SC)";"4807395,8"
"4215901";"São Bonifácio (SC)";"228604,9"
"4216008";"São Carlos (SC)";"655148,0"
"4216057";"São Cristóvão do Sul (SC)";"188145,7"
"4216107";"São Domingos (SC)";"501291,2"
"4216206";"São Francisco do Sul (SC)";"7730885,0"
"4216255";"São João do Oeste (SC)";"407938,5"
"4216305";"São João Batista (SC)";"1258894,6"
"4216354";"São João do Itaperiú (SC)";"397288,6"
"4216404";"São João do Sul (SC)";"321117,3"
"4216503";"São Joaquim (SC)";"1186502,2"
"4216602";"São José (SC)";"14466880,6"
"4216701";"São José do Cedro (SC)";"594284,5"
"4216800";"São José do Cerrito (SC)";"290139,3"
"4216909";"São Lourenço do Oeste (SC)";"1556977,8"
"4217006";"São Ludgero (SC)";"1048990,8"
"4217105";"São Martinho (SC)";"125066,6"
"4217154";"São Miguel da Boa Vista (SC)";"52062,3"
"4217204";"São Miguel do Oeste (SC)";"2534987,3"
"4217253";"São Pedro de Alcântara (SC)";"112862,6"
"4217303";"Saudades (SC)";"610268,5"
"4217402";"Schroeder (SC)";"821542,2"
"4217501";"Seara (SC)";"1304972,9"
"4217550";"Serra Alta (SC)";"125602,5"
"4217600";"Siderópolis (SC)";"701825,9"
"4217709";"Sombrio (SC)";"1077546,2"
"4217758";"Sul Brasil (SC)";"95897,5"
"4217808";"Taió (SC)";"935846,9"
"4217907";"Tangará (SC)";"622901,8"
"4217956";"Tigrinhos (SC)";"78720,3"
"4218004";"Tijucas (SC)";"2976676,7"
"4218103";"Timbé do Sul (SC)";"156048,9"
"4218202";"Timbó (SC)";"2594452,2"
"4218251";"Timbó Grande (SC)";"276657,8"
"4218301";"Três Barras (SC)";"1799355,8"
"4218350";"Treviso (SC)";"179962,8"
"4218400";"Treze de Maio (SC)";"229972,7"
"4218509";"Treze Tílias (SC)";"983840,8"
"4218608";"Trombudo Central (SC)";"416086,1"
"4218707";"Tubarão (SC)";"5336570,9"
"4218756";"Tunápolis (SC)";"190289,4"
"4218806";"Turvo (SC)";"820536,1"
"4218855";"União do Oeste (SC)";"102217,8"
"4218905";"Urubici (SC)";"389362,0"
"4218954";"Urupema (SC)";"85176,1"
"4219002";"Urussanga (SC)";"1279368,7"
"4219101";"Vargeão (SC)";"257604,9"
"4219150";"Vargem (SC)";"86743,4"
"4219176";"Vargem Bonita (SC)";"598894,6"
"4219200";"Vidal Ramos (SC)";"360332,4"
"4219309";"Videira (SC)";"3846541,3"
"4219358";"Vitor Meireles (SC)";"163976,3"
"4219408";"Witmarsum (SC)";"188824,1"
"4219507";"Xanxerê (SC)";"2885926,3"
"4219606";"Xavantina (SC)";"204112,5"
"4219705";"Xaxim (SC)";"1563334,9"
"4219853";"Zortéa (SC)";"140182,3"
"4220000";"Balneário Rincão (SC)";"354556,8"
"4300034";"Aceguá (RS)";"291050,8"
"4300059";"Água Santa (RS)";"480667,7"
"4300109";"Agudo (RS)";"648342,4"
"4300208";"Ajuricaba (RS)";"379621,8"
"4300307";"Alecrim (RS)";"137865,2"
"4300406";"Alegrete (RS)";"2620665,2"
"4300455";"Alegria (RS)";"119787,1"
"4300471";"Almirante Tamandaré do Sul (RS)";"267475,4"
"4300505";"Alpestre (RS)";"256623,9"
"4300554";"Alto Alegre (RS)";"67859,4"
"4300570";"Alto Feliz (RS)";"174453,6"
"4300604";"Alvorada (RS)";"3529383,8"
"4300638";"Amaral Ferrador (RS)";"147333,5"
"4300646";"Ametista do Sul (RS)";"181655,2"
"4300661";"André da Rocha (RS)";"105227,9"
"4300703";"Anta Gorda (RS)";"295481,5"
"4300802";"Antônio Prado (RS)";"821731,5"
"4300851";"Arambaré (RS)";"233906,6"
"4300877";"Araricá (RS)";"289317,3"
"4300901";"Aratiba (RS)";"1178832,2"
"4301008";"Arroio do Meio (RS)";"1781075,9"
"4301057";"Arroio do Sal (RS)";"308206,2"
"4301073";"Arroio do Padre (RS)";"79174,4"
"4301107";"Arroio dos Ratos (RS)";"358088,0"
"4301206";"Arroio do Tigre (RS)";"403055,4"
"4301305";"Arroio Grande (RS)";"1005950,3"
"4301404";"Arvorezinha (RS)";"346013,9"
"4301503";"Augusto Pestana (RS)";"343697,0"
"4301552";"Áurea (RS)";"155194,6"
"4301602";"Bagé (RS)";"4135744,1"
"4301636";"Balneário Pinhal (RS)";"332681,9"
"4301651";"Barão (RS)";"319646,7"
"4301701";"Barão de Cotegipe (RS)";"303205,6"
"4301750";"Barão do Triunfo (RS)";"157243,9"
"4301800";"Barracão (RS)";"253629,7"
"4301859";"Barra do Guarita (RS)";"50753,2"
"4301875";"Barra do Quaraí (RS)";"231623,4"
"4301909";"Barra do Ribeiro (RS)";"489178,0"
"4301925";"Barra do Rio Azul (RS)";"70523,1"
"4301958";"Barra Funda (RS)";"158838,7"
"4302006";"Barros Cassal (RS)";"222738,6"
"4302055";"Benjamin Constant do Sul (RS)";"45886,2"
"4302105";"Bento Gonçalves (RS)";"7759739,1"
"4302154";"Boa Vista das Missões (RS)";"162523,3"
"4302204";"Boa Vista do Buricá (RS)";"313737,4"
"4302220";"Boa Vista do Cadeado (RS)";"230224,2"
"4302238";"Boa Vista do Incra (RS)";"194650,6"
"4302253";"Boa Vista do Sul (RS)";"128282,0"
"4302303";"Bom Jesus (RS)";"432191,4"
"4302352";"Bom Princípio (RS)";"865227,1"
"4302378";"Bom Progresso (RS)";"64873,5"
"4302402";"Bom Retiro do Sul (RS)";"435052,9"
"4302451";"Boqueirão do Leão (RS)";"153755,9"
"4302501";"Bossoroca (RS)";"260907,4"
"4302584";"Bozano (RS)";"133110,5"
"4302600";"Braga (RS)";"96634,1"
"4302659";"Brochier (RS)";"113650,9"
"4302709";"Butiá (RS)";"545589,9"
"4302808";"Caçapava do Sul (RS)";"1071097,7"
"4302907";"Cacequi (RS)";"417324,3"
"4303004";"Cachoeira do Sul (RS)";"3408150,1"
"4303103";"Cachoeirinha (RS)";"7094389,7"
"4303202";"Cacique Doble (RS)";"135719,8"
"4303301";"Caibaté (RS)";"178309,4"
"4303400";"Caiçara (RS)";"123647,2"
"4303509";"Camaquã (RS)";"2849114,0"
"4303558";"Camargo (RS)";"605446,5"
"4303608";"Cambará do Sul (RS)";"248068,8"
"4303673";"Campestre da Serra (RS)";"184638,7"
"4303707";"Campina das Missões (RS)";"174020,8"
"4303806";"Campinas do Sul (RS)";"330120,9"
"4303905";"Campo Bom (RS)";"3896594,5"
"4304002";"Campo Novo (RS)";"262942,9"
"4304101";"Campos Borges (RS)";"103162,8"
"4304200";"Candelária (RS)";"1106858,1"
"4304309";"Cândido Godói (RS)";"329600,3"
"4304358";"Candiota (RS)";"2165914,0"
"4304408";"Canela (RS)";"1782780,6"
"4304507";"Canguçu (RS)";"1653207,2"
"4304606";"Canoas (RS)";"28818822,8"
"4304614";"Canudos do Vale (RS)";"55371,6"
"4304622";"Capão Bonito do Sul (RS)";"233000,0"
"4304630";"Capão da Canoa (RS)";"2132259,6"
"4304655";"Capão do Cipó (RS)";"276462,0"
"4304663";"Capão do Leão (RS)";"784508,1"
"4304671";"Capivari do Sul (RS)";"392771,7"
"4304689";"Capela de Santana (RS)";"275619,6"
"4304697";"Capitão (RS)";"83791,4"
"4304705";"Carazinho (RS)";"4263664,5"
"4304713";"Caraá (RS)";"132726,8"
"4304804";"Carlos Barbosa (RS)";"3384037,8"
"4304853";"Carlos Gomes (RS)";"54403,3"
"4304903";"Casca (RS)";"747422,9"
"4304952";"Caseiros (RS)";"165298,8"
"4305009";"Catuípe (RS)";"425148,1"
"4305108";"Caxias do Sul (RS)";"34342096,9"
"4305116";"Centenário (RS)";"96415,6"
"4305124";"Cerrito (RS)";"158653,5"
"4305132";"Cerro Branco (RS)";"87040,0"
"4305157";"Cerro Grande (RS)";"65563,2"
"4305173";"Cerro Grande do Sul (RS)";"217108,4"
"4305207";"Cerro Largo (RS)";"784741,5"
"4305306";"Chapada (RS)";"618858,4"
"4305355";"Charqueadas (RS)";"1828633,9"
"4305371";"Charrua (RS)";"127992,9"
"4305405";"Chiapetta (RS)";"241091,6"
"4305439";"Chuí (RS)";"422833,7"
"4305447";"Chuvisca (RS)";"142419,8"
"4305454";"Cidreira (RS)";"364733,3"
"4305504";"Ciríaco (RS)";"225963,6"
"4305587";"Colinas (RS)";"76751,2"
"4305603";"Colorado (RS)";"241830,4"
"4305702";"Condor (RS)";"503407,2"
"4305801";"Constantina (RS)";"442900,9"
"4305835";"Coqueiro Baixo (RS)";"46505,3"
"4305850";"Coqueiros do Sul (RS)";"154515,9"
"4305871";"Coronel Barros (RS)";"181360,1"
"4305900";"Coronel Bicaco (RS)";"359353,8"
"4305934";"Coronel Pilar (RS)";"45945,0"
"4305959";"Cotiporã (RS)";"167746,4"
"4305975";"Coxilha (RS)";"299358,4"
"4306007";"Crissiumal (RS)";"493118,6"
"4306056";"Cristal (RS)";"332135,8"
"4306072";"Cristal do Sul (RS)";"85679,6"
"4306106";"Cruz Alta (RS)";"4121142,6"
"4306130";"Cruzaltense (RS)";"106377,7"
"4306205";"Cruzeiro do Sul (RS)";"663726,7"
"4306304";"David Canabarro (RS)";"193222,1"
"4306320";"Derrubadas (RS)";"104475,8"
"4306353";"Dezesseis de Novembro (RS)";"48710,8"
"4306379";"Dilermando de Aguiar (RS)";"180077,9"
"4306403";"Dois Irmãos (RS)";"2502140,8"
"4306429";"Dois Irmãos das Missões (RS)";"126526,5"
"4306452";"Dois Lajeados (RS)";"157965,9"
"4306502";"Dom Feliciano (RS)";"341143,4"
"4306551";"Dom Pedro de Alcântara (RS)";"70195,8"
"4306601";"Dom Pedrito (RS)";"2000957,7"
"4306700";"Dona Francisca (RS)";"90196,1"
"4306734";"Doutor Maurício Cardoso (RS)";"236102,7"
"4306759";"Doutor Ricardo (RS)";"75699,3"
"4306767";"Eldorado do Sul (RS)";"2442465,5"
"4306809";"Encantado (RS)";"1230651,5"
"4306908";"Encruzilhada do Sul (RS)";"1103750,6"
"4306924";"Engenho Velho (RS)";"54280,2"
"4306932";"Entre-Ijuís (RS)";"487687,3"
"4306957";"Entre Rios do Sul (RS)";"212452,6"
"4306973";"Erebango (RS)";"202452,0"
"4307005";"Erechim (RS)";"7683906,5"
"4307054";"Ernestina (RS)";"184105,5"
"4307104";"Herval (RS)";"198899,4"
"4307203";"Erval Grande (RS)";"151707,9"
"4307302";"Erval Seco (RS)";"273787,4"
"4307401";"Esmeralda (RS)";"298731,6"
"4307450";"Esperança do Sul (RS)";"92397,8"
"4307500";"Espumoso (RS)";"881528,8"
"4307559";"Estação (RS)";"434148,2"
"4307609";"Estância Velha (RS)";"1991876,8"
"4307708";"Esteio (RS)";"4301274,5"
"4307807";"Estrela (RS)";"2197231,7"
"4307815";"Estrela Velha (RS)";"135369,5"
"4307831";"Eugênio de Castro (RS)";"244029,5"
"4307864";"Fagundes Varela (RS)";"176739,0"
"4307906";"Farroupilha (RS)";"4580129,1"
"4308003";"Faxinal do Soturno (RS)";"252774,8"
"4308052";"Faxinalzinho (RS)";"79769,2"
"4308078";"Fazenda Vilanova (RS)";"126583,4"
"4308102";"Feliz (RS)";"589303,4"
"4308201";"Flores da Cunha (RS)";"2843723,3"
"4308250";"Floriano Peixoto (RS)";"83641,4"
"4308300";"Fontoura Xavier (RS)";"229958,3"
"4308409";"Formigueiro (RS)";"223399,4"
"4308433";"Forquetinha (RS)";"53273,1"
"4308458";"Fortaleza dos Valos (RS)";"335874,1"
"4308508";"Frederico Westphalen (RS)";"1568643,2"
"4308607";"Garibaldi (RS)";"3135768,8"
"4308656";"Garruchos (RS)";"128027,0"
"4308706";"Gaurama (RS)";"297937,0"
"4308805";"General Câmara (RS)";"230187,5"
"4308854";"Gentil (RS)";"144754,5"
"4308904";"Getúlio Vargas (RS)";"817985,0"
"4309001";"Giruá (RS)";"939755,9"
"4309050";"Glorinha (RS)";"389247,1"
"4309100";"Gramado (RS)";"3140827,0"
"4309126";"Gramado dos Loureiros (RS)";"67782,2"
"4309159";"Gramado Xavier (RS)";"108556,8"
"4309209";"Gravataí (RS)";"13005577,1"
"4309258";"Guabiju (RS)";"93574,4"
"4309308";"Guaíba (RS)";"8316851,4"
"4309407";"Guaporé (RS)";"1123503,4"
"4309506";"Guarani das Missões (RS)";"284710,0"
"4309555";"Harmonia (RS)";"260997,0"
"4309571";"Herveiras (RS)";"63385,7"
"4309605";"Horizontina (RS)";"3718636,2"
"4309654";"Hulha Negra (RS)";"230213,6"
"4309704";"Humaitá (RS)";"198250,4"
"4309753";"Ibarama (RS)";"99944,3"
"4309803";"Ibiaçá (RS)";"244156,3"
"4309902";"Ibiraiaras (RS)";"346199,5"
"4309951";"Ibirapuitã (RS)";"169673,5"
"4310009";"Ibirubá (RS)";"1721331,8"
"4310108";"Igrejinha (RS)";"2189300,5"
"4310207";"Ijuí (RS)";"5484607,5"
"4310306";"Ilópolis (RS)";"129558,6"
"4310330";"Imbé (RS)";"670989,4"
"4310363";"Imigrante (RS)";"651738,8"
"4310405";"Independência (RS)";"386702,4"
"4310413";"Inhacorá (RS)";"73657,8"
"4310439";"Ipê (RS)";"244510,8"
"4310462";"Ipiranga do Sul (RS)";"168815,3"
"4310504";"Iraí (RS)";"239121,8"
"4310538";"Itaara (RS)";"268604,1"
"4310553";"Itacurubi (RS)";"90323,3"
"4310579";"Itapuca (RS)";"89664,5"
"4310603";"Itaqui (RS)";"1751877,1"
"4310652";"Itati (RS)";"83433,2"
"4310702";"Itatiba do Sul (RS)";"73188,4"
"4310751";"Ivorá (RS)";"48522,5"
"4310801";"Ivoti (RS)";"1361666,8"
"4310850";"Jaboticaba (RS)";"117255,9"
"4310876";"Jacuizinho (RS)";"113790,2"
"4310900";"Jacutinga (RS)";"224849,6"
"4311007";"Jaguarão (RS)";"954110,3"
"4311106";"Jaguari (RS)";"293650,3"
"4311122";"Jaquirana (RS)";"84089,0"
"4311130";"Jari (RS)";"239812,3"
"4311155";"Jóia (RS)";"453632,5"
"4311205";"Júlio de Castilhos (RS)";"1411166,7"
"4311239";"Lagoa Bonita do Sul (RS)";"61444,6"
"4311254";"Lagoão (RS)";"115218,7"
"4311270";"Lagoa dos Três Cantos (RS)";"94629,9"
"4311304";"Lagoa Vermelha (RS)";"1508706,8"
"4311403";"Lajeado (RS)";"6109234,7"
"4311429";"Lajeado do Bugre (RS)";"59389,3"
"4311502";"Lavras do Sul (RS)";"382168,0"
"4311601";"Liberato Salzano (RS)";"137100,4"
"4311627";"Lindolfo Collor (RS)";"324204,2"
"4311643";"Linha Nova (RS)";"65803,6"
"4311700";"Machadinho (RS)";"252363,7"
"4311718";"Maçambará (RS)";"282138,4"
"4311734";"Mampituba (RS)";"79330,3"
"4311759";"Manoel Viana (RS)";"350110,0"
"4311775";"Maquiné (RS)";"200381,7"
"4311791";"Maratá (RS)";"77023,5"
"4311809";"Marau (RS)";"3393310,8"
"4311908";"Marcelino Ramos (RS)";"161879,7"
"4311981";"Mariana Pimentel (RS)";"91983,0"
"4312005";"Mariano Moro (RS)";"67224,7"
"4312054";"Marques de Souza (RS)";"123506,5"
"4312104";"Mata (RS)";"147192,9"
"4312138";"Mato Castelhano (RS)";"111973,8"
"4312153";"Mato Leitão (RS)";"226173,4"
"4312179";"Mato Queimado (RS)";"57921,6"
"4312203";"Maximiliano de Almeida (RS)";"154824,5"
"4312252";"Minas do Leão (RS)";"257253,0"
"4312302";"Miraguaí (RS)";"186921,0"
"4312351";"Montauri (RS)";"60169,5"
"4312377";"Monte Alegre dos Campos (RS)";"90048,6"
"4312385";"Monte Belo do Sul (RS)";"97828,9"
"4312401";"Montenegro (RS)";"6467582,1"
"4312427";"Mormaço (RS)";"113863,2"
"4312443";"Morrinhos do Sul (RS)";"82696,6"
"4312450";"Morro Redondo (RS)";"145054,8"
"4312476";"Morro Reuter (RS)";"277916,0"
"4312500";"Mostardas (RS)";"497282,5"
"4312609";"Muçum (RS)";"269145,8"
"4312617";"Muitos Capões (RS)";"851698,0"
"4312625";"Muliterno (RS)";"51791,4"
"4312658";"Não-Me-Toque (RS)";"2758225,4"
"4312674";"Nicolau Vergueiro (RS)";"100510,1"
"4312708";"Nonoai (RS)";"513799,4"
"4312757";"Nova Alvorada (RS)";"199830,0"
"4312807";"Nova Araçá (RS)";"345621,0"
"4312906";"Nova Bassano (RS)";"809140,0"
"4312955";"Nova Boa Vista (RS)";"139367,4"
"4313003";"Nova Bréscia (RS)";"127413,9"
"4313011";"Nova Candelária (RS)";"197086,9"
"4313037";"Nova Esperança do Sul (RS)";"133013,8"
"4313060";"Nova Hartz (RS)";"894687,2"
"4313086";"Nova Pádua (RS)";"95083,4"
"4313102";"Nova Palma (RS)";"307919,5"
"4313201";"Nova Petrópolis (RS)";"1044948,9"
"4313300";"Nova Prata (RS)";"1449629,5"
"4313334";"Nova Ramada (RS)";"199441,1"
"4313359";"Nova Roma do Sul (RS)";"177535,1"
"4313375";"Nova Santa Rita (RS)";"2758041,6"
"4313391";"Novo Cabrais (RS)";"131086,4"
"4313409";"Novo Hamburgo (RS)";"10915914,7"
"4313425";"Novo Machado (RS)";"143697,8"
"4313441";"Novo Tiradentes (RS)";"65769,4"
"4313466";"Novo Xingu (RS)";"65004,8"
"4313490";"Novo Barreiro (RS)";"114368,1"
"4313508";"Osório (RS)";"1992123,0"
"4313607";"Paim Filho (RS)";"138641,2"
"4313656";"Palmares do Sul (RS)";"666940,2"
"4313706";"Palmeira das Missões (RS)";"1808604,6"
"4313805";"Palmitinho (RS)";"233999,2"
"4313904";"Panambi (RS)";"3651828,3"
"4313953";"Pantano Grande (RS)";"552950,2"
"4314001";"Paraí (RS)";"412317,1"
"4314027";"Paraíso do Sul (RS)";"185970,0"
"4314035";"Pareci Novo (RS)";"134708,6"
"4314050";"Parobé (RS)";"1497394,7"
"4314068";"Passa Sete (RS)";"115483,9"
"4314076";"Passo do Sobrado (RS)";"253071,8"
"4314100";"Passo Fundo (RS)";"13619806,0"
"4314134";"Paulo Bento (RS)";"197857,4"
"4314159";"Paverama (RS)";"261231,2"
"4314175";"Pedras Altas (RS)";"358700,2"
"4314209";"Pedro Osório (RS)";"245041,7"
"4314308";"Pejuçara (RS)";"294044,2"
"4314407";"Pelotas (RS)";"11740930,1"
"4314423";"Picada Café (RS)";"382226,5"
"4314456";"Pinhal (RS)";"133617,2"
"4314464";"Pinhal da Serra (RS)";"285483,7"
"4314472";"Pinhal Grande (RS)";"727915,3"
"4314498";"Pinheirinho do Vale (RS)";"114032,4"
"4314506";"Pinheiro Machado (RS)";"340023,6"
"4314548";"Pinto Bandeira (RS)";"69200,4"
"4314555";"Pirapó (RS)";"60884,8"
"4314605";"Piratini (RS)";"806428,9"
"4314704";"Planalto (RS)";"279419,8"
"4314753";"Poço das Antas (RS)";"154362,0"
"4314779";"Pontão (RS)";"297879,0"
"4314787";"Ponte Preta (RS)";"70210,1"
"4314803";"Portão (RS)";"1543413,8"
"4314902";"Porto Alegre (RS)";"90214952,1"
"4315008";"Porto Lucena (RS)";"114412,7"
"4315057";"Porto Mauá (RS)";"69658,1"
"4315073";"Porto Vera Cruz (RS)";"40675,0"
"4315107";"Porto Xavier (RS)";"204759,3"
"4315131";"Pouso Novo (RS)";"51514,4"
"4315149";"Presidente Lucena (RS)";"294671,8"
"4315156";"Progresso (RS)";"155898,7"
"4315172";"Protásio Alves (RS)";"85918,5"
"4315206";"Putinga (RS)";"124597,4"
"4315305";"Quaraí (RS)";"588978,2"
"4315313";"Quatro Irmãos (RS)";"145777,7"
"4315321";"Quevedos (RS)";"189792,9"
"4315354";"Quinze de Novembro (RS)";"161878,2"
"4315404";"Redentora (RS)";"186012,1"
"4315453";"Relvado (RS)";"62683,4"
"4315503";"Restinga Sêca (RS)";"562183,4"
"4315552";"Rio dos Índios (RS)";"112293,4"
"4315602";"Rio Grande (RS)";"13059825,4"
"4315701";"Rio Pardo (RS)";"1460422,3"
"4315750";"Riozinho (RS)";"147174,5"
"4315800";"Roca Sales (RS)";"563916,0"
"4315909";"Rodeio Bonito (RS)";"258613,9"
"4315958";"Rolador (RS)";"90147,8"
"4316006";"Rolante (RS)";"822059,3"
"4316105";"Ronda Alta (RS)";"431807,9"
"4316204";"Rondinha (RS)";"233571,7"
"4316303";"Roque Gonzales (RS)";"410043,6"
"4316402";"Rosário do Sul (RS)";"1155784,5"
"4316428";"Sagrada Família (RS)";"63226,7"
"4316436";"Saldanha Marinho (RS)";"174882,8"
"4316451";"Salto do Jacuí (RS)";"844871,5"
"4316477";"Salvador das Missões (RS)";"149877,9"
"4316501";"Salvador do Sul (RS)";"322724,0"
"4316600";"Sananduva (RS)";"827815,6"
"4316709";"Santa Bárbara do Sul (RS)";"981525,1"
"4316733";"Santa Cecília do Sul (RS)";"103168,0"
"4316758";"Santa Clara do Sul (RS)";"360574,7"
"4316808";"Santa Cruz do Sul (RS)";"11189591,3"
"4316907";"Santa Maria (RS)";"9799720,9"
"4316956";"Santa Maria do Herval (RS)";"263463,2"
"4316972";"Santa Margarida do Sul (RS)";"248129,6"
"4317004";"Santana da Boa Vista (RS)";"307801,8"
"4317103";"Sant'Ana do Livramento (RS)";"2819394,0"
"4317202";"Santa Rosa (RS)";"4050229,7"
"4317251";"Santa Tereza (RS)";"45553,3"
"4317301";"Santa Vitória do Palmar (RS)";"1602179,5"
"4317400";"Santiago (RS)";"1758686,6"
"4317509";"Santo Ângelo (RS)";"3062173,0"
"4317558";"Santo Antônio do Palma (RS)";"99139,6"
"4317608";"Santo Antônio da Patrulha (RS)";"1909247,1"
"4317707";"Santo Antônio das Missões (RS)";"374215,8"
"4317756";"Santo Antônio do Planalto (RS)";"167164,0"
"4317806";"Santo Augusto (RS)";"705693,6"
"4317905";"Santo Cristo (RS)";"690812,7"
"4317954";"Santo Expedito do Sul (RS)";"97434,0"
"4318002";"São Borja (RS)";"2355190,9"
"4318051";"São Domingos do Sul (RS)";"114438,6"
"4318101";"São Francisco de Assis (RS)";"487080,3"
"4318200";"São Francisco de Paula (RS)";"1035535,5"
"4318309";"São Gabriel (RS)";"2430982,8"
"4318408";"São Jerônimo (RS)";"658232,0"
"4318424";"São João da Urtiga (RS)";"156461,3"
"4318432";"São João do Polêsine (RS)";"100561,2"
"4318440";"São Jorge (RS)";"105496,5"
"4318457";"São José das Missões (RS)";"71926,4"
"4318465";"São José do Herval (RS)";"52578,9"
"4318481";"São José do Hortêncio (RS)";"125767,6"
"4318499";"São José do Inhacorá (RS)";"185264,9"
"4318507";"São José do Norte (RS)";"651592,7"
"4318606";"São José do Ouro (RS)";"422708,5"
"4318614";"São José do Sul (RS)";"92819,5"
"4318622";"São José dos Ausentes (RS)";"150167,2"
"4318705";"São Leopoldo (RS)";"11108700,1"
"4318804";"São Lourenço do Sul (RS)";"1625159,2"
"4318903";"São Luiz Gonzaga (RS)";"1735289,8"
"4319000";"São Marcos (RS)";"1215871,4"
"4319109";"São Martinho (RS)";"294725,0"
"4319125";"São Martinho da Serra (RS)";"248748,3"
"4319158";"São Miguel das Missões (RS)";"512975,3"
"4319208";"São Nicolau (RS)";"171473,0"
"4319307";"São Paulo das Missões (RS)";"181060,1"
"4319356";"São Pedro da Serra (RS)";"104627,3"
"4319364";"São Pedro das Missões (RS)";"102131,0"
"4319372";"São Pedro do Butiá (RS)";"128336,2"
"4319406";"São Pedro do Sul (RS)";"457770,1"
"4319505";"São Sebastião do Caí (RS)";"988053,3"
"4319604";"São Sepé (RS)";"895943,1"
"4319703";"São Valentim (RS)";"117332,6"
"4319711";"São Valentim do Sul (RS)";"77018,6"
"4319737";"São Valério do Sul (RS)";"56571,0"
"4319752";"São Vendelino (RS)";"89106,0"
"4319802";"São Vicente do Sul (RS)";"646468,3"
"4319901";"Sapiranga (RS)";"3686148,1"
"4320008";"Sapucaia do Sul (RS)";"4378885,3"
"4320107";"Sarandi (RS)";"1388514,5"
"4320206";"Seberi (RS)";"653026,2"
"4320230";"Sede Nova (RS)";"112472,4"
"4320263";"Segredo (RS)";"131665,4"
"4320305";"Selbach (RS)";"315596,9"
"4320321";"Senador Salgado Filho (RS)";"108603,0"
"4320354";"Sentinela do Sul (RS)";"150052,1"
"4320404";"Serafina Corrêa (RS)";"830136,3"
"4320453";"Sério (RS)";"58837,6"
"4320503";"Sertão (RS)";"397349,3"
"4320552";"Sertão Santana (RS)";"338546,7"
"4320578";"Sete de Setembro (RS)";"61049,1"
"4320602";"Severiano de Almeida (RS)";"126366,1"
"4320651";"Silveira Martins (RS)";"69071,0"
"4320677";"Sinimbu (RS)";"197557,0"
"4320701";"Sobradinho (RS)";"472339,9"
"4320800";"Soledade (RS)";"1218857,9"
"4320859";"Tabaí (RS)";"157891,8"
"4320909";"Tapejara (RS)";"1690647,9"
"4321006";"Tapera (RS)";"588432,1"
"4321105";"Tapes (RS)";"550849,6"
"4321204";"Taquara (RS)";"1650287,7"
"4321303";"Taquari (RS)";"1018376,2"
"4321329";"Taquaruçu do Sul (RS)";"172597,6"
"4321352";"Tavares (RS)";"123164,9"
"4321402";"Tenente Portela (RS)";"531864,5"
"4321436";"Terra de Areia (RS)";"317410,1"
"4321451";"Teutônia (RS)";"1779423,4"
"4321469";"Tio Hugo (RS)";"186236,3"
"4321477";"Tiradentes do Sul (RS)";"156601,1"
"4321493";"Toropi (RS)";"75078,1"
"4321501";"Torres (RS)";"1544810,1"
"4321600";"Tramandaí (RS)";"1329518,6"
"4321626";"Travesseiro (RS)";"75525,5"
"4321634";"Três Arroios (RS)";"122485,4"
"4321667";"Três Cachoeiras (RS)";"337653,9"
"4321709";"Três Coroas (RS)";"940955,4"
"4321808";"Três de Maio (RS)";"1382580,4"
"4321832";"Três Forquilhas (RS)";"65535,1"
"4321857";"Três Palmeiras (RS)";"167220,6"
"4321907";"Três Passos (RS)";"1042890,6"
"4321956";"Trindade do Sul (RS)";"350215,5"
"4322004";"Triunfo (RS)";"8100073,0"
"4322103";"Tucunduva (RS)";"231815,6"
"4322152";"Tunas (RS)";"94230,0"
"4322186";"Tupanci do Sul (RS)";"69335,3"
"4322202";"Tupanciretã (RS)";"1376718,6"
"4322251";"Tupandi (RS)";"492125,8"
"4322301";"Tuparendi (RS)";"337680,0"
"4322327";"Turuçu (RS)";"155552,7"
"4322343";"Ubiretama (RS)";"66301,4"
"4322350";"União da Serra (RS)";"61154,3"
"4322376";"Unistalda (RS)";"72706,0"
"4322400";"Uruguaiana (RS)";"3458296,3"
"4322509";"Vacaria (RS)";"3123584,7"
"4322525";"Vale Verde (RS)";"124468,3"
"4322533";"Vale do Sol (RS)";"308990,2"
"4322541";"Vale Real (RS)";"236643,3"
"4322558";"Vanini (RS)";"66961,2"
"4322608";"Venâncio Aires (RS)";"3876144,5"
"4322707";"Vera Cruz (RS)";"879952,0"
"4322806";"Veranópolis (RS)";"2153389,2"
"4322855";"Vespasiano Corrêa (RS)";"96634,6"
"4322905";"Viadutos (RS)";"180273,0"
"4323002";"Viamão (RS)";"4647664,1"
"4323101";"Vicente Dutra (RS)";"116894,5"
"4323200";"Victor Graeff (RS)";"183147,0"
"4323309";"Vila Flores (RS)";"331034,4"
"4323358";"Vila Lângaro (RS)";"159763,5"
"4323408";"Vila Maria (RS)";"326670,5"
"4323457";"Vila Nova do Sul (RS)";"158884,4"
"4323507";"Vista Alegre (RS)";"120420,1"
"4323606";"Vista Alegre do Prata (RS)";"74431,6"
"4323705";"Vista Gaúcha (RS)";"87315,0"
"4323754";"Vitória das Missões (RS)";"80086,7"
"4323770";"Westfália (RS)";"255847,2"
"4323804";"Xangri-lá (RS)";"790855,5"
"5000203";"Água Clara (MS)";"1718477,9"
"5000252";"Alcinópolis (MS)";"291925,7"
"5000609";"Amambai (MS)";"2107400,9"
"5000708";"Anastácio (MS)";"964114,9"
"5000807";"Anaurilândia (MS)";"438852,7"
"5000856";"Angélica (MS)";"1013830,4"
"5000906";"Antônio João (MS)";"917074,9"
"5001003";"Aparecida do Taboado (MS)";"2245279,2"
"5001102";"Aquidauana (MS)";"1341941,2"
"5001243";"Aral Moreira (MS)";"1184828,1"
"5001508";"Bandeirantes (MS)";"1076854,7"
"5001904";"Bataguassu (MS)";"1403351,9"
"5002001";"Batayporã (MS)";"637225,1"
"5002100";"Bela Vista (MS)";"1098991,0"
"5002159";"Bodoquena (MS)";"511355,2"
"5002209";"Bonito (MS)";"1312946,3"
"5002308";"Brasilândia (MS)";"1056555,0"
"5002407";"Caarapó (MS)";"2000419,6"
"5002605";"Camapuã (MS)";"774336,4"
"5002704";"Campo Grande (MS)";"40478598,4"
"5002803";"Caracol (MS)";"218740,0"
"5002902";"Cassilândia (MS)";"1000068,2"
"5002951";"Chapadão do Sul (MS)";"3540874,4"
"5003108";"Corguinho (MS)";"139569,9"
"5003157";"Coronel Sapucaia (MS)";"361038,7"
"5003207";"Corumbá (MS)";"3858946,6"
"5003256";"Costa Rica (MS)";"3569032,4"
"5003306";"Coxim (MS)";"1273342,0"
"5003454";"Deodápolis (MS)";"576103,4"
"5003488";"Dois Irmãos do Buriti (MS)";"375901,3"
"5003504";"Douradina (MS)";"221683,8"
"5003702";"Dourados (MS)";"17441797,7"
"5003751";"Eldorado (MS)";"558799,6"
"5003801";"Fátima do Sul (MS)";"730287,4"
"5003900";"Figueirão (MS)";"161689,8"
"5004007";"Glória de Dourados (MS)";"332846,7"
"5004106";"Guia Lopes da Laguna (MS)";"360935,9"
"5004304";"Iguatemi (MS)";"756245,7"
"5004403";"Inocência (MS)";"474388,1"
"5004502";"Itaporã (MS)";"1340705,8"
"5004601";"Itaquiraí (MS)";"1232965,6"
"5004700";"Ivinhema (MS)";"1561568,9"
"5004809";"Japorã (MS)";"191238,1"
"5004908";"Jaraguari (MS)";"777135,6"
"5005004";"Jardim (MS)";"1067856,5"
"5005103";"Jateí (MS)";"389893,3"
"5005152";"Juti (MS)";"388258,3"
"5005202";"Ladário (MS)";"385976,0"
"5005251";"Laguna Carapã (MS)";"895137,9"
"5005400";"Maracaju (MS)";"5775525,4"
"5005608";"Miranda (MS)";"673147,3"
"5005681";"Mundo Novo (MS)";"838514,4"
"5005707";"Naviraí (MS)";"2882131,8"
"5005806";"Nioaque (MS)";"541178,7"
"5006002";"Nova Alvorada do Sul (MS)";"2485637,2"
"5006200";"Nova Andradina (MS)";"3205466,0"
"5006259";"Novo Horizonte do Sul (MS)";"267858,0"
"5006275";"Paraíso das Águas (MS)";"1545566,0"
"5006309";"Paranaíba (MS)";"1606751,1"
"5006358";"Paranhos (MS)";"241040,3"
"5006408";"Pedro Gomes (MS)";"390020,7"
"5006606";"Ponta Porã (MS)";"4682121,5"
"5006903";"Porto Murtinho (MS)";"452837,6"
"5007109";"Ribas do Rio Pardo (MS)";"2220978,4"
"5007208";"Rio Brilhante (MS)";"3253726,8"
"5007307";"Rio Negro (MS)";"157675,0"
"5007406";"Rio Verde de Mato Grosso (MS)";"843881,1"
"5007505";"Rochedo (MS)";"373745,6"
"5007554";"Santa Rita do Pardo (MS)";"414091,0"
"5007695";"São Gabriel do Oeste (MS)";"3210185,1"
"5007703";"Sete Quedas (MS)";"408989,2"
"5007802";"Selvíria (MS)";"2961878,2"
"5007901";"Sidrolândia (MS)";"3961553,9"
"5007935";"Sonora (MS)";"1492717,0"
"5007950";"Tacuru (MS)";"299108,8"
"5007976";"Taquarussu (MS)";"165126,7"
"5008008";"Terenos (MS)";"934247,6"
"5008305";"Três Lagoas (MS)";"13045270,8"
"5008404";"Vicentina (MS)";"318970,7"
"5100102";"Acorizal (MT)";"143255,4"
"5100201";"Água Boa (MT)";"2559709,3"
"5100250";"Alta Floresta (MT)";"2570691,5"
"5100300";"Alto Araguaia (MT)";"1820876,3"
"5100359";"Alto Boa Vista (MT)";"321152,1"
"5100409";"Alto Garças (MT)";"1382832,3"
"5100508";"Alto Paraguai (MT)";"155561,6"
"5100607";"Alto Taquari (MT)";"1516365,8"
"5100805";"Apiacás (MT)";"256493,7"
"5101001";"Araguaiana (MT)";"172514,3"
"5101209";"Araguainha (MT)";"31669,0"
"5101258";"Araputanga (MT)";"707293,1"
"5101308";"Arenápolis (MT)";"270201,6"
"5101407";"Aripuanã (MT)";"1397040,7"
"5101605";"Barão de Melgaço (MT)";"121805,8"
"5101704";"Barra do Bugres (MT)";"1774306,7"
"5101803";"Barra do Garças (MT)";"3208205,5"
"5101852";"Bom Jesus do Araguaia (MT)";"1178321,0"
"5101902";"Brasnorte (MT)";"2458069,8"
"5102504";"Cáceres (MT)";"2349226,5"
"5102603";"Campinápolis (MT)";"498545,5"
"5102637";"Campo Novo do Parecis (MT)";"7304671,2"
"5102678";"Campo Verde (MT)";"5239951,8"
"5102686";"Campos de Júlio (MT)";"2919959,7"
"5102694";"Canabrava do Norte (MT)";"299804,9"
"5102702";"Canarana (MT)";"3111500,4"
"5102793";"Carlinda (MT)";"373988,0"
"5102850";"Castanheira (MT)";"217319,1"
"5103007";"Chapada dos Guimarães (MT)";"1386947,9"
"5103056";"Cláudia (MT)";"1189669,2"
"5103106";"Cocalinho (MT)";"348085,5"
"5103205";"Colíder (MT)";"1544914,6"
"5103254";"Colniza (MT)";"781096,5"
"5103304";"Comodoro (MT)";"1123198,7"
"5103353";"Confresa (MT)";"1746499,4"
"5103361";"Conquista D'Oeste (MT)";"157866,1"
"5103379";"Cotriguaçu (MT)";"271309,4"
"5103403";"Cuiabá (MT)";"34153880,9"
"5103437";"Curvelândia (MT)";"136475,7"
"5103452";"Denise (MT)";"503914,8"
"5103502";"Diamantino (MT)";"5401804,8"
"5103601";"Dom Aquino (MT)";"739335,9"
"5103700";"Feliz Natal (MT)";"1209071,4"
"5103809";"Figueirópolis D'Oeste (MT)";"90431,2"
"5103858";"Gaúcha do Norte (MT)";"1447641,1"
"5103908";"General Carneiro (MT)";"595398,6"
"5103957";"Glória D'Oeste (MT)";"89133,7"
"5104104";"Guarantã do Norte (MT)";"1082920,2"
"5104203";"Guiratinga (MT)";"748424,1"
"5104500";"Indiavaí (MT)";"105728,9"
"5104526";"Ipiranga do Norte (MT)";"2182478,3"
"5104542";"Itanhangá (MT)";"816015,2"
"5104559";"Itaúba (MT)";"596680,8"
"5104609";"Itiquira (MT)";"2231709,9"
"5104807";"Jaciara (MT)";"1401158,6"
"5104906";"Jangada (MT)";"182481,5"
"5105002";"Jauru (MT)";"330595,9"
"5105101";"Juara (MT)";"1555632,7"
"5105150";"Juína (MT)";"1538462,5"
"5105176";"Juruena (MT)";"304751,6"
"5105200";"Juscimeira (MT)";"554939,2"
"5105234";"Lambari D'Oeste (MT)";"272834,7"
"5105259";"Lucas do Rio Verde (MT)";"8003925,9"
"5105309";"Luciara (MT)";"54685,8"
"5105507";"Vila Bela da Santíssima Trindade (MT)";"733511,9"
"5105580";"Marcelândia (MT)";"949767,6"
"5105606";"Matupá (MT)";"1625931,9"
"5105622";"Mirassol d'Oeste (MT)";"1025802,1"
"5105903";"Nobres (MT)";"1181390,5"
"5106000";"Nortelândia (MT)";"344518,0"
"5106109";"Nossa Senhora do Livramento (MT)";"375822,1"
"5106158";"Nova Bandeirantes (MT)";"404640,7"
"5106174";"Nova Nazaré (MT)";"182489,4"
"5106182";"Nova Lacerda (MT)";"390804,9"
"5106190";"Nova Santa Helena (MT)";"446336,5"
"5106208";"Nova Brasilândia (MT)";"150092,3"
"5106216";"Nova Canaã do Norte (MT)";"972702,3"
"5106224";"Nova Mutum (MT)";"7464906,4"
"5106232";"Nova Olímpia (MT)";"925054,4"
"5106240";"Nova Ubiratã (MT)";"3432071,1"
"5106257";"Nova Xavantina (MT)";"1029677,3"
"5106265";"Novo Mundo (MT)";"593945,4"
"5106273";"Novo Horizonte do Norte (MT)";"97560,8"
"5106281";"Novo São Joaquim (MT)";"1070881,8"
"5106299";"Paranaíta (MT)";"756270,3"
"5106307";"Paranatinga (MT)";"2601145,7"
"5106315";"Novo Santo Antônio (MT)";"64418,7"
"5106372";"Pedra Preta (MT)";"1462612,6"
"5106422";"Peixoto de Azevedo (MT)";"995051,5"
"5106455";"Planalto da Serra (MT)";"314833,5"
"5106505";"Poconé (MT)";"814582,3"
"5106653";"Pontal do Araguaia (MT)";"135251,3"
"5106703";"Ponte Branca (MT)";"38418,3"
"5106752";"Pontes e Lacerda (MT)";"2278640,1"
"5106778";"Porto Alegre do Norte (MT)";"655064,8"
"5106802";"Porto dos Gaúchos (MT)";"1550521,4"
"5106828";"Porto Esperidião (MT)";"273512,5"
"5106851";"Porto Estrela (MT)";"87759,6"
"5107008";"Poxoréu (MT)";"1203312,3"
"5107040";"Primavera do Leste (MT)";"7988768,6"
"5107065";"Querência (MT)";"3909819,7"
"5107107";"São José dos Quatro Marcos (MT)";"471805,0"
"5107156";"Reserva do Cabaçal (MT)";"46372,4"
"5107180";"Ribeirão Cascalheira (MT)";"801786,1"
"5107198";"Ribeirãozinho (MT)";"199827,9"
"5107206";"Rio Branco (MT)";"110386,8"
"5107248";"Santa Carmem (MT)";"1176355,1"
"5107263";"Santo Afonso (MT)";"169626,5"
"5107297";"São José do Povo (MT)";"62481,8"
"5107305";"São José do Rio Claro (MT)";"1634358,3"
"5107354";"São José do Xingu (MT)";"1039023,2"
"5107404";"São Pedro da Cipa (MT)";"77884,4"
"5107578";"Rondolândia (MT)";"126017,9"
"5107602";"Rondonópolis (MT)";"15869901,8"
"5107701";"Rosário Oeste (MT)";"568249,9"
"5107743";"Santa Cruz do Xingu (MT)";"334644,5"
"5107750";"Salto do Céu (MT)";"100560,0"
"5107768";"Santa Rita do Trivelato (MT)";"1409325,0"
"5107776";"Santa Terezinha (MT)";"320969,8"
"5107792";"Santo Antônio do Leste (MT)";"1165372,2"
"5107800";"Santo Antônio de Leverger (MT)";"803331,6"
"5107859";"São Félix do Araguaia (MT)";"2172963,2"
"5107875";"Sapezal (MT)";"5842522,7"
"5107883";"Serra Nova Dourada (MT)";"127711,9"
"5107909";"Sinop (MT)";"11650410,6"
"5107925";"Sorriso (MT)";"14387658,4"
"5107941";"Tabaporã (MT)";"1660090,2"
"5107958";"Tangará da Serra (MT)";"4811645,9"
"5108006";"Tapurah (MT)";"2367328,0"
"5108055";"Terra Nova do Norte (MT)";"526159,4"
"5108105";"Tesouro (MT)";"329491,6"
"5108204";"Torixoréu (MT)";"275070,7"
"5108303";"União do Sul (MT)";"611917,4"
"5108352";"Vale de São Domingos (MT)";"102217,3"
"5108402";"Várzea Grande (MT)";"11559595,8"
"5108501";"Vera (MT)";"1476865,0"
"5108600";"Vila Rica (MT)";"889825,4"
"5108808";"Nova Guarita (MT)";"202282,7"
"5108857";"Nova Marilândia (MT)";"651212,0"
"5108907";"Nova Maringá (MT)";"1256417,6"
"5108956";"Nova Monte Verde (MT)";"368306,8"
"5200050";"Abadia de Goiás (GO)";"405353,1"
"5200100";"Abadiânia (GO)";"544311,6"
"5200134";"Acreúna (GO)";"1456802,8"
"5200159";"Adelândia (GO)";"53664,3"
"5200175";"Água Fria de Goiás (GO)";"616436,5"
"5200209";"Água Limpa (GO)";"66332,0"
"5200258";"Águas Lindas de Goiás (GO)";"2814336,8"
"5200308";"Alexânia (GO)";"1493904,9"
"5200506";"Aloândia (GO)";"78700,9"
"5200555";"Alto Horizonte (GO)";"737307,7"
"5200605";"Alto Paraíso de Goiás (GO)";"402805,3"
"5200803";"Alvorada do Norte (GO)";"209335,2"
"5200829";"Amaralina (GO)";"110398,0"
"5200852";"Americano do Brasil (GO)";"97738,1"
"5200902";"Amorinópolis (GO)";"130087,0"
"5201108";"Anápolis (GO)";"19393187,2"
"5201207";"Anhanguera (GO)";"23036,8"
"5201306";"Anicuns (GO)";"729132,8"
"5201405";"Aparecida de Goiânia (GO)";"19197775,6"
"5201454";"Aparecida do Rio Doce (GO)";"133888,0"
"5201504";"Aporé (GO)";"574539,3"
"5201603";"Araçu (GO)";"79947,2"
"5201702";"Aragarças (GO)";"316671,3"
"5201801";"Aragoiânia (GO)";"215372,8"
"5202155";"Araguapaz (GO)";"220783,8"
"5202353";"Arenópolis (GO)";"244356,7"
"5202502";"Aruanã (GO)";"353548,7"
"5202601";"Aurilândia (GO)";"88517,0"
"5202809";"Avelinópolis (GO)";"86600,4"
"5203104";"Baliza (GO)";"140014,3"
"5203203";"Barro Alto (GO)";"2308282,6"
"5203302";"Bela Vista de Goiás (GO)";"1776808,2"
"5203401";"Bom Jardim de Goiás (GO)";"370230,8"
"5203500";"Bom Jesus de Goiás (GO)";"1694251,8"
"5203559";"Bonfinópolis (GO)";"135488,7"
"5203575";"Bonópolis (GO)";"320197,6"
"5203609";"Brazabrantes (GO)";"100987,0"
"5203807";"Britânia (GO)";"249704,0"
"5203906";"Buriti Alegre (GO)";"543167,3"
"5203939";"Buriti de Goiás (GO)";"63515,1"
"5203962";"Buritinópolis (GO)";"87658,2"
"5204003";"Cabeceiras (GO)";"582979,4"
"5204102";"Cachoeira Alta (GO)";"336767,7"
"5204201";"Cachoeira de Goiás (GO)";"40829,8"
"5204250";"Cachoeira Dourada (GO)";"987681,9"
"5204300";"Caçu (GO)";"997749,8"
"5204409";"Caiapônia (GO)";"1026341,5"
"5204508";"Caldas Novas (GO)";"3407344,8"
"5204557";"Caldazinha (GO)";"93320,6"
"5204607";"Campestre de Goiás (GO)";"78141,4"
"5204656";"Campinaçu (GO)";"122479,7"
"5204706";"Campinorte (GO)";"402543,2"
"5204805";"Campo Alegre de Goiás (GO)";"898584,8"
"5204854";"Campo Limpo de Goiás (GO)";"190039,8"
"5204904";"Campos Belos (GO)";"365495,2"
"5204953";"Campos Verdes (GO)";"71227,9"
"5205000";"Carmo do Rio Verde (GO)";"656878,1"
"5205059";"Castelândia (GO)";"111742,6"
"5205109";"Catalão (GO)";"11139336,9"
"5205208";"Caturaí (GO)";"109160,0"
"5205307";"Cavalcante (GO)";"368132,3"
"5205406";"Ceres (GO)";"846103,9"
"5205455";"Cezarina (GO)";"529151,4"
"5205471";"Chapadão do Céu (GO)";"3144083,1"
"5205497";"Cidade Ocidental (GO)";"1207175,0"
"5205513";"Cocalzinho de Goiás (GO)";"500549,3"
"5205521";"Colinas do Sul (GO)";"87147,4"
"5205703";"Córrego do Ouro (GO)";"77066,1"
"5205802";"Corumbá de Goiás (GO)";"281208,8"
"5205901";"Corumbaíba (GO)";"864715,7"
"5206206";"Cristalina (GO)";"5747945,9"
"5206305";"Cristianópolis (GO)";"134766,4"
"5206404";"Crixás (GO)";"613757,3"
"5206503";"Cromínia (GO)";"130555,2"
"5206602";"Cumari (GO)";"100191,9"
"5206701";"Damianópolis (GO)";"51962,4"
"5206800";"Damolândia (GO)";"54855,9"
"5206909";"Davinópolis (GO)";"484725,3"
"5207105";"Diorama (GO)";"128987,1"
"5207253";"Doverlândia (GO)";"452890,4"
"5207352";"Edealina (GO)";"532335,0"
"5207402";"Edéia (GO)";"1197314,4"
"5207501";"Estrela do Norte (GO)";"85988,8"
"5207535";"Faina (GO)";"184745,2"
"5207600";"Fazenda Nova (GO)";"184038,9"
"5207808";"Firminópolis (GO)";"321738,2"
"5207907";"Flores de Goiás (GO)";"257902,1"
"5208004";"Formosa (GO)";"3836842,4"
"5208103";"Formoso (GO)";"121774,7"
"5208152";"Gameleira de Goiás (GO)";"327275,2"
"5208301";"Divinópolis de Goiás (GO)";"105752,3"
"5208400";"Goianápolis (GO)";"338710,4"
"5208509";"Goiandira (GO)";"185998,6"
"5208608";"Goianésia (GO)";"2340498,7"
"5208707";"Goiânia (GO)";"66273858,3"
"5208806";"Goianira (GO)";"1465103,2"
"5208905";"Goiás (GO)";"760982,1"
"5209101";"Goiatuba (GO)";"2732049,4"
"5209150";"Gouvelândia (GO)";"283452,8"
"5209200";"Guapó (GO)";"448765,4"
"5209291";"Guaraíta (GO)";"55037,5"
"5209408";"Guarani de Goiás (GO)";"91931,0"
"5209457";"Guarinos (GO)";"72418,8"
"5209606";"Heitoraí (GO)";"85602,4"
"5209705";"Hidrolândia (GO)";"1479825,0"
"5209804";"Hidrolina (GO)";"102502,9"
"5209903";"Iaciara (GO)";"230099,3"
"5209937";"Inaciolândia (GO)";"404147,3"
"5209952";"Indiara (GO)";"782636,7"
"5210000";"Inhumas (GO)";"1717480,2"
"5210109";"Ipameri (GO)";"2858914,5"
"5210158";"Ipiranga de Goiás (GO)";"95533,8"
"5210208";"Iporá (GO)";"1098898,3"
"5210307";"Israelândia (GO)";"82656,2"
"5210406";"Itaberaí (GO)";"2164544,3"
"5210562";"Itaguari (GO)";"121328,6"
"5210604";"Itaguaru (GO)";"110283,9"
"5210802";"Itajá (GO)";"139352,1"
"5210901";"Itapaci (GO)";"631233,6"
"5211008";"Itapirapuã (GO)";"274553,5"
"5211206";"Itapuranga (GO)";"670131,0"
"5211305";"Itarumã (GO)";"365932,9"
"5211404";"Itauçu (GO)";"301870,8"
"5211503";"Itumbiara (GO)";"6509932,9"
"5211602";"Ivolândia (GO)";"151242,6"
"5211701";"Jandaia (GO)";"502063,5"
"5211800";"Jaraguá (GO)";"1067820,5"
"5211909";"Jataí (GO)";"10563395,4"
"5212006";"Jaupaci (GO)";"105007,8"
"5212055";"Jesúpolis (GO)";"44293,8"
"5212105";"Joviânia (GO)";"462961,8"
"5212204";"Jussara (GO)";"838117,3"
"5212253";"Lagoa Santa (GO)";"58208,5"
"5212303";"Leopoldo de Bulhões (GO)";"380977,0"
"5212501";"Luziânia (GO)";"6279118,7"
"5212600";"Mairipotaba (GO)";"96453,5"
"5212709";"Mambaí (GO)";"124921,5"
"5212808";"Mara Rosa (GO)";"344860,2"
"5212907";"Marzagão (GO)";"73425,1"
"5212956";"Matrinchã (GO)";"210834,8"
"5213004";"Maurilândia (GO)";"367298,2"
"5213053";"Mimoso de Goiás (GO)";"252300,4"
"5213087";"Minaçu (GO)";"1104594,0"
"5213103";"Mineiros (GO)";"4410757,4"
"5213400";"Moiporá (GO)";"56827,5"
"5213509";"Monte Alegre de Goiás (GO)";"132507,6"
"5213707";"Montes Claros de Goiás (GO)";"791210,7"
"5213756";"Montividiu (GO)";"1836670,5"
"5213772";"Montividiu do Norte (GO)";"119244,8"
"5213806";"Morrinhos (GO)";"2416416,2"
"5213855";"Morro Agudo de Goiás (GO)";"62113,4"
"5213905";"Mossâmedes (GO)";"176662,6"
"5214002";"Mozarlândia (GO)";"948329,4"
"5214051";"Mundo Novo (GO)";"218703,5"
"5214101";"Mutunópolis (GO)";"92785,8"
"5214408";"Nazário (GO)";"338764,1"
"5214507";"Nerópolis (GO)";"1268862,8"
"5214606";"Niquelândia (GO)";"1345074,0"
"5214705";"Nova América (GO)";"57608,3"
"5214804";"Nova Aurora (GO)";"61260,4"
"5214838";"Nova Crixás (GO)";"837462,0"
"5214861";"Nova Glória (GO)";"211782,5"
"5214879";"Nova Iguaçu de Goiás (GO)";"63644,3"
"5214903";"Nova Roma (GO)";"71050,7"
"5215009";"Nova Veneza (GO)";"225168,3"
"5215207";"Novo Brasil (GO)";"91491,6"
"5215231";"Novo Gama (GO)";"1225872,7"
"5215256";"Novo Planalto (GO)";"218000,5"
"5215306";"Orizona (GO)";"1078348,2"
"5215405";"Ouro Verde de Goiás (GO)";"143082,6"
"5215504";"Ouvidor (GO)";"547735,1"
"5215603";"Padre Bernardo (GO)";"1268685,1"
"5215652";"Palestina de Goiás (GO)";"194265,5"
"5215702";"Palmeiras de Goiás (GO)";"2058422,8"
"5215801";"Palmelo (GO)";"61056,6"
"5215900";"Palminópolis (GO)";"226657,4"
"5216007";"Panamá (GO)";"162077,1"
"5216304";"Paranaiguara (GO)";"303870,5"
"5216403";"Paraúna (GO)";"2257148,5"
"5216452";"Perolândia (GO)";"806453,9"
"5216809";"Petrolina de Goiás (GO)";"196907,2"
"5216908";"Pilar de Goiás (GO)";"150442,0"
"5217104";"Piracanjuba (GO)";"1553629,9"
"5217203";"Piranhas (GO)";"867467,4"
"5217302";"Pirenópolis (GO)";"723535,3"
"5217401";"Pires do Rio (GO)";"1665447,9"
"5217609";"Planaltina (GO)";"1847268,6"
"5217708";"Pontalina (GO)";"825563,5"
"5218003";"Porangatu (GO)";"2114318,9"
"5218052";"Porteirão (GO)";"432393,4"
"5218102";"Portelândia (GO)";"419209,5"
"5218300";"Posse (GO)";"848353,5"
"5218391";"Professor Jamil (GO)";"79955,6"
"5218508";"Quirinópolis (GO)";"2849824,4"
"5218607";"Rialma (GO)";"377773,3"
"5218706";"Rianápolis (GO)";"100217,0"
"5218789";"Rio Quente (GO)";"444583,6"
"5218805";"Rio Verde (GO)";"21534362,3"
"5218904";"Rubiataba (GO)";"716389,0"
"5219001";"Sanclerlândia (GO)";"280545,3"
"5219100";"Santa Bárbara de Goiás (GO)";"178422,8"
"5219209";"Santa Cruz de Goiás (GO)";"320516,7"
"5219258";"Santa Fé de Goiás (GO)";"336798,3"
"5219308";"Santa Helena de Goiás (GO)";"2215719,8"
"5219357";"Santa Isabel (GO)";"157237,7"
"5219407";"Santa Rita do Araguaia (GO)";"191288,7"
"5219456";"Santa Rita do Novo Destino (GO)";"185961,8"
"5219506";"Santa Rosa de Goiás (GO)";"73250,5"
"5219605";"Santa Tereza de Goiás (GO)";"109189,7"
"5219704";"Santa Terezinha de Goiás (GO)";"216145,9"
"5219712";"Santo Antônio da Barra (GO)";"348988,3"
"5219738";"Santo Antônio de Goiás (GO)";"161394,0"
"5219753";"Santo Antônio do Descoberto (GO)";"887443,1"
"5219803";"São Domingos (GO)";"203081,3"
"5219902";"São Francisco de Goiás (GO)";"142561,8"
"5220009";"São João d'Aliança (GO)";"681974,2"
"5220058";"São João da Paraúna (GO)";"158221,2"
"5220108";"São Luís de Montes Belos (GO)";"1887337,1"
"5220157";"São Luiz do Norte (GO)";"207647,8"
"5220207";"São Miguel do Araguaia (GO)";"782339,3"
"5220264";"São Miguel do Passa Quatro (GO)";"360021,1"
"5220280";"São Patrício (GO)";"60325,6"
"5220405";"São Simão (GO)";"1477387,4"
"5220454";"Senador Canedo (GO)";"5809312,3"
"5220504";"Serranópolis (GO)";"832893,0"
"5220603";"Silvânia (GO)";"1548586,1"
"5220686";"Simolândia (GO)";"232071,2"
"5220702";"Sítio d'Abadia (GO)";"106619,4"
"5221007";"Taquaral de Goiás (GO)";"97546,1"
"5221080";"Teresina de Goiás (GO)";"41892,0"
"5221197";"Terezópolis de Goiás (GO)";"236518,0"
"5221304";"Três Ranchos (GO)";"71370,6"
"5221403";"Trindade (GO)";"3228070,7"
"5221452";"Trombas (GO)";"72682,9"
"5221502";"Turvânia (GO)";"371443,1"
"5221551";"Turvelândia (GO)";"810934,8"
"5221577";"Uirapuru (GO)";"78043,5"
"5221601";"Uruaçu (GO)";"1495648,5"
"5221700";"Uruana (GO)";"350884,6"
"5221809";"Urutaí (GO)";"165092,7"
"5221858";"Valparaíso de Goiás (GO)";"3278278,7"
"5221908";"Varjão (GO)";"117653,1"
"5222005";"Vianópolis (GO)";"960671,8"
"5222054";"Vicentinópolis (GO)";"720443,6"
"5222203";"Vila Boa (GO)";"194802,6"
"5222302";"Vila Propício (GO)";"457512,1"
"5300108";"Brasília (DF)";"328789563,0"
"Fonte: IBGE, em parceria com os Órgãos Estaduais de Estatística, Secretarias Estaduais de Governo e Superintendência da Zona Franca de Manaus - SUFRAMA"

"Notas"
"1 - Os dados de 2022 e 2023 estarão sujeitos a revisão na próxima publicação."
"2 - Para os anos de 2022 e 2023 foram divulgados apenas o Produto Interno Bruto e o Produto Interno Bruto per capita, conforme a nota técnica 02/2024 do Sistema de Contas Nacionais, que pode ser acessada em https://biblioteca.ibge.gov.br/visualizacao/livros/liv102094.pdf."
"3 - Os dados da série retropolada (de 2002 a 2009) também têm como referência o ano de 2010, seguindo a nova referência das Contas Nacionais."
""
"Legenda"
"Símbolo";"Significado"
"-";"Zero absoluto, não resultante de um cálculo ou arredondamento.
Ex: Em determinado município não existem pessoas de 14 anos de idade sem instrução."
"0";"Zero resultante de um cálculo ou arredondamento.
Ex: A inflação do feijão em determinada Região Metropolitana foi 0.
Determinado município produziu 400 kg de sementes de girassol e os dados da tabela são expressos em toneladas."
"X";"Valor inibido para não identificar o informante.
Ex: Determinado município só possui uma empresa produtora de cimento, logo o valor de sua produção deve ser inibido."
"..";"Valor não se aplica.
Ex: Não se pode obter o total da produção agrícola em determinado município quando os produtos agrícolas são contabilizados com unidades de medida distintas."
"...";"Valor não disponível.
Ex: A produção de feijão em determinado município não foi pesquisada ou determinado município não existia no ano da pesquisa."
"A a Z
(exceto X)";"Significa uma faixa de valores. Varia em função da tabela (se for o caso).
Ex: O nível de precisão da produção estimada de combustíveis está na faixa A (95 a 100%)"
