"Tabela 5938 - Produto interno bruto a preços correntes, impostos, líquidos de subsídios, sobre produtos a preços correntes e valor adicionado bruto a preços correntes total e por atividade econômica, e respectivas participações - Referência 2010"
"Variável - Produto Interno Bruto a preços correntes (Mil Reais)"
"Cód.";"Município";"Ano"
"Cód.";"Município";"2018"
"1100015";"Alta Floresta D'Oeste (RO)";"498980,1"
"1100023";"Ariquemes (RO)";"2464704,1"
"1100031";"Cabixi (RO)";"140503,2"
"1100049";"Cacoal (RO)";"2175839,9"
"1100056";"Cerejeiras (RO)";"470647,3"
"1100064";"Colorado do Oeste (RO)";"330231,8"
"1100072";"Corumbiara (RO)";"320416,4"
"1100080";"Costa Marques (RO)";"230150,6"
"1100098";"Espigão D'Oeste (RO)";"606072,3"
"1100106";"Guajará-Mirim (RO)";"837458,8"
"1100114";"Jaru (RO)";"1484554,7"
"1100122";"Ji-Paraná (RO)";"3466809,7"
"1100130";"Machadinho D'Oeste (RO)";"642283,2"
"1100148";"Nova Brasilândia D'Oeste (RO)";"345779,2"
"1100155";"Ouro Preto do Oeste (RO)";"807496,8"
"1100189";"Pimenta Bueno (RO)";"1129769,9"
"1100205";"Porto Velho (RO)";"16655670,1"
"1100254";"Presidente Médici (RO)";"418683,1"
"1100262";"Rio Crespo (RO)";"102476,3"
"1100288";"Rolim de Moura (RO)";"1291475,7"
"1100296";"Santa Luzia D'Oeste (RO)";"146269,1"
"1100304";"Vilhena (RO)";"2720979,3"
"1100320";"São Miguel do Guaporé (RO)";"704874,0"
"1100338";"Nova Mamoré (RO)";"508409,3"
"1100346";"Alvorada D'Oeste (RO)";"256200,0"
"1100379";"Alto Alegre dos Parecis (RO)";"278341,6"
"1100403";"Alto Paraíso (RO)";"328757,0"
"1100452";"Buritis (RO)";"680428,1"
"1100502";"Novo Horizonte do Oeste (RO)";"165985,7"
"1100601";"Cacaulândia (RO)";"140567,3"
"1100700";"Campo Novo de Rondônia (RO)";"285322,7"
"1100809";"Candeias do Jamari (RO)";"568963,4"
"1100908";"Castanheiras (RO)";"113026,1"
"1100924";"Chupinguaia (RO)";"300108,6"
"1100940";"Cujubim (RO)";"357078,5"
"1101005";"Governador Jorge Teixeira (RO)";"178490,8"
"1101104";"Itapuã do Oeste (RO)";"173175,0"
"1101203";"Ministro Andreazza (RO)";"205983,1"
"1101302";"Mirante da Serra (RO)";"218549,1"
"1101401";"Monte Negro (RO)";"284071,4"
"1101435";"Nova União (RO)";"121109,5"
"1101450";"Parecis (RO)";"106828,2"
"1101468";"Pimenteiras do Oeste (RO)";"104549,9"
"1101476";"Primavera de Rondônia (RO)";"60539,9"
"1101484";"São Felipe D'Oeste (RO)";"89556,8"
"1101492";"São Francisco do Guaporé (RO)";"352819,3"
"1101500";"Seringueiras (RO)";"234735,5"
"1101559";"Teixeirópolis (RO)";"89190,5"
"1101609";"Theobroma (RO)";"191946,5"
"1101708";"Urupá (RO)";"217075,6"
"1101757";"Vale do Anari (RO)";"159963,7"
"1101807";"Vale do Paraíso (RO)";"150079,8"
"1200013";"Acrelândia (AC)";"253137,9"
"1200054";"Assis Brasil (AC)";"89874,8"
"1200104";"Brasiléia (AC)";"439547,5"
"1200138";"Bujari (AC)";"158190,7"
"1200179";"Capixaba (AC)";"164238,3"
"1200203";"Cruzeiro do Sul (AC)";"1401490,0"
"1200252";"Epitaciolândia (AC)";"440176,8"
"1200302";"Feijó (AC)";"366051,6"
"1200328";"Jordão (AC)";"78137,6"
"1200336";"Mâncio Lima (AC)";"201048,0"
"1200344";"Manoel Urbano (AC)";"138288,1"
"1200351";"Marechal Thaumaturgo (AC)";"192055,0"
"1200385";"Plácido de Castro (AC)";"262260,8"
"1200393";"Porto Walter (AC)";"112166,5"
"1200401";"Rio Branco (AC)";"8911059,6"
"1200427";"Rodrigues Alves (AC)";"187067,6"
"1200435";"Santa Rosa do Purus (AC)";"71761,1"
"1200450";"Senador Guiomard (AC)";"371143,7"
"1200500";"Sena Madureira (AC)";"520297,9"
"1200609";"Tarauacá (AC)";"487947,9"
"1200708";"Xapuri (AC)";"250235,4"
"1200807";"Porto Acre (AC)";"234946,0"
"1300029";"Alvarães (AM)";"170088,7"
"1300060";"Amaturá (AM)";"83446,6"
"1300086";"Anamã (AM)";"116719,1"
"1300102";"Anori (AM)";"218807,5"
"1300144";"Apuí (AM)";"209969,9"
"1300201";"Atalaia do Norte (AM)";"143056,7"
"1300300";"Autazes (AM)";"356934,1"
"1300409";"Barcelos (AM)";"168626,4"
"1300508";"Barreirinha (AM)";"259290,5"
"1300607";"Benjamin Constant (AM)";"310750,6"
"1300631";"Beruri (AM)";"151804,9"
"1300680";"Boa Vista do Ramos (AM)";"140055,1"
"1300706";"Boca do Acre (AM)";"415766,1"
"1300805";"Borba (AM)";"304754,8"
"1300839";"Caapiranga (AM)";"156561,4"
"1300904";"Canutama (AM)";"107991,4"
"1301001";"Carauari (AM)";"307070,5"
"1301100";"Careiro (AM)";"314628,8"
"1301159";"Careiro da Várzea (AM)";"337462,9"
"1301209";"Coari (AM)";"2018615,4"
"1301308";"Codajás (AM)";"501935,1"
"1301407";"Eirunepé (AM)";"518216,4"
"1301506";"Envira (AM)";"157793,9"
"1301605";"Fonte Boa (AM)";"180667,2"
"1301654";"Guajará (AM)";"123680,9"
"1301704";"Humaitá (AM)";"621322,2"
"1301803";"Ipixuna (AM)";"152316,1"
"1301852";"Iranduba (AM)";"678368,5"
"1301902";"Itacoatiara (AM)";"1882624,3"
"1301951";"Itamarati (AM)";"95521,8"
"1302009";"Itapiranga (AM)";"111075,4"
"1302108";"Japurá (AM)";"63037,9"
"1302207";"Juruá (AM)";"104579,1"
"1302306";"Jutaí (AM)";"224322,3"
"1302405";"Lábrea (AM)";"493720,0"
"1302504";"Manacapuru (AM)";"1428779,6"
"1302553";"Manaquiri (AM)";"275567,0"
"1302603";"Manaus (AM)";"78155386,5"
"1302702";"Manicoré (AM)";"529373,8"
"1302801";"Maraã (AM)";"129462,8"
"1302900";"Maués (AM)";"502003,7"
"1303007";"Nhamundá (AM)";"152077,3"
"1303106";"Nova Olinda do Norte (AM)";"247213,9"
"1303205";"Novo Airão (AM)";"136543,0"
"1303304";"Novo Aripuanã (AM)";"200293,2"
"1303403";"Parintins (AM)";"1123079,5"
"1303502";"Pauini (AM)";"157104,4"
"1303536";"Presidente Figueiredo (AM)";"823935,8"
"1303569";"Rio Preto da Eva (AM)";"382992,3"
"1303601";"Santa Isabel do Rio Negro (AM)";"138110,1"
"1303700";"Santo Antônio do Içá (AM)";"181770,7"
"1303809";"São Gabriel da Cachoeira (AM)";"331771,4"
"1303908";"São Paulo de Olivença (AM)";"251748,4"
"1303957";"São Sebastião do Uatumã (AM)";"117748,4"
"1304005";"Silves (AM)";"101822,5"
"1304062";"Tabatinga (AM)";"537079,0"
"1304104";"Tapauá (AM)";"247784,8"
"1304203";"Tefé (AM)";"936724,1"
"1304237";"Tonantins (AM)";"133877,3"
"1304260";"Uarini (AM)";"188174,7"
"1304302";"Urucará (AM)";"330707,8"
"1304401";"Urucurituba (AM)";"166520,8"
"1400027";"Amajari (RR)";"169685,2"
"1400050";"Alto Alegre (RR)";"280115,4"
"1400100";"Boa Vista (RR)";"10042234,1"
"1400159";"Bonfim (RR)";"281340,4"
"1400175";"Cantá (RR)";"268479,7"
"1400209";"Caracaraí (RR)";"347040,1"
"1400233";"Caroebe (RR)";"178392,5"
"1400282";"Iracema (RR)";"159894,7"
"1400308";"Mucajaí (RR)";"309570,3"
"1400407";"Normandia (RR)";"153494,6"
"1400456";"Pacaraima (RR)";"204459,6"
"1400472";"Rorainópolis (RR)";"547432,0"
"1400506";"São João da Baliza (RR)";"177731,8"
"1400605";"São Luiz (RR)";"139073,9"
"1400704";"Uiramutã (RR)";"111043,3"
"1500107";"Abaetetuba (PA)";"1413516,7"
"1500131";"Abel Figueiredo (PA)";"82186,1"
"1500206";"Acará (PA)";"913952,3"
"1500305";"Afuá (PA)";"357706,5"
"1500347";"Água Azul do Norte (PA)";"422972,1"
"1500404";"Alenquer (PA)";"566617,6"
"1500503";"Almeirim (PA)";"591445,7"
"1500602";"Altamira (PA)";"2723890,0"
"1500701";"Anajás (PA)";"206730,0"
"1500800";"Ananindeua (PA)";"7522960,9"
"1500859";"Anapu (PA)";"368823,1"
"1500909";"Augusto Corrêa (PA)";"305706,6"
"1500958";"Aurora do Pará (PA)";"260751,9"
"1501006";"Aveiro (PA)";"118031,9"
"1501105";"Bagre (PA)";"207731,4"
"1501204";"Baião (PA)";"346675,4"
"1501253";"Bannach (PA)";"78124,5"
"1501303";"Barcarena (PA)";"4737435,6"
"1501402";"Belém (PA)";"31479272,2"
"1501451";"Belterra (PA)";"159131,8"
"1501501";"Benevides (PA)";"1589788,9"
"1501576";"Bom Jesus do Tocantins (PA)";"175982,0"
"1501600";"Bonito (PA)";"151768,2"
"1501709";"Bragança (PA)";"1127614,3"
"1501725";"Brasil Novo (PA)";"251821,1"
"1501758";"Brejo Grande do Araguaia (PA)";"78157,1"
"1501782";"Breu Branco (PA)";"569600,9"
"1501808";"Breves (PA)";"813404,0"
"1501907";"Bujaru (PA)";"453202,0"
"1501956";"Cachoeira do Piriá (PA)";"179380,7"
"1502004";"Cachoeira do Arari (PA)";"183253,2"
"1502103";"Cametá (PA)";"1131453,8"
"1502152";"Canaã dos Carajás (PA)";"7106492,1"
"1502202";"Capanema (PA)";"1027330,6"
"1502301";"Capitão Poço (PA)";"499285,4"
"1502400";"Castanhal (PA)";"3911556,1"
"1502509";"Chaves (PA)";"187399,5"
"1502608";"Colares (PA)";"80853,2"
"1502707";"Conceição do Araguaia (PA)";"552552,6"
"1502756";"Concórdia do Pará (PA)";"293528,1"
"1502764";"Cumaru do Norte (PA)";"288968,6"
"1502772";"Curionópolis (PA)";"820132,0"
"1502806";"Curralinho (PA)";"522027,4"
"1502855";"Curuá (PA)";"124466,7"
"1502905";"Curuçá (PA)";"287319,3"
"1502939";"Dom Eliseu (PA)";"685323,9"
"1502954";"Eldorado do Carajás (PA)";"377618,1"
"1503002";"Faro (PA)";"54909,1"
"1503044";"Floresta do Araguaia (PA)";"340155,0"
"1503077";"Garrafão do Norte (PA)";"218668,4"
"1503093";"Goianésia do Pará (PA)";"339363,3"
"1503101";"Gurupá (PA)";"269626,3"
"1503200";"Igarapé-Açu (PA)";"355023,3"
"1503309";"Igarapé-Miri (PA)";"494094,0"
"1503408";"Inhangapi (PA)";"126126,0"
"1503457";"Ipixuna do Pará (PA)";"518923,7"
"1503507";"Irituia (PA)";"213457,6"
"1503606";"Itaituba (PA)";"1814309,6"
"1503705";"Itupiranga (PA)";"518940,7"
"1503754";"Jacareacanga (PA)";"461440,1"
"1503804";"Jacundá (PA)";"484128,8"
"1503903";"Juruti (PA)";"996561,9"
"1504000";"Limoeiro do Ajuru (PA)";"404797,4"
"1504059";"Mãe do Rio (PA)";"292917,6"
"1504109";"Magalhães Barata (PA)";"81722,6"
"1504208";"Marabá (PA)";"8779877,7"
"1504307";"Maracanã (PA)";"234515,3"
"1504406";"Marapanim (PA)";"234486,7"
"1504422";"Marituba (PA)";"1901592,6"
"1504455";"Medicilândia (PA)";"613953,6"
"1504505";"Melgaço (PA)";"178065,7"
"1504604";"Mocajuba (PA)";"294911,1"
"1504703";"Moju (PA)";"841662,8"
"1504752";"Mojuí dos Campos (PA)";"153295,4"
"1504802";"Monte Alegre (PA)";"720963,4"
"1504901";"Muaná (PA)";"257443,5"
"1504950";"Nova Esperança do Piriá (PA)";"197887,0"
"1504976";"Nova Ipixuna (PA)";"136532,7"
"1505007";"Nova Timboteua (PA)";"118686,9"
"1505031";"Novo Progresso (PA)";"584389,0"
"1505064";"Novo Repartimento (PA)";"853901,1"
"1505106";"Óbidos (PA)";"640921,2"
"1505205";"Oeiras do Pará (PA)";"388391,9"
"1505304";"Oriximiná (PA)";"1626475,3"
"1505403";"Ourém (PA)";"169095,2"
"1505437";"Ourilândia do Norte (PA)";"610583,4"
"1505486";"Pacajá (PA)";"595518,7"
"1505494";"Palestina do Pará (PA)";"65451,7"
"1505502";"Paragominas (PA)";"2646845,0"
"1505536";"Parauapebas (PA)";"15994405,4"
"1505551";"Pau D'Arco (PA)";"87951,0"
"1505601";"Peixe-Boi (PA)";"55061,1"
"1505635";"Piçarra (PA)";"235130,9"
"1505650";"Placas (PA)";"245415,4"
"1505700";"Ponta de Pedras (PA)";"212006,4"
"1505809";"Portel (PA)";"893428,5"
"1505908";"Porto de Moz (PA)";"309826,0"
"1506005";"Prainha (PA)";"288609,8"
"1506104";"Primavera (PA)";"198940,5"
"1506112";"Quatipuru (PA)";"97467,4"
"1506138";"Redenção (PA)";"1802377,3"
"1506161";"Rio Maria (PA)";"479388,5"
"1506187";"Rondon do Pará (PA)";"531514,0"
"1506195";"Rurópolis (PA)";"350270,1"
"1506203";"Salinópolis (PA)";"470323,3"
"1506302";"Salvaterra (PA)";"174925,7"
"1506351";"Santa Bárbara do Pará (PA)";"172319,9"
"1506401";"Santa Cruz do Arari (PA)";"68942,5"
"1506500";"Santa Izabel do Pará (PA)";"757809,2"
"1506559";"Santa Luzia do Pará (PA)";"163192,6"
"1506583";"Santa Maria das Barreiras (PA)";"379801,5"
"1506609";"Santa Maria do Pará (PA)";"383844,3"
"1506708";"Santana do Araguaia (PA)";"843464,9"
"1506807";"Santarém (PA)";"4858426,5"
"1506906";"Santarém Novo (PA)";"45136,8"
"1507003";"Santo Antônio do Tauá (PA)";"366978,7"
"1507102";"São Caetano de Odivelas (PA)";"142267,0"
"1507151";"São Domingos do Araguaia (PA)";"280955,3"
"1507201";"São Domingos do Capim (PA)";"273284,6"
"1507300";"São Félix do Xingu (PA)";"1395545,4"
"1507409";"São Francisco do Pará (PA)";"234027,2"
"1507458";"São Geraldo do Araguaia (PA)";"490241,1"
"1507466";"São João da Ponta (PA)";"44627,9"
"1507474";"São João de Pirabas (PA)";"164333,3"
"1507508";"São João do Araguaia (PA)";"122295,6"
"1507607";"São Miguel do Guamá (PA)";"676117,1"
"1507706";"São Sebastião da Boa Vista (PA)";"209187,4"
"1507755";"Sapucaia (PA)";"99546,7"
"1507805";"Senador José Porfírio (PA)";"135520,3"
"1507904";"Soure (PA)";"188033,2"
"1507953";"Tailândia (PA)";"897543,9"
"1507961";"Terra Alta (PA)";"70380,2"
"1507979";"Terra Santa (PA)";"510354,8"
"1508001";"Tomé-Açu (PA)";"667658,4"
"1508035";"Tracuateua (PA)";"215620,0"
"1508050";"Trairão (PA)";"294076,4"
"1508084";"Tucumã (PA)";"778560,3"
"1508100";"Tucuruí (PA)";"7481521,9"
"1508126";"Ulianópolis (PA)";"1330085,1"
"1508159";"Uruará (PA)";"545493,1"
"1508209";"Vigia (PA)";"382250,6"
"1508308";"Viseu (PA)";"486514,8"
"1508357";"Vitória do Xingu (PA)";"4375684,7"
"1508407";"Xinguara (PA)";"1226363,5"
"1600055";"Serra do Navio (AP)";"75189,0"
"1600105";"Amapá (AP)";"137263,7"
"1600154";"Pedra Branca do Amapari (AP)";"311022,3"
"1600204";"Calçoene (AP)";"164202,1"
"1600212";"Cutias (AP)";"76196,3"
"1600238";"Ferreira Gomes (AP)";"533402,5"
"1600253";"Itaubal (AP)";"69175,5"
"1600279";"Laranjal do Jari (AP)";"902503,3"
"1600303";"Macapá (AP)";"10949100,8"
"1600402";"Mazagão (AP)";"258113,4"
"1600501";"Oiapoque (AP)";"425562,0"
"1600535";"Porto Grande (AP)";"340179,6"
"1600550";"Pracuúba (AP)";"67288,7"
"1600600";"Santana (AP)";"2071271,3"
"1600709";"Tartarugalzinho (AP)";"225342,3"
"1600808";"Vitória do Jari (AP)";"189393,8"
"1700251";"Abreulândia (TO)";"52413,3"
"1700301";"Aguiarnópolis (TO)";"124948,0"
"1700350";"Aliança do Tocantins (TO)";"103526,4"
"1700400";"Almas (TO)";"151822,7"
"1700707";"Alvorada (TO)";"298510,2"
"1701002";"Ananás (TO)";"130713,0"
"1701051";"Angico (TO)";"35666,3"
"1701101";"Aparecida do Rio Negro (TO)";"102336,7"
"1701309";"Aragominas (TO)";"63206,0"
"1701903";"Araguacema (TO)";"126470,1"
"1702000";"Araguaçu (TO)";"191651,1"
"1702109";"Araguaína (TO)";"4363394,9"
"1702158";"Araguanã (TO)";"65019,4"
"1702208";"Araguatins (TO)";"425144,5"
"1702307";"Arapoema (TO)";"288208,2"
"1702406";"Arraias (TO)";"185539,5"
"1702554";"Augustinópolis (TO)";"253207,1"
"1702703";"Aurora do Tocantins (TO)";"42075,7"
"1702901";"Axixá do Tocantins (TO)";"120410,2"
"1703008";"Babaçulândia (TO)";"105059,5"
"1703057";"Bandeirantes do Tocantins (TO)";"120321,8"
"1703073";"Barra do Ouro (TO)";"56230,0"
"1703107";"Barrolândia (TO)";"93834,3"
"1703206";"Bernardo Sayão (TO)";"74695,9"
"1703305";"Bom Jesus do Tocantins (TO)";"74023,4"
"1703602";"Brasilândia do Tocantins (TO)";"41060,1"
"1703701";"Brejinho de Nazaré (TO)";"193570,5"
"1703800";"Buriti do Tocantins (TO)";"97736,6"
"1703826";"Cachoeirinha (TO)";"27218,9"
"1703842";"Campos Lindos (TO)";"306171,2"
"1703867";"Cariri do Tocantins (TO)";"348250,5"
"1703883";"Carmolândia (TO)";"36921,5"
"1703891";"Carrasco Bonito (TO)";"40010,1"
"1703909";"Caseara (TO)";"157639,4"
"1704105";"Centenário (TO)";"34345,3"
"1704600";"Chapada de Areia (TO)";"23899,0"
"1705102";"Chapada da Natividade (TO)";"64165,4"
"1705508";"Colinas do Tocantins (TO)";"724136,9"
"1705557";"Combinado (TO)";"67200,6"
"1705607";"Conceição do Tocantins (TO)";"51984,8"
"1706001";"Couto Magalhães (TO)";"116343,4"
"1706100";"Cristalândia (TO)";"109219,9"
"1706258";"Crixás do Tocantins (TO)";"43545,5"
"1706506";"Darcinópolis (TO)";"185653,6"
"1707009";"Dianópolis (TO)";"388671,9"
"1707108";"Divinópolis do Tocantins (TO)";"121986,1"
"1707207";"Dois Irmãos do Tocantins (TO)";"102541,9"
"1707306";"Dueré (TO)";"115335,5"
"1707405";"Esperantina (TO)";"89003,6"
"1707553";"Fátima (TO)";"67161,9"
"1707652";"Figueirópolis (TO)";"170207,6"
"1707702";"Filadélfia (TO)";"101688,8"
"1708205";"Formoso do Araguaia (TO)";"348253,4"
"1708254";"Tabocão (TO)";"186819,4"
"1708304";"Goianorte (TO)";"74752,3"
"1709005";"Goiatins (TO)";"160692,7"
"1709302";"Guaraí (TO)";"649211,4"
"1709500";"Gurupi (TO)";"2196700,6"
"1709807";"Ipueiras (TO)";"30786,2"
"1710508";"Itacajá (TO)";"99047,3"
"1710706";"Itaguatins (TO)";"64383,8"
"1710904";"Itapiratins (TO)";"71024,4"
"1711100";"Itaporã do Tocantins (TO)";"43133,5"
"1711506";"Jaú do Tocantins (TO)";"59576,4"
"1711803";"Juarina (TO)";"30537,4"
"1711902";"Lagoa da Confusão (TO)";"484424,9"
"1711951";"Lagoa do Tocantins (TO)";"39775,1"
"1712009";"Lajeado (TO)";"67549,6"
"1712157";"Lavandeira (TO)";"23728,3"
"1712405";"Lizarda (TO)";"42478,0"
"1712454";"Luzinópolis (TO)";"33690,4"
"1712504";"Marianópolis do Tocantins (TO)";"126046,3"
"1712702";"Mateiros (TO)";"135696,9"
"1712801";"Maurilândia do Tocantins (TO)";"36448,9"
"1713205";"Miracema do Tocantins (TO)";"525389,1"
"1713304";"Miranorte (TO)";"262097,3"
"1713601";"Monte do Carmo (TO)";"175204,2"
"1713700";"Monte Santo do Tocantins (TO)";"35923,9"
"1713809";"Palmeiras do Tocantins (TO)";"68796,6"
"1713957";"Muricilândia (TO)";"43008,9"
"1714203";"Natividade (TO)";"174044,4"
"1714302";"Nazaré (TO)";"44078,5"
"1714880";"Nova Olinda (TO)";"264062,8"
"1715002";"Nova Rosalândia (TO)";"55199,7"
"1715101";"Novo Acordo (TO)";"52047,0"
"1715150";"Novo Alegre (TO)";"27365,6"
"1715259";"Novo Jardim (TO)";"29371,3"
"1715507";"Oliveira de Fátima (TO)";"19229,7"
"1715705";"Palmeirante (TO)";"95877,0"
"1715754";"Palmeirópolis (TO)";"118347,2"
"1716109";"Paraíso do Tocantins (TO)";"1221784,9"
"1716208";"Paranã (TO)";"215390,4"
"1716307";"Pau D'Arco (TO)";"68988,9"
"1716505";"Pedro Afonso (TO)";"532347,5"
"1716604";"Peixe (TO)";"527356,8"
"1716653";"Pequizeiro (TO)";"75366,7"
"1716703";"Colméia (TO)";"143769,8"
"1717008";"Pindorama do Tocantins (TO)";"52804,8"
"1717206";"Piraquê (TO)";"51543,6"
"1717503";"Pium (TO)";"157306,1"
"1717800";"Ponte Alta do Bom Jesus (TO)";"47242,4"
"1717909";"Ponte Alta do Tocantins (TO)";"83936,0"
"1718006";"Porto Alegre do Tocantins (TO)";"31094,8"
"1718204";"Porto Nacional (TO)";"1677032,0"
"1718303";"Praia Norte (TO)";"72318,4"
"1718402";"Presidente Kennedy (TO)";"49035,6"
"1718451";"Pugmil (TO)";"56568,6"
"1718501";"Recursolândia (TO)";"43088,1"
"1718550";"Riachinho (TO)";"47088,2"
"1718659";"Rio da Conceição (TO)";"21080,3"
"1718709";"Rio dos Bois (TO)";"50589,7"
"1718758";"Rio Sono (TO)";"65489,9"
"1718808";"Sampaio (TO)";"39168,3"
"1718840";"Sandolândia (TO)";"70318,2"
"1718865";"Santa Fé do Araguaia (TO)";"113607,7"
"1718881";"Santa Maria do Tocantins (TO)";"52508,9"
"1718899";"Santa Rita do Tocantins (TO)";"90894,5"
"1718907";"Santa Rosa do Tocantins (TO)";"149228,2"
"1719004";"Santa Tereza do Tocantins (TO)";"32085,5"
"1720002";"Santa Terezinha do Tocantins (TO)";"28803,5"
"1720101";"São Bento do Tocantins (TO)";"53133,5"
"1720150";"São Félix do Tocantins (TO)";"20810,2"
"1720200";"São Miguel do Tocantins (TO)";"105833,8"
"1720259";"São Salvador do Tocantins (TO)";"36683,1"
"1720309";"São Sebastião do Tocantins (TO)";"46328,4"
"1720499";"São Valério (TO)";"91622,6"
"1720655";"Silvanópolis (TO)";"155351,5"
"1720804";"Sítio Novo do Tocantins (TO)";"102290,9"
"1720853";"Sucupira (TO)";"64195,4"
"1720903";"Taguatinga (TO)";"242037,9"
"1720937";"Taipas do Tocantins (TO)";"22975,0"
"1720978";"Talismã (TO)";"82297,7"
"1721000";"Palmas (TO)";"9430359,7"
"1721109";"Tocantínia (TO)";"71807,2"
"1721208";"Tocantinópolis (TO)";"294324,9"
"1721257";"Tupirama (TO)";"49166,0"
"1721307";"Tupiratins (TO)";"29772,3"
"1722081";"Wanderlândia (TO)";"140640,7"
"1722107";"Xambioá (TO)";"289815,2"
"2100055";"Açailândia (MA)";"2598977,1"
"2100105";"Afonso Cunha (MA)";"51330,1"
"2100154";"Água Doce do Maranhão (MA)";"85969,3"
"2100204";"Alcântara (MA)";"129607,2"
"2100303";"Aldeias Altas (MA)";"181014,8"
"2100402";"Altamira do Maranhão (MA)";"56418,7"
"2100436";"Alto Alegre do Maranhão (MA)";"268638,9"
"2100477";"Alto Alegre do Pindaré (MA)";"190347,5"
"2100501";"Alto Parnaíba (MA)";"349327,9"
"2100550";"Amapá do Maranhão (MA)";"51419,2"
"2100600";"Amarante do Maranhão (MA)";"313670,3"
"2100709";"Anajatuba (MA)";"177516,6"
"2100808";"Anapurus (MA)";"131342,1"
"2100832";"Apicum-Açu (MA)";"108769,9"
"2100873";"Araguanã (MA)";"81055,1"
"2100907";"Araioses (MA)";"269398,9"
"2100956";"Arame (MA)";"233245,8"
"2101004";"Arari (MA)";"253434,8"
"2101103";"Axixá (MA)";"73855,7"
"2101202";"Bacabal (MA)";"1210810,0"
"2101251";"Bacabeira (MA)";"306817,1"
"2101301";"Bacuri (MA)";"98270,6"
"2101350";"Bacurituba (MA)";"35064,5"
"2101400";"Balsas (MA)";"3493483,8"
"2101509";"Barão de Grajaú (MA)";"205981,7"
"2101608";"Barra do Corda (MA)";"722264,1"
"2101707";"Barreirinhas (MA)";"484767,3"
"2101731";"Belágua (MA)";"46355,9"
"2101772";"Bela Vista do Maranhão (MA)";"84588,8"
"2101806";"Benedito Leite (MA)";"42785,3"
"2101905";"Bequimão (MA)";"129085,0"
"2101939";"Bernardo do Mearim (MA)";"49354,4"
"2101970";"Boa Vista do Gurupi (MA)";"62701,0"
"2102002";"Bom Jardim (MA)";"314772,7"
"2102036";"Bom Jesus das Selvas (MA)";"289674,2"
"2102077";"Bom Lugar (MA)";"89704,2"
"2102101";"Brejo (MA)";"291709,7"
"2102150";"Brejo de Areia (MA)";"56880,2"
"2102200";"Buriti (MA)";"202129,2"
"2102309";"Buriti Bravo (MA)";"169171,6"
"2102325";"Buriticupu (MA)";"560128,0"
"2102358";"Buritirana (MA)";"99237,1"
"2102374";"Cachoeira Grande (MA)";"55037,1"
"2102408";"Cajapió (MA)";"55238,8"
"2102507";"Cajari (MA)";"103118,6"
"2102556";"Campestre do Maranhão (MA)";"165205,9"
"2102606";"Cândido Mendes (MA)";"129672,1"
"2102705";"Cantanhede (MA)";"124231,8"
"2102754";"Capinzal do Norte (MA)";"143555,2"
"2102804";"Carolina (MA)";"322562,9"
"2102903";"Carutapera (MA)";"165980,9"
"2103000";"Caxias (MA)";"1810190,9"
"2103109";"Cedral (MA)";"67404,0"
"2103125";"Central do Maranhão (MA)";"48114,7"
"2103158";"Centro do Guilherme (MA)";"80629,8"
"2103174";"Centro Novo do Maranhão (MA)";"146350,9"
"2103208";"Chapadinha (MA)";"710340,6"
"2103257";"Cidelândia (MA)";"130210,4"
"2103307";"Codó (MA)";"961570,6"
"2103406";"Coelho Neto (MA)";"366977,7"
"2103505";"Colinas (MA)";"383083,2"
"2103554";"Conceição do Lago-Açu (MA)";"109203,0"
"2103604";"Coroatá (MA)";"456534,5"
"2103703";"Cururupu (MA)";"233826,5"
"2103752";"Davinópolis (MA)";"475510,5"
"2103802";"Dom Pedro (MA)";"229483,4"
"2103901";"Duque Bacelar (MA)";"76859,9"
"2104008";"Esperantinópolis (MA)";"140249,5"
"2104057";"Estreito (MA)";"982492,1"
"2104073";"Feira Nova do Maranhão (MA)";"75600,0"
"2104081";"Fernando Falcão (MA)";"70160,6"
"2104099";"Formosa da Serra Negra (MA)";"139835,4"
"2104107";"Fortaleza dos Nogueiras (MA)";"158397,9"
"2104206";"Fortuna (MA)";"108005,7"
"2104305";"Godofredo Viana (MA)";"114843,3"
"2104404";"Gonçalves Dias (MA)";"120682,6"
"2104503";"Governador Archer (MA)";"77553,8"
"2104552";"Governador Edison Lobão (MA)";"256701,9"
"2104602";"Governador Eugênio Barros (MA)";"97604,1"
"2104628";"Governador Luiz Rocha (MA)";"55414,4"
"2104651";"Governador Newton Bello (MA)";"67248,0"
"2104677";"Governador Nunes Freire (MA)";"214644,7"
"2104701";"Graça Aranha (MA)";"38686,4"
"2104800";"Grajaú (MA)";"750824,7"
"2104909";"Guimarães (MA)";"84478,1"
"2105005";"Humberto de Campos (MA)";"161007,4"
"2105104";"Icatu (MA)";"155840,4"
"2105153";"Igarapé do Meio (MA)";"186081,3"
"2105203";"Igarapé Grande (MA)";"88856,6"
"2105302";"Imperatriz (MA)";"7141379,5"
"2105351";"Itaipava do Grajaú (MA)";"84230,4"
"2105401";"Itapecuru Mirim (MA)";"562978,0"
"2105427";"Itinga do Maranhão (MA)";"316903,5"
"2105450";"Jatobá (MA)";"64817,5"
"2105476";"Jenipapo dos Vieiras (MA)";"93561,0"
"2105500";"João Lisboa (MA)";"216440,1"
"2105609";"Joselândia (MA)";"86451,7"
"2105658";"Junco do Maranhão (MA)";"45724,4"
"2105708";"Lago da Pedra (MA)";"395323,8"
"2105807";"Lago do Junco (MA)";"69137,6"
"2105906";"Lago Verde (MA)";"105373,0"
"2105922";"Lagoa do Mato (MA)";"78215,6"
"2105948";"Lago dos Rodrigues (MA)";"79570,7"
"2105963";"Lagoa Grande do Maranhão (MA)";"78590,2"
"2105989";"Lajeado Novo (MA)";"75197,5"
"2106003";"Lima Campos (MA)";"171367,5"
"2106102";"Loreto (MA)";"221203,3"
"2106201";"Luís Domingues (MA)";"49725,4"
"2106300";"Magalhães de Almeida (MA)";"122878,6"
"2106326";"Maracaçumé (MA)";"178486,0"
"2106359";"Marajá do Sena (MA)";"59418,8"
"2106375";"Maranhãozinho (MA)";"98638,0"
"2106409";"Mata Roma (MA)";"146567,6"
"2106508";"Matinha (MA)";"161407,0"
"2106607";"Matões (MA)";"184509,9"
"2106631";"Matões do Norte (MA)";"78611,5"
"2106672";"Milagres do Maranhão (MA)";"53229,3"
"2106706";"Mirador (MA)";"205686,7"
"2106755";"Miranda do Norte (MA)";"535701,5"
"2106805";"Mirinzal (MA)";"101528,7"
"2106904";"Monção (MA)";"216889,7"
"2107001";"Montes Altos (MA)";"65983,1"
"2107100";"Morros (MA)";"124206,7"
"2107209";"Nina Rodrigues (MA)";"72275,1"
"2107258";"Nova Colinas (MA)";"57190,0"
"2107308";"Nova Iorque (MA)";"38639,8"
"2107357";"Nova Olinda do Maranhão (MA)";"132901,1"
"2107407";"Olho d'Água das Cunhãs (MA)";"150361,0"
"2107456";"Olinda Nova do Maranhão (MA)";"90139,7"
"2107506";"Paço do Lumiar (MA)";"930720,0"
"2107605";"Palmeirândia (MA)";"123618,1"
"2107704";"Paraibano (MA)";"154748,0"
"2107803";"Parnarama (MA)";"228412,8"
"2107902";"Passagem Franca (MA)";"146929,8"
"2108009";"Pastos Bons (MA)";"196795,2"
"2108058";"Paulino Neves (MA)";"102908,6"
"2108108";"Paulo Ramos (MA)";"150251,8"
"2108207";"Pedreiras (MA)";"600883,4"
"2108256";"Pedro do Rosário (MA)";"139964,3"
"2108306";"Penalva (MA)";"213767,5"
"2108405";"Peri Mirim (MA)";"78299,3"
"2108454";"Peritoró (MA)";"217463,1"
"2108504";"Pindaré-Mirim (MA)";"259738,7"
"2108603";"Pinheiro (MA)";"825423,3"
"2108702";"Pio XII (MA)";"159009,0"
"2108801";"Pirapemas (MA)";"116249,1"
"2108900";"Poção de Pedras (MA)";"148814,6"
"2109007";"Porto Franco (MA)";"522457,9"
"2109056";"Porto Rico do Maranhão (MA)";"40385,9"
"2109106";"Presidente Dutra (MA)";"586820,4"
"2109205";"Presidente Juscelino (MA)";"86920,4"
"2109239";"Presidente Médici (MA)";"48710,1"
"2109270";"Presidente Sarney (MA)";"127982,7"
"2109304";"Presidente Vargas (MA)";"69709,7"
"2109403";"Primeira Cruz (MA)";"76490,5"
"2109452";"Raposa (MA)";"237392,8"
"2109502";"Riachão (MA)";"352488,2"
"2109551";"Ribamar Fiquene (MA)";"82555,6"
"2109601";"Rosário (MA)";"357497,9"
"2109700";"Sambaíba (MA)";"252216,6"
"2109759";"Santa Filomena do Maranhão (MA)";"49914,0"
"2109809";"Santa Helena (MA)";"286055,5"
"2109908";"Santa Inês (MA)";"1289378,7"
"2110005";"Santa Luzia (MA)";"569221,4"
"2110039";"Santa Luzia do Paruá (MA)";"213776,8"
"2110104";"Santa Quitéria do Maranhão (MA)";"184783,2"
"2110203";"Santa Rita (MA)";"269843,3"
"2110237";"Santana do Maranhão (MA)";"64675,3"
"2110278";"Santo Amaro do Maranhão (MA)";"79081,8"
"2110302";"Santo Antônio dos Lopes (MA)";"1913635,5"
"2110401";"São Benedito do Rio Preto (MA)";"124575,0"
"2110500";"São Bento (MA)";"273716,0"
"2110609";"São Bernardo (MA)";"281005,7"
"2110658";"São Domingos do Azeitão (MA)";"217052,8"
"2110708";"São Domingos do Maranhão (MA)";"290535,8"
"2110807";"São Félix de Balsas (MA)";"46637,3"
"2110856";"São Francisco do Brejão (MA)";"102382,6"
"2110906";"São Francisco do Maranhão (MA)";"74495,3"
"2111003";"São João Batista (MA)";"122743,5"
"2111029";"São João do Carú (MA)";"91001,2"
"2111052";"São João do Paraíso (MA)";"123540,9"
"2111078";"São João do Soter (MA)";"101575,2"
"2111102";"São João dos Patos (MA)";"266606,9"
"2111201";"São José de Ribamar (MA)";"2176257,7"
"2111250";"São José dos Basílios (MA)";"50427,4"
"2111300";"São Luís (MA)";"33577348,1"
"2111409";"São Luís Gonzaga do Maranhão (MA)";"137920,6"
"2111508";"São Mateus do Maranhão (MA)";"344743,8"
"2111532";"São Pedro da Água Branca (MA)";"97210,5"
"2111573";"São Pedro dos Crentes (MA)";"53530,6"
"2111607";"São Raimundo das Mangabeiras (MA)";"415658,3"
"2111631";"São Raimundo do Doca Bezerra (MA)";"38355,0"
"2111672";"São Roberto (MA)";"40971,0"
"2111706";"São Vicente Ferrer (MA)";"137052,9"
"2111722";"Satubinha (MA)";"71237,6"
"2111748";"Senador Alexandre Costa (MA)";"81104,5"
"2111763";"Senador La Rocque (MA)";"145160,5"
"2111789";"Serrano do Maranhão (MA)";"68691,6"
"2111805";"Sítio Novo (MA)";"152355,2"
"2111904";"Sucupira do Norte (MA)";"77581,4"
"2111953";"Sucupira do Riachão (MA)";"40891,4"
"2112001";"Tasso Fragoso (MA)";"1164253,6"
"2112100";"Timbiras (MA)";"167532,3"
"2112209";"Timon (MA)";"1861126,2"
"2112233";"Trizidela do Vale (MA)";"281096,3"
"2112274";"Tufilândia (MA)";"48447,2"
"2112308";"Tuntum (MA)";"312736,4"
"2112407";"Turiaçu (MA)";"254502,1"
"2112456";"Turilândia (MA)";"158751,9"
"2112506";"Tutóia (MA)";"408841,0"
"2112605";"Urbano Santos (MA)";"190594,7"
"2112704";"Vargem Grande (MA)";"325136,0"
"2112803";"Viana (MA)";"411808,5"
"2112852";"Vila Nova dos Martírios (MA)";"110400,8"
"2112902";"Vitória do Mearim (MA)";"257389,4"
"2113009";"Vitorino Freire (MA)";"256623,8"
"2114007";"Zé Doca (MA)";"433279,0"
"2200053";"Acauã (PI)";"52078,2"
"2200103";"Agricolândia (PI)";"37494,1"
"2200202";"Água Branca (PI)";"200603,4"
"2200251";"Alagoinha do Piauí (PI)";"54373,9"
"2200277";"Alegrete do Piauí (PI)";"35756,5"
"2200301";"Alto Longá (PI)";"100554,3"
"2200400";"Altos (PI)";"418708,9"
"2200459";"Alvorada do Gurguéia (PI)";"70756,3"
"2200509";"Amarante (PI)";"144120,4"
"2200608";"Angical do Piauí (PI)";"64259,2"
"2200707";"Anísio de Abreu (PI)";"77119,8"
"2200806";"Antônio Almeida (PI)";"136650,1"
"2200905";"Aroazes (PI)";"48637,9"
"2200954";"Aroeiras do Itaim (PI)";"21585,4"
"2201002";"Arraial (PI)";"37153,1"
"2201051";"Assunção do Piauí (PI)";"55578,6"
"2201101";"Avelino Lopes (PI)";"78956,4"
"2201150";"Baixa Grande do Ribeiro (PI)";"953233,7"
"2201176";"Barra D'Alcântara (PI)";"33276,1"
"2201200";"Barras (PI)";"394813,0"
"2201309";"Barreiras do Piauí (PI)";"27413,3"
"2201408";"Barro Duro (PI)";"68447,7"
"2201507";"Batalha (PI)";"191851,5"
"2201556";"Bela Vista do Piauí (PI)";"35211,3"
"2201572";"Belém do Piauí (PI)";"29181,8"
"2201606";"Beneditinos (PI)";"75927,7"
"2201705";"Bertolínia (PI)";"58642,3"
"2201739";"Betânia do Piauí (PI)";"52704,5"
"2201770";"Boa Hora (PI)";"52676,0"
"2201804";"Bocaina (PI)";"43706,0"
"2201903";"Bom Jesus (PI)";"908330,9"
"2201919";"Bom Princípio do Piauí (PI)";"52807,1"
"2201929";"Bonfim do Piauí (PI)";"41472,5"
"2201945";"Boqueirão do Piauí (PI)";"43233,3"
"2201960";"Brasileira (PI)";"56113,5"
"2201988";"Brejo do Piauí (PI)";"34227,0"
"2202000";"Buriti dos Lopes (PI)";"174203,5"
"2202026";"Buriti dos Montes (PI)";"57382,0"
"2202059";"Cabeceiras do Piauí (PI)";"67422,8"
"2202075";"Cajazeiras do Piauí (PI)";"27717,4"
"2202083";"Cajueiro da Praia (PI)";"81911,4"
"2202091";"Caldeirão Grande do Piauí (PI)";"107482,4"
"2202109";"Campinas do Piauí (PI)";"43993,0"
"2202117";"Campo Alegre do Fidalgo (PI)";"37817,8"
"2202133";"Campo Grande do Piauí (PI)";"57382,2"
"2202174";"Campo Largo do Piauí (PI)";"49787,2"
"2202208";"Campo Maior (PI)";"610928,7"
"2202251";"Canavieira (PI)";"31406,6"
"2202307";"Canto do Buriti (PI)";"221885,4"
"2202406";"Capitão de Campos (PI)";"92694,2"
"2202455";"Capitão Gervásio Oliveira (PI)";"33207,6"
"2202505";"Caracol (PI)";"79650,5"
"2202539";"Caraúbas do Piauí (PI)";"47389,3"
"2202554";"Caridade do Piauí (PI)";"39082,8"
"2202604";"Castelo do Piauí (PI)";"175659,0"
"2202653";"Caxingó (PI)";"46255,2"
"2202703";"Cocal (PI)";"221596,4"
"2202711";"Cocal de Telha (PI)";"40057,3"
"2202729";"Cocal dos Alves (PI)";"47250,3"
"2202737";"Coivaras (PI)";"32146,5"
"2202752";"Colônia do Gurguéia (PI)";"59512,0"
"2202778";"Colônia do Piauí (PI)";"55382,2"
"2202802";"Conceição do Canindé (PI)";"49287,9"
"2202851";"Coronel José Dias (PI)";"35236,2"
"2202901";"Corrente (PI)";"453515,3"
"2203008";"Cristalândia do Piauí (PI)";"56684,7"
"2203107";"Cristino Castro (PI)";"101808,1"
"2203206";"Curimatá (PI)";"101786,9"
"2203230";"Currais (PI)";"272086,2"
"2203255";"Curralinhos (PI)";"30495,3"
"2203271";"Curral Novo do Piauí (PI)";"71196,3"
"2203305";"Demerval Lobão (PI)";"168785,5"
"2203354";"Dirceu Arcoverde (PI)";"51674,6"
"2203404";"Dom Expedito Lopes (PI)";"74812,8"
"2203420";"Domingos Mourão (PI)";"33774,9"
"2203453";"Dom Inocêncio (PI)";"61120,4"
"2203503";"Elesbão Veloso (PI)";"138363,3"
"2203602";"Eliseu Martins (PI)";"44705,4"
"2203701";"Esperantina (PI)";"374921,5"
"2203750";"Fartura do Piauí (PI)";"30568,1"
"2203800";"Flores do Piauí (PI)";"37572,4"
"2203859";"Floresta do Piauí (PI)";"21554,9"
"2203909";"Floriano (PI)";"1104254,1"
"2204006";"Francinópolis (PI)";"38818,6"
"2204105";"Francisco Ayres (PI)";"38523,6"
"2204154";"Francisco Macedo (PI)";"29895,6"
"2204204";"Francisco Santos (PI)";"70155,3"
"2204303";"Fronteiras (PI)";"100933,9"
"2204352";"Geminiano (PI)";"46975,3"
"2204402";"Gilbués (PI)";"226264,7"
"2204501";"Guadalupe (PI)";"741138,5"
"2204550";"Guaribas (PI)";"33478,0"
"2204600";"Hugo Napoleão (PI)";"29637,5"
"2204659";"Ilha Grande (PI)";"72840,5"
"2204709";"Inhuma (PI)";"137127,8"
"2204808";"Ipiranga do Piauí (PI)";"72048,2"
"2204907";"Isaías Coelho (PI)";"62743,7"
"2205003";"Itainópolis (PI)";"88746,1"
"2205102";"Itaueira (PI)";"110086,1"
"2205151";"Jacobina do Piauí (PI)";"48608,5"
"2205201";"Jaicós (PI)";"171644,8"
"2205250";"Jardim do Mulato (PI)";"29927,6"
"2205276";"Jatobá do Piauí (PI)";"42491,3"
"2205300";"Jerumenha (PI)";"43544,2"
"2205359";"João Costa (PI)";"27246,6"
"2205409";"Joaquim Pires (PI)";"96672,1"
"2205458";"Joca Marques (PI)";"38676,8"
"2205508";"José de Freitas (PI)";"349797,6"
"2205516";"Juazeiro do Piauí (PI)";"47896,5"
"2205524";"Júlio Borges (PI)";"43183,5"
"2205532";"Jurema (PI)";"40467,8"
"2205540";"Lagoinha do Piauí (PI)";"22299,2"
"2205557";"Lagoa Alegre (PI)";"62764,0"
"2205565";"Lagoa do Barro do Piauí (PI)";"176848,4"
"2205573";"Lagoa de São Francisco (PI)";"45125,8"
"2205581";"Lagoa do Piauí (PI)";"50006,8"
"2205599";"Lagoa do Sítio (PI)";"42397,8"
"2205607";"Landri Sales (PI)";"77663,7"
"2205706";"Luís Correia (PI)";"305976,2"
"2205805";"Luzilândia (PI)";"206317,5"
"2205854";"Madeiro (PI)";"53522,6"
"2205904";"Manoel Emídio (PI)";"42089,8"
"2205953";"Marcolândia (PI)";"69518,1"
"2206001";"Marcos Parente (PI)";"41780,1"
"2206050";"Massapê do Piauí (PI)";"42106,4"
"2206100";"Matias Olímpio (PI)";"77106,5"
"2206209";"Miguel Alves (PI)";"238635,6"
"2206308";"Miguel Leão (PI)";"16536,6"
"2206357";"Milton Brandão (PI)";"46941,4"
"2206407";"Monsenhor Gil (PI)";"94012,8"
"2206506";"Monsenhor Hipólito (PI)";"62950,4"
"2206605";"Monte Alegre do Piauí (PI)";"196076,6"
"2206654";"Morro Cabeça no Tempo (PI)";"31609,0"
"2206670";"Morro do Chapéu do Piauí (PI)";"47198,0"
"2206696";"Murici dos Portelas (PI)";"67297,9"
"2206704";"Nazaré do Piauí (PI)";"54054,4"
"2206720";"Nazária (PI)";"87116,4"
"2206753";"Nossa Senhora de Nazaré (PI)";"38051,4"
"2206803";"Nossa Senhora dos Remédios (PI)";"68953,1"
"2206902";"Novo Oriente do Piauí (PI)";"45822,2"
"2206951";"Novo Santo Antônio (PI)";"24021,8"
"2207009";"Oeiras (PI)";"441039,0"
"2207108";"Olho D'Água do Piauí (PI)";"20203,8"
"2207207";"Padre Marcos (PI)";"59670,0"
"2207306";"Paes Landim (PI)";"38346,4"
"2207355";"Pajeú do Piauí (PI)";"35370,3"
"2207405";"Palmeira do Piauí (PI)";"70831,7"
"2207504";"Palmeirais (PI)";"105944,4"
"2207553";"Paquetá (PI)";"34541,6"
"2207603";"Parnaguá (PI)";"89973,1"
"2207702";"Parnaíba (PI)";"2325059,3"
"2207751";"Passagem Franca do Piauí (PI)";"35436,1"
"2207777";"Patos do Piauí (PI)";"48627,5"
"2207793";"Pau D'Arco do Piauí (PI)";"27192,9"
"2207801";"Paulistana (PI)";"205700,5"
"2207850";"Pavussu (PI)";"29984,1"
"2207900";"Pedro II (PI)";"320879,2"
"2207934";"Pedro Laurentino (PI)";"24602,5"
"2207959";"Nova Santa Rita (PI)";"36387,5"
"2208007";"Picos (PI)";"1517795,8"
"2208106";"Pimenteiras (PI)";"85800,9"
"2208205";"Pio IX (PI)";"173933,5"
"2208304";"Piracuruca (PI)";"281075,0"
"2208403";"Piripiri (PI)";"718547,6"
"2208502";"Porto (PI)";"90707,9"
"2208551";"Porto Alegre do Piauí (PI)";"22741,1"
"2208601";"Prata do Piauí (PI)";"24620,4"
"2208650";"Queimada Nova (PI)";"75028,6"
"2208700";"Redenção do Gurguéia (PI)";"73853,8"
"2208809";"Regeneração (PI)";"185043,0"
"2208858";"Riacho Frio (PI)";"37431,8"
"2208874";"Ribeira do Piauí (PI)";"229983,7"
"2208908";"Ribeiro Gonçalves (PI)";"399050,5"
"2209005";"Rio Grande do Piauí (PI)";"50378,5"
"2209104";"Santa Cruz do Piauí (PI)";"53011,1"
"2209153";"Santa Cruz dos Milagres (PI)";"34846,4"
"2209203";"Santa Filomena (PI)";"322465,7"
"2209302";"Santa Luz (PI)";"47511,5"
"2209351";"Santana do Piauí (PI)";"35554,5"
"2209377";"Santa Rosa do Piauí (PI)";"36934,2"
"2209401";"Santo Antônio de Lisboa (PI)";"61210,1"
"2209450";"Santo Antônio dos Milagres (PI)";"14126,6"
"2209500";"Santo Inácio do Piauí (PI)";"31539,9"
"2209559";"São Braz do Piauí (PI)";"32199,3"
"2209609";"São Félix do Piauí (PI)";"27496,1"
"2209658";"São Francisco de Assis do Piauí (PI)";"42321,4"
"2209708";"São Francisco do Piauí (PI)";"50841,7"
"2209757";"São Gonçalo do Gurguéia (PI)";"32271,1"
"2209807";"São Gonçalo do Piauí (PI)";"42045,4"
"2209856";"São João da Canabrava (PI)";"36046,4"
"2209872";"São João da Fronteira (PI)";"47046,6"
"2209906";"São João da Serra (PI)";"50049,0"
"2209955";"São João da Varjota (PI)";"30370,1"
"2209971";"São João do Arraial (PI)";"51821,9"
"2210003";"São João do Piauí (PI)";"228713,6"
"2210052";"São José do Divino (PI)";"49104,9"
"2210102";"São José do Peixe (PI)";"33917,4"
"2210201";"São José do Piauí (PI)";"57382,2"
"2210300";"São Julião (PI)";"47826,3"
"2210359";"São Lourenço do Piauí (PI)";"32746,7"
"2210375";"São Luis do Piauí (PI)";"19124,0"
"2210383";"São Miguel da Baixa Grande (PI)";"21932,9"
"2210391";"São Miguel do Fidalgo (PI)";"22824,1"
"2210409";"São Miguel do Tapuio (PI)";"133008,1"
"2210508";"São Pedro do Piauí (PI)";"104412,3"
"2210607";"São Raimundo Nonato (PI)";"448349,3"
"2210623";"Sebastião Barros (PI)";"38285,2"
"2210631";"Sebastião Leal (PI)";"148952,3"
"2210656";"Sigefredo Pacheco (PI)";"65283,7"
"2210706";"Simões (PI)";"259420,9"
"2210805";"Simplício Mendes (PI)";"142240,4"
"2210904";"Socorro do Piauí (PI)";"31865,6"
"2210938";"Sussuapara (PI)";"55341,0"
"2210953";"Tamboril do Piauí (PI)";"24343,8"
"2210979";"Tanque do Piauí (PI)";"26885,7"
"2211001";"Teresina (PI)";"20968077,3"
"2211100";"União (PI)";"365652,1"
"2211209";"Uruçuí (PI)";"1702960,4"
"2211308";"Valença do Piauí (PI)";"239087,2"
"2211357";"Várzea Branca (PI)";"37445,2"
"2211407";"Várzea Grande (PI)";"32649,6"
"2211506";"Vera Mendes (PI)";"25816,5"
"2211605";"Vila Nova do Piauí (PI)";"29804,5"
"2211704";"Wall Ferraz (PI)";"34038,3"
"2300101";"Abaiara (CE)";"87933,3"
"2300150";"Acarape (CE)";"125558,9"
"2300200";"Acaraú (CE)";"567088,8"
"2300309";"Acopiara (CE)";"389054,8"
"2300408";"Aiuaba (CE)";"112897,1"
"2300507";"Alcântaras (CE)";"76963,2"
"2300606";"Altaneira (CE)";"51200,1"
"2300705";"Alto Santo (CE)";"155350,7"
"2300754";"Amontada (CE)";"439712,0"
"2300804";"Antonina do Norte (CE)";"54721,4"
"2300903";"Apuiarés (CE)";"104222,7"
"2301000";"Aquiraz (CE)";"1932049,1"
"2301109";"Aracati (CE)";"1137552,2"
"2301208";"Aracoiaba (CE)";"200078,9"
"2301257";"Ararendá (CE)";"80502,9"
"2301307";"Araripe (CE)";"149592,5"
"2301406";"Aratuba (CE)";"131893,4"
"2301505";"Arneiroz (CE)";"55549,6"
"2301604";"Assaré (CE)";"167912,1"
"2301703";"Aurora (CE)";"190048,8"
"2301802";"Baixio (CE)";"57802,7"
"2301851";"Banabuiú (CE)";"163626,1"
"2301901";"Barbalha (CE)";"873316,1"
"2301950";"Barreira (CE)";"161614,3"
"2302008";"Barro (CE)";"177369,7"
"2302057";"Barroquinha (CE)";"102923,4"
"2302107";"Baturité (CE)";"339484,9"
"2302206";"Beberibe (CE)";"745424,9"
"2302305";"Bela Cruz (CE)";"244723,9"
"2302404";"Boa Viagem (CE)";"395707,0"
"2302503";"Brejo Santo (CE)";"515258,6"
"2302602";"Camocim (CE)";"589611,1"
"2302701";"Campos Sales (CE)";"201809,8"
"2302800";"Canindé (CE)";"655466,8"
"2302909";"Capistrano (CE)";"178073,8"
"2303006";"Caridade (CE)";"129629,0"
"2303105";"Cariré (CE)";"155242,9"
"2303204";"Caririaçu (CE)";"205795,0"
"2303303";"Cariús (CE)";"141766,3"
"2303402";"Carnaubal (CE)";"121778,5"
"2303501";"Cascavel (CE)";"751069,3"
"2303600";"Catarina (CE)";"121875,6"
"2303659";"Catunda (CE)";"82304,6"
"2303709";"Caucaia (CE)";"5069517,1"
"2303808";"Cedro (CE)";"186985,8"
"2303907";"Chaval (CE)";"84011,6"
"2303931";"Choró (CE)";"82146,0"
"2303956";"Chorozinho (CE)";"357096,1"
"2304004";"Coreaú (CE)";"151087,5"
"2304103";"Crateús (CE)";"700368,4"
"2304202";"Crato (CE)";"1377806,6"
"2304236";"Croatá (CE)";"142074,9"
"2304251";"Cruz (CE)";"228764,5"
"2304269";"Deputado Irapuan Pinheiro (CE)";"63751,3"
"2304277";"Ereré (CE)";"52200,6"
"2304285";"Eusébio (CE)";"2474145,4"
"2304301";"Farias Brito (CE)";"159465,2"
"2304350";"Forquilha (CE)";"189924,4"
"2304400";"Fortaleza (CE)";"66381302,3"
"2304459";"Fortim (CE)";"162009,0"
"2304509";"Frecheirinha (CE)";"256853,9"
"2304608";"General Sampaio (CE)";"58853,0"
"2304657";"Graça (CE)";"104754,2"
"2304707";"Granja (CE)";"375808,3"
"2304806";"Granjeiro (CE)";"43186,5"
"2304905";"Groaíras (CE)";"80714,6"
"2304954";"Guaiúba (CE)";"204237,6"
"2305001";"Guaraciaba do Norte (CE)";"479710,6"
"2305100";"Guaramiranga (CE)";"60451,6"
"2305209";"Hidrolândia (CE)";"147647,5"
"2305233";"Horizonte (CE)";"1700086,4"
"2305266";"Ibaretama (CE)";"95629,7"
"2305308";"Ibiapina (CE)";"284154,6"
"2305332";"Ibicuitinga (CE)";"89084,6"
"2305357";"Icapuí (CE)";"340165,7"
"2305407";"Icó (CE)";"564194,0"
"2305506";"Iguatu (CE)";"1617877,4"
"2305605";"Independência (CE)";"241493,7"
"2305654";"Ipaporanga (CE)";"77929,6"
"2305704";"Ipaumirim (CE)";"114142,4"
"2305803";"Ipu (CE)";"399447,7"
"2305902";"Ipueiras (CE)";"254861,9"
"2306009";"Iracema (CE)";"142715,9"
"2306108";"Irauçuba (CE)";"166022,0"
"2306207";"Itaiçaba (CE)";"65922,9"
"2306256";"Itaitinga (CE)";"700655,9"
"2306306";"Itapajé (CE)";"562380,3"
"2306405";"Itapipoca (CE)";"1649738,8"
"2306504";"Itapiúna (CE)";"134424,5"
"2306553";"Itarema (CE)";"745518,7"
"2306603";"Itatira (CE)";"125100,0"
"2306702";"Jaguaretama (CE)";"156217,4"
"2306801";"Jaguaribara (CE)";"133294,5"
"2306900";"Jaguaribe (CE)";"590674,4"
"2307007";"Jaguaruana (CE)";"404200,0"
"2307106";"Jardim (CE)";"210872,2"
"2307205";"Jati (CE)";"94139,7"
"2307254";"Jijoca de Jericoacoara (CE)";"383001,2"
"2307304";"Juazeiro do Norte (CE)";"4815935,0"
"2307403";"Jucás (CE)";"225459,4"
"2307502";"Lavras da Mangabeira (CE)";"260743,0"
"2307601";"Limoeiro do Norte (CE)";"949608,9"
"2307635";"Madalena (CE)";"131491,6"
"2307650";"Maracanaú (CE)";"10330813,4"
"2307700";"Maranguape (CE)";"1495052,3"
"2307809";"Marco (CE)";"321069,9"
"2307908";"Martinópole (CE)";"77763,8"
"2308005";"Massapê (CE)";"278607,0"
"2308104";"Mauriti (CE)";"411896,4"
"2308203";"Meruoca (CE)";"102224,6"
"2308302";"Milagres (CE)";"231515,3"
"2308351";"Milhã (CE)";"131294,5"
"2308377";"Miraíma (CE)";"86345,9"
"2308401";"Missão Velha (CE)";"490943,8"
"2308500";"Mombaça (CE)";"332608,4"
"2308609";"Monsenhor Tabosa (CE)";"130692,7"
"2308708";"Morada Nova (CE)";"962454,8"
"2308807";"Moraújo (CE)";"63117,7"
"2308906";"Morrinhos (CE)";"140940,5"
"2309003";"Mucambo (CE)";"101369,2"
"2309102";"Mulungu (CE)";"118694,3"
"2309201";"Nova Olinda (CE)";"134092,4"
"2309300";"Nova Russas (CE)";"275666,9"
"2309409";"Novo Oriente (CE)";"204976,3"
"2309458";"Ocara (CE)";"180596,3"
"2309508";"Orós (CE)";"175539,5"
"2309607";"Pacajus (CE)";"1139914,5"
"2309706";"Pacatuba (CE)";"1162125,2"
"2309805";"Pacoti (CE)";"109294,6"
"2309904";"Pacujá (CE)";"48001,7"
"2310001";"Palhano (CE)";"78773,8"
"2310100";"Palmácia (CE)";"93836,1"
"2310209";"Paracuru (CE)";"488941,1"
"2310258";"Paraipaba (CE)";"398908,0"
"2310308";"Parambu (CE)";"217507,4"
"2310407";"Paramoti (CE)";"96409,0"
"2310506";"Pedra Branca (CE)";"300170,2"
"2310605";"Penaforte (CE)";"213845,7"
"2310704";"Pentecoste (CE)";"412142,4"
"2310803";"Pereiro (CE)";"313125,2"
"2310852";"Pindoretama (CE)";"242221,6"
"2310902";"Piquet Carneiro (CE)";"125334,4"
"2310951";"Pires Ferreira (CE)";"59052,2"
"2311009";"Poranga (CE)";"78794,8"
"2311108";"Porteiras (CE)";"152388,6"
"2311207";"Potengi (CE)";"90208,3"
"2311231";"Potiretama (CE)";"57477,3"
"2311264";"Quiterianópolis (CE)";"151807,8"
"2311306";"Quixadá (CE)";"1043639,8"
"2311355";"Quixelô (CE)";"121805,3"
"2311405";"Quixeramobim (CE)";"1072295,3"
"2311504";"Quixeré (CE)";"426546,9"
"2311603";"Redenção (CE)";"458454,9"
"2311702";"Reriutaba (CE)";"193940,5"
"2311801";"Russas (CE)";"1107205,6"
"2311900";"Saboeiro (CE)";"129631,4"
"2311959";"Salitre (CE)";"110769,5"
"2312007";"Santana do Acaraú (CE)";"221784,8"
"2312106";"Santana do Cariri (CE)";"123888,5"
"2312205";"Santa Quitéria (CE)";"446749,5"
"2312304";"São Benedito (CE)";"510877,4"
"2312403";"São Gonçalo do Amarante (CE)";"4219742,6"
"2312502";"São João do Jaguaribe (CE)";"91304,0"
"2312601";"São Luís do Curu (CE)";"105835,2"
"2312700";"Senador Pompeu (CE)";"308065,1"
"2312809";"Senador Sá (CE)";"53775,0"
"2312908";"Sobral (CE)";"4759754,6"
"2313005";"Solonópole (CE)";"195287,0"
"2313104";"Tabuleiro do Norte (CE)";"320804,7"
"2313203";"Tamboril (CE)";"211769,9"
"2313252";"Tarrafas (CE)";"62074,3"
"2313302";"Tauá (CE)";"607573,9"
"2313351";"Tejuçuoca (CE)";"108571,0"
"2313401";"Tianguá (CE)";"1308985,0"
"2313500";"Trairi (CE)";"837504,3"
"2313559";"Tururu (CE)";"106298,8"
"2313609";"Ubajara (CE)";"581648,5"
"2313708";"Umari (CE)";"53744,2"
"2313757";"Umirim (CE)";"155331,5"
"2313807";"Uruburetama (CE)";"360012,8"
"2313906";"Uruoca (CE)";"172187,1"
"2313955";"Varjota (CE)";"269539,0"
"2314003";"Várzea Alegre (CE)";"374829,4"
"2314102";"Viçosa do Ceará (CE)";"439427,0"
"2400109";"Acari (RN)";"124824,6"
"2400208";"Açu (RN)";"1134910,2"
"2400307";"Afonso Bezerra (RN)";"95641,2"
"2400406";"Água Nova (RN)";"28605,6"
"2400505";"Alexandria (RN)";"140266,3"
"2400604";"Almino Afonso (RN)";"39386,0"
"2400703";"Alto do Rodrigues (RN)";"474550,3"
"2400802";"Angicos (RN)";"142729,1"
"2400901";"Antônio Martins (RN)";"59047,4"
"2401008";"Apodi (RN)";"514501,6"
"2401107";"Areia Branca (RN)";"706069,3"
"2401206";"Arês (RN)";"448431,5"
"2401305";"Campo Grande (RN)";"86023,0"
"2401404";"Baía Formosa (RN)";"181359,6"
"2401453";"Baraúna (RN)";"575270,9"
"2401503";"Barcelona (RN)";"36031,5"
"2401602";"Bento Fernandes (RN)";"48523,9"
"2401651";"Bodó (RN)";"300404,6"
"2401701";"Bom Jesus (RN)";"86170,3"
"2401800";"Brejinho (RN)";"129108,7"
"2401859";"Caiçara do Norte (RN)";"81840,9"
"2401909";"Caiçara do Rio do Vento (RN)";"39826,2"
"2402006";"Caicó (RN)";"1171343,5"
"2402105";"Campo Redondo (RN)";"86438,9"
"2402204";"Canguaretama (RN)";"550758,8"
"2402303";"Caraúbas (RN)";"293511,5"
"2402402";"Carnaúba dos Dantas (RN)";"95111,5"
"2402501";"Carnaubais (RN)";"169860,7"
"2402600";"Ceará-Mirim (RN)";"864705,2"
"2402709";"Cerro Corá (RN)";"125193,0"
"2402808";"Coronel Ezequiel (RN)";"44685,1"
"2402907";"Coronel João Pessoa (RN)";"43639,6"
"2403004";"Cruzeta (RN)";"103647,2"
"2403103";"Currais Novos (RN)";"699724,6"
"2403202";"Doutor Severiano (RN)";"62301,4"
"2403251";"Parnamirim (RN)";"5310680,8"
"2403301";"Encanto (RN)";"46847,2"
"2403400";"Equador (RN)";"68442,8"
"2403509";"Espírito Santo (RN)";"81429,3"
"2403608";"Extremoz (RN)";"416801,3"
"2403707";"Felipe Guerra (RN)";"97009,2"
"2403756";"Fernando Pedroza (RN)";"31578,5"
"2403806";"Florânia (RN)";"94051,1"
"2403905";"Francisco Dantas (RN)";"25336,4"
"2404002";"Frutuoso Gomes (RN)";"37675,8"
"2404101";"Galinhos (RN)";"75143,8"
"2404200";"Goianinha (RN)";"438891,2"
"2404309";"Governador Dix-Sept Rosado (RN)";"217477,2"
"2404408";"Grossos (RN)";"158661,4"
"2404507";"Guamaré (RN)";"1388429,4"
"2404606";"Ielmo Marinho (RN)";"108938,5"
"2404705";"Ipanguaçu (RN)";"141537,0"
"2404804";"Ipueira (RN)";"26490,4"
"2404853";"Itajá (RN)";"73427,1"
"2404903";"Itaú (RN)";"66145,2"
"2405009";"Jaçanã (RN)";"66798,6"
"2405108";"Jandaíra (RN)";"67441,2"
"2405207";"Janduís (RN)";"65880,8"
"2405306";"Januário Cicco (RN)";"70200,3"
"2405405";"Japi (RN)";"40970,3"
"2405504";"Jardim de Angicos (RN)";"27658,8"
"2405603";"Jardim de Piranhas (RN)";"147623,7"
"2405702";"Jardim do Seridó (RN)";"165807,3"
"2405801";"João Câmara (RN)";"928654,4"
"2405900";"João Dias (RN)";"21748,6"
"2406007";"José da Penha (RN)";"54898,3"
"2406106";"Jucurutu (RN)";"237927,2"
"2406155";"Jundiá (RN)";"33359,3"
"2406205";"Lagoa d'Anta (RN)";"60670,7"
"2406304";"Lagoa de Pedras (RN)";"65805,4"
"2406403";"Lagoa de Velhos (RN)";"32570,2"
"2406502";"Lagoa Nova (RN)";"277064,3"
"2406601";"Lagoa Salgada (RN)";"74832,8"
"2406700";"Lajes (RN)";"128108,3"
"2406809";"Lajes Pintadas (RN)";"41695,3"
"2406908";"Lucrécia (RN)";"51988,7"
"2407005";"Luís Gomes (RN)";"73669,2"
"2407104";"Macaíba (RN)";"1651683,1"
"2407203";"Macau (RN)";"726354,6"
"2407252";"Major Sales (RN)";"37175,8"
"2407302";"Marcelino Vieira (RN)";"68752,4"
"2407401";"Martins (RN)";"89712,2"
"2407500";"Maxaranguape (RN)";"119604,5"
"2407609";"Messias Targino (RN)";"56229,9"
"2407708";"Montanhas (RN)";"101487,3"
"2407807";"Monte Alegre (RN)";"228137,1"
"2407906";"Monte das Gameleiras (RN)";"25309,6"
"2408003";"Mossoró (RN)";"6734569,5"
"2408102";"Natal (RN)";"23372340,0"
"2408201";"Nísia Floresta (RN)";"430498,3"
"2408300";"Nova Cruz (RN)";"456380,5"
"2408409";"Olho d'Água do Borges (RN)";"37918,4"
"2408508";"Ouro Branco (RN)";"49475,4"
"2408607";"Paraná (RN)";"33607,3"
"2408706";"Paraú (RN)";"42765,6"
"2408805";"Parazinho (RN)";"409064,5"
"2408904";"Parelhas (RN)";"329474,3"
"2408953";"Rio do Fogo (RN)";"168964,7"
"2409100";"Passa e Fica (RN)";"111692,6"
"2409209";"Passagem (RN)";"34907,3"
"2409308";"Patu (RN)";"144580,7"
"2409332";"Santa Maria (RN)";"53407,5"
"2409407";"Pau dos Ferros (RN)";"527652,3"
"2409506";"Pedra Grande (RN)";"214414,3"
"2409605";"Pedra Preta (RN)";"28263,4"
"2409704";"Pedro Avelino (RN)";"58018,4"
"2409803";"Pedro Velho (RN)";"130814,8"
"2409902";"Pendências (RN)";"465026,3"
"2410009";"Pilões (RN)";"35012,0"
"2410108";"Poço Branco (RN)";"106064,8"
"2410207";"Portalegre (RN)";"65663,0"
"2410256";"Porto do Mangue (RN)";"154660,4"
"2410306";"Serra Caiada (RN)";"79915,6"
"2410405";"Pureza (RN)";"120962,4"
"2410504";"Rafael Fernandes (RN)";"45574,9"
"2410603";"Rafael Godeiro (RN)";"32717,1"
"2410702";"Riacho da Cruz (RN)";"31466,3"
"2410801";"Riacho de Santana (RN)";"36014,2"
"2410900";"Riachuelo (RN)";"65991,1"
"2411007";"Rodolfo Fernandes (RN)";"45252,2"
"2411056";"Tibau (RN)";"98723,1"
"2411106";"Ruy Barbosa (RN)";"32108,9"
"2411205";"Santa Cruz (RN)";"502049,1"
"2411403";"Santana do Matos (RN)";"129755,7"
"2411429";"Santana do Seridó (RN)";"38289,1"
"2411502";"Santo Antônio (RN)";"250620,8"
"2411601";"São Bento do Norte (RN)";"158935,0"
"2411700";"São Bento do Trairí (RN)";"37290,0"
"2411809";"São Fernando (RN)";"46657,0"
"2411908";"São Francisco do Oeste (RN)";"46230,9"
"2412005";"São Gonçalo do Amarante (RN)";"1582091,9"
"2412104";"São João do Sabugi (RN)";"62127,0"
"2412203";"São José de Mipibu (RN)";"853714,7"
"2412302";"São José do Campestre (RN)";"99129,7"
"2412401";"São José do Seridó (RN)";"89305,9"
"2412500";"São Miguel (RN)";"241701,5"
"2412559";"São Miguel do Gostoso (RN)";"280672,4"
"2412609";"São Paulo do Potengi (RN)";"191576,5"
"2412708";"São Pedro (RN)";"49969,8"
"2412807";"São Rafael (RN)";"76169,7"
"2412906";"São Tomé (RN)";"97319,7"
"2413003";"São Vicente (RN)";"67894,1"
"2413102";"Senador Elói de Souza (RN)";"47882,7"
"2413201";"Senador Georgino Avelino (RN)";"126628,2"
"2413300";"Serra de São Bento (RN)";"46294,4"
"2413359";"Serra do Mel (RN)";"254557,4"
"2413409";"Serra Negra do Norte (RN)";"83465,1"
"2413508";"Serrinha (RN)";"57748,9"
"2413557";"Serrinha dos Pintos (RN)";"39951,4"
"2413607";"Severiano Melo (RN)";"45372,3"
"2413706";"Sítio Novo (RN)";"43292,8"
"2413805";"Taboleiro Grande (RN)";"26356,9"
"2413904";"Taipu (RN)";"114949,8"
"2414001";"Tangará (RN)";"171900,4"
"2414100";"Tenente Ananias (RN)";"91482,9"
"2414159";"Tenente Laurentino Cruz (RN)";"84549,5"
"2414209";"Tibau do Sul (RN)";"373020,1"
"2414308";"Timbaúba dos Batistas (RN)";"29767,8"
"2414407";"Touros (RN)";"517007,7"
"2414456";"Triunfo Potiguar (RN)";"38061,9"
"2414506";"Umarizal (RN)";"127163,3"
"2414605";"Upanema (RN)";"186309,9"
"2414704";"Várzea (RN)";"48135,4"
"2414753";"Venha-Ver (RN)";"34628,9"
"2414803";"Vera Cruz (RN)";"108847,2"
"2414902";"Viçosa (RN)";"17667,8"
"2415008";"Vila Flor (RN)";"39799,3"
"2500106";"Água Branca (PB)";"79901,5"
"2500205";"Aguiar (PB)";"46220,9"
"2500304";"Alagoa Grande (PB)";"256889,7"
"2500403";"Alagoa Nova (PB)";"287713,3"
"2500502";"Alagoinha (PB)";"109852,1"
"2500536";"Alcantil (PB)";"42363,3"
"2500577";"Algodão de Jandaíra (PB)";"25658,7"
"2500601";"Alhandra (PB)";"1704814,5"
"2500700";"São João do Rio do Peixe (PB)";"185443,8"
"2500734";"Amparo (PB)";"25508,0"
"2500775";"Aparecida (PB)";"77955,9"
"2500809";"Araçagi (PB)";"155361,8"
"2500908";"Arara (PB)";"100898,8"
"2501005";"Araruna (PB)";"165477,9"
"2501104";"Areia (PB)";"234367,3"
"2501153";"Areia de Baraúnas (PB)";"19976,4"
"2501203";"Areial (PB)";"52167,4"
"2501302";"Aroeiras (PB)";"153209,1"
"2501351";"Assunção (PB)";"37403,6"
"2501401";"Baía da Traição (PB)";"85944,9"
"2501500";"Bananeiras (PB)";"238642,7"
"2501534";"Baraúna (PB)";"41903,3"
"2501575";"Barra de Santana (PB)";"73459,5"
"2501609";"Barra de Santa Rosa (PB)";"127060,9"
"2501708";"Barra de São Miguel (PB)";"59063,3"
"2501807";"Bayeux (PB)";"1338139,8"
"2501906";"Belém (PB)";"181126,8"
"2502003";"Belém do Brejo do Cruz (PB)";"65859,6"
"2502052";"Bernardino Batista (PB)";"33267,0"
"2502102";"Boa Ventura (PB)";"43454,2"
"2502151";"Boa Vista (PB)";"156071,0"
"2502201";"Bom Jesus (PB)";"27278,2"
"2502300";"Bom Sucesso (PB)";"41659,6"
"2502409";"Bonito de Santa Fé (PB)";"91431,1"
"2502508";"Boqueirão (PB)";"205674,9"
"2502607";"Igaracy (PB)";"53673,9"
"2502706";"Borborema (PB)";"59399,4"
"2502805";"Brejo do Cruz (PB)";"125107,4"
"2502904";"Brejo dos Santos (PB)";"53816,7"
"2503001";"Caaporã (PB)";"331124,4"
"2503100";"Cabaceiras (PB)";"56686,6"
"2503209";"Cabedelo (PB)";"2732463,5"
"2503308";"Cachoeira dos Índios (PB)";"111253,6"
"2503407";"Cacimba de Areia (PB)";"33970,3"
"2503506";"Cacimba de Dentro (PB)";"128194,8"
"2503555";"Cacimbas (PB)";"54318,8"
"2503605";"Caiçara (PB)";"57475,9"
"2503704";"Cajazeiras (PB)";"1064231,5"
"2503753";"Cajazeirinhas (PB)";"32677,1"
"2503803";"Caldas Brandão (PB)";"66657,7"
"2503902";"Camalaú (PB)";"62807,9"
"2504009";"Campina Grande (PB)";"9152679,0"
"2504033";"Capim (PB)";"60016,7"
"2504074";"Caraúbas (PB)";"36338,7"
"2504108";"Carrapateira (PB)";"25779,0"
"2504157";"Casserengue (PB)";"60634,0"
"2504207";"Catingueira (PB)";"43287,2"
"2504306";"Catolé do Rocha (PB)";"393493,5"
"2504355";"Caturité (PB)";"55099,2"
"2504405";"Conceição (PB)";"170737,2"
"2504504";"Condado (PB)";"59963,4"
"2504603";"Conde (PB)";"712621,3"
"2504702";"Congo (PB)";"51573,3"
"2504801";"Coremas (PB)";"150014,0"
"2504850";"Coxixola (PB)";"20235,3"
"2504900";"Cruz do Espírito Santo (PB)";"133172,1"
"2505006";"Cubati (PB)";"65029,9"
"2505105";"Cuité (PB)";"204338,2"
"2505204";"Cuitegi (PB)";"56924,1"
"2505238";"Cuité de Mamanguape (PB)";"63299,5"
"2505279";"Curral de Cima (PB)";"48454,6"
"2505303";"Curral Velho (PB)";"22134,3"
"2505352";"Damião (PB)";"42137,9"
"2505402";"Desterro (PB)";"60648,6"
"2505501";"Vista Serrana (PB)";"33898,7"
"2505600";"Diamante (PB)";"53046,6"
"2505709";"Dona Inês (PB)";"80484,3"
"2505808";"Duas Estradas (PB)";"39447,5"
"2505907";"Emas (PB)";"33683,7"
"2506004";"Esperança (PB)";"403538,8"
"2506103";"Fagundes (PB)";"92542,1"
"2506202";"Frei Martinho (PB)";"28626,5"
"2506251";"Gado Bravo (PB)";"64605,8"
"2506301";"Guarabira (PB)";"959200,6"
"2506400";"Gurinhém (PB)";"132790,8"
"2506509";"Gurjão (PB)";"31539,9"
"2506608";"Ibiara (PB)";"48669,4"
"2506707";"Imaculada (PB)";"76537,1"
"2506806";"Ingá (PB)";"165950,0"
"2506905";"Itabaiana (PB)";"287142,8"
"2507002";"Itaporanga (PB)";"279754,9"
"2507101";"Itapororoca (PB)";"172663,5"
"2507200";"Itatuba (PB)";"111435,0"
"2507309";"Jacaraú (PB)";"125941,8"
"2507408";"Jericó (PB)";"64623,0"
"2507507";"João Pessoa (PB)";"19810216,2"
"2507606";"Juarez Távora (PB)";"62800,4"
"2507705";"Juazeirinho (PB)";"172349,1"
"2507804";"Junco do Seridó (PB)";"69906,3"
"2507903";"Juripiranga (PB)";"97969,3"
"2508000";"Juru (PB)";"73573,1"
"2508109";"Lagoa (PB)";"37903,9"
"2508208";"Lagoa de Dentro (PB)";"72719,4"
"2508307";"Lagoa Seca (PB)";"272293,7"
"2508406";"Lastro (PB)";"26243,6"
"2508505";"Livramento (PB)";"56863,0"
"2508554";"Logradouro (PB)";"40157,9"
"2508604";"Lucena (PB)";"193942,2"
"2508703";"Mãe d'Água (PB)";"32570,1"
"2508802";"Malta (PB)";"54406,2"
"2508901";"Mamanguape (PB)";"636866,5"
"2509008";"Manaíra (PB)";"75929,8"
"2509057";"Marcação (PB)";"76636,9"
"2509107";"Mari (PB)";"200780,5"
"2509156";"Marizópolis (PB)";"62284,8"
"2509206";"Massaranduba (PB)";"108062,1"
"2509305";"Mataraca (PB)";"228469,8"
"2509339";"Matinhas (PB)";"46850,6"
"2509370";"Mato Grosso (PB)";"25940,2"
"2509396";"Maturéia (PB)";"51350,9"
"2509404";"Mogeiro (PB)";"128304,4"
"2509503";"Montadas (PB)";"46844,1"
"2509602";"Monte Horebe (PB)";"36490,7"
"2509701";"Monteiro (PB)";"523756,7"
"2509800";"Mulungu (PB)";"76534,7"
"2509909";"Natuba (PB)";"81796,4"
"2510006";"Nazarezinho (PB)";"58108,0"
"2510105";"Nova Floresta (PB)";"84849,4"
"2510204";"Nova Olinda (PB)";"48724,5"
"2510303";"Nova Palmeira (PB)";"41783,5"
"2510402";"Olho d'Água (PB)";"54295,8"
"2510501";"Olivedos (PB)";"36492,7"
"2510600";"Ouro Velho (PB)";"30760,4"
"2510659";"Parari (PB)";"18847,2"
"2510709";"Passagem (PB)";"23466,8"
"2510808";"Patos (PB)";"1714452,6"
"2510907";"Paulista (PB)";"133546,9"
"2511004";"Pedra Branca (PB)";"30947,7"
"2511103";"Pedra Lavrada (PB)";"71563,9"
"2511202";"Pedras de Fogo (PB)";"393916,9"
"2511301";"Piancó (PB)";"185591,5"
"2511400";"Picuí (PB)";"181821,5"
"2511509";"Pilar (PB)";"97032,9"
"2511608";"Pilões (PB)";"76198,8"
"2511707";"Pilõezinhos (PB)";"47302,2"
"2511806";"Pirpirituba (PB)";"87566,3"
"2511905";"Pitimbu (PB)";"257659,5"
"2512002";"Pocinhos (PB)";"230941,9"
"2512036";"Poço Dantas (PB)";"34385,0"
"2512077";"Poço de José de Moura (PB)";"40473,7"
"2512101";"Pombal (PB)";"391718,8"
"2512200";"Prata (PB)";"52745,2"
"2512309";"Princesa Isabel (PB)";"226137,2"
"2512408";"Puxinanã (PB)";"103402,2"
"2512507";"Queimadas (PB)";"484723,4"
"2512606";"Quixaba (PB)";"22603,7"
"2512705";"Remígio (PB)";"166495,1"
"2512721";"Pedro Régis (PB)";"48159,5"
"2512747";"Riachão (PB)";"31896,8"
"2512754";"Riachão do Bacamarte (PB)";"42204,8"
"2512762";"Riachão do Poço (PB)";"45065,0"
"2512788";"Riacho de Santo Antônio (PB)";"24935,0"
"2512804";"Riacho dos Cavalos (PB)";"73247,9"
"2512903";"Rio Tinto (PB)";"244360,0"
"2513000";"Salgadinho (PB)";"26935,4"
"2513109";"Salgado de São Félix (PB)";"125549,7"
"2513158";"Santa Cecília (PB)";"53260,4"
"2513208";"Santa Cruz (PB)";"54432,8"
"2513307";"Santa Helena (PB)";"51808,2"
"2513356";"Santa Inês (PB)";"29635,0"
"2513406";"Santa Luzia (PB)";"218817,6"
"2513505";"Santana de Mangueira (PB)";"42289,8"
"2513604";"Santana dos Garrotes (PB)";"55669,9"
"2513653";"Joca Claudino (PB)";"27344,0"
"2513703";"Santa Rita (PB)";"2382775,6"
"2513802";"Santa Teresinha (PB)";"43939,1"
"2513851";"Santo André (PB)";"25552,1"
"2513901";"São Bento (PB)";"434317,4"
"2513927";"São Bentinho (PB)";"46242,2"
"2513943";"São Domingos do Cariri (PB)";"23920,0"
"2513968";"São Domingos (PB)";"28938,6"
"2513984";"São Francisco (PB)";"33992,0"
"2514008";"São João do Cariri (PB)";"44577,4"
"2514107";"São João do Tigre (PB)";"34985,3"
"2514206";"São José da Lagoa Tapada (PB)";"58804,7"
"2514305";"São José de Caiana (PB)";"47225,9"
"2514404";"São José de Espinharas (PB)";"47290,0"
"2514453";"São José dos Ramos (PB)";"47510,8"
"2514503";"São José de Piranhas (PB)";"190391,4"
"2514552";"São José de Princesa (PB)";"29427,7"
"2514602";"São José do Bonfim (PB)";"28684,6"
"2514651";"São José do Brejo do Cruz (PB)";"23717,5"
"2514701";"São José do Sabugi (PB)";"117398,2"
"2514800";"São José dos Cordeiros (PB)";"30913,9"
"2514909";"São Mamede (PB)";"70472,8"
"2515005";"São Miguel de Taipu (PB)";"65150,0"
"2515104";"São Sebastião de Lagoa de Roça (PB)";"94446,3"
"2515203";"São Sebastião do Umbuzeiro (PB)";"32515,2"
"2515302";"Sapé (PB)";"551441,6"
"2515401";"São Vicente do Seridó (PB)";"72695,7"
"2515500";"Serra Branca (PB)";"124865,7"
"2515609";"Serra da Raiz (PB)";"32307,5"
"2515708";"Serra Grande (PB)";"27890,0"
"2515807";"Serra Redonda (PB)";"60231,5"
"2515906";"Serraria (PB)";"57408,6"
"2515930";"Sertãozinho (PB)";"47487,6"
"2515971";"Sobrado (PB)";"87665,1"
"2516003";"Solânea (PB)";"281837,7"
"2516102";"Soledade (PB)";"165719,5"
"2516151";"Sossêgo (PB)";"32629,1"
"2516201";"Sousa (PB)";"1111339,5"
"2516300";"Sumé (PB)";"173818,6"
"2516409";"Tacima (PB)";"76929,3"
"2516508";"Taperoá (PB)";"122290,9"
"2516607";"Tavares (PB)";"115063,1"
"2516706";"Teixeira (PB)";"137425,4"
"2516755";"Tenório (PB)";"28253,0"
"2516805";"Triunfo (PB)";"73384,5"
"2516904";"Uiraúna (PB)";"164775,6"
"2517001";"Umbuzeiro (PB)";"74204,1"
"2517100";"Várzea (PB)";"30165,0"
"2517209";"Vieirópolis (PB)";"41975,8"
"2517407";"Zabelê (PB)";"23808,0"
"2600054";"Abreu e Lima (PE)";"1725557,3"
"2600104";"Afogados da Ingazeira (PE)";"436230,3"
"2600203";"Afrânio (PE)";"165034,8"
"2600302";"Agrestina (PE)";"254425,3"
"2600401";"Água Preta (PE)";"245565,7"
"2600500";"Águas Belas (PE)";"348813,8"
"2600609";"Alagoinha (PE)";"132916,6"
"2600708";"Aliança (PE)";"313549,4"
"2600807";"Altinho (PE)";"171950,7"
"2600906";"Amaraji (PE)";"222706,4"
"2601003";"Angelim (PE)";"118503,3"
"2601052";"Araçoiaba (PE)";"139545,8"
"2601102";"Araripina (PE)";"1032651,9"
"2601201";"Arcoverde (PE)";"1007778,5"
"2601300";"Barra de Guabiraba (PE)";"130011,1"
"2601409";"Barreiros (PE)";"424828,9"
"2601508";"Belém de Maria (PE)";"80045,4"
"2601607";"Belém do São Francisco (PE)";"304251,7"
"2601706";"Belo Jardim (PE)";"1883292,2"
"2601805";"Betânia (PE)";"87830,9"
"2601904";"Bezerros (PE)";"721911,9"
"2602001";"Bodocó (PE)";"276851,7"
"2602100";"Bom Conselho (PE)";"503864,1"
"2602209";"Bom Jardim (PE)";"327137,9"
"2602308";"Bonito (PE)";"390529,3"
"2602407";"Brejão (PE)";"144890,9"
"2602506";"Brejinho (PE)";"55556,7"
"2602605";"Brejo da Madre de Deus (PE)";"375202,0"
"2602704";"Buenos Aires (PE)";"103050,4"
"2602803";"Buíque (PE)";"407034,4"
"2602902";"Cabo de Santo Agostinho (PE)";"9756948,6"
"2603009";"Cabrobó (PE)";"384494,5"
"2603108";"Cachoeirinha (PE)";"218010,6"
"2603207";"Caetés (PE)";"486416,1"
"2603306";"Calçado (PE)";"93552,6"
"2603405";"Calumbi (PE)";"50245,1"
"2603454";"Camaragibe (PE)";"1850657,7"
"2603504";"Camocim de São Félix (PE)";"153606,9"
"2603603";"Camutanga (PE)";"129392,9"
"2603702";"Canhotinho (PE)";"189299,7"
"2603801";"Capoeiras (PE)";"212826,2"
"2603900";"Carnaíba (PE)";"154578,7"
"2603926";"Carnaubeira da Penha (PE)";"78600,6"
"2604007";"Carpina (PE)";"1447344,1"
"2604106";"Caruaru (PE)";"7147897,5"
"2604155";"Casinhas (PE)";"94886,6"
"2604205";"Catende (PE)";"285710,6"
"2604304";"Cedro (PE)";"88576,6"
"2604403";"Chã de Alegria (PE)";"149109,0"
"2604502";"Chã Grande (PE)";"199845,4"
"2604601";"Condado (PE)";"221434,9"
"2604700";"Correntes (PE)";"149819,1"
"2604809";"Cortês (PE)";"119298,5"
"2604908";"Cumaru (PE)";"96890,0"
"2605004";"Cupira (PE)";"263953,8"
"2605103";"Custódia (PE)";"497246,5"
"2605152";"Dormentes (PE)";"217241,4"
"2605202";"Escada (PE)";"989053,0"
"2605301";"Exu (PE)";"268481,3"
"2605400";"Feira Nova (PE)";"191028,8"
"2605459";"Fernando de Noronha (PE)";"161373,1"
"2605509";"Ferreiros (PE)";"112178,6"
"2605608";"Flores (PE)";"170087,3"
"2605707";"Floresta (PE)";"417434,9"
"2605806";"Frei Miguelinho (PE)";"115764,8"
"2605905";"Gameleira (PE)";"220789,3"
"2606002";"Garanhuns (PE)";"2441499,7"
"2606101";"Glória do Goitá (PE)";"456509,9"
"2606200";"Goiana (PE)";"9225148,6"
"2606309";"Granito (PE)";"68590,3"
"2606408";"Gravatá (PE)";"1124633,4"
"2606507";"Iati (PE)";"162031,2"
"2606606";"Ibimirim (PE)";"259446,4"
"2606705";"Ibirajuba (PE)";"60772,6"
"2606804";"Igarassu (PE)";"2530160,7"
"2606903";"Iguaracy (PE)";"89709,7"
"2607000";"Inajá (PE)";"167120,0"
"2607109";"Ingazeira (PE)";"36207,1"
"2607208";"Ipojuca (PE)";"11566786,7"
"2607307";"Ipubi (PE)";"293125,9"
"2607406";"Itacuruba (PE)";"55396,4"
"2607505";"Itaíba (PE)";"215563,8"
"2607604";"Ilha de Itamaracá (PE)";"249442,6"
"2607653";"Itambé (PE)";"424625,8"
"2607703";"Itapetim (PE)";"109349,4"
"2607752";"Itapissuma (PE)";"1562740,4"
"2607802";"Itaquitinga (PE)";"131862,2"
"2607901";"Jaboatão dos Guararapes (PE)";"13359060,2"
"2607950";"Jaqueira (PE)";"108722,5"
"2608008";"Jataúba (PE)";"124643,9"
"2608057";"Jatobá (PE)";"125022,7"
"2608107";"João Alfredo (PE)";"292038,7"
"2608206";"Joaquim Nabuco (PE)";"183224,3"
"2608255";"Jucati (PE)";"100434,0"
"2608305";"Jupi (PE)";"155509,6"
"2608404";"Jurema (PE)";"104194,3"
"2608453";"Lagoa do Carro (PE)";"247482,2"
"2608503";"Lagoa de Itaenga (PE)";"320517,0"
"2608602";"Lagoa do Ouro (PE)";"115747,6"
"2608701";"Lagoa dos Gatos (PE)";"140210,5"
"2608750";"Lagoa Grande (PE)";"320781,3"
"2608800";"Lajedo (PE)";"446606,1"
"2608909";"Limoeiro (PE)";"775995,5"
"2609006";"Macaparana (PE)";"238643,4"
"2609105";"Machados (PE)";"212060,4"
"2609154";"Manari (PE)";"122110,6"
"2609204";"Maraial (PE)";"87368,9"
"2609303";"Mirandiba (PE)";"151207,0"
"2609402";"Moreno (PE)";"656957,5"
"2609501";"Nazaré da Mata (PE)";"527639,0"
"2609600";"Olinda (PE)";"5534197,5"
"2609709";"Orobó (PE)";"321649,9"
"2609808";"Orocó (PE)";"173747,7"
"2609907";"Ouricuri (PE)";"666758,9"
"2610004";"Palmares (PE)";"800112,5"
"2610103";"Palmeirina (PE)";"68729,9"
"2610202";"Panelas (PE)";"190135,6"
"2610301";"Paranatama (PE)";"285814,9"
"2610400";"Parnamirim (PE)";"166862,0"
"2610509";"Passira (PE)";"224556,3"
"2610608";"Paudalho (PE)";"796734,6"
"2610707";"Paulista (PE)";"4190121,4"
"2610806";"Pedra (PE)";"249141,2"
"2610905";"Pesqueira (PE)";"688578,0"
"2611002";"Petrolândia (PE)";"1329895,7"
"2611101";"Petrolina (PE)";"6686068,8"
"2611200";"Poção (PE)";"83988,9"
"2611309";"Pombos (PE)";"365651,4"
"2611408";"Primavera (PE)";"158396,9"
"2611507";"Quipapá (PE)";"179652,6"
"2611533";"Quixaba (PE)";"53033,8"
"2611606";"Recife (PE)";"52404683,7"
"2611705";"Riacho das Almas (PE)";"181668,3"
"2611804";"Ribeirão (PE)";"447033,6"
"2611903";"Rio Formoso (PE)";"265242,3"
"2612000";"Sairé (PE)";"125412,8"
"2612109";"Salgadinho (PE)";"67496,0"
"2612208";"Salgueiro (PE)";"858899,6"
"2612307";"Saloá (PE)";"127179,4"
"2612406";"Sanharó (PE)";"199184,9"
"2612455";"Santa Cruz (PE)";"108711,7"
"2612471";"Santa Cruz da Baixa Verde (PE)";"90589,8"
"2612505";"Santa Cruz do Capibaribe (PE)";"1511757,9"
"2612554";"Santa Filomena (PE)";"97973,4"
"2612604";"Santa Maria da Boa Vista (PE)";"659712,3"
"2612703";"Santa Maria do Cambucá (PE)";"102554,3"
"2612802";"Santa Terezinha (PE)";"85902,8"
"2612901";"São Benedito do Sul (PE)";"96598,7"
"2613008";"São Bento do Una (PE)";"1085465,6"
"2613107";"São Caitano (PE)";"357382,2"
"2613206";"São João (PE)";"224887,3"
"2613305";"São Joaquim do Monte (PE)";"160376,3"
"2613404";"São José da Coroa Grande (PE)";"231865,8"
"2613503";"São José do Belmonte (PE)";"271905,7"
"2613602";"São José do Egito (PE)";"384201,7"
"2613701";"São Lourenço da Mata (PE)";"1180680,9"
"2613800";"São Vicente Férrer (PE)";"213149,1"
"2613909";"Serra Talhada (PE)";"1373070,7"
"2614006";"Serrita (PE)";"134469,2"
"2614105";"Sertânia (PE)";"492188,0"
"2614204";"Sirinhaém (PE)";"489111,5"
"2614303";"Moreilândia (PE)";"81822,7"
"2614402";"Solidão (PE)";"43968,9"
"2614501";"Surubim (PE)";"753827,1"
"2614600";"Tabira (PE)";"265323,3"
"2614709";"Tacaimbó (PE)";"162561,2"
"2614808";"Tacaratu (PE)";"173298,8"
"2614857";"Tamandaré (PE)";"288747,7"
"2615003";"Taquaritinga do Norte (PE)";"280490,6"
"2615102";"Terezinha (PE)";"61734,6"
"2615201";"Terra Nova (PE)";"68545,5"
"2615300";"Timbaúba (PE)";"680165,5"
"2615409";"Toritama (PE)";"654925,5"
"2615508";"Tracunhaém (PE)";"117337,7"
"2615607";"Trindade (PE)";"315847,9"
"2615706";"Triunfo (PE)";"142025,5"
"2615805";"Tupanatinga (PE)";"186211,3"
"2615904";"Tuparetama (PE)";"78740,4"
"2616001";"Venturosa (PE)";"215672,5"
"2616100";"Verdejante (PE)";"68365,2"
"2616183";"Vertente do Lério (PE)";"60023,0"
"2616209";"Vertentes (PE)";"160053,7"
"2616308";"Vicência (PE)";"344567,5"
"2616407";"Vitória de Santo Antão (PE)";"3718469,8"
"2616506";"Xexéu (PE)";"123570,4"
"2700102";"Água Branca (AL)";"141121,0"
"2700201";"Anadia (AL)";"164866,5"
"2700300";"Arapiraca (AL)";"4466701,3"
"2700409";"Atalaia (AL)";"763994,9"
"2700508";"Barra de Santo Antônio (AL)";"177229,4"
"2700607";"Barra de São Miguel (AL)";"194583,7"
"2700706";"Batalha (AL)";"167211,1"
"2700805";"Belém (AL)";"84427,2"
"2700904";"Belo Monte (AL)";"79110,3"
"2701001";"Boca da Mata (AL)";"329475,2"
"2701100";"Branquinha (AL)";"497048,5"
"2701209";"Cacimbinhas (AL)";"94176,4"
"2701308";"Cajueiro (AL)";"183723,5"
"2701357";"Campestre (AL)";"58327,0"
"2701407";"Campo Alegre (AL)";"459429,5"
"2701506";"Campo Grande (AL)";"85647,6"
"2701605";"Canapi (AL)";"117407,1"
"2701704";"Capela (AL)";"183936,2"
"2701803";"Carneiros (AL)";"61911,0"
"2701902";"Chã Preta (AL)";"115658,3"
"2702009";"Coité do Nóia (AL)";"98585,9"
"2702108";"Colônia Leopoldina (AL)";"257649,2"
"2702207";"Coqueiro Seco (AL)";"69024,7"
"2702306";"Coruripe (AL)";"1272689,6"
"2702355";"Craíbas (AL)";"217099,5"
"2702405";"Delmiro Gouveia (AL)";"519435,6"
"2702504";"Dois Riachos (AL)";"73701,3"
"2702553";"Estrela de Alagoas (AL)";"116202,5"
"2702603";"Feira Grande (AL)";"324946,8"
"2702702";"Feliz Deserto (AL)";"125353,3"
"2702801";"Flexeiras (AL)";"144362,2"
"2702900";"Girau do Ponciano (AL)";"343755,8"
"2703007";"Ibateguara (AL)";"134664,6"
"2703106";"Igaci (AL)";"197218,2"
"2703205";"Igreja Nova (AL)";"350830,5"
"2703304";"Inhapi (AL)";"117784,4"
"2703403";"Jacaré dos Homens (AL)";"46268,4"
"2703502";"Jacuípe (AL)";"171436,5"
"2703601";"Japaratinga (AL)";"161306,8"
"2703700";"Jaramataia (AL)";"52962,4"
"2703759";"Jequiá da Praia (AL)";"209524,5"
"2703809";"Joaquim Gomes (AL)";"261104,0"
"2703908";"Jundiá (AL)";"46351,2"
"2704005";"Junqueiro (AL)";"316730,1"
"2704104";"Lagoa da Canoa (AL)";"203815,5"
"2704203";"Limoeiro de Anadia (AL)";"409364,0"
"2704302";"Maceió (AL)";"22397271,6"
"2704401";"Major Isidoro (AL)";"176069,0"
"2704500";"Maragogi (AL)";"629144,8"
"2704609";"Maravilha (AL)";"67673,6"
"2704708";"Marechal Deodoro (AL)";"1925915,8"
"2704807";"Maribondo (AL)";"144135,3"
"2704906";"Mar Vermelho (AL)";"36989,2"
"2705002";"Mata Grande (AL)";"223448,8"
"2705101";"Matriz de Camaragibe (AL)";"287550,9"
"2705200";"Messias (AL)";"156726,1"
"2705309";"Minador do Negrão (AL)";"54514,7"
"2705408";"Monteirópolis (AL)";"56573,1"
"2705507";"Murici (AL)";"315313,2"
"2705606";"Novo Lino (AL)";"128759,9"
"2705705";"Olho d'Água das Flores (AL)";"199083,7"
"2705804";"Olho d'Água do Casado (AL)";"70659,9"
"2705903";"Olho d'Água Grande (AL)";"45727,3"
"2706000";"Olivença (AL)";"79088,8"
"2706109";"Ouro Branco (AL)";"77414,7"
"2706208";"Palestina (AL)";"37089,7"
"2706307";"Palmeira dos Índios (AL)";"828890,8"
"2706406";"Pão de Açúcar (AL)";"213482,5"
"2706422";"Pariconha (AL)";"73327,2"
"2706448";"Paripueira (AL)";"165569,9"
"2706505";"Passo de Camaragibe (AL)";"242856,5"
"2706604";"Paulo Jacinto (AL)";"72956,0"
"2706703";"Penedo (AL)";"748024,2"
"2706802";"Piaçabuçu (AL)";"318801,6"
"2706901";"Pilar (AL)";"482269,1"
"2707008";"Pindoba (AL)";"35363,3"
"2707107";"Piranhas (AL)";"246028,6"
"2707206";"Poço das Trincheiras (AL)";"92359,0"
"2707305";"Porto Calvo (AL)";"328010,9"
"2707404";"Porto de Pedras (AL)";"199186,6"
"2707503";"Porto Real do Colégio (AL)";"176790,9"
"2707602";"Quebrangulo (AL)";"121724,8"
"2707701";"Rio Largo (AL)";"1059513,5"
"2707800";"Roteiro (AL)";"114858,9"
"2707909";"Santa Luzia do Norte (AL)";"135252,0"
"2708006";"Santana do Ipanema (AL)";"509120,7"
"2708105";"Santana do Mundaú (AL)";"1094184,7"
"2708204";"São Brás (AL)";"83215,5"
"2708303";"São José da Laje (AL)";"302093,9"
"2708402";"São José da Tapera (AL)";"225931,6"
"2708501";"São Luís do Quitunde (AL)";"575006,3"
"2708600";"São Miguel dos Campos (AL)";"1040389,6"
"2708709";"São Miguel dos Milagres (AL)";"148133,8"
"2708808";"São Sebastião (AL)";"438041,0"
"2708907";"Satuba (AL)";"169555,9"
"2708956";"Senador Rui Palmeira (AL)";"87660,6"
"2709004";"Tanque d'Arca (AL)";"54673,8"
"2709103";"Taquarana (AL)";"253668,5"
"2709152";"Teotônio Vilela (AL)";"512119,9"
"2709202";"Traipu (AL)";"205189,7"
"2709301";"União dos Palmares (AL)";"941836,3"
"2709400";"Viçosa (AL)";"339654,8"
"2800100";"Amparo do São Francisco (SE)";"27618,9"
"2800209";"Aquidabã (SE)";"229708,0"
"2800308";"Aracaju (SE)";"17378213,3"
"2800407";"Arauá (SE)";"108322,5"
"2800506";"Areia Branca (SE)";"188319,8"
"2800605";"Barra dos Coqueiros (SE)";"488070,5"
"2800670";"Boquim (SE)";"291217,5"
"2800704";"Brejo Grande (SE)";"75612,6"
"2801009";"Campo do Brito (SE)";"196626,1"
"2801108";"Canhoba (SE)";"43424,1"
"2801207";"Canindé de São Francisco (SE)";"2147285,4"
"2801306";"Capela (SE)";"373968,2"
"2801405";"Carira (SE)";"216677,1"
"2801504";"Carmópolis (SE)";"380348,8"
"2801603";"Cedro de São João (SE)";"53978,5"
"2801702";"Cristinápolis (SE)";"209872,9"
"2801900";"Cumbe (SE)";"36738,5"
"2802007";"Divina Pastora (SE)";"152571,0"
"2802106";"Estância (SE)";"1693741,0"
"2802205";"Feira Nova (SE)";"57192,8"
"2802304";"Frei Paulo (SE)";"214067,4"
"2802403";"Gararu (SE)";"103271,9"
"2802502";"General Maynard (SE)";"31580,6"
"2802601";"Graccho Cardoso (SE)";"60672,3"
"2802700";"Ilha das Flores (SE)";"71687,2"
"2802809";"Indiaroba (SE)";"183805,7"
"2802908";"Itabaiana (SE)";"1793290,3"
"2803005";"Itabaianinha (SE)";"426894,7"
"2803104";"Itabi (SE)";"53346,7"
"2803203";"Itaporanga d'Ajuda (SE)";"901932,2"
"2803302";"Japaratuba (SE)";"392647,6"
"2803401";"Japoatã (SE)";"161980,6"
"2803500";"Lagarto (SE)";"1469644,3"
"2803609";"Laranjeiras (SE)";"820872,2"
"2803708";"Macambira (SE)";"63991,2"
"2803807";"Malhada dos Bois (SE)";"42570,5"
"2803906";"Malhador (SE)";"126102,5"
"2804003";"Maruim (SE)";"315846,7"
"2804102";"Moita Bonita (SE)";"128772,6"
"2804201";"Monte Alegre de Sergipe (SE)";"138535,0"
"2804300";"Muribeca (SE)";"90971,7"
"2804409";"Neópolis (SE)";"252833,0"
"2804458";"Nossa Senhora Aparecida (SE)";"83358,9"
"2804508";"Nossa Senhora da Glória (SE)";"558916,9"
"2804607";"Nossa Senhora das Dores (SE)";"293791,6"
"2804706";"Nossa Senhora de Lourdes (SE)";"59702,3"
"2804805";"Nossa Senhora do Socorro (SE)";"2566684,8"
"2804904";"Pacatuba (SE)";"174250,3"
"2805000";"Pedra Mole (SE)";"30197,7"
"2805109";"Pedrinhas (SE)";"81405,2"
"2805208";"Pinhão (SE)";"54199,0"
"2805307";"Pirambu (SE)";"109978,9"
"2805406";"Poço Redondo (SE)";"295515,3"
"2805505";"Poço Verde (SE)";"237492,8"
"2805604";"Porto da Folha (SE)";"260389,8"
"2805703";"Propriá (SE)";"511476,5"
"2805802";"Riachão do Dantas (SE)";"266311,4"
"2805901";"Riachuelo (SE)";"171603,5"
"2806008";"Ribeirópolis (SE)";"308710,8"
"2806107";"Rosário do Catete (SE)";"394293,8"
"2806206";"Salgado (SE)";"173869,1"
"2806305";"Santa Luzia do Itanhy (SE)";"158116,2"
"2806404";"Santana do São Francisco (SE)";"68514,4"
"2806503";"Santa Rosa de Lima (SE)";"43279,9"
"2806602";"Santo Amaro das Brotas (SE)";"125687,7"
"2806701";"São Cristóvão (SE)";"902362,8"
"2806800";"São Domingos (SE)";"101897,0"
"2806909";"São Francisco (SE)";"39889,0"
"2807006";"São Miguel do Aleixo (SE)";"36500,1"
"2807105";"Simão Dias (SE)";"525142,9"
"2807204";"Siriri (SE)";"142172,2"
"2807303";"Telha (SE)";"31473,5"
"2807402";"Tobias Barreto (SE)";"553998,1"
"2807501";"Tomar do Geru (SE)";"121435,2"
"2807600";"Umbaúba (SE)";"340539,6"
"2900108";"Abaíra (BA)";"59566,7"
"2900207";"Abaré (BA)";"137850,0"
"2900306";"Acajutiba (BA)";"133740,5"
"2900355";"Adustina (BA)";"112003,1"
"2900405";"Água Fria (BA)";"110288,5"
"2900504";"Érico Cardoso (BA)";"63243,4"
"2900603";"Aiquara (BA)";"41198,2"
"2900702";"Alagoinhas (BA)";"3963001,7"
"2900801";"Alcobaça (BA)";"255108,3"
"2900900";"Almadina (BA)";"50181,5"
"2901007";"Amargosa (BA)";"375522,2"
"2901106";"Amélia Rodrigues (BA)";"312386,8"
"2901155";"América Dourada (BA)";"115319,0"
"2901205";"Anagé (BA)";"169914,6"
"2901304";"Andaraí (BA)";"104161,3"
"2901353";"Andorinha (BA)";"191570,5"
"2901403";"Angical (BA)";"134842,3"
"2901502";"Anguera (BA)";"74350,7"
"2901601";"Antas (BA)";"116976,9"
"2901700";"Antônio Cardoso (BA)";"109846,9"
"2901809";"Antônio Gonçalves (BA)";"69304,4"
"2901908";"Aporá (BA)";"125668,9"
"2901957";"Apuarema (BA)";"66828,3"
"2902005";"Aracatu (BA)";"109671,0"
"2902054";"Araçás (BA)";"209351,1"
"2902104";"Araci (BA)";"425536,3"
"2902203";"Aramari (BA)";"91493,6"
"2902252";"Arataca (BA)";"81635,9"
"2902302";"Aratuípe (BA)";"65993,9"
"2902401";"Aurelino Leal (BA)";"106741,0"
"2902500";"Baianópolis (BA)";"171344,0"
"2902609";"Baixa Grande (BA)";"159328,5"
"2902658";"Banzaê (BA)";"96654,2"
"2902708";"Barra (BA)";"365582,3"
"2902807";"Barra da Estiva (BA)";"255274,3"
"2902906";"Barra do Choça (BA)";"399019,3"
"2903003";"Barra do Mendes (BA)";"94597,3"
"2903102";"Barra do Rocha (BA)";"63167,9"
"2903201";"Barreiras (BA)";"4744841,2"
"2903235";"Barro Alto (BA)";"91813,1"
"2903276";"Barrocas (BA)";"239366,2"
"2903300";"Barro Preto (BA)";"61981,5"
"2903409";"Belmonte (BA)";"288763,1"
"2903508";"Belo Campo (BA)";"130484,7"
"2903607";"Biritinga (BA)";"121542,2"
"2903706";"Boa Nova (BA)";"92740,8"
"2903805";"Boa Vista do Tupim (BA)";"121712,6"
"2903904";"Bom Jesus da Lapa (BA)";"1009775,9"
"2903953";"Bom Jesus da Serra (BA)";"57874,4"
"2904001";"Boninal (BA)";"96623,6"
"2904050";"Bonito (BA)";"165125,6"
"2904100";"Boquira (BA)";"149698,5"
"2904209";"Botuporã (BA)";"90322,0"
"2904308";"Brejões (BA)";"120145,9"
"2904407";"Brejolândia (BA)";"84871,9"
"2904506";"Brotas de Macaúbas (BA)";"80351,6"
"2904605";"Brumado (BA)";"1768343,9"
"2904704";"Buerarema (BA)";"192111,8"
"2904753";"Buritirama (BA)";"128264,4"
"2904803";"Caatiba (BA)";"65217,8"
"2904852";"Cabaceiras do Paraguaçu (BA)";"118244,7"
"2904902";"Cachoeira (BA)";"473830,9"
"2905008";"Caculé (BA)";"273726,1"
"2905107";"Caém (BA)";"73904,1"
"2905156";"Caetanos (BA)";"86962,8"
"2905206";"Caetité (BA)";"857217,5"
"2905305";"Cafarnaum (BA)";"160923,6"
"2905404";"Cairu (BA)";"1129029,6"
"2905503";"Caldeirão Grande (BA)";"91004,5"
"2905602";"Camacan (BA)";"282378,6"
"2905701";"Camaçari (BA)";"23831705,4"
"2905800";"Camamu (BA)";"346132,3"
"2905909";"Campo Alegre de Lourdes (BA)";"218001,3"
"2906006";"Campo Formoso (BA)";"1134153,1"
"2906105";"Canápolis (BA)";"65722,9"
"2906204";"Canarana (BA)";"193576,9"
"2906303";"Canavieiras (BA)";"312003,3"
"2906402";"Candeal (BA)";"54037,3"
"2906501";"Candeias (BA)";"4365434,2"
"2906600";"Candiba (BA)";"111686,8"
"2906709";"Cândido Sales (BA)";"210919,7"
"2906808";"Cansanção (BA)";"259897,5"
"2906824";"Canudos (BA)";"127483,2"
"2906857";"Capela do Alto Alegre (BA)";"89662,1"
"2906873";"Capim Grosso (BA)";"427606,0"
"2906899";"Caraíbas (BA)";"67919,8"
"2906907";"Caravelas (BA)";"349036,5"
"2907004";"Cardeal da Silva (BA)";"103184,7"
"2907103";"Carinhanha (BA)";"214335,7"
"2907202";"Casa Nova (BA)";"690144,7"
"2907301";"Castro Alves (BA)";"275661,7"
"2907400";"Catolândia (BA)";"85280,7"
"2907509";"Catu (BA)";"596513,3"
"2907558";"Caturama (BA)";"59397,8"
"2907608";"Central (BA)";"156286,7"
"2907707";"Chorrochó (BA)";"76587,7"
"2907806";"Cícero Dantas (BA)";"269885,0"
"2907905";"Cipó (BA)";"130762,2"
"2908002";"Coaraci (BA)";"151484,7"
"2908101";"Cocos (BA)";"317898,1"
"2908200";"Conceição da Feira (BA)";"268782,9"
"2908309";"Conceição do Almeida (BA)";"159654,8"
"2908408";"Conceição do Coité (BA)";"731608,1"
"2908507";"Conceição do Jacuípe (BA)";"2247622,2"
"2908606";"Conde (BA)";"271702,6"
"2908705";"Condeúba (BA)";"148893,4"
"2908804";"Contendas do Sincorá (BA)";"36873,8"
"2908903";"Coração de Maria (BA)";"172184,1"
"2909000";"Cordeiros (BA)";"55441,3"
"2909109";"Coribe (BA)";"125809,6"
"2909208";"Coronel João Sá (BA)";"131374,4"
"2909307";"Correntina (BA)";"1944233,0"
"2909406";"Cotegipe (BA)";"126730,3"
"2909505";"Cravolândia (BA)";"37190,7"
"2909604";"Crisópolis (BA)";"152701,4"
"2909703";"Cristópolis (BA)";"111541,8"
"2909802";"Cruz das Almas (BA)";"984672,2"
"2909901";"Curaçá (BA)";"317736,0"
"2910008";"Dário Meira (BA)";"90515,2"
"2910057";"Dias d'Ávila (BA)";"2910855,4"
"2910107";"Dom Basílio (BA)";"110972,2"
"2910206";"Dom Macedo Costa (BA)";"32123,0"
"2910305";"Elísio Medrado (BA)";"57676,9"
"2910404";"Encruzilhada (BA)";"182228,1"
"2910503";"Entre Rios (BA)";"558198,1"
"2910602";"Esplanada (BA)";"624455,3"
"2910701";"Euclides da Cunha (BA)";"552812,5"
"2910727";"Eunápolis (BA)";"2890441,9"
"2910750";"Fátima (BA)";"170370,8"
"2910776";"Feira da Mata (BA)";"45473,1"
"2910800";"Feira de Santana (BA)";"14685264,1"
"2910859";"Filadélfia (BA)";"119558,9"
"2910909";"Firmino Alves (BA)";"48122,7"
"2911006";"Floresta Azul (BA)";"78843,9"
"2911105";"Formosa do Rio Preto (BA)";"2695037,3"
"2911204";"Gandu (BA)";"360519,0"
"2911253";"Gavião (BA)";"38837,2"
"2911303";"Gentio do Ouro (BA)";"145790,0"
"2911402";"Glória (BA)";"170902,4"
"2911501";"Gongogi (BA)";"58638,1"
"2911600";"Governador Mangabeira (BA)";"179418,9"
"2911659";"Guajeru (BA)";"52501,6"
"2911709";"Guanambi (BA)";"1339116,1"
"2911808";"Guaratinga (BA)";"196739,8"
"2911857";"Heliópolis (BA)";"95903,7"
"2911907";"Iaçu (BA)";"201921,8"
"2912004";"Ibiassucê (BA)";"82087,0"
"2912103";"Ibicaraí (BA)";"182418,8"
"2912202";"Ibicoara (BA)";"304197,1"
"2912301";"Ibicuí (BA)";"145920,5"
"2912400";"Ibipeba (BA)";"134003,1"
"2912509";"Ibipitanga (BA)";"100825,8"
"2912608";"Ibiquera (BA)";"27699,8"
"2912707";"Ibirapitanga (BA)";"196730,7"
"2912806";"Ibirapuã (BA)";"280119,6"
"2912905";"Ibirataia (BA)";"167389,0"
"2913002";"Ibitiara (BA)";"98966,3"
"2913101";"Ibititá (BA)";"119164,9"
"2913200";"Ibotirama (BA)";"332932,0"
"2913309";"Ichu (BA)";"43090,8"
"2913408";"Igaporã (BA)";"179249,7"
"2913457";"Igrapiúna (BA)";"148487,3"
"2913507";"Iguaí (BA)";"192802,3"
"2913606";"Ilhéus (BA)";"4259657,2"
"2913705";"Inhambupe (BA)";"638005,1"
"2913804";"Ipecaetá (BA)";"80072,8"
"2913903";"Ipiaú (BA)";"454281,4"
"2914000";"Ipirá (BA)";"663041,9"
"2914109";"Ipupiara (BA)";"79897,2"
"2914208";"Irajuba (BA)";"70606,8"
"2914307";"Iramaia (BA)";"72931,0"
"2914406";"Iraquara (BA)";"403476,0"
"2914505";"Irará (BA)";"252438,9"
"2914604";"Irecê (BA)";"1212410,5"
"2914653";"Itabela (BA)";"351484,5"
"2914703";"Itaberaba (BA)";"901011,3"
"2914802";"Itabuna (BA)";"4082109,6"
"2914901";"Itacaré (BA)";"306857,2"
"2915007";"Itaeté (BA)";"94367,7"
"2915106";"Itagi (BA)";"100774,5"
"2915205";"Itagibá (BA)";"136508,3"
"2915304";"Itagimirim (BA)";"111656,4"
"2915353";"Itaguaçu da Bahia (BA)";"120669,2"
"2915403";"Itaju do Colônia (BA)";"66321,9"
"2915502";"Itajuípe (BA)";"229484,3"
"2915601";"Itamaraju (BA)";"901020,7"
"2915700";"Itamari (BA)";"70121,6"
"2915809";"Itambé (BA)";"235812,7"
"2915908";"Itanagra (BA)";"66538,0"
"2916005";"Itanhém (BA)";"226231,0"
"2916104";"Itaparica (BA)";"237030,6"
"2916203";"Itapé (BA)";"89271,0"
"2916302";"Itapebi (BA)";"282621,7"
"2916401";"Itapetinga (BA)";"1076947,9"
"2916500";"Itapicuru (BA)";"270712,5"
"2916609";"Itapitanga (BA)";"73897,0"
"2916708";"Itaquara (BA)";"65985,9"
"2916807";"Itarantim (BA)";"273632,6"
"2916856";"Itatim (BA)";"334412,8"
"2916906";"Itiruçu (BA)";"94487,1"
"2917003";"Itiúba (BA)";"259724,2"
"2917102";"Itororó (BA)";"221433,5"
"2917201";"Ituaçu (BA)";"159819,1"
"2917300";"Ituberá (BA)";"298456,3"
"2917334";"Iuiu (BA)";"95718,3"
"2917359";"Jaborandi (BA)";"665555,2"
"2917409";"Jacaraci (BA)";"101093,9"
"2917508";"Jacobina (BA)";"1385722,0"
"2917607";"Jaguaquara (BA)";"548146,8"
"2917706";"Jaguarari (BA)";"643827,3"
"2917805";"Jaguaripe (BA)";"168277,2"
"2917904";"Jandaíra (BA)";"121188,4"
"2918001";"Jequié (BA)";"2630154,3"
"2918100";"Jeremoabo (BA)";"325194,4"
"2918209";"Jiquiriçá (BA)";"99837,2"
"2918308";"Jitaúna (BA)";"171027,3"
"2918357";"João Dourado (BA)";"209929,8"
"2918407";"Juazeiro (BA)";"4095546,2"
"2918456";"Jucuruçu (BA)";"94751,4"
"2918506";"Jussara (BA)";"104654,0"
"2918555";"Jussari (BA)";"54160,0"
"2918605";"Jussiape (BA)";"56947,7"
"2918704";"Lafaiete Coutinho (BA)";"37914,2"
"2918753";"Lagoa Real (BA)";"90080,0"
"2918803";"Laje (BA)";"236003,2"
"2918902";"Lajedão (BA)";"58456,4"
"2919009";"Lajedinho (BA)";"64747,7"
"2919058";"Lajedo do Tabocal (BA)";"66256,6"
"2919108";"Lamarão (BA)";"51777,5"
"2919157";"Lapão (BA)";"207104,3"
"2919207";"Lauro de Freitas (BA)";"6455503,6"
"2919306";"Lençóis (BA)";"121588,4"
"2919405";"Licínio de Almeida (BA)";"107912,8"
"2919504";"Livramento de Nossa Senhora (BA)";"450767,0"
"2919553";"Luís Eduardo Magalhães (BA)";"6184913,8"
"2919603";"Macajuba (BA)";"73379,8"
"2919702";"Macarani (BA)";"167432,3"
"2919801";"Macaúbas (BA)";"369120,4"
"2919900";"Macururé (BA)";"43464,6"
"2919926";"Madre de Deus (BA)";"477191,4"
"2919959";"Maetinga (BA)";"45723,8"
"2920007";"Maiquinique (BA)";"101839,8"
"2920106";"Mairi (BA)";"131688,9"
"2920205";"Malhada (BA)";"137191,7"
"2920304";"Malhada de Pedras (BA)";"62238,7"
"2920403";"Manoel Vitorino (BA)";"137100,0"
"2920452";"Mansidão (BA)";"76144,1"
"2920502";"Maracás (BA)";"844655,0"
"2920601";"Maragogipe (BA)";"311956,2"
"2920700";"Maraú (BA)";"232890,6"
"2920809";"Marcionílio Souza (BA)";"77053,9"
"2920908";"Mascote (BA)";"130101,5"
"2921005";"Mata de São João (BA)";"1135683,7"
"2921054";"Matina (BA)";"74241,9"
"2921104";"Medeiros Neto (BA)";"329914,0"
"2921203";"Miguel Calmon (BA)";"216887,2"
"2921302";"Milagres (BA)";"94584,0"
"2921401";"Mirangaba (BA)";"116247,3"
"2921450";"Mirante (BA)";"58669,8"
"2921500";"Monte Santo (BA)";"340617,8"
"2921609";"Morpará (BA)";"63637,4"
"2921708";"Morro do Chapéu (BA)";"378034,1"
"2921807";"Mortugaba (BA)";"88458,9"
"2921906";"Mucugê (BA)";"344275,3"
"2922003";"Mucuri (BA)";"2460632,6"
"2922052";"Mulungu do Morro (BA)";"384563,8"
"2922102";"Mundo Novo (BA)";"161094,9"
"2922201";"Muniz Ferreira (BA)";"50549,2"
"2922250";"Muquém do São Francisco (BA)";"139942,0"
"2922300";"Muritiba (BA)";"250614,4"
"2922409";"Mutuípe (BA)";"220904,8"
"2922508";"Nazaré (BA)";"261784,4"
"2922607";"Nilo Peçanha (BA)";"129429,6"
"2922656";"Nordestina (BA)";"145737,9"
"2922706";"Nova Canaã (BA)";"127542,9"
"2922730";"Nova Fátima (BA)";"77228,9"
"2922755";"Nova Ibiá (BA)";"73176,1"
"2922805";"Nova Itarana (BA)";"50832,0"
"2922854";"Nova Redenção (BA)";"53556,5"
"2922904";"Nova Soure (BA)";"208052,5"
"2923001";"Nova Viçosa (BA)";"492562,4"
"2923035";"Novo Horizonte (BA)";"79185,1"
"2923050";"Novo Triunfo (BA)";"77901,6"
"2923100";"Olindina (BA)";"199955,6"
"2923209";"Oliveira dos Brejinhos (BA)";"170908,9"
"2923308";"Ouriçangas (BA)";"55495,2"
"2923357";"Ourolândia (BA)";"154956,4"
"2923407";"Palmas de Monte Alto (BA)";"166120,0"
"2923506";"Palmeiras (BA)";"79860,3"
"2923605";"Paramirim (BA)";"207888,4"
"2923704";"Paratinga (BA)";"215617,7"
"2923803";"Paripiranga (BA)";"279100,0"
"2923902";"Pau Brasil (BA)";"91017,8"
"2924009";"Paulo Afonso (BA)";"3477864,9"
"2924058";"Pé de Serra (BA)";"94610,8"
"2924108";"Pedrão (BA)";"40528,0"
"2924207";"Pedro Alexandre (BA)";"98573,2"
"2924306";"Piatã (BA)";"125412,2"
"2924405";"Pilão Arcado (BA)";"234315,4"
"2924504";"Pindaí (BA)";"187902,3"
"2924603";"Pindobaçu (BA)";"132477,0"
"2924652";"Pintadas (BA)";"85896,3"
"2924678";"Piraí do Norte (BA)";"79577,0"
"2924702";"Piripá (BA)";"68116,8"
"2924801";"Piritiba (BA)";"152420,7"
"2924900";"Planaltino (BA)";"67605,3"
"2925006";"Planalto (BA)";"238071,3"
"2925105";"Poções (BA)";"475229,0"
"2925204";"Pojuca (BA)";"1037111,7"
"2925253";"Ponto Novo (BA)";"113228,1"
"2925303";"Porto Seguro (BA)";"3125026,0"
"2925402";"Potiraguá (BA)";"84634,9"
"2925501";"Prado (BA)";"443963,8"
"2925600";"Presidente Dutra (BA)";"100777,0"
"2925709";"Presidente Jânio Quadros (BA)";"81906,5"
"2925758";"Presidente Tancredo Neves (BA)";"257502,1"
"2925808";"Queimadas (BA)";"204211,4"
"2925907";"Quijingue (BA)";"178645,2"
"2925931";"Quixabeira (BA)";"61307,6"
"2925956";"Rafael Jambeiro (BA)";"304405,7"
"2926004";"Remanso (BA)";"365260,7"
"2926103";"Retirolândia (BA)";"122497,7"
"2926202";"Riachão das Neves (BA)";"978799,5"
"2926301";"Riachão do Jacuípe (BA)";"356085,4"
"2926400";"Riacho de Santana (BA)";"253922,4"
"2926509";"Ribeira do Amparo (BA)";"129452,6"
"2926608";"Ribeira do Pombal (BA)";"562129,1"
"2926657";"Ribeirão do Largo (BA)";"80500,2"
"2926707";"Rio de Contas (BA)";"119014,8"
"2926806";"Rio do Antônio (BA)";"100749,7"
"2926905";"Rio do Pires (BA)";"82350,4"
"2927002";"Rio Real (BA)";"883901,4"
"2927101";"Rodelas (BA)";"89852,5"
"2927200";"Ruy Barbosa (BA)";"300500,4"
"2927309";"Salinas da Margarida (BA)";"165452,8"
"2927408";"Salvador (BA)";"63534708,1"
"2927507";"Santa Bárbara (BA)";"168537,1"
"2927606";"Santa Brígida (BA)";"98393,0"
"2927705";"Santa Cruz Cabrália (BA)";"416846,4"
"2927804";"Santa Cruz da Vitória (BA)";"54669,0"
"2927903";"Santa Inês (BA)";"69551,2"
"2928000";"Santaluz (BA)";"373848,5"
"2928059";"Santa Luzia (BA)";"93568,3"
"2928109";"Santa Maria da Vitória (BA)";"465689,2"
"2928208";"Santana (BA)";"249877,6"
"2928307";"Santanópolis (BA)";"50729,3"
"2928406";"Santa Rita de Cássia (BA)";"224929,3"
"2928505";"Santa Terezinha (BA)";"73504,0"
"2928604";"Santo Amaro (BA)";"810905,8"
"2928703";"Santo Antônio de Jesus (BA)";"2175282,6"
"2928802";"Santo Estêvão (BA)";"731759,3"
"2928901";"São Desidério (BA)";"3645929,0"
"2928950";"São Domingos (BA)";"70084,0"
"2929008";"São Félix (BA)";"207891,1"
"2929057";"São Félix do Coribe (BA)";"214368,2"
"2929107";"São Felipe (BA)";"186824,8"
"2929206";"São Francisco do Conde (BA)";"8864183,1"
"2929255";"São Gabriel (BA)";"115621,0"
"2929305";"São Gonçalo dos Campos (BA)";"1021761,6"
"2929354";"São José da Vitória (BA)";"48416,6"
"2929370";"São José do Jacuípe (BA)";"87146,2"
"2929404";"São Miguel das Matas (BA)";"133012,6"
"2929503";"São Sebastião do Passé (BA)";"641599,3"
"2929602";"Sapeaçu (BA)";"164816,0"
"2929701";"Sátiro Dias (BA)";"206599,0"
"2929750";"Saubara (BA)";"133236,1"
"2929800";"Saúde (BA)";"84174,2"
"2929909";"Seabra (BA)";"528142,4"
"2930006";"Sebastião Laranjeiras (BA)";"79467,8"
"2930105";"Senhor do Bonfim (BA)";"872856,6"
"2930154";"Serra do Ramalho (BA)";"281434,6"
"2930204";"Sento Sé (BA)";"918218,1"
"2930303";"Serra Dourada (BA)";"143619,2"
"2930402";"Serra Preta (BA)";"113231,6"
"2930501";"Serrinha (BA)";"869180,2"
"2930600";"Serrolândia (BA)";"93125,0"
"2930709";"Simões Filho (BA)";"5813288,9"
"2930758";"Sítio do Mato (BA)";"94713,9"
"2930766";"Sítio do Quinto (BA)";"76631,8"
"2930774";"Sobradinho (BA)";"691826,0"
"2930808";"Souto Soares (BA)";"116226,6"
"2930907";"Tabocas do Brejo Velho (BA)";"151191,3"
"2931004";"Tanhaçu (BA)";"183490,0"
"2931053";"Tanque Novo (BA)";"164736,4"
"2931103";"Tanquinho (BA)";"53761,8"
"2931202";"Taperoá (BA)";"167594,9"
"2931301";"Tapiramutá (BA)";"109653,3"
"2931350";"Teixeira de Freitas (BA)";"2584462,1"
"2931400";"Teodoro Sampaio (BA)";"71904,9"
"2931509";"Teofilândia (BA)";"158181,7"
"2931608";"Teolândia (BA)";"169399,3"
"2931707";"Terra Nova (BA)";"115412,8"
"2931806";"Tremedal (BA)";"113393,1"
"2931905";"Tucano (BA)";"451530,8"
"2932002";"Uauá (BA)";"193926,8"
"2932101";"Ubaíra (BA)";"168758,4"
"2932200";"Ubaitaba (BA)";"212113,9"
"2932309";"Ubatã (BA)";"192879,9"
"2932408";"Uibaí (BA)";"88891,2"
"2932457";"Umburanas (BA)";"145000,1"
"2932507";"Una (BA)";"261317,4"
"2932606";"Urandi (BA)";"161305,3"
"2932705";"Uruçuca (BA)";"228210,1"
"2932804";"Utinga (BA)";"158986,9"
"2932903";"Valença (BA)";"1454019,4"
"2933000";"Valente (BA)";"225588,5"
"2933059";"Várzea da Roça (BA)";"90491,3"
"2933109";"Várzea do Poço (BA)";"82588,7"
"2933158";"Várzea Nova (BA)";"106068,5"
"2933174";"Varzedo (BA)";"100655,9"
"2933208";"Vera Cruz (BA)";"540094,5"
"2933257";"Vereda (BA)";"71878,8"
"2933307";"Vitória da Conquista (BA)";"7035840,0"
"2933406";"Wagner (BA)";"68724,7"
"2933455";"Wanderley (BA)";"127539,6"
"2933505";"Wenceslau Guimarães (BA)";"244191,8"
"2933604";"Xique-Xique (BA)";"391994,1"
"3100104";"Abadia dos Dourados (MG)";"128208,8"
"3100203";"Abaeté (MG)";"495330,8"
"3100302";"Abre Campo (MG)";"187601,3"
"3100401";"Acaiaca (MG)";"44291,7"
"3100500";"Açucena (MG)";"100963,9"
"3100609";"Água Boa (MG)";"138646,2"
"3100708";"Água Comprida (MG)";"132420,2"
"3100807";"Aguanil (MG)";"60087,7"
"3100906";"Águas Formosas (MG)";"232593,2"
"3101003";"Águas Vermelhas (MG)";"218732,8"
"3101102";"Aimorés (MG)";"456810,4"
"3101201";"Aiuruoca (MG)";"92889,1"
"3101300";"Alagoa (MG)";"35971,4"
"3101409";"Albertina (MG)";"89066,9"
"3101508";"Além Paraíba (MG)";"913359,8"
"3101607";"Alfenas (MG)";"2612262,7"
"3101631";"Alfredo Vasconcelos (MG)";"94819,0"
"3101706";"Almenara (MG)";"535339,4"
"3101805";"Alpercata (MG)";"79035,2"
"3101904";"Alpinópolis (MG)";"357273,9"
"3102001";"Alterosa (MG)";"212887,9"
"3102050";"Alto Caparaó (MG)";"67836,5"
"3102100";"Alto Rio Doce (MG)";"169618,0"
"3102209";"Alvarenga (MG)";"38689,9"
"3102308";"Alvinópolis (MG)";"270677,6"
"3102407";"Alvorada de Minas (MG)";"47504,8"
"3102506";"Amparo do Serra (MG)";"46007,5"
"3102605";"Andradas (MG)";"885009,0"
"3102704";"Cachoeira de Pajeú (MG)";"98262,1"
"3102803";"Andrelândia (MG)";"233549,3"
"3102852";"Angelândia (MG)";"87188,6"
"3102902";"Antônio Carlos (MG)";"163917,2"
"3103009";"Antônio Dias (MG)";"249787,8"
"3103108";"Antônio Prado de Minas (MG)";"23251,5"
"3103207";"Araçaí (MG)";"55531,3"
"3103306";"Aracitaba (MG)";"24839,3"
"3103405";"Araçuaí (MG)";"403183,2"
"3103504";"Araguari (MG)";"4667416,0"
"3103603";"Arantina (MG)";"49315,1"
"3103702";"Araponga (MG)";"80930,4"
"3103751";"Araporã (MG)";"1287649,7"
"3103801";"Arapuá (MG)";"113560,0"
"3103900";"Araújos (MG)";"305715,8"
"3104007";"Araxá (MG)";"6186126,1"
"3104106";"Arceburgo (MG)";"290494,1"
"3104205";"Arcos (MG)";"1273443,3"
"3104304";"Areado (MG)";"230645,1"
"3104403";"Argirita (MG)";"33142,4"
"3104452";"Aricanduva (MG)";"51723,0"
"3104502";"Arinos (MG)";"218985,5"
"3104601";"Astolfo Dutra (MG)";"266400,8"
"3104700";"Ataléia (MG)";"126661,4"
"3104809";"Augusto de Lima (MG)";"71433,1"
"3104908";"Baependi (MG)";"275186,1"
"3105004";"Baldim (MG)";"112568,3"
"3105103";"Bambuí (MG)";"541734,8"
"3105202";"Bandeira (MG)";"43437,5"
"3105301";"Bandeira do Sul (MG)";"73004,1"
"3105400";"Barão de Cocais (MG)";"811913,6"
"3105509";"Barão do Monte Alto (MG)";"48534,5"
"3105608";"Barbacena (MG)";"2867755,0"
"3105707";"Barra Longa (MG)";"61058,1"
"3105905";"Barroso (MG)";"396530,8"
"3106002";"Bela Vista de Minas (MG)";"254303,2"
"3106101";"Belmiro Braga (MG)";"51621,4"
"3106200";"Belo Horizonte (MG)";"92133757,6"
"3106309";"Belo Oriente (MG)";"1694632,2"
"3106408";"Belo Vale (MG)";"152257,2"
"3106507";"Berilo (MG)";"95037,8"
"3106606";"Bertópolis (MG)";"36930,5"
"3106655";"Berizal (MG)";"41443,7"
"3106705";"Betim (MG)";"25476143,3"
"3106804";"Bias Fortes (MG)";"32461,3"
"3106903";"Bicas (MG)";"252322,2"
"3107000";"Biquinhas (MG)";"42402,3"
"3107109";"Boa Esperança (MG)";"821440,9"
"3107208";"Bocaina de Minas (MG)";"57270,1"
"3107307";"Bocaiúva (MG)";"845259,4"
"3107406";"Bom Despacho (MG)";"1323131,7"
"3107505";"Bom Jardim de Minas (MG)";"108438,8"
"3107604";"Bom Jesus da Penha (MG)";"124412,8"
"3107703";"Bom Jesus do Amparo (MG)";"85560,3"
"3107802";"Bom Jesus do Galho (MG)";"151715,5"
"3107901";"Bom Repouso (MG)";"124550,3"
"3108008";"Bom Sucesso (MG)";"282998,6"
"3108107";"Bonfim (MG)";"89890,2"
"3108206";"Bonfinópolis de Minas (MG)";"195117,9"
"3108255";"Bonito de Minas (MG)";"73398,6"
"3108305";"Borda da Mata (MG)";"304791,1"
"3108404";"Botelhos (MG)";"229115,1"
"3108503";"Botumirim (MG)";"54341,0"
"3108552";"Brasilândia de Minas (MG)";"260988,0"
"3108602";"Brasília de Minas (MG)";"309371,2"
"3108701";"Brás Pires (MG)";"35707,4"
"3108800";"Braúnas (MG)";"232434,3"
"3108909";"Brazópolis (MG)";"170411,7"
"3109006";"Brumadinho (MG)";"2584991,5"
"3109105";"Bueno Brandão (MG)";"151095,0"
"3109204";"Buenópolis (MG)";"122969,7"
"3109253";"Bugre (MG)";"34208,1"
"3109303";"Buritis (MG)";"807203,1"
"3109402";"Buritizeiro (MG)";"435220,1"
"3109451";"Cabeceira Grande (MG)";"304660,4"
"3109501";"Cabo Verde (MG)";"193575,2"
"3109600";"Cachoeira da Prata (MG)";"38583,9"
"3109709";"Cachoeira de Minas (MG)";"452772,2"
"3109808";"Cachoeira Dourada (MG)";"72890,7"
"3109907";"Caetanópolis (MG)";"254193,9"
"3110004";"Caeté (MG)";"596941,3"
"3110103";"Caiana (MG)";"61252,7"
"3110202";"Cajuri (MG)";"69991,5"
"3110301";"Caldas (MG)";"237037,4"
"3110400";"Camacho (MG)";"39587,8"
"3110509";"Camanducaia (MG)";"562694,3"
"3110608";"Cambuí (MG)";"1157227,9"
"3110707";"Cambuquira (MG)";"236221,2"
"3110806";"Campanário (MG)";"41094,0"
"3110905";"Campanha (MG)";"315959,6"
"3111002";"Campestre (MG)";"330005,6"
"3111101";"Campina Verde (MG)";"514415,6"
"3111150";"Campo Azul (MG)";"33540,2"
"3111200";"Campo Belo (MG)";"1030106,8"
"3111309";"Campo do Meio (MG)";"170837,9"
"3111408";"Campo Florido (MG)";"504478,0"
"3111507";"Campos Altos (MG)";"311518,8"
"3111606";"Campos Gerais (MG)";"474545,6"
"3111705";"Canaã (MG)";"60134,9"
"3111804";"Canápolis (MG)";"344773,8"
"3111903";"Cana Verde (MG)";"64485,9"
"3112000";"Candeias (MG)";"247320,2"
"3112059";"Cantagalo (MG)";"42491,7"
"3112109";"Caparaó (MG)";"70538,1"
"3112208";"Capela Nova (MG)";"48544,2"
"3112307";"Capelinha (MG)";"646025,5"
"3112406";"Capetinga (MG)";"139252,4"
"3112505";"Capim Branco (MG)";"89125,4"
"3112604";"Capinópolis (MG)";"411721,7"
"3112653";"Capitão Andrade (MG)";"47468,6"
"3112703";"Capitão Enéas (MG)";"309373,1"
"3112802";"Capitólio (MG)";"250482,8"
"3112901";"Caputira (MG)";"80146,4"
"3113008";"Caraí (MG)";"154617,5"
"3113107";"Caranaíba (MG)";"32180,7"
"3113206";"Carandaí (MG)";"476973,7"
"3113305";"Carangola (MG)";"533666,9"
"3113404";"Caratinga (MG)";"1703535,3"
"3113503";"Carbonita (MG)";"165066,9"
"3113602";"Careaçu (MG)";"140216,7"
"3113701";"Carlos Chagas (MG)";"337232,6"
"3113800";"Carmésia (MG)";"28996,2"
"3113909";"Carmo da Cachoeira (MG)";"223256,3"
"3114006";"Carmo da Mata (MG)";"182252,5"
"3114105";"Carmo de Minas (MG)";"196978,5"
"3114204";"Carmo do Cajuru (MG)";"408057,8"
"3114303";"Carmo do Paranaíba (MG)";"721619,3"
"3114402";"Carmo do Rio Claro (MG)";"474341,2"
"3114501";"Carmópolis de Minas (MG)";"413473,3"
"3114550";"Carneirinho (MG)";"318439,3"
"3114600";"Carrancas (MG)";"83532,5"
"3114709";"Carvalhópolis (MG)";"46526,4"
"3114808";"Carvalhos (MG)";"58418,6"
"3114907";"Casa Grande (MG)";"44138,1"
"3115003";"Cascalho Rico (MG)";"51233,8"
"3115102";"Cássia (MG)";"326650,1"
"3115201";"Conceição da Barra de Minas (MG)";"45917,5"
"3115300";"Cataguases (MG)";"1543376,5"
"3115359";"Catas Altas (MG)";"420005,5"
"3115409";"Catas Altas da Noruega (MG)";"35071,3"
"3115458";"Catuji (MG)";"60071,3"
"3115474";"Catuti (MG)";"39996,2"
"3115508";"Caxambu (MG)";"337536,9"
"3115607";"Cedro do Abaeté (MG)";"18120,9"
"3115706";"Central de Minas (MG)";"73748,2"
"3115805";"Centralina (MG)";"252400,2"
"3115904";"Chácara (MG)";"37158,4"
"3116001";"Chalé (MG)";"75401,8"
"3116100";"Chapada do Norte (MG)";"97257,8"
"3116159";"Chapada Gaúcha (MG)";"199389,7"
"3116209";"Chiador (MG)";"30938,7"
"3116308";"Cipotânea (MG)";"50018,6"
"3116407";"Claraval (MG)";"141147,6"
"3116506";"Claro dos Poções (MG)";"65095,9"
"3116605";"Cláudio (MG)";"706680,3"
"3116704";"Coimbra (MG)";"106821,5"
"3116803";"Coluna (MG)";"86330,5"
"3116902";"Comendador Gomes (MG)";"113085,6"
"3117009";"Comercinho (MG)";"53684,2"
"3117108";"Conceição da Aparecida (MG)";"189294,8"
"3117207";"Conceição das Pedras (MG)";"38066,9"
"3117306";"Conceição das Alagoas (MG)";"900625,8"
"3117405";"Conceição de Ipanema (MG)";"53494,3"
"3117504";"Conceição do Mato Dentro (MG)";"733685,9"
"3117603";"Conceição do Pará (MG)";"258809,8"
"3117702";"Conceição do Rio Verde (MG)";"211411,5"
"3117801";"Conceição dos Ouros (MG)";"179093,1"
"3117836";"Cônego Marinho (MG)";"51550,3"
"3117876";"Confins (MG)";"1090964,1"
"3117900";"Congonhal (MG)";"200133,4"
"3118007";"Congonhas (MG)";"1711114,0"
"3118106";"Congonhas do Norte (MG)";"40384,3"
"3118205";"Conquista (MG)";"330267,4"
"3118304";"Conselheiro Lafaiete (MG)";"2105898,9"
"3118403";"Conselheiro Pena (MG)";"286041,3"
"3118502";"Consolação (MG)";"24733,5"
"3118601";"Contagem (MG)";"27820452,3"
"3118700";"Coqueiral (MG)";"156967,6"
"3118809";"Coração de Jesus (MG)";"210356,7"
"3118908";"Cordisburgo (MG)";"95759,5"
"3119005";"Cordislândia (MG)";"62380,0"
"3119104";"Corinto (MG)";"319835,9"
"3119203";"Coroaci (MG)";"109505,8"
"3119302";"Coromandel (MG)";"1006180,7"
"3119401";"Coronel Fabriciano (MG)";"1708509,4"
"3119500";"Coronel Murta (MG)";"80552,9"
"3119609";"Coronel Pacheco (MG)";"40412,1"
"3119708";"Coronel Xavier Chaves (MG)";"49291,5"
"3119807";"Córrego Danta (MG)";"144989,8"
"3119906";"Córrego do Bom Jesus (MG)";"36105,9"
"3119955";"Córrego Fundo (MG)";"167314,9"
"3120003";"Córrego Novo (MG)";"31566,7"
"3120102";"Couto de Magalhães de Minas (MG)";"43207,7"
"3120151";"Crisólita (MG)";"56475,7"
"3120201";"Cristais (MG)";"182007,2"
"3120300";"Cristália (MG)";"44021,7"
"3120409";"Cristiano Otoni (MG)";"73277,5"
"3120508";"Cristina (MG)";"163970,9"
"3120607";"Crucilândia (MG)";"63065,8"
"3120706";"Cruzeiro da Fortaleza (MG)";"97127,1"
"3120805";"Cruzília (MG)";"228877,7"
"3120839";"Cuparaque (MG)";"51829,2"
"3120870";"Curral de Dentro (MG)";"62063,9"
"3120904";"Curvelo (MG)";"1538107,8"
"3121001";"Datas (MG)";"49917,4"
"3121100";"Delfim Moreira (MG)";"101381,5"
"3121209";"Delfinópolis (MG)";"164638,0"
"3121258";"Delta (MG)";"350135,5"
"3121308";"Descoberto (MG)";"64861,5"
"3121407";"Desterro de Entre Rios (MG)";"136301,7"
"3121506";"Desterro do Melo (MG)";"34478,6"
"3121605";"Diamantina (MG)";"759778,2"
"3121704";"Diogo de Vasconcelos (MG)";"31810,1"
"3121803";"Dionísio (MG)";"84070,1"
"3121902";"Divinésia (MG)";"46873,9"
"3122009";"Divino (MG)";"227685,9"
"3122108";"Divino das Laranjeiras (MG)";"48445,0"
"3122207";"Divinolândia de Minas (MG)";"63339,6"
"3122306";"Divinópolis (MG)";"6476610,6"
"3122355";"Divisa Alegre (MG)";"138537,6"
"3122405";"Divisa Nova (MG)";"89876,3"
"3122454";"Divisópolis (MG)";"73378,1"
"3122470";"Dom Bosco (MG)";"51228,6"
"3122504";"Dom Cavati (MG)";"55681,0"
"3122603";"Dom Joaquim (MG)";"44178,0"
"3122702";"Dom Silvério (MG)";"85635,6"
"3122801";"Dom Viçoso (MG)";"31119,0"
"3122900";"Dona Euzébia (MG)";"78348,9"
"3123007";"Dores de Campos (MG)";"272435,4"
"3123106";"Dores de Guanhães (MG)";"123524,3"
"3123205";"Dores do Indaiá (MG)";"230156,8"
"3123304";"Dores do Turvo (MG)";"45841,2"
"3123403";"Doresópolis (MG)";"49858,7"
"3123502";"Douradoquara (MG)";"55001,7"
"3123528";"Durandé (MG)";"99043,2"
"3123601";"Elói Mendes (MG)";"512813,3"
"3123700";"Engenheiro Caldas (MG)";"116181,0"
"3123809";"Engenheiro Navarro (MG)";"66253,0"
"3123858";"Entre Folhas (MG)";"49479,1"
"3123908";"Entre Rios de Minas (MG)";"208603,2"
"3124005";"Ervália (MG)";"303448,7"
"3124104";"Esmeraldas (MG)";"691376,9"
"3124203";"Espera Feliz (MG)";"420111,8"
"3124302";"Espinosa (MG)";"321688,2"
"3124401";"Espírito Santo do Dourado (MG)";"77948,6"
"3124500";"Estiva (MG)";"259082,0"
"3124609";"Estrela Dalva (MG)";"30702,9"
"3124708";"Estrela do Indaiá (MG)";"96754,6"
"3124807";"Estrela do Sul (MG)";"574141,6"
"3124906";"Eugenópolis (MG)";"158770,7"
"3125002";"Ewbank da Câmara (MG)";"38357,1"
"3125101";"Extrema (MG)";"9548594,5"
"3125200";"Fama (MG)";"39941,4"
"3125309";"Faria Lemos (MG)";"54260,4"
"3125408";"Felício dos Santos (MG)";"43301,7"
"3125507";"São Gonçalo do Rio Preto (MG)";"33730,5"
"3125606";"Felisburgo (MG)";"57106,2"
"3125705";"Felixlândia (MG)";"223005,0"
"3125804";"Fernandes Tourinho (MG)";"39497,7"
"3125903";"Ferros (MG)";"115646,0"
"3125952";"Fervedouro (MG)";"110888,0"
"3126000";"Florestal (MG)";"112435,3"
"3126109";"Formiga (MG)";"1699650,0"
"3126208";"Formoso (MG)";"201371,0"
"3126307";"Fortaleza de Minas (MG)";"64889,7"
"3126406";"Fortuna de Minas (MG)";"37609,7"
"3126505";"Francisco Badaró (MG)";"65187,9"
"3126604";"Francisco Dumont (MG)";"62902,8"
"3126703";"Francisco Sá (MG)";"363737,1"
"3126752";"Franciscópolis (MG)";"71128,5"
"3126802";"Frei Gaspar (MG)";"54340,9"
"3126901";"Frei Inocêncio (MG)";"101937,3"
"3126950";"Frei Lagonegro (MG)";"31142,6"
"3127008";"Fronteira (MG)";"916007,0"
"3127057";"Fronteira dos Vales (MG)";"36199,2"
"3127073";"Fruta de Leite (MG)";"39654,5"
"3127107";"Frutal (MG)";"1902764,6"
"3127206";"Funilândia (MG)";"53819,3"
"3127305";"Galiléia (MG)";"85472,5"
"3127339";"Gameleiras (MG)";"40333,2"
"3127354";"Glaucilândia (MG)";"30382,5"
"3127370";"Goiabeira (MG)";"38270,8"
"3127388";"Goianá (MG)";"59794,3"
"3127404";"Gonçalves (MG)";"62430,6"
"3127503";"Gonzaga (MG)";"51196,1"
"3127602";"Gouveia (MG)";"129871,4"
"3127701";"Governador Valadares (MG)";"6223878,9"
"3127800";"Grão Mogol (MG)";"627072,3"
"3127909";"Grupiara (MG)";"28745,4"
"3128006";"Guanhães (MG)";"694601,5"
"3128105";"Guapé (MG)";"237682,6"
"3128204";"Guaraciaba (MG)";"87080,6"
"3128253";"Guaraciama (MG)";"59854,3"
"3128303";"Guaranésia (MG)";"435845,3"
"3128402";"Guarani (MG)";"125661,3"
"3128501";"Guarará (MG)";"44898,0"
"3128600";"Guarda-Mor (MG)";"370673,3"
"3128709";"Guaxupé (MG)";"2024149,3"
"3128808";"Guidoval (MG)";"90650,7"
"3128907";"Guimarânia (MG)";"155304,2"
"3129004";"Guiricema (MG)";"88066,8"
"3129103";"Gurinhatã (MG)";"122073,2"
"3129202";"Heliodora (MG)";"96808,3"
"3129301";"Iapu (MG)";"99408,3"
"3129400";"Ibertioga (MG)";"66527,5"
"3129509";"Ibiá (MG)";"1007452,2"
"3129608";"Ibiaí (MG)";"67708,0"
"3129657";"Ibiracatu (MG)";"46020,8"
"3129707";"Ibiraci (MG)";"535958,0"
"3129806";"Ibirité (MG)";"2257621,5"
"3129905";"Ibitiúra de Minas (MG)";"50453,6"
"3130002";"Ibituruna (MG)";"37854,2"
"3130051";"Icaraí de Minas (MG)";"80852,0"
"3130101";"Igarapé (MG)";"687022,3"
"3130200";"Igaratinga (MG)";"373973,6"
"3130309";"Iguatama (MG)";"315125,2"
"3130408";"Ijaci (MG)";"281753,9"
"3130507";"Ilicínea (MG)";"188234,3"
"3130556";"Imbé de Minas (MG)";"62541,3"
"3130606";"Inconfidentes (MG)";"98235,1"
"3130655";"Indaiabira (MG)";"58174,0"
"3130705";"Indianópolis (MG)";"362459,2"
"3130804";"Ingaí (MG)";"61771,9"
"3130903";"Inhapim (MG)";"305870,0"
"3131000";"Inhaúma (MG)";"112624,0"
"3131109";"Inimutaba (MG)";"73935,0"
"3131158";"Ipaba (MG)";"150171,0"
"3131208";"Ipanema (MG)";"213149,9"
"3131307";"Ipatinga (MG)";"11439857,3"
"3131406";"Ipiaçu (MG)";"93683,8"
"3131505";"Ipuiúna (MG)";"134714,5"
"3131604";"Iraí de Minas (MG)";"239972,6"
"3131703";"Itabira (MG)";"6625483,6"
"3131802";"Itabirinha (MG)";"112774,6"
"3131901";"Itabirito (MG)";"5013471,9"
"3132008";"Itacambira (MG)";"58766,2"
"3132107";"Itacarambi (MG)";"191181,5"
"3132206";"Itaguara (MG)";"275302,5"
"3132305";"Itaipé (MG)";"89536,8"
"3132404";"Itajubá (MG)";"2990736,0"
"3132503";"Itamarandiba (MG)";"511640,1"
"3132602";"Itamarati de Minas (MG)";"59180,3"
"3132701";"Itambacuri (MG)";"271441,2"
"3132800";"Itambé do Mato Dentro (MG)";"24771,6"
"3132909";"Itamogi (MG)";"185330,2"
"3133006";"Itamonte (MG)";"866337,7"
"3133105";"Itanhandu (MG)";"401239,5"
"3133204";"Itanhomi (MG)";"115917,2"
"3133303";"Itaobim (MG)";"271128,9"
"3133402";"Itapagipe (MG)";"410555,6"
"3133501";"Itapecerica (MG)";"483785,2"
"3133600";"Itapeva (MG)";"517611,0"
"3133709";"Itatiaiuçu (MG)";"1549118,2"
"3133758";"Itaú de Minas (MG)";"455539,7"
"3133808";"Itaúna (MG)";"3104946,2"
"3133907";"Itaverava (MG)";"49916,7"
"3134004";"Itinga (MG)";"122951,7"
"3134103";"Itueta (MG)";"71029,1"
"3134202";"Ituiutaba (MG)";"2777541,1"
"3134301";"Itumirim (MG)";"59657,6"
"3134400";"Iturama (MG)";"2155468,9"
"3134509";"Itutinga (MG)";"116107,7"
"3134608";"Jaboticatubas (MG)";"220158,6"
"3134707";"Jacinto (MG)";"103674,3"
"3134806";"Jacuí (MG)";"114839,7"
"3134905";"Jacutinga (MG)";"694440,9"
"3135001";"Jaguaraçu (MG)";"71498,7"
"3135050";"Jaíba (MG)";"532969,2"
"3135076";"Jampruca (MG)";"54594,3"
"3135100";"Janaúba (MG)";"1126291,8"
"3135209";"Januária (MG)";"688868,9"
"3135308";"Japaraíba (MG)";"72169,2"
"3135357";"Japonvar (MG)";"59912,7"
"3135407";"Jeceaba (MG)";"1016472,2"
"3135456";"Jenipapo de Minas (MG)";"70954,7"
"3135506";"Jequeri (MG)";"139268,2"
"3135605";"Jequitaí (MG)";"78314,6"
"3135704";"Jequitibá (MG)";"90260,2"
"3135803";"Jequitinhonha (MG)";"228391,4"
"3135902";"Jesuânia (MG)";"61348,6"
"3136009";"Joaíma (MG)";"134733,5"
"3136108";"Joanésia (MG)";"80565,0"
"3136207";"João Monlevade (MG)";"2925695,7"
"3136306";"João Pinheiro (MG)";"1468484,7"
"3136405";"Joaquim Felício (MG)";"44066,9"
"3136504";"Jordânia (MG)";"90770,0"
"3136520";"José Gonçalves de Minas (MG)";"44770,5"
"3136553";"José Raydan (MG)";"51562,4"
"3136579";"Josenópolis (MG)";"37131,3"
"3136603";"Nova União (MG)";"85846,2"
"3136652";"Juatuba (MG)";"1205234,3"
"3136702";"Juiz de Fora (MG)";"16956903,2"
"3136801";"Juramento (MG)";"38634,8"
"3136900";"Juruaia (MG)";"153488,4"
"3136959";"Juvenília (MG)";"51131,9"
"3137007";"Ladainha (MG)";"118470,7"
"3137106";"Lagamar (MG)";"167001,2"
"3137205";"Lagoa da Prata (MG)";"1606789,1"
"3137304";"Lagoa dos Patos (MG)";"41741,7"
"3137403";"Lagoa Dourada (MG)";"222657,5"
"3137502";"Lagoa Formosa (MG)";"344818,7"
"3137536";"Lagoa Grande (MG)";"240519,1"
"3137601";"Lagoa Santa (MG)";"1650117,6"
"3137700";"Lajinha (MG)";"344922,6"
"3137809";"Lambari (MG)";"321283,0"
"3137908";"Lamim (MG)";"41755,0"
"3138005";"Laranjal (MG)";"77627,3"
"3138104";"Lassance (MG)";"126486,4"
"3138203";"Lavras (MG)";"2621298,2"
"3138302";"Leandro Ferreira (MG)";"40162,9"
"3138351";"Leme do Prado (MG)";"49907,7"
"3138401";"Leopoldina (MG)";"1017194,7"
"3138500";"Liberdade (MG)";"72444,2"
"3138609";"Lima Duarte (MG)";"277194,2"
"3138625";"Limeira do Oeste (MG)";"389916,0"
"3138658";"Lontra (MG)";"69543,2"
"3138674";"Luisburgo (MG)";"80874,8"
"3138682";"Luislândia (MG)";"47888,3"
"3138708";"Luminárias (MG)";"90730,9"
"3138807";"Luz (MG)";"504724,0"
"3138906";"Machacalis (MG)";"81944,0"
"3139003";"Machado (MG)";"1059025,7"
"3139102";"Madre de Deus de Minas (MG)";"163449,3"
"3139201";"Malacacheta (MG)";"194124,5"
"3139250";"Mamonas (MG)";"47859,6"
"3139300";"Manga (MG)";"194752,5"
"3139409";"Manhuaçu (MG)";"2098584,0"
"3139508";"Manhumirim (MG)";"474263,0"
"3139607";"Mantena (MG)";"392733,5"
"3139706";"Maravilhas (MG)";"140866,0"
"3139805";"Mar de Espanha (MG)";"171417,9"
"3139904";"Maria da Fé (MG)";"166188,1"
"3140001";"Mariana (MG)";"2755800,9"
"3140100";"Marilac (MG)";"41666,3"
"3140159";"Mário Campos (MG)";"156116,8"
"3140209";"Maripá de Minas (MG)";"54894,7"
"3140308";"Marliéria (MG)";"43102,2"
"3140407";"Marmelópolis (MG)";"32358,3"
"3140506";"Martinho Campos (MG)";"334507,8"
"3140530";"Martins Soares (MG)";"199195,3"
"3140555";"Mata Verde (MG)";"68103,6"
"3140605";"Materlândia (MG)";"43658,5"
"3140704";"Mateus Leme (MG)";"698269,2"
"3140803";"Matias Barbosa (MG)";"532848,1"
"3140852";"Matias Cardoso (MG)";"114987,0"
"3140902";"Matipó (MG)";"381607,1"
"3141009";"Mato Verde (MG)";"125293,2"
"3141108";"Matozinhos (MG)";"1019900,3"
"3141207";"Matutina (MG)";"68642,8"
"3141306";"Medeiros (MG)";"125021,3"
"3141405";"Medina (MG)";"212066,5"
"3141504";"Mendes Pimentel (MG)";"56055,5"
"3141603";"Mercês (MG)";"119378,3"
"3141702";"Mesquita (MG)";"45827,9"
"3141801";"Minas Novas (MG)";"298531,0"
"3141900";"Minduri (MG)";"69377,7"
"3142007";"Mirabela (MG)";"126659,3"
"3142106";"Miradouro (MG)";"129699,8"
"3142205";"Miraí (MG)";"253333,0"
"3142254";"Miravânia (MG)";"37548,2"
"3142304";"Moeda (MG)";"58112,8"
"3142403";"Moema (MG)";"112888,3"
"3142502";"Monjolos (MG)";"28159,8"
"3142601";"Monsenhor Paulo (MG)";"175377,7"
"3142700";"Montalvânia (MG)";"131407,2"
"3142809";"Monte Alegre de Minas (MG)";"530701,1"
"3142908";"Monte Azul (MG)";"194262,8"
"3143005";"Monte Belo (MG)";"263742,4"
"3143104";"Monte Carmelo (MG)";"1131977,2"
"3143153";"Monte Formoso (MG)";"34491,2"
"3143203";"Monte Santo de Minas (MG)";"405027,8"
"3143302";"Montes Claros (MG)";"9467151,7"
"3143401";"Monte Sião (MG)";"412098,0"
"3143450";"Montezuma (MG)";"68833,6"
"3143500";"Morada Nova de Minas (MG)";"311247,0"
"3143609";"Morro da Garça (MG)";"46600,2"
"3143708";"Morro do Pilar (MG)";"32573,0"
"3143807";"Munhoz (MG)";"89205,5"
"3143906";"Muriaé (MG)";"2154750,0"
"3144003";"Mutum (MG)";"378713,2"
"3144102";"Muzambinho (MG)";"391481,9"
"3144201";"Nacip Raydan (MG)";"28601,5"
"3144300";"Nanuque (MG)";"708621,8"
"3144359";"Naque (MG)";"74448,3"
"3144375";"Natalândia (MG)";"46039,6"
"3144409";"Natércia (MG)";"75530,3"
"3144508";"Nazareno (MG)";"310979,0"
"3144607";"Nepomuceno (MG)";"457824,3"
"3144656";"Ninheira (MG)";"85168,4"
"3144672";"Nova Belém (MG)";"41206,6"
"3144706";"Nova Era (MG)";"345059,5"
"3144805";"Nova Lima (MG)";"10447453,7"
"3144904";"Nova Módica (MG)";"43758,8"
"3145000";"Nova Ponte (MG)";"1141262,6"
"3145059";"Nova Porteirinha (MG)";"105469,2"
"3145109";"Nova Resende (MG)";"275819,9"
"3145208";"Nova Serrana (MG)";"2371525,1"
"3145307";"Novo Cruzeiro (MG)";"236260,1"
"3145356";"Novo Oriente de Minas (MG)";"92901,7"
"3145372";"Novorizonte (MG)";"51411,4"
"3145406";"Olaria (MG)";"24163,2"
"3145455";"Olhos-d'Água (MG)";"157084,9"
"3145505";"Olímpio Noronha (MG)";"33690,7"
"3145604";"Oliveira (MG)";"859620,5"
"3145703";"Oliveira Fortes (MG)";"31079,5"
"3145802";"Onça de Pitangui (MG)";"51422,7"
"3145851";"Oratórios (MG)";"50727,0"
"3145877";"Orizânia (MG)";"85704,3"
"3145901";"Ouro Branco (MG)";"4075079,2"
"3146008";"Ouro Fino (MG)";"714799,0"
"3146107";"Ouro Preto (MG)";"6833813,8"
"3146206";"Ouro Verde de Minas (MG)";"48980,1"
"3146255";"Padre Carvalho (MG)";"55512,2"
"3146305";"Padre Paraíso (MG)";"172860,6"
"3146404";"Paineiras (MG)";"59541,3"
"3146503";"Pains (MG)";"286928,3"
"3146552";"Pai Pedro (MG)";"44560,5"
"3146602";"Paiva (MG)";"23647,7"
"3146701";"Palma (MG)";"73056,1"
"3146750";"Palmópolis (MG)";"49041,4"
"3146909";"Papagaios (MG)";"260069,5"
"3147006";"Paracatu (MG)";"4315922,5"
"3147105";"Pará de Minas (MG)";"2901041,9"
"3147204";"Paraguaçu (MG)";"470359,4"
"3147303";"Paraisópolis (MG)";"490042,4"
"3147402";"Paraopeba (MG)";"749082,8"
"3147501";"Passabém (MG)";"19818,5"
"3147600";"Passa Quatro (MG)";"371779,2"
"3147709";"Passa Tempo (MG)";"244077,5"
"3147808";"Passa Vinte (MG)";"32538,4"
"3147907";"Passos (MG)";"2484484,6"
"3147956";"Patis (MG)";"46310,0"
"3148004";"Patos de Minas (MG)";"4697186,9"
"3148103";"Patrocínio (MG)";"2883802,3"
"3148202";"Patrocínio do Muriaé (MG)";"90677,5"
"3148301";"Paula Cândido (MG)";"96813,2"
"3148400";"Paulistas (MG)";"47819,8"
"3148509";"Pavão (MG)";"70960,9"
"3148608";"Peçanha (MG)";"195375,1"
"3148707";"Pedra Azul (MG)";"299113,5"
"3148756";"Pedra Bonita (MG)";"66385,6"
"3148806";"Pedra do Anta (MG)";"37852,9"
"3148905";"Pedra do Indaiá (MG)";"92102,8"
"3149002";"Pedra Dourada (MG)";"30457,2"
"3149101";"Pedralva (MG)";"131059,4"
"3149150";"Pedras de Maria da Cruz (MG)";"82822,9"
"3149200";"Pedrinópolis (MG)";"115847,0"
"3149309";"Pedro Leopoldo (MG)";"1424081,0"
"3149408";"Pedro Teixeira (MG)";"22264,9"
"3149507";"Pequeri (MG)";"43052,2"
"3149606";"Pequi (MG)";"59870,5"
"3149705";"Perdigão (MG)";"198774,5"
"3149804";"Perdizes (MG)";"677517,3"
"3149903";"Perdões (MG)";"490763,1"
"3149952";"Periquito (MG)";"88953,9"
"3150000";"Pescador (MG)";"38989,9"
"3150109";"Piau (MG)";"78015,9"
"3150158";"Piedade de Caratinga (MG)";"89550,9"
"3150208";"Piedade de Ponte Nova (MG)";"49680,8"
"3150307";"Piedade do Rio Grande (MG)";"65463,5"
"3150406";"Piedade dos Gerais (MG)";"64599,5"
"3150505";"Pimenta (MG)";"190072,5"
"3150539";"Pingo-d'Água (MG)";"40599,2"
"3150570";"Pintópolis (MG)";"60258,5"
"3150604";"Piracema (MG)";"147190,1"
"3150703";"Pirajuba (MG)";"305784,7"
"3150802";"Piranga (MG)";"161877,8"
"3150901";"Piranguçu (MG)";"65168,6"
"3151008";"Piranguinho (MG)";"109671,3"
"3151107";"Pirapetinga (MG)";"449241,9"
"3151206";"Pirapora (MG)";"2282690,8"
"3151305";"Piraúba (MG)";"159032,3"
"3151404";"Pitangui (MG)";"530475,2"
"3151503";"Piumhi (MG)";"869198,4"
"3151602";"Planura (MG)";"455288,0"
"3151701";"Poço Fundo (MG)";"308818,1"
"3151800";"Poços de Caldas (MG)";"7664455,4"
"3151909";"Pocrane (MG)";"90258,3"
"3152006";"Pompéu (MG)";"784260,4"
"3152105";"Ponte Nova (MG)";"1657871,1"
"3152131";"Ponto Chique (MG)";"38553,9"
"3152170";"Ponto dos Volantes (MG)";"85147,8"
"3152204";"Porteirinha (MG)";"335875,8"
"3152303";"Porto Firme (MG)";"90900,0"
"3152402";"Poté (MG)";"141468,4"
"3152501";"Pouso Alegre (MG)";"7646810,4"
"3152600";"Pouso Alto (MG)";"223941,8"
"3152709";"Prados (MG)";"165806,2"
"3152808";"Prata (MG)";"977982,7"
"3152907";"Pratápolis (MG)";"155091,8"
"3153004";"Pratinha (MG)";"92897,3"
"3153103";"Presidente Bernardes (MG)";"47229,3"
"3153202";"Presidente Juscelino (MG)";"45338,3"
"3153301";"Presidente Kubitschek (MG)";"28102,7"
"3153400";"Presidente Olegário (MG)";"438485,9"
"3153509";"Alto Jequitibá (MG)";"96370,0"
"3153608";"Prudente de Morais (MG)";"148248,9"
"3153707";"Quartel Geral (MG)";"54406,3"
"3153806";"Queluzito (MG)";"28882,6"
"3153905";"Raposos (MG)";"183935,4"
"3154002";"Raul Soares (MG)";"313345,1"
"3154101";"Recreio (MG)";"101783,1"
"3154150";"Reduto (MG)";"90270,6"
"3154200";"Resende Costa (MG)";"181356,1"
"3154309";"Resplendor (MG)";"223247,7"
"3154408";"Ressaquinha (MG)";"202311,8"
"3154457";"Riachinho (MG)";"99900,3"
"3154507";"Riacho dos Machados (MG)";"284358,6"
"3154606";"Ribeirão das Neves (MG)";"4118299,6"
"3154705";"Ribeirão Vermelho (MG)";"86432,0"
"3154804";"Rio Acima (MG)";"191267,8"
"3154903";"Rio Casca (MG)";"194739,6"
"3155009";"Rio Doce (MG)";"43021,9"
"3155108";"Rio do Prado (MG)";"41205,4"
"3155207";"Rio Espera (MG)";"48199,0"
"3155306";"Rio Manso (MG)";"85679,2"
"3155405";"Rio Novo (MG)";"106972,8"
"3155504";"Rio Paranaíba (MG)";"516666,6"
"3155603";"Rio Pardo de Minas (MG)";"275161,5"
"3155702";"Rio Piracicaba (MG)";"561852,4"
"3155801";"Rio Pomba (MG)";"341118,4"
"3155900";"Rio Preto (MG)";"52648,9"
"3156007";"Rio Vermelho (MG)";"112205,2"
"3156106";"Ritápolis (MG)";"64225,0"
"3156205";"Rochedo de Minas (MG)";"26298,1"
"3156304";"Rodeiro (MG)";"356191,1"
"3156403";"Romaria (MG)";"140093,3"
"3156452";"Rosário da Limeira (MG)";"47176,0"
"3156502";"Rubelita (MG)";"55969,9"
"3156601";"Rubim (MG)";"85143,7"
"3156700";"Sabará (MG)";"2922679,4"
"3156809";"Sabinópolis (MG)";"180883,7"
"3156908";"Sacramento (MG)";"1341468,3"
"3157005";"Salinas (MG)";"546558,8"
"3157104";"Salto da Divisa (MG)";"103026,9"
"3157203";"Santa Bárbara (MG)";"827859,5"
"3157252";"Santa Bárbara do Leste (MG)";"89523,7"
"3157278";"Santa Bárbara do Monte Verde (MG)";"49827,6"
"3157302";"Santa Bárbara do Tugúrio (MG)";"57969,5"
"3157336";"Santa Cruz de Minas (MG)";"92204,7"
"3157377";"Santa Cruz de Salinas (MG)";"37071,7"
"3157401";"Santa Cruz do Escalvado (MG)";"52311,4"
"3157500";"Santa Efigênia de Minas (MG)";"44557,8"
"3157609";"Santa Fé de Minas (MG)";"38676,9"
"3157658";"Santa Helena de Minas (MG)";"46685,3"
"3157708";"Santa Juliana (MG)";"769360,1"
"3157807";"Santa Luzia (MG)";"3984679,4"
"3157906";"Santa Margarida (MG)";"264031,9"
"3158003";"Santa Maria de Itabira (MG)";"163484,7"
"3158102";"Santa Maria do Salto (MG)";"40975,3"
"3158201";"Santa Maria do Suaçuí (MG)";"139082,6"
"3158300";"Santana da Vargem (MG)";"137402,1"
"3158409";"Santana de Cataguases (MG)";"40367,9"
"3158508";"Santana de Pirapama (MG)";"84297,2"
"3158607";"Santana do Deserto (MG)";"39395,4"
"3158706";"Santana do Garambéu (MG)";"30846,5"
"3158805";"Santana do Jacaré (MG)";"78706,9"
"3158904";"Santana do Manhuaçu (MG)";"112077,7"
"3158953";"Santana do Paraíso (MG)";"648538,7"
"3159001";"Santana do Riacho (MG)";"63399,7"
"3159100";"Santana dos Montes (MG)";"33900,2"
"3159209";"Santa Rita de Caldas (MG)";"157616,0"
"3159308";"Santa Rita de Jacutinga (MG)";"56325,1"
"3159357";"Santa Rita de Minas (MG)";"79951,7"
"3159407";"Santa Rita de Ibitipoca (MG)";"52351,1"
"3159506";"Santa Rita do Itueto (MG)";"93592,4"
"3159605";"Santa Rita do Sapucaí (MG)";"1463878,0"
"3159704";"Santa Rosa da Serra (MG)";"57030,2"
"3159803";"Santa Vitória (MG)";"696736,9"
"3159902";"Santo Antônio do Amparo (MG)";"285100,0"
"3160009";"Santo Antônio do Aventureiro (MG)";"45434,5"
"3160108";"Santo Antônio do Grama (MG)";"60237,0"
"3160207";"Santo Antônio do Itambé (MG)";"35698,1"
"3160306";"Santo Antônio do Jacinto (MG)";"88609,0"
"3160405";"Santo Antônio do Monte (MG)";"575930,5"
"3160454";"Santo Antônio do Retiro (MG)";"49811,6"
"3160504";"Santo Antônio do Rio Abaixo (MG)";"22899,9"
"3160603";"Santo Hipólito (MG)";"35785,4"
"3160702";"Santos Dumont (MG)";"939829,0"
"3160801";"São Bento Abade (MG)";"60954,4"
"3160900";"São Brás do Suaçuí (MG)";"54372,0"
"3160959";"São Domingos das Dores (MG)";"72798,4"
"3161007";"São Domingos do Prata (MG)";"252407,5"
"3161056";"São Félix de Minas (MG)";"37383,5"
"3161106";"São Francisco (MG)";"506327,7"
"3161205";"São Francisco de Paula (MG)";"98942,3"
"3161304";"São Francisco de Sales (MG)";"133224,2"
"3161403";"São Francisco do Glória (MG)";"54636,2"
"3161502";"São Geraldo (MG)";"200182,8"
"3161601";"São Geraldo da Piedade (MG)";"36343,6"
"3161650";"São Geraldo do Baixio (MG)";"39118,2"
"3161700";"São Gonçalo do Abaeté (MG)";"228736,0"
"3161809";"São Gonçalo do Pará (MG)";"245817,2"
"3161908";"São Gonçalo do Rio Abaixo (MG)";"3650453,4"
"3162005";"São Gonçalo do Sapucaí (MG)";"617379,2"
"3162104";"São Gotardo (MG)";"830304,0"
"3162203";"São João Batista do Glória (MG)";"147496,1"
"3162252";"São João da Lagoa (MG)";"41427,8"
"3162302";"São João da Mata (MG)";"43196,0"
"3162401";"São João da Ponte (MG)";"198616,5"
"3162450";"São João das Missões (MG)";"81505,7"
"3162500";"São João del Rei (MG)";"2153667,0"
"3162559";"São João do Manhuaçu (MG)";"115951,8"
"3162575";"São João do Manteninha (MG)";"58718,6"
"3162609";"São João do Oriente (MG)";"83746,8"
"3162658";"São João do Pacuí (MG)";"33690,7"
"3162708";"São João do Paraíso (MG)";"216218,5"
"3162807";"São João Evangelista (MG)";"171085,4"
"3162906";"São João Nepomuceno (MG)";"395915,3"
"3162922";"São Joaquim de Bicas (MG)";"624472,0"
"3162948";"São José da Barra (MG)";"556562,4"
"3162955";"São José da Lapa (MG)";"474856,0"
"3163003";"São José da Safira (MG)";"38572,0"
"3163102";"São José da Varginha (MG)";"82199,5"
"3163201";"São José do Alegre (MG)";"50313,3"
"3163300";"São José do Divino (MG)";"37535,0"
"3163409";"São José do Goiabal (MG)";"53832,7"
"3163508";"São José do Jacuri (MG)";"62890,4"
"3163607";"São José do Mantimento (MG)";"32044,1"
"3163706";"São Lourenço (MG)";"1047173,5"
"3163805";"São Miguel do Anta (MG)";"77055,4"
"3163904";"São Pedro da União (MG)";"91155,4"
"3164001";"São Pedro dos Ferros (MG)";"113132,6"
"3164100";"São Pedro do Suaçuí (MG)";"60048,2"
"3164209";"São Romão (MG)";"161062,1"
"3164308";"São Roque de Minas (MG)";"205787,1"
"3164407";"São Sebastião da Bela Vista (MG)";"375584,4"
"3164431";"São Sebastião da Vargem Alegre (MG)";"50261,4"
"3164472";"São Sebastião do Anta (MG)";"64993,7"
"3164506";"São Sebastião do Maranhão (MG)";"76831,5"
"3164605";"São Sebastião do Oeste (MG)";"403818,5"
"3164704";"São Sebastião do Paraíso (MG)";"1769810,9"
"3164803";"São Sebastião do Rio Preto (MG)";"19626,9"
"3164902";"São Sebastião do Rio Verde (MG)";"28335,5"
"3165008";"São Tiago (MG)";"169776,6"
"3165107";"São Tomás de Aquino (MG)";"126908,8"
"3165206";"São Tomé das Letras (MG)";"91622,3"
"3165305";"São Vicente de Minas (MG)";"161719,4"
"3165404";"Sapucaí-Mirim (MG)";"101472,6"
"3165503";"Sardoá (MG)";"61303,7"
"3165537";"Sarzedo (MG)";"908855,5"
"3165552";"Setubinha (MG)";"90384,4"
"3165560";"Sem-Peixe (MG)";"30113,9"
"3165578";"Senador Amaral (MG)";"60768,8"
"3165602";"Senador Cortes (MG)";"27510,6"
"3165701";"Senador Firmino (MG)";"80282,6"
"3165800";"Senador José Bento (MG)";"22675,0"
"3165909";"Senador Modestino Gonçalves (MG)";"98394,0"
"3166006";"Senhora de Oliveira (MG)";"69512,1"
"3166105";"Senhora do Porto (MG)";"36288,1"
"3166204";"Senhora dos Remédios (MG)";"82346,3"
"3166303";"Sericita (MG)";"74581,8"
"3166402";"Seritinga (MG)";"35451,9"
"3166501";"Serra Azul de Minas (MG)";"33546,6"
"3166600";"Serra da Saudade (MG)";"18791,8"
"3166709";"Serra dos Aimorés (MG)";"88131,3"
"3166808";"Serra do Salitre (MG)";"476867,3"
"3166907";"Serrania (MG)";"133749,5"
"3166956";"Serranópolis de Minas (MG)";"35287,1"
"3167004";"Serranos (MG)";"28786,8"
"3167103";"Serro (MG)";"232964,2"
"3167202";"Sete Lagoas (MG)";"8537314,3"
"3167301";"Silveirânia (MG)";"27229,9"
"3167400";"Silvianópolis (MG)";"94585,6"
"3167509";"Simão Pereira (MG)";"71733,6"
"3167608";"Simonésia (MG)";"186439,4"
"3167707";"Sobrália (MG)";"52862,9"
"3167806";"Soledade de Minas (MG)";"58285,0"
"3167905";"Tabuleiro (MG)";"50531,3"
"3168002";"Taiobeiras (MG)";"442752,5"
"3168051";"Taparuba (MG)";"34696,6"
"3168101";"Tapira (MG)";"625048,0"
"3168200";"Tapiraí (MG)";"39431,2"
"3168309";"Taquaraçu de Minas (MG)";"47284,4"
"3168408";"Tarumirim (MG)";"144830,2"
"3168507";"Teixeiras (MG)";"142102,3"
"3168606";"Teófilo Otoni (MG)";"2523750,0"
"3168705";"Timóteo (MG)";"3220960,2"
"3168804";"Tiradentes (MG)";"162979,7"
"3168903";"Tiros (MG)";"198081,0"
"3169000";"Tocantins (MG)";"275643,2"
"3169059";"Tocos do Moji (MG)";"51430,1"
"3169109";"Toledo (MG)";"74879,7"
"3169208";"Tombos (MG)";"98332,0"
"3169307";"Três Corações (MG)";"2315535,7"
"3169356";"Três Marias (MG)";"2703184,4"
"3169406";"Três Pontas (MG)";"1350567,6"
"3169505";"Tumiritinga (MG)";"55947,8"
"3169604";"Tupaciguara (MG)";"651767,0"
"3169703";"Turmalina (MG)";"372692,8"
"3169802";"Turvolândia (MG)";"100462,6"
"3169901";"Ubá (MG)";"2734113,5"
"3170008";"Ubaí (MG)";"98488,1"
"3170057";"Ubaporanga (MG)";"122788,2"
"3170107";"Uberaba (MG)";"14732211,2"
"3170206";"Uberlândia (MG)";"37513607,2"
"3170305";"Umburatiba (MG)";"29922,1"
"3170404";"Unaí (MG)";"3267961,8"
"3170438";"União de Minas (MG)";"111150,8"
"3170479";"Uruana de Minas (MG)";"49901,7"
"3170503";"Urucânia (MG)";"170881,6"
"3170529";"Urucuia (MG)";"131313,2"
"3170578";"Vargem Alegre (MG)";"64682,0"
"3170602";"Vargem Bonita (MG)";"43567,1"
"3170651";"Vargem Grande do Rio Pardo (MG)";"46838,0"
"3170701";"Varginha (MG)";"5520238,9"
"3170750";"Varjão de Minas (MG)";"149758,9"
"3170800";"Várzea da Palma (MG)";"717291,0"
"3170909";"Varzelândia (MG)";"157715,3"
"3171006";"Vazante (MG)";"718745,0"
"3171030";"Verdelândia (MG)";"83288,2"
"3171071";"Veredinha (MG)";"99516,2"
"3171105";"Veríssimo (MG)";"113060,5"
"3171154";"Vermelho Novo (MG)";"46203,7"
"3171204";"Vespasiano (MG)";"2431551,0"
"3171303";"Viçosa (MG)";"1634791,4"
"3171402";"Vieiras (MG)";"38199,8"
"3171501";"Mathias Lobato (MG)";"32731,2"
"3171600";"Virgem da Lapa (MG)";"116279,5"
"3171709";"Virgínia (MG)";"115670,9"
"3171808";"Virginópolis (MG)";"148124,8"
"3171907";"Virgolândia (MG)";"47533,6"
"3172004";"Visconde do Rio Branco (MG)";"1123525,3"
"3172103";"Volta Grande (MG)";"84287,0"
"3172202";"Wenceslau Braz (MG)";"26726,3"
"3200102";"Afonso Cláudio (ES)";"437986,1"
"3200136";"Águia Branca (ES)";"172210,1"
"3200169";"Água Doce do Norte (ES)";"134205,2"
"3200201";"Alegre (ES)";"468543,3"
"3200300";"Alfredo Chaves (ES)";"325905,4"
"3200359";"Alto Rio Novo (ES)";"83399,2"
"3200409";"Anchieta (ES)";"917759,8"
"3200508";"Apiacá (ES)";"105362,9"
"3200607";"Aracruz (ES)";"5394417,3"
"3200706";"Atílio Vivácqua (ES)";"247598,7"
"3200805";"Baixo Guandu (ES)";"704863,1"
"3200904";"Barra de São Francisco (ES)";"842100,6"
"3201001";"Boa Esperança (ES)";"211500,5"
"3201100";"Bom Jesus do Norte (ES)";"180680,0"
"3201159";"Brejetuba (ES)";"232282,7"
"3201209";"Cachoeiro de Itapemirim (ES)";"4837080,2"
"3201308";"Cariacica (ES)";"9404336,6"
"3201407";"Castelo (ES)";"877984,7"
"3201506";"Colatina (ES)";"3476469,2"
"3201605";"Conceição da Barra (ES)";"420222,5"
"3201704";"Conceição do Castelo (ES)";"196051,9"
"3201803";"Divino de São Lourenço (ES)";"67760,8"
"3201902";"Domingos Martins (ES)";"699720,9"
"3202009";"Dores do Rio Preto (ES)";"133149,3"
"3202108";"Ecoporanga (ES)";"302280,2"
"3202207";"Fundão (ES)";"447408,9"
"3202256";"Governador Lindenberg (ES)";"270219,8"
"3202306";"Guaçuí (ES)";"539561,5"
"3202405";"Guarapari (ES)";"2159992,7"
"3202454";"Ibatiba (ES)";"332513,1"
"3202504";"Ibiraçu (ES)";"242454,7"
"3202553";"Ibitirama (ES)";"118110,5"
"3202603";"Iconha (ES)";"317440,6"
"3202652";"Irupi (ES)";"211790,5"
"3202702";"Itaguaçu (ES)";"240929,3"
"3202801";"Itapemirim (ES)";"5683682,6"
"3202900";"Itarana (ES)";"221009,8"
"3203007";"Iúna (ES)";"437280,7"
"3203056";"Jaguaré (ES)";"589977,7"
"3203106";"Jerônimo Monteiro (ES)";"136629,7"
"3203130";"João Neiva (ES)";"456315,5"
"3203163";"Laranja da Terra (ES)";"130639,8"
"3203205";"Linhares (ES)";"6384081,4"
"3203304";"Mantenópolis (ES)";"155555,0"
"3203320";"Marataízes (ES)";"2502763,3"
"3203346";"Marechal Floriano (ES)";"380856,5"
"3203353";"Marilândia (ES)";"249746,5"
"3203403";"Mimoso do Sul (ES)";"434973,2"
"3203502";"Montanha (ES)";"340390,5"
"3203601";"Mucurici (ES)";"68308,8"
"3203700";"Muniz Freire (ES)";"304352,8"
"3203809";"Muqui (ES)";"187827,9"
"3203908";"Nova Venécia (ES)";"936928,1"
"3204005";"Pancas (ES)";"268627,6"
"3204054";"Pedro Canário (ES)";"284493,1"
"3204104";"Pinheiros (ES)";"501529,5"
"3204203";"Piúma (ES)";"614875,7"
"3204252";"Ponto Belo (ES)";"79722,4"
"3204302";"Presidente Kennedy (ES)";"6693536,8"
"3204351";"Rio Bananal (ES)";"356263,8"
"3204401";"Rio Novo do Sul (ES)";"183646,2"
"3204500";"Santa Leopoldina (ES)";"200878,8"
"3204559";"Santa Maria de Jetibá (ES)";"1369754,1"
"3204609";"Santa Teresa (ES)";"448309,5"
"3204658";"São Domingos do Norte (ES)";"244991,4"
"3204708";"São Gabriel da Palha (ES)";"580288,6"
"3204807";"São José do Calçado (ES)";"161496,4"
"3204906";"São Mateus (ES)";"2288347,4"
"3204955";"São Roque do Canaã (ES)";"173274,0"
"3205002";"Serra (ES)";"25025755,4"
"3205010";"Sooretama (ES)";"511764,0"
"3205036";"Vargem Alta (ES)";"301685,0"
"3205069";"Venda Nova do Imigrante (ES)";"599117,5"
"3205101";"Viana (ES)";"2630356,0"
"3205150";"Vila Pavão (ES)";"128168,6"
"3205176";"Vila Valério (ES)";"263864,6"
"3205200";"Vila Velha (ES)";"12235568,8"
"3205309";"Vitória (ES)";"25518127,1"
"3300100";"Angra dos Reis (RJ)";"8942167,7"
"3300159";"Aperibé (RJ)";"181569,4"
"3300209";"Araruama (RJ)";"2676428,2"
"3300225";"Areal (RJ)";"315391,7"
"3300233";"Armação dos Búzios (RJ)";"2361778,6"
"3300258";"Arraial do Cabo (RJ)";"1291857,3"
"3300308";"Barra do Piraí (RJ)";"2061848,2"
"3300407";"Barra Mansa (RJ)";"5565508,2"
"3300456";"Belford Roxo (RJ)";"7956747,7"
"3300506";"Bom Jardim (RJ)";"676541,0"
"3300605";"Bom Jesus do Itabapoana (RJ)";"761617,5"
"3300704";"Cabo Frio (RJ)";"10972209,4"
"3300803";"Cachoeiras de Macacu (RJ)";"1033178,8"
"3300902";"Cambuci (RJ)";"336837,1"
"3300936";"Carapebus (RJ)";"521794,3"
"3300951";"Comendador Levy Gasparian (RJ)";"390891,8"
"3301009";"Campos dos Goytacazes (RJ)";"32338282,8"
"3301108";"Cantagalo (RJ)";"765207,7"
"3301157";"Cardoso Moreira (RJ)";"279270,7"
"3301207";"Carmo (RJ)";"456037,7"
"3301306";"Casimiro de Abreu (RJ)";"2187857,5"
"3301405";"Conceição de Macabu (RJ)";"355204,3"
"3301504";"Cordeiro (RJ)";"508059,7"
"3301603";"Duas Barras (RJ)";"210017,0"
"3301702";"Duque de Caxias (RJ)";"41581756,8"
"3301801";"Engenheiro Paulo de Frontin (RJ)";"264305,1"
"3301850";"Guapimirim (RJ)";"983893,5"
"3301876";"Iguaba Grande (RJ)";"489370,2"
"3301900";"Itaboraí (RJ)";"4486978,8"
"3302007";"Itaguaí (RJ)";"8061178,8"
"3302056";"Italva (RJ)";"306435,7"
"3302106";"Itaocara (RJ)";"542764,5"
"3302205";"Itaperuna (RJ)";"2793921,8"
"3302254";"Itatiaia (RJ)";"4981040,3"
"3302270";"Japeri (RJ)";"1445447,6"
"3302304";"Laje do Muriaé (RJ)";"137863,9"
"3302403";"Macaé (RJ)";"15435161,6"
"3302452";"Macuco (RJ)";"153568,1"
"3302502";"Magé (RJ)";"3902084,9"
"3302601";"Mangaratiba (RJ)";"3596423,0"
"3302700";"Maricá (RJ)";"26982734,1"
"3302809";"Mendes (RJ)";"324099,7"
"3302858";"Mesquita (RJ)";"2261961,4"
"3302908";"Miguel Pereira (RJ)";"589781,8"
"3303005";"Miracema (RJ)";"529860,4"
"3303104";"Natividade (RJ)";"280723,4"
"3303203";"Nilópolis (RJ)";"2803407,8"
"3303302";"Niterói (RJ)";"40376960,8"
"3303401";"Nova Friburgo (RJ)";"5243797,8"
"3303500";"Nova Iguaçu (RJ)";"16869468,6"
"3303609";"Paracambi (RJ)";"976701,5"
"3303708";"Paraíba do Sul (RJ)";"996588,2"
"3303807";"Paraty (RJ)";"2619606,6"
"3303856";"Paty do Alferes (RJ)";"545970,9"
"3303906";"Petrópolis (RJ)";"12761258,6"
"3303955";"Pinheiral (RJ)";"526632,9"
"3304003";"Piraí (RJ)";"1886911,6"
"3304102";"Porciúncula (RJ)";"350146,9"
"3304110";"Porto Real (RJ)";"2894247,4"
"3304128";"Quatis (RJ)";"265051,1"
"3304144";"Queimados (RJ)";"3627917,0"
"3304151";"Quissamã (RJ)";"2471196,2"
"3304201";"Resende (RJ)";"8471496,2"
"3304300";"Rio Bonito (RJ)";"1663589,2"
"3304409";"Rio Claro (RJ)";"401562,0"
"3304508";"Rio das Flores (RJ)";"205350,8"
"3304524";"Rio das Ostras (RJ)";"8591343,9"
"3304557";"Rio de Janeiro (RJ)";"363403233,3"
"3304607";"Santa Maria Madalena (RJ)";"181395,2"
"3304706";"Santo Antônio de Pádua (RJ)";"1112973,3"
"3304755";"São Francisco de Itabapoana (RJ)";"1023335,5"
"3304805";"São Fidélis (RJ)";"695120,5"
"3304904";"São Gonçalo (RJ)";"18554620,9"
"3305000";"São João da Barra (RJ)";"7204709,0"
"3305109";"São João de Meriti (RJ)";"9319208,0"
"3305133";"São José de Ubá (RJ)";"204869,2"
"3305158";"São José do Vale do Rio Preto (RJ)";"532224,3"
"3305208";"São Pedro da Aldeia (RJ)";"2289650,4"
"3305307";"São Sebastião do Alto (RJ)";"203376,2"
"3305406";"Sapucaia (RJ)";"746393,5"
"3305505";"Saquarema (RJ)";"3104960,3"
"3305554";"Seropédica (RJ)";"4486968,8"
"3305604";"Silva Jardim (RJ)";"465722,8"
"3305703";"Sumidouro (RJ)";"448028,8"
"3305752";"Tanguá (RJ)";"550442,2"
"3305802";"Teresópolis (RJ)";"5165476,2"
"3305901";"Trajano de Moraes (RJ)";"195808,1"
"3306008";"Três Rios (RJ)";"3988535,4"
"3306107";"Valença (RJ)";"2576172,3"
"3306156";"Varre-Sai (RJ)";"187062,6"
"3306206";"Vassouras (RJ)";"983904,9"
"3306305";"Volta Redonda (RJ)";"13407989,3"
"3500105";"Adamantina (SP)";"1070909,9"
"3500204";"Adolfo (SP)";"92202,5"
"3500303";"Aguaí (SP)";"972612,9"
"3500402";"Águas da Prata (SP)";"166763,6"
"3500501";"Águas de Lindóia (SP)";"490463,1"
"3500550";"Águas de Santa Bárbara (SP)";"166832,3"
"3500600";"Águas de São Pedro (SP)";"135910,6"
"3500709";"Agudos (SP)";"2202017,1"
"3500758";"Alambari (SP)";"98483,0"
"3500808";"Alfredo Marcondes (SP)";"83078,5"
"3500907";"Altair (SP)";"106769,2"
"3501004";"Altinópolis (SP)";"497041,1"
"3501103";"Alto Alegre (SP)";"106183,7"
"3501152";"Alumínio (SP)";"2104874,3"
"3501202";"Álvares Florence (SP)";"119675,1"
"3501301";"Álvares Machado (SP)";"530825,9"
"3501400";"Álvaro de Carvalho (SP)";"49844,1"
"3501509";"Alvinlândia (SP)";"51884,9"
"3501608";"Americana (SP)";"11340520,9"
"3501707";"Américo Brasiliense (SP)";"832952,2"
"3501806";"Américo de Campos (SP)";"117658,7"
"3501905";"Amparo (SP)";"4635338,5"
"3502002";"Analândia (SP)";"182300,0"
"3502101";"Andradina (SP)";"1887475,3"
"3502200";"Angatuba (SP)";"938453,1"
"3502309";"Anhembi (SP)";"179814,1"
"3502408";"Anhumas (SP)";"72982,9"
"3502507";"Aparecida (SP)";"1082492,5"
"3502606";"Aparecida d'Oeste (SP)";"103616,1"
"3502705";"Apiaí (SP)";"593338,1"
"3502754";"Araçariguama (SP)";"3268407,8"
"3502804";"Araçatuba (SP)";"7346860,9"
"3502903";"Araçoiaba da Serra (SP)";"861182,7"
"3503000";"Aramina (SP)";"139635,8"
"3503109";"Arandu (SP)";"117582,4"
"3503158";"Arapeí (SP)";"30663,4"
"3503208";"Araraquara (SP)";"9413147,4"
"3503307";"Araras (SP)";"5560316,3"
"3503356";"Arco-Íris (SP)";"51857,7"
"3503406";"Arealva (SP)";"206165,1"
"3503505";"Areias (SP)";"43091,9"
"3503604";"Areiópolis (SP)";"143060,8"
"3503703";"Ariranha (SP)";"566622,0"
"3503802";"Artur Nogueira (SP)";"1178214,8"
"3503901";"Arujá (SP)";"6152756,7"
"3503950";"Aspásia (SP)";"35190,1"
"3504008";"Assis (SP)";"3360765,9"
"3504107";"Atibaia (SP)";"7139720,1"
"3504206";"Auriflama (SP)";"303051,6"
"3504305";"Avaí (SP)";"271748,5"
"3504404";"Avanhandava (SP)";"315619,9"
"3504503";"Avaré (SP)";"2737027,9"
"3504602";"Bady Bassitt (SP)";"352955,1"
"3504701";"Balbinos (SP)";"54951,5"
"3504800";"Bálsamo (SP)";"202488,8"
"3504909";"Bananal (SP)";"180695,3"
"3505005";"Barão de Antonina (SP)";"53201,7"
"3505104";"Barbosa (SP)";"100071,4"
"3505203";"Bariri (SP)";"1150796,2"
"3505302";"Barra Bonita (SP)";"1089224,8"
"3505351";"Barra do Chapéu (SP)";"81173,8"
"3505401";"Barra do Turvo (SP)";"91020,7"
"3505500";"Barretos (SP)";"4857179,9"
"3505609";"Barrinha (SP)";"512934,5"
"3505708";"Barueri (SP)";"50562704,1"
"3505807";"Bastos (SP)";"959486,9"
"3505906";"Batatais (SP)";"1581337,8"
"3506003";"Bauru (SP)";"14639473,7"
"3506102";"Bebedouro (SP)";"3343964,6"
"3506201";"Bento de Abreu (SP)";"118390,5"
"3506300";"Bernardino de Campos (SP)";"198186,8"
"3506359";"Bertioga (SP)";"1692656,4"
"3506409";"Bilac (SP)";"192744,3"
"3506508";"Birigui (SP)";"3329284,5"
"3506607";"Biritiba Mirim (SP)";"687563,0"
"3506706";"Boa Esperança do Sul (SP)";"306756,4"
"3506805";"Bocaina (SP)";"215905,8"
"3506904";"Bofete (SP)";"187091,2"
"3507001";"Boituva (SP)";"2378102,4"
"3507100";"Bom Jesus dos Perdões (SP)";"908349,7"
"3507159";"Bom Sucesso de Itararé (SP)";"62342,6"
"3507209";"Borá (SP)";"49205,3"
"3507308";"Boracéia (SP)";"365386,3"
"3507407";"Borborema (SP)";"369046,4"
"3507456";"Borebi (SP)";"65044,3"
"3507506";"Botucatu (SP)";"4622544,6"
"3507605";"Bragança Paulista (SP)";"6303023,2"
"3507704";"Braúna (SP)";"98117,2"
"3507753";"Brejo Alegre (SP)";"82467,9"
"3507803";"Brodowski (SP)";"609603,1"
"3507902";"Brotas (SP)";"692054,0"
"3508009";"Buri (SP)";"412614,1"
"3508108";"Buritama (SP)";"590077,5"
"3508207";"Buritizal (SP)";"173231,2"
"3508306";"Cabrália Paulista (SP)";"82743,9"
"3508405";"Cabreúva (SP)";"4674182,2"
"3508504";"Caçapava (SP)";"3990604,4"
"3508603";"Cachoeira Paulista (SP)";"604774,7"
"3508702";"Caconde (SP)";"357167,1"
"3508801";"Cafelândia (SP)";"503932,6"
"3508900";"Caiabu (SP)";"58081,3"
"3509007";"Caieiras (SP)";"3553463,7"
"3509106";"Caiuá (SP)";"75582,2"
"3509205";"Cajamar (SP)";"16971943,5"
"3509254";"Cajati (SP)";"1447338,7"
"3509304";"Cajobi (SP)";"154183,7"
"3509403";"Cajuru (SP)";"549433,4"
"3509452";"Campina do Monte Alegre (SP)";"106384,6"
"3509502";"Campinas (SP)";"61388554,7"
"3509601";"Campo Limpo Paulista (SP)";"2102639,9"
"3509700";"Campos do Jordão (SP)";"1243821,1"
"3509809";"Campos Novos Paulista (SP)";"137664,5"
"3509908";"Cananéia (SP)";"297559,8"
"3509957";"Canas (SP)";"103585,2"
"3510005";"Cândido Mota (SP)";"1166513,7"
"3510104";"Cândido Rodrigues (SP)";"97273,7"
"3510153";"Canitar (SP)";"187577,0"
"3510203";"Capão Bonito (SP)";"906664,6"
"3510302";"Capela do Alto (SP)";"272232,3"
"3510401";"Capivari (SP)";"2022231,5"
"3510500";"Caraguatatuba (SP)";"3325054,6"
"3510609";"Carapicuíba (SP)";"5741687,3"
"3510708";"Cardoso (SP)";"255476,3"
"3510807";"Casa Branca (SP)";"823674,7"
"3510906";"Cássia dos Coqueiros (SP)";"148867,8"
"3511003";"Castilho (SP)";"628600,5"
"3511102";"Catanduva (SP)";"4194723,1"
"3511201";"Catiguá (SP)";"116852,9"
"3511300";"Cedral (SP)";"311160,5"
"3511409";"Cerqueira César (SP)";"604858,0"
"3511508";"Cerquilho (SP)";"1828780,9"
"3511607";"Cesário Lange (SP)";"432189,2"
"3511706";"Charqueada (SP)";"314046,5"
"3511904";"Clementina (SP)";"169083,5"
"3512001";"Colina (SP)";"1107790,0"
"3512100";"Colômbia (SP)";"284072,5"
"3512209";"Conchal (SP)";"689809,9"
"3512308";"Conchas (SP)";"352472,4"
"3512407";"Cordeirópolis (SP)";"2820934,7"
"3512506";"Coroados (SP)";"164960,1"
"3512605";"Coronel Macedo (SP)";"75706,2"
"3512704";"Corumbataí (SP)";"243568,7"
"3512803";"Cosmópolis (SP)";"1584927,1"
"3512902";"Cosmorama (SP)";"333526,2"
"3513009";"Cotia (SP)";"12531255,6"
"3513108";"Cravinhos (SP)";"1191027,7"
"3513207";"Cristais Paulista (SP)";"186245,6"
"3513306";"Cruzália (SP)";"102880,2"
"3513405";"Cruzeiro (SP)";"2428456,8"
"3513504";"Cubatão (SP)";"13178237,3"
"3513603";"Cunha (SP)";"255230,6"
"3513702";"Descalvado (SP)";"1582566,5"
"3513801";"Diadema (SP)";"14672839,8"
"3513850";"Dirce Reis (SP)";"43380,0"
"3513900";"Divinolândia (SP)";"279564,3"
"3514007";"Dobrada (SP)";"110008,9"
"3514106";"Dois Córregos (SP)";"646811,0"
"3514205";"Dolcinópolis (SP)";"46267,0"
"3514304";"Dourado (SP)";"522470,0"
"3514403";"Dracena (SP)";"1198758,6"
"3514502";"Duartina (SP)";"233114,4"
"3514601";"Dumont (SP)";"228947,1"
"3514700";"Echaporã (SP)";"125256,2"
"3514809";"Eldorado (SP)";"319753,9"
"3514908";"Elias Fausto (SP)";"703132,4"
"3514924";"Elisiário (SP)";"63638,6"
"3514957";"Embaúba (SP)";"51496,3"
"3515004";"Embu das Artes (SP)";"13246380,8"
"3515103";"Embu-Guaçu (SP)";"1097316,4"
"3515129";"Emilianópolis (SP)";"60778,3"
"3515152";"Engenheiro Coelho (SP)";"661705,4"
"3515186";"Espírito Santo do Pinhal (SP)";"1431220,8"
"3515194";"Espírito Santo do Turvo (SP)";"78580,6"
"3515202";"Estrela d'Oeste (SP)";"625970,7"
"3515301";"Estrela do Norte (SP)";"50562,1"
"3515350";"Euclides da Cunha Paulista (SP)";"159119,0"
"3515400";"Fartura (SP)";"364397,3"
"3515509";"Fernandópolis (SP)";"2001938,5"
"3515608";"Fernando Prestes (SP)";"185195,6"
"3515657";"Fernão (SP)";"49956,4"
"3515707";"Ferraz de Vasconcelos (SP)";"3105523,9"
"3515806";"Flora Rica (SP)";"37957,0"
"3515905";"Floreal (SP)";"63906,6"
"3516002";"Flórida Paulista (SP)";"197081,4"
"3516101";"Florínea (SP)";"134197,9"
"3516200";"Franca (SP)";"9992413,5"
"3516309";"Francisco Morato (SP)";"1517227,5"
"3516408";"Franco da Rocha (SP)";"2995818,5"
"3516507";"Gabriel Monteiro (SP)";"72208,5"
"3516606";"Gália (SP)";"142666,5"
"3516705";"Garça (SP)";"1192205,9"
"3516804";"Gastão Vidigal (SP)";"76249,4"
"3516853";"Gavião Peixoto (SP)";"885935,1"
"3516903";"General Salgado (SP)";"245056,8"
"3517000";"Getulina (SP)";"185012,4"
"3517109";"Glicério (SP)";"101192,6"
"3517208";"Guaiçara (SP)";"178310,5"
"3517307";"Guaimbê (SP)";"75593,6"
"3517406";"Guaíra (SP)";"3197872,4"
"3517505";"Guapiaçu (SP)";"546730,6"
"3517604";"Guapiara (SP)";"327941,6"
"3517703";"Guará (SP)";"439854,3"
"3517802";"Guaraçaí (SP)";"269270,3"
"3517901";"Guaraci (SP)";"294014,2"
"3518008";"Guarani d'Oeste (SP)";"35088,1"
"3518107";"Guarantã (SP)";"160517,4"
"3518206";"Guararapes (SP)";"910045,2"
"3518305";"Guararema (SP)";"1353574,5"
"3518404";"Guaratinguetá (SP)";"5674702,7"
"3518503";"Guareí (SP)";"209044,1"
"3518602";"Guariba (SP)";"896312,6"
"3518701";"Guarujá (SP)";"8082337,9"
"3518800";"Guarulhos (SP)";"61323415,6"
"3518859";"Guatapará (SP)";"212044,9"
"3518909";"Guzolândia (SP)";"65529,8"
"3519006";"Herculândia (SP)";"313561,7"
"3519055";"Holambra (SP)";"899143,8"
"3519071";"Hortolândia (SP)";"13154947,3"
"3519105";"Iacanga (SP)";"427418,2"
"3519204";"Iacri (SP)";"181092,4"
"3519253";"Iaras (SP)";"149829,6"
"3519303";"Ibaté (SP)";"760686,8"
"3519402";"Ibirá (SP)";"251081,9"
"3519501";"Ibirarema (SP)";"169761,8"
"3519600";"Ibitinga (SP)";"1474394,8"
"3519709";"Ibiúna (SP)";"1702008,7"
"3519808";"Icém (SP)";"172917,3"
"3519907";"Iepê (SP)";"242416,0"
"3520004";"Igaraçu do Tietê (SP)";"303406,9"
"3520103";"Igarapava (SP)";"1124126,2"
"3520202";"Igaratá (SP)";"180310,3"
"3520301";"Iguape (SP)";"1169950,2"
"3520400";"Ilhabela (SP)";"14400915,8"
"3520426";"Ilha Comprida (SP)";"1339944,2"
"3520442";"Ilha Solteira (SP)";"616570,6"
"3520509";"Indaiatuba (SP)";"15595707,7"
"3520608";"Indiana (SP)";"60872,1"
"3520707";"Indiaporã (SP)";"94297,4"
"3520806";"Inúbia Paulista (SP)";"138250,7"
"3520905";"Ipaussu (SP)";"308571,6"
"3521002";"Iperó (SP)";"647638,8"
"3521101";"Ipeúna (SP)";"427125,2"
"3521150";"Ipiguá (SP)";"105479,2"
"3521200";"Iporanga (SP)";"51219,9"
"3521309";"Ipuã (SP)";"335037,3"
"3521408";"Iracemápolis (SP)";"7046681,1"
"3521507";"Irapuã (SP)";"156607,7"
"3521606";"Irapuru (SP)";"88045,7"
"3521705";"Itaberá (SP)";"520127,4"
"3521804";"Itaí (SP)";"600438,5"
"3521903";"Itajobi (SP)";"1047794,4"
"3522000";"Itaju (SP)";"87301,0"
"3522109";"Itanhaém (SP)";"1884278,8"
"3522158";"Itaoca (SP)";"41250,7"
"3522208";"Itapecerica da Serra (SP)";"3652423,9"
"3522307";"Itapetininga (SP)";"4751789,7"
"3522406";"Itapeva (SP)";"2519680,7"
"3522505";"Itapevi (SP)";"12156243,9"
"3522604";"Itapira (SP)";"3905333,5"
"3522653";"Itapirapuã Paulista (SP)";"42037,5"
"3522703";"Itápolis (SP)";"1308426,4"
"3522802";"Itaporanga (SP)";"326717,0"
"3522901";"Itapuí (SP)";"549156,7"
"3523008";"Itapura (SP)";"91414,7"
"3523107";"Itaquaquecetuba (SP)";"7207226,0"
"3523206";"Itararé (SP)";"878649,8"
"3523305";"Itariri (SP)";"275875,9"
"3523404";"Itatiba (SP)";"6050785,7"
"3523503";"Itatinga (SP)";"407872,8"
"3523602";"Itirapina (SP)";"408476,2"
"3523701";"Itirapuã (SP)";"97578,7"
"3523800";"Itobi (SP)";"124359,0"
"3523909";"Itu (SP)";"7828785,3"
"3524006";"Itupeva (SP)";"6687650,6"
"3524105";"Ituverava (SP)";"1523781,8"
"3524204";"Jaborandi (SP)";"136797,7"
"3524303";"Jaboticabal (SP)";"2906735,7"
"3524402";"Jacareí (SP)";"12783342,4"
"3524501";"Jaci (SP)";"390644,7"
"3524600";"Jacupiranga (SP)";"523737,4"
"3524709";"Jaguariúna (SP)";"11509488,1"
"3524808";"Jales (SP)";"1546777,9"
"3524907";"Jambeiro (SP)";"235651,1"
"3525003";"Jandira (SP)";"4006575,5"
"3525102";"Jardinópolis (SP)";"1085397,2"
"3525201";"Jarinu (SP)";"2510783,5"
"3525300";"Jaú (SP)";"4729980,8"
"3525409";"Jeriquara (SP)";"80891,7"
"3525508";"Joanópolis (SP)";"213014,8"
"3525607";"João Ramalho (SP)";"120762,1"
"3525706";"José Bonifácio (SP)";"1320863,7"
"3525805";"Júlio Mesquita (SP)";"51093,9"
"3525854";"Jumirim (SP)";"111324,4"
"3525904";"Jundiaí (SP)";"43630305,6"
"3526001";"Junqueirópolis (SP)";"572500,0"
"3526100";"Juquiá (SP)";"328746,8"
"3526209";"Juquitiba (SP)";"514647,8"
"3526308";"Lagoinha (SP)";"56505,0"
"3526407";"Laranjal Paulista (SP)";"1107569,9"
"3526506";"Lavínia (SP)";"157206,5"
"3526605";"Lavrinhas (SP)";"109513,9"
"3526704";"Leme (SP)";"3204480,4"
"3526803";"Lençóis Paulista (SP)";"2638582,8"
"3526902";"Limeira (SP)";"13267664,5"
"3527009";"Lindóia (SP)";"169015,9"
"3527108";"Lins (SP)";"3779078,0"
"3527207";"Lorena (SP)";"2727417,9"
"3527256";"Lourdes (SP)";"39992,8"
"3527306";"Louveira (SP)";"10960236,7"
"3527405";"Lucélia (SP)";"441204,8"
"3527504";"Lucianópolis (SP)";"56963,6"
"3527603";"Luís Antônio (SP)";"1451176,7"
"3527702";"Luiziânia (SP)";"71747,0"
"3527801";"Lupércio (SP)";"69762,0"
"3527900";"Lutécia (SP)";"83143,4"
"3528007";"Macatuba (SP)";"626971,0"
"3528106";"Macaubal (SP)";"154752,4"
"3528205";"Macedônia (SP)";"78369,5"
"3528304";"Magda (SP)";"93131,4"
"3528403";"Mairinque (SP)";"1894954,5"
"3528502";"Mairiporã (SP)";"1745512,9"
"3528601";"Manduri (SP)";"227690,8"
"3528700";"Marabá Paulista (SP)";"101552,3"
"3528809";"Maracaí (SP)";"380286,0"
"3528858";"Marapoama (SP)";"177546,1"
"3528908";"Mariápolis (SP)";"56747,0"
"3529005";"Marília (SP)";"8077422,6"
"3529104";"Marinópolis (SP)";"34701,8"
"3529203";"Martinópolis (SP)";"495722,2"
"3529302";"Matão (SP)";"4153528,2"
"3529401";"Mauá (SP)";"15287803,7"
"3529500";"Mendonça (SP)";"168970,2"
"3529609";"Meridiano (SP)";"237767,5"
"3529658";"Mesópolis (SP)";"58778,7"
"3529708";"Miguelópolis (SP)";"1014994,4"
"3529807";"Mineiros do Tietê (SP)";"171970,8"
"3529906";"Miracatu (SP)";"392128,7"
"3530003";"Mira Estrela (SP)";"66335,3"
"3530102";"Mirandópolis (SP)";"654029,0"
"3530201";"Mirante do Paranapanema (SP)";"340730,0"
"3530300";"Mirassol (SP)";"1809538,3"
"3530409";"Mirassolândia (SP)";"126701,4"
"3530508";"Mococa (SP)";"2116601,7"
"3530607";"Mogi das Cruzes (SP)";"15385841,1"
"3530706";"Mogi Guaçu (SP)";"5923534,4"
"3530805";"Mogi Mirim (SP)";"4597089,2"
"3530904";"Mombuca (SP)";"99926,1"
"3531001";"Monções (SP)";"52396,5"
"3531100";"Mongaguá (SP)";"1030294,9"
"3531209";"Monte Alegre do Sul (SP)";"177979,7"
"3531308";"Monte Alto (SP)";"1794559,9"
"3531407";"Monte Aprazível (SP)";"575253,8"
"3531506";"Monte Azul Paulista (SP)";"537430,4"
"3531605";"Monte Castelo (SP)";"99949,6"
"3531704";"Monteiro Lobato (SP)";"64799,1"
"3531803";"Monte Mor (SP)";"3515136,3"
"3531902";"Morro Agudo (SP)";"953134,4"
"3532009";"Morungaba (SP)";"450365,4"
"3532058";"Motuca (SP)";"81619,5"
"3532108";"Murutinga do Sul (SP)";"65258,9"
"3532157";"Nantes (SP)";"117840,2"
"3532207";"Narandiba (SP)";"148376,9"
"3532306";"Natividade da Serra (SP)";"72424,4"
"3532405";"Nazaré Paulista (SP)";"342043,5"
"3532504";"Neves Paulista (SP)";"199172,3"
"3532603";"Nhandeara (SP)";"324721,6"
"3532702";"Nipoã (SP)";"93756,6"
"3532801";"Nova Aliança (SP)";"149724,6"
"3532827";"Nova Campina (SP)";"134084,7"
"3532843";"Nova Canaã Paulista (SP)";"39509,3"
"3532868";"Nova Castilho (SP)";"40600,3"
"3532900";"Nova Europa (SP)";"199557,9"
"3533007";"Nova Granada (SP)";"431862,6"
"3533106";"Nova Guataporanga (SP)";"31179,4"
"3533205";"Nova Independência (SP)";"135503,0"
"3533254";"Novais (SP)";"58185,1"
"3533304";"Nova Luzitânia (SP)";"49801,1"
"3533403";"Nova Odessa (SP)";"3522569,9"
"3533502";"Novo Horizonte (SP)";"1044975,3"
"3533601";"Nuporanga (SP)";"369017,4"
"3533700";"Ocauçu (SP)";"113100,1"
"3533809";"Óleo (SP)";"83138,6"
"3533908";"Olímpia (SP)";"2034120,4"
"3534005";"Onda Verde (SP)";"153871,9"
"3534104";"Oriente (SP)";"99456,0"
"3534203";"Orindiúva (SP)";"275209,0"
"3534302";"Orlândia (SP)";"1656635,1"
"3534401";"Osasco (SP)";"76607992,4"
"3534500";"Oscar Bressane (SP)";"85884,0"
"3534609";"Osvaldo Cruz (SP)";"750212,4"
"3534708";"Ourinhos (SP)";"3065320,0"
"3534757";"Ouroeste (SP)";"348119,5"
"3534807";"Ouro Verde (SP)";"112291,8"
"3534906";"Pacaembu (SP)";"304371,8"
"3535002";"Palestina (SP)";"300959,9"
"3535101";"Palmares Paulista (SP)";"122174,5"
"3535200";"Palmeira d'Oeste (SP)";"187623,4"
"3535309";"Palmital (SP)";"655242,5"
"3535408";"Panorama (SP)";"264033,3"
"3535507";"Paraguaçu Paulista (SP)";"1536436,6"
"3535606";"Paraibuna (SP)";"278767,6"
"3535705";"Paraíso (SP)";"164573,1"
"3535804";"Paranapanema (SP)";"622269,5"
"3535903";"Paranapuã (SP)";"111381,1"
"3536000";"Parapuã (SP)";"324507,3"
"3536109";"Pardinho (SP)";"265002,1"
"3536208";"Pariquera-Açu (SP)";"504538,3"
"3536257";"Parisi (SP)";"66794,8"
"3536307";"Patrocínio Paulista (SP)";"668168,1"
"3536406";"Paulicéia (SP)";"150545,5"
"3536505";"Paulínia (SP)";"32658835,0"
"3536570";"Paulistânia (SP)";"41074,5"
"3536604";"Paulo de Faria (SP)";"268754,2"
"3536703";"Pederneiras (SP)";"2082933,6"
"3536802";"Pedra Bela (SP)";"83333,0"
"3536901";"Pedranópolis (SP)";"64378,3"
"3537008";"Pedregulho (SP)";"855645,1"
"3537107";"Pedreira (SP)";"1221958,3"
"3537156";"Pedrinhas Paulista (SP)";"133372,3"
"3537206";"Pedro de Toledo (SP)";"143305,6"
"3537305";"Penápolis (SP)";"1663157,9"
"3537404";"Pereira Barreto (SP)";"751375,2"
"3537503";"Pereiras (SP)";"161034,4"
"3537602";"Peruíbe (SP)";"1522459,0"
"3537701";"Piacatu (SP)";"91662,6"
"3537800";"Piedade (SP)";"1207103,5"
"3537909";"Pilar do Sul (SP)";"673248,7"
"3538006";"Pindamonhangaba (SP)";"8616191,7"
"3538105";"Pindorama (SP)";"373931,5"
"3538204";"Pinhalzinho (SP)";"262235,2"
"3538303";"Piquerobi (SP)";"53699,7"
"3538501";"Piquete (SP)";"164224,7"
"3538600";"Piracaia (SP)";"470943,9"
"3538709";"Piracicaba (SP)";"26415203,2"
"3538808";"Piraju (SP)";"741318,3"
"3538907";"Pirajuí (SP)";"470021,4"
"3539004";"Pirangi (SP)";"291926,2"
"3539103";"Pirapora do Bom Jesus (SP)";"448449,1"
"3539202";"Pirapozinho (SP)";"950497,5"
"3539301";"Pirassununga (SP)";"2793022,7"
"3539400";"Piratininga (SP)";"232519,3"
"3539509";"Pitangueiras (SP)";"1064365,9"
"3539608";"Planalto (SP)";"124303,3"
"3539707";"Platina (SP)";"94183,4"
"3539806";"Poá (SP)";"4657042,8"
"3539905";"Poloni (SP)";"114448,6"
"3540002";"Pompéia (SP)";"1206900,8"
"3540101";"Pongaí (SP)";"81224,7"
"3540200";"Pontal (SP)";"1165428,8"
"3540259";"Pontalinda (SP)";"77812,9"
"3540309";"Pontes Gestal (SP)";"136216,4"
"3540408";"Populina (SP)";"96123,7"
"3540507";"Porangaba (SP)";"175763,4"
"3540606";"Porto Feliz (SP)";"2599522,8"
"3540705";"Porto Ferreira (SP)";"1982087,5"
"3540754";"Potim (SP)";"216792,0"
"3540804";"Potirendaba (SP)";"461198,0"
"3540853";"Pracinha (SP)";"32764,8"
"3540903";"Pradópolis (SP)";"647783,8"
"3541000";"Praia Grande (SP)";"7042069,4"
"3541059";"Pratânia (SP)";"129632,3"
"3541109";"Presidente Alves (SP)";"73309,4"
"3541208";"Presidente Bernardes (SP)";"269250,4"
"3541307";"Presidente Epitácio (SP)";"796268,9"
"3541406";"Presidente Prudente (SP)";"7991423,5"
"3541505";"Presidente Venceslau (SP)";"715023,0"
"3541604";"Promissão (SP)";"1622496,1"
"3541653";"Quadra (SP)";"98772,5"
"3541703";"Quatá (SP)";"377326,2"
"3541802";"Queiroz (SP)";"230262,9"
"3541901";"Queluz (SP)";"316658,9"
"3542008";"Quintana (SP)";"145410,3"
"3542107";"Rafard (SP)";"322014,2"
"3542206";"Rancharia (SP)";"1105083,4"
"3542305";"Redenção da Serra (SP)";"53161,4"
"3542404";"Regente Feijó (SP)";"664833,7"
"3542503";"Reginópolis (SP)";"144818,2"
"3542602";"Registro (SP)";"1965901,7"
"3542701";"Restinga (SP)";"165900,1"
"3542800";"Ribeira (SP)";"48078,3"
"3542909";"Ribeirão Bonito (SP)";"252211,0"
"3543006";"Ribeirão Branco (SP)";"299806,8"
"3543105";"Ribeirão Corrente (SP)";"108300,1"
"3543204";"Ribeirão do Sul (SP)";"149069,0"
"3543238";"Ribeirão dos Índios (SP)";"35688,0"
"3543253";"Ribeirão Grande (SP)";"266124,0"
"3543303";"Ribeirão Pires (SP)";"3041274,8"
"3543402";"Ribeirão Preto (SP)";"34323816,7"
"3543501";"Riversul (SP)";"64014,3"
"3543600";"Rifaina (SP)";"108838,0"
"3543709";"Rincão (SP)";"195877,4"
"3543808";"Rinópolis (SP)";"253682,1"
"3543907";"Rio Claro (SP)";"9799282,2"
"3544004";"Rio das Pedras (SP)";"1285351,3"
"3544103";"Rio Grande da Serra (SP)";"608657,8"
"3544202";"Riolândia (SP)";"251748,4"
"3544251";"Rosana (SP)";"1195667,5"
"3544301";"Roseira (SP)";"292162,1"
"3544400";"Rubiácea (SP)";"62769,3"
"3544509";"Rubinéia (SP)";"77944,3"
"3544608";"Sabino (SP)";"118072,6"
"3544707";"Sagres (SP)";"37607,6"
"3544806";"Sales (SP)";"142886,7"
"3544905";"Sales Oliveira (SP)";"3701068,3"
"3545001";"Salesópolis (SP)";"202552,3"
"3545100";"Salmourão (SP)";"71572,6"
"3545159";"Saltinho (SP)";"245109,2"
"3545209";"Salto (SP)";"7290277,6"
"3545308";"Salto de Pirapora (SP)";"1689198,5"
"3545407";"Salto Grande (SP)";"219933,6"
"3545506";"Sandovalina (SP)";"382326,4"
"3545605";"Santa Adélia (SP)";"309534,1"
"3545704";"Santa Albertina (SP)";"144573,9"
"3545803";"Santa Bárbara d'Oeste (SP)";"5924655,2"
"3546009";"Santa Branca (SP)";"245959,4"
"3546108";"Santa Clara d'Oeste (SP)";"67228,0"
"3546207";"Santa Cruz da Conceição (SP)";"121160,6"
"3546256";"Santa Cruz da Esperança (SP)";"51613,9"
"3546306";"Santa Cruz das Palmeiras (SP)";"499490,9"
"3546405";"Santa Cruz do Rio Pardo (SP)";"2033522,8"
"3546504";"Santa Ernestina (SP)";"92625,0"
"3546603";"Santa Fé do Sul (SP)";"1084507,3"
"3546702";"Santa Gertrudes (SP)";"1765293,9"
"3546801";"Santa Isabel (SP)";"1572200,0"
"3546900";"Santa Lúcia (SP)";"114742,9"
"3547007";"Santa Maria da Serra (SP)";"130380,9"
"3547106";"Santa Mercedes (SP)";"66388,9"
"3547205";"Santana da Ponte Pensa (SP)";"35300,7"
"3547304";"Santana de Parnaíba (SP)";"9231821,2"
"3547403";"Santa Rita d'Oeste (SP)";"63118,6"
"3547502";"Santa Rita do Passa Quatro (SP)";"645510,3"
"3547601";"Santa Rosa de Viterbo (SP)";"695588,1"
"3547650";"Santa Salete (SP)";"35954,5"
"3547700";"Santo Anastácio (SP)";"383610,4"
"3547809";"Santo André (SP)";"28994083,3"
"3547908";"Santo Antônio da Alegria (SP)";"130403,8"
"3548005";"Santo Antônio de Posse (SP)";"1058594,5"
"3548054";"Santo Antônio do Aracanguá (SP)";"200499,5"
"3548104";"Santo Antônio do Jardim (SP)";"148717,4"
"3548203";"Santo Antônio do Pinhal (SP)";"110405,5"
"3548302";"Santo Expedito (SP)";"37674,5"
"3548401";"Santópolis do Aguapeí (SP)";"70184,9"
"3548500";"Santos (SP)";"22473309,3"
"3548609";"São Bento do Sapucaí (SP)";"203228,6"
"3548708";"São Bernardo do Campo (SP)";"50563912,1"
"3548807";"São Caetano do Sul (SP)";"13428452,6"
"3548906";"São Carlos (SP)";"11172894,6"
"3549003";"São Francisco (SP)";"47826,3"
"3549102";"São João da Boa Vista (SP)";"3127560,4"
"3549201";"São João das Duas Pontes (SP)";"44377,1"
"3549250";"São João de Iracema (SP)";"33806,5"
"3549300";"São João do Pau d'Alho (SP)";"45526,7"
"3549409";"São Joaquim da Barra (SP)";"1438063,1"
"3549508";"São José da Bela Vista (SP)";"162060,9"
"3549607";"São José do Barreiro (SP)";"52890,1"
"3549706";"São José do Rio Pardo (SP)";"1819621,3"
"3549805";"São José do Rio Preto (SP)";"17547591,2"
"3549904";"São José dos Campos (SP)";"39694814,7"
"3549953";"São Lourenço da Serra (SP)";"208641,2"
"3550001";"São Luiz do Paraitinga (SP)";"163401,8"
"3550100";"São Manuel (SP)";"1129078,3"
"3550209";"São Miguel Arcanjo (SP)";"679527,2"
"3550308";"São Paulo (SP)";"714663604,0"
"3550407";"São Pedro (SP)";"751606,6"
"3550506";"São Pedro do Turvo (SP)";"179041,2"
"3550605";"São Roque (SP)";"2971060,4"
"3550704";"São Sebastião (SP)";"3776576,7"
"3550803";"São Sebastião da Grama (SP)";"285428,7"
"3550902";"São Simão (SP)";"441185,6"
"3551009";"São Vicente (SP)";"5425722,8"
"3551108";"Sarapuí (SP)";"144989,1"
"3551207";"Sarutaiá (SP)";"61528,0"
"3551306";"Sebastianópolis do Sul (SP)";"242461,1"
"3551405";"Serra Azul (SP)";"154221,9"
"3551504";"Serrana (SP)";"911294,7"
"3551603";"Serra Negra (SP)";"722541,9"
"3551702";"Sertãozinho (SP)";"5492728,4"
"3551801";"Sete Barras (SP)";"365649,1"
"3551900";"Severínia (SP)";"231674,4"
"3552007";"Silveiras (SP)";"73104,8"
"3552106";"Socorro (SP)";"841295,9"
"3552205";"Sorocaba (SP)";"35008761,1"
"3552304";"Sud Mennucci (SP)";"166814,6"
"3552403";"Sumaré (SP)";"14438509,9"
"3552502";"Suzano (SP)";"11146964,5"
"3552551";"Suzanápolis (SP)";"164734,1"
"3552601";"Tabapuã (SP)";"234763,2"
"3552700";"Tabatinga (SP)";"244920,4"
"3552809";"Taboão da Serra (SP)";"8379559,0"
"3552908";"Taciba (SP)";"155775,1"
"3553005";"Taguaí (SP)";"268734,5"
"3553104";"Taiaçu (SP)";"96636,4"
"3553203";"Taiúva (SP)";"114069,9"
"3553302";"Tambaú (SP)";"557203,6"
"3553401";"Tanabi (SP)";"912487,5"
"3553500";"Tapiraí (SP)";"141369,6"
"3553609";"Tapiratiba (SP)";"273405,3"
"3553658";"Taquaral (SP)";"38527,5"
"3553708";"Taquaritinga (SP)";"1569797,1"
"3553807";"Taquarituba (SP)";"672483,1"
"3553856";"Taquarivaí (SP)";"214459,7"
"3553906";"Tarabai (SP)";"109127,3"
"3553955";"Tarumã (SP)";"586355,7"
"3554003";"Tatuí (SP)";"3998979,8"
"3554102";"Taubaté (SP)";"17243939,6"
"3554201";"Tejupá (SP)";"80055,5"
"3554300";"Teodoro Sampaio (SP)";"413732,5"
"3554409";"Terra Roxa (SP)";"138030,8"
"3554508";"Tietê (SP)";"1821495,6"
"3554607";"Timburi (SP)";"43994,4"
"3554656";"Torre de Pedra (SP)";"29988,6"
"3554706";"Torrinha (SP)";"192640,5"
"3554755";"Trabiju (SP)";"36338,9"
"3554805";"Tremembé (SP)";"752006,7"
"3554904";"Três Fronteiras (SP)";"106611,9"
"3554953";"Tuiuti (SP)";"135491,1"
"3555000";"Tupã (SP)";"1793511,4"
"3555109";"Tupi Paulista (SP)";"273977,9"
"3555208";"Turiúba (SP)";"42014,5"
"3555307";"Turmalina (SP)";"56005,5"
"3555356";"Ubarana (SP)";"313938,3"
"3555406";"Ubatuba (SP)";"2137203,5"
"3555505";"Ubirajara (SP)";"93465,1"
"3555604";"Uchoa (SP)";"203049,3"
"3555703";"União Paulista (SP)";"45459,0"
"3555802";"Urânia (SP)";"214838,2"
"3555901";"Uru (SP)";"41351,0"
"3556008";"Urupês (SP)";"392246,8"
"3556107";"Valentim Gentil (SP)";"319836,9"
"3556206";"Valinhos (SP)";"6287697,2"
"3556305";"Valparaíso (SP)";"809078,3"
"3556354";"Vargem (SP)";"129232,3"
"3556404";"Vargem Grande do Sul (SP)";"933737,3"
"3556453";"Vargem Grande Paulista (SP)";"2079331,3"
"3556503";"Várzea Paulista (SP)";"2840727,0"
"3556602";"Vera Cruz (SP)";"142835,5"
"3556701";"Vinhedo (SP)";"9275194,4"
"3556800";"Viradouro (SP)";"344700,2"
"3556909";"Vista Alegre do Alto (SP)";"255689,1"
"3556958";"Vitória Brasil (SP)";"35805,0"
"3557006";"Votorantim (SP)";"3093049,9"
"3557105";"Votuporanga (SP)";"2926021,7"
"3557154";"Zacarias (SP)";"84393,5"
"3557204";"Chavantes (SP)";"210422,8"
"3557303";"Estiva Gerbi (SP)";"334383,1"
"4100103";"Abatiá (PR)";"161620,1"
"4100202";"Adrianópolis (PR)";"261322,0"
"4100301";"Agudos do Sul (PR)";"204730,2"
"4100400";"Almirante Tamandaré (PR)";"1542834,2"
"4100459";"Altamira do Paraná (PR)";"73352,7"
"4100509";"Altônia (PR)";"378289,4"
"4100608";"Alto Paraná (PR)";"329259,1"
"4100707";"Alto Piquiri (PR)";"305790,0"
"4100806";"Alvorada do Sul (PR)";"265484,5"
"4100905";"Amaporã (PR)";"158800,1"
"4101002";"Ampére (PR)";"606177,5"
"4101051";"Anahy (PR)";"85297,3"
"4101101";"Andirá (PR)";"747482,8"
"4101150";"Ângulo (PR)";"113970,9"
"4101200";"Antonina (PR)";"538250,1"
"4101309";"Antônio Olinto (PR)";"188204,6"
"4101408";"Apucarana (PR)";"3117867,3"
"4101507";"Arapongas (PR)";"4295233,0"
"4101606";"Arapoti (PR)";"1146558,8"
"4101655";"Arapuã (PR)";"106034,9"
"4101705";"Araruna (PR)";"453535,4"
"4101804";"Araucária (PR)";"16406648,2"
"4101853";"Ariranha do Ivaí (PR)";"88576,6"
"4101903";"Assaí (PR)";"396579,6"
"4102000";"Assis Chateaubriand (PR)";"1229014,9"
"4102109";"Astorga (PR)";"758002,5"
"4102208";"Atalaia (PR)";"136602,7"
"4102307";"Balsa Nova (PR)";"689426,1"
"4102406";"Bandeirantes (PR)";"783678,1"
"4102505";"Barbosa Ferraz (PR)";"210772,6"
"4102604";"Barracão (PR)";"246392,8"
"4102703";"Barra do Jacaré (PR)";"91816,6"
"4102752";"Bela Vista da Caroba (PR)";"71784,3"
"4102802";"Bela Vista do Paraíso (PR)";"454091,8"
"4102901";"Bituruna (PR)";"376107,7"
"4103008";"Boa Esperança (PR)";"202873,5"
"4103024";"Boa Esperança do Iguaçu (PR)";"93731,5"
"4103040";"Boa Ventura de São Roque (PR)";"233873,6"
"4103057";"Boa Vista da Aparecida (PR)";"140215,9"
"4103107";"Bocaiúva do Sul (PR)";"197779,6"
"4103156";"Bom Jesus do Sul (PR)";"72573,7"
"4103206";"Bom Sucesso (PR)";"114888,4"
"4103222";"Bom Sucesso do Sul (PR)";"205909,9"
"4103305";"Borrazópolis (PR)";"211849,1"
"4103354";"Braganey (PR)";"171650,8"
"4103370";"Brasilândia do Sul (PR)";"192418,5"
"4103404";"Cafeara (PR)";"67476,8"
"4103453";"Cafelândia (PR)";"1380462,7"
"4103479";"Cafezal do Sul (PR)";"103377,2"
"4103503";"Califórnia (PR)";"178035,1"
"4103602";"Cambará (PR)";"721864,4"
"4103701";"Cambé (PR)";"3838290,9"
"4103800";"Cambira (PR)";"171876,0"
"4103909";"Campina da Lagoa (PR)";"414072,5"
"4103958";"Campina do Simão (PR)";"94468,6"
"4104006";"Campina Grande do Sul (PR)";"1565870,4"
"4104055";"Campo Bonito (PR)";"165736,5"
"4104105";"Campo do Tenente (PR)";"203957,5"
"4104204";"Campo Largo (PR)";"4332714,0"
"4104253";"Campo Magro (PR)";"423015,3"
"4104303";"Campo Mourão (PR)";"3913087,6"
"4104402";"Cândido de Abreu (PR)";"317793,4"
"4104428";"Candói (PR)";"509105,1"
"4104451";"Cantagalo (PR)";"257856,7"
"4104501";"Capanema (PR)";"619798,2"
"4104600";"Capitão Leônidas Marques (PR)";"1166119,8"
"4104659";"Carambeí (PR)";"1305408,6"
"4104709";"Carlópolis (PR)";"342652,6"
"4104808";"Cascavel (PR)";"12243044,2"
"4104907";"Castro (PR)";"2819496,9"
"4105003";"Catanduvas (PR)";"273741,2"
"4105102";"Centenário do Sul (PR)";"228085,8"
"4105201";"Cerro Azul (PR)";"316609,7"
"4105300";"Céu Azul (PR)";"641051,0"
"4105409";"Chopinzinho (PR)";"659522,1"
"4105508";"Cianorte (PR)";"2658508,6"
"4105607";"Cidade Gaúcha (PR)";"414643,6"
"4105706";"Clevelândia (PR)";"465714,6"
"4105805";"Colombo (PR)";"5221947,9"
"4105904";"Colorado (PR)";"618416,5"
"4106001";"Congonhinhas (PR)";"205689,4"
"4106100";"Conselheiro Mairinck (PR)";"95137,8"
"4106209";"Contenda (PR)";"400386,6"
"4106308";"Corbélia (PR)";"609700,4"
"4106407";"Cornélio Procópio (PR)";"1546916,6"
"4106456";"Coronel Domingos Soares (PR)";"195887,6"
"4106506";"Coronel Vivida (PR)";"686251,1"
"4106555";"Corumbataí do Sul (PR)";"65978,7"
"4106571";"Cruzeiro do Iguaçu (PR)";"114153,9"
"4106605";"Cruzeiro do Oeste (PR)";"829813,5"
"4106704";"Cruzeiro do Sul (PR)";"185321,4"
"4106803";"Cruz Machado (PR)";"368289,6"
"4106852";"Cruzmaltina (PR)";"113190,7"
"4106902";"Curitiba (PR)";"87151907,3"
"4107009";"Curiúva (PR)";"232321,3"
"4107108";"Diamante do Norte (PR)";"349702,8"
"4107124";"Diamante do Sul (PR)";"53981,7"
"4107157";"Diamante D'Oeste (PR)";"99991,4"
"4107207";"Dois Vizinhos (PR)";"1587171,8"
"4107256";"Douradina (PR)";"592070,7"
"4107306";"Doutor Camargo (PR)";"154698,3"
"4107405";"Enéas Marques (PR)";"220807,8"
"4107504";"Engenheiro Beltrão (PR)";"563793,8"
"4107520";"Esperança Nova (PR)";"49444,6"
"4107538";"Entre Rios do Oeste (PR)";"228065,6"
"4107546";"Espigão Alto do Iguaçu (PR)";"114791,3"
"4107553";"Farol (PR)";"157735,6"
"4107603";"Faxinal (PR)";"425379,2"
"4107652";"Fazenda Rio Grande (PR)";"2518919,1"
"4107702";"Fênix (PR)";"149432,2"
"4107736";"Fernandes Pinheiro (PR)";"177610,8"
"4107751";"Figueira (PR)";"149611,4"
"4107801";"Floraí (PR)";"176373,0"
"4107850";"Flor da Serra do Sul (PR)";"124644,9"
"4107900";"Floresta (PR)";"207190,3"
"4108007";"Florestópolis (PR)";"248800,1"
"4108106";"Flórida (PR)";"60532,9"
"4108205";"Formosa do Oeste (PR)";"267755,7"
"4108304";"Foz do Iguaçu (PR)";"14675747,2"
"4108320";"Francisco Alves (PR)";"195962,3"
"4108403";"Francisco Beltrão (PR)";"3189323,4"
"4108452";"Foz do Jordão (PR)";"122665,4"
"4108502";"General Carneiro (PR)";"287250,4"
"4108551";"Godoy Moreira (PR)";"51957,0"
"4108601";"Goioerê (PR)";"902915,9"
"4108650";"Goioxim (PR)";"181185,8"
"4108700";"Grandes Rios (PR)";"121156,2"
"4108809";"Guaíra (PR)";"936620,5"
"4108908";"Guairaçá (PR)";"227185,5"
"4108957";"Guamiranga (PR)";"240888,0"
"4109005";"Guapirama (PR)";"102614,0"
"4109104";"Guaporema (PR)";"56056,3"
"4109203";"Guaraci (PR)";"106303,8"
"4109302";"Guaraniaçu (PR)";"353717,5"
"4109401";"Guarapuava (PR)";"6115717,4"
"4109500";"Guaraqueçaba (PR)";"111742,0"
"4109609";"Guaratuba (PR)";"797373,6"
"4109658";"Honório Serpa (PR)";"214381,0"
"4109708";"Ibaiti (PR)";"678611,3"
"4109757";"Ibema (PR)";"165627,5"
"4109807";"Ibiporã (PR)";"2441378,3"
"4109906";"Icaraíma (PR)";"232806,9"
"4110003";"Iguaraçu (PR)";"148271,9"
"4110052";"Iguatu (PR)";"61965,3"
"4110078";"Imbaú (PR)";"224807,2"
"4110102";"Imbituva (PR)";"895453,7"
"4110201";"Inácio Martins (PR)";"191267,0"
"4110300";"Inajá (PR)";"50176,9"
"4110409";"Indianópolis (PR)";"514799,8"
"4110508";"Ipiranga (PR)";"503915,1"
"4110607";"Iporã (PR)";"366755,0"
"4110656";"Iracema do Oeste (PR)";"82534,8"
"4110706";"Irati (PR)";"1827638,6"
"4110805";"Iretama (PR)";"257199,0"
"4110904";"Itaguajé (PR)";"97905,8"
"4110953";"Itaipulândia (PR)";"359661,3"
"4111001";"Itambaracá (PR)";"161118,6"
"4111100";"Itambé (PR)";"189665,7"
"4111209";"Itapejara d'Oeste (PR)";"615412,8"
"4111258";"Itaperuçu (PR)";"507855,5"
"4111308";"Itaúna do Sul (PR)";"75773,0"
"4111407";"Ivaí (PR)";"375808,2"
"4111506";"Ivaiporã (PR)";"820510,1"
"4111555";"Ivaté (PR)";"195701,9"
"4111605";"Ivatuba (PR)";"111786,7"
"4111704";"Jaboti (PR)";"108175,7"
"4111803";"Jacarezinho (PR)";"1358246,2"
"4111902";"Jaguapitã (PR)";"781433,9"
"4112009";"Jaguariaíva (PR)";"1480457,1"
"4112108";"Jandaia do Sul (PR)";"677895,7"
"4112207";"Janiópolis (PR)";"159098,0"
"4112306";"Japira (PR)";"101171,2"
"4112405";"Japurá (PR)";"251372,9"
"4112504";"Jardim Alegre (PR)";"252472,4"
"4112603";"Jardim Olinda (PR)";"42138,7"
"4112702";"Jataizinho (PR)";"191106,0"
"4112751";"Jesuítas (PR)";"344674,0"
"4112801";"Joaquim Távora (PR)";"587432,4"
"4112900";"Jundiaí do Sul (PR)";"74506,8"
"4112959";"Juranda (PR)";"339023,2"
"4113007";"Jussara (PR)";"224501,8"
"4113106";"Kaloré (PR)";"113238,6"
"4113205";"Lapa (PR)";"1642848,7"
"4113254";"Laranjal (PR)";"82464,9"
"4113304";"Laranjeiras do Sul (PR)";"773744,5"
"4113403";"Leópolis (PR)";"150448,1"
"4113429";"Lidianópolis (PR)";"84369,4"
"4113452";"Lindoeste (PR)";"163511,2"
"4113502";"Loanda (PR)";"574297,8"
"4113601";"Lobato (PR)";"184621,5"
"4113700";"Londrina (PR)";"19953187,9"
"4113734";"Luiziana (PR)";"328000,7"
"4113759";"Lunardelli (PR)";"88693,2"
"4113809";"Lupionópolis (PR)";"102407,0"
"4113908";"Mallet (PR)";"710314,6"
"4114005";"Mamborê (PR)";"544170,6"
"4114104";"Mandaguaçu (PR)";"557907,7"
"4114203";"Mandaguari (PR)";"1565380,5"
"4114302";"Mandirituba (PR)";"613105,3"
"4114351";"Manfrinópolis (PR)";"52596,5"
"4114401";"Mangueirinha (PR)";"1346000,2"
"4114500";"Manoel Ribas (PR)";"379306,2"
"4114609";"Marechal Cândido Rondon (PR)";"2343102,0"
"4114708";"Maria Helena (PR)";"108629,0"
"4114807";"Marialva (PR)";"1481655,7"
"4114906";"Marilândia do Sul (PR)";"333160,4"
"4115002";"Marilena (PR)";"136691,7"
"4115101";"Mariluz (PR)";"230264,2"
"4115200";"Maringá (PR)";"18532464,3"
"4115309";"Mariópolis (PR)";"281099,0"
"4115358";"Maripá (PR)";"352144,5"
"4115408";"Marmeleiro (PR)";"452933,9"
"4115457";"Marquinho (PR)";"85622,4"
"4115507";"Marumbi (PR)";"75918,7"
"4115606";"Matelândia (PR)";"915024,6"
"4115705";"Matinhos (PR)";"762296,7"
"4115739";"Mato Rico (PR)";"80885,2"
"4115754";"Mauá da Serra (PR)";"295063,8"
"4115804";"Medianeira (PR)";"1929418,4"
"4115853";"Mercedes (PR)";"216377,0"
"4115903";"Mirador (PR)";"102339,0"
"4116000";"Miraselva (PR)";"38671,2"
"4116059";"Missal (PR)";"347180,2"
"4116109";"Moreira Sales (PR)";"310220,6"
"4116208";"Morretes (PR)";"334219,4"
"4116307";"Munhoz de Melo (PR)";"95578,0"
"4116406";"Nossa Senhora das Graças (PR)";"70640,3"
"4116505";"Nova Aliança do Ivaí (PR)";"42150,0"
"4116604";"Nova América da Colina (PR)";"74067,7"
"4116703";"Nova Aurora (PR)";"625757,0"
"4116802";"Nova Cantu (PR)";"200411,3"
"4116901";"Nova Esperança (PR)";"727650,5"
"4116950";"Nova Esperança do Sudoeste (PR)";"107790,9"
"4117008";"Nova Fátima (PR)";"247541,8"
"4117057";"Nova Laranjeiras (PR)";"203509,3"
"4117107";"Nova Londrina (PR)";"317746,5"
"4117206";"Nova Olímpia (PR)";"82510,8"
"4117214";"Nova Santa Bárbara (PR)";"82995,1"
"4117222";"Nova Santa Rosa (PR)";"327137,7"
"4117255";"Nova Prata do Iguaçu (PR)";"327911,6"
"4117271";"Nova Tebas (PR)";"132122,6"
"4117297";"Novo Itacolomi (PR)";"66343,3"
"4117305";"Ortigueira (PR)";"2177021,0"
"4117404";"Ourizona (PR)";"106406,2"
"4117453";"Ouro Verde do Oeste (PR)";"176717,1"
"4117503";"Paiçandu (PR)";"836278,6"
"4117602";"Palmas (PR)";"1184147,3"
"4117701";"Palmeira (PR)";"1430977,1"
"4117800";"Palmital (PR)";"254149,9"
"4117909";"Palotina (PR)";"2198287,9"
"4118006";"Paraíso do Norte (PR)";"329562,9"
"4118105";"Paranacity (PR)";"320483,9"
"4118204";"Paranaguá (PR)";"9774704,6"
"4118303";"Paranapoema (PR)";"66495,3"
"4118402";"Paranavaí (PR)";"2647821,8"
"4118451";"Pato Bragado (PR)";"165121,7"
"4118501";"Pato Branco (PR)";"3836022,9"
"4118600";"Paula Freitas (PR)";"284424,4"
"4118709";"Paulo Frontin (PR)";"307430,7"
"4118808";"Peabiru (PR)";"327293,4"
"4118857";"Perobal (PR)";"182647,5"
"4118907";"Pérola (PR)";"338764,7"
"4119004";"Pérola d'Oeste (PR)";"166413,6"
"4119103";"Piên (PR)";"794597,5"
"4119152";"Pinhais (PR)";"5856024,6"
"4119202";"Pinhalão (PR)";"157343,4"
"4119251";"Pinhal de São Bento (PR)";"51637,1"
"4119301";"Pinhão (PR)";"1567477,5"
"4119400";"Piraí do Sul (PR)";"798542,8"
"4119509";"Piraquara (PR)";"1297134,6"
"4119608";"Pitanga (PR)";"893397,1"
"4119657";"Pitangueiras (PR)";"96934,4"
"4119707";"Planaltina do Paraná (PR)";"98094,9"
"4119806";"Planalto (PR)";"326187,5"
"4119905";"Ponta Grossa (PR)";"15053861,5"
"4119954";"Pontal do Paraná (PR)";"2425080,1"
"4120002";"Porecatu (PR)";"557881,3"
"4120101";"Porto Amazonas (PR)";"120369,3"
"4120150";"Porto Barreiro (PR)";"98734,5"
"4120200";"Porto Rico (PR)";"69892,7"
"4120309";"Porto Vitória (PR)";"64150,8"
"4120333";"Prado Ferreira (PR)";"131021,2"
"4120358";"Pranchita (PR)";"192440,4"
"4120408";"Presidente Castelo Branco (PR)";"137423,2"
"4120507";"Primeiro de Maio (PR)";"299971,7"
"4120606";"Prudentópolis (PR)";"1196749,0"
"4120655";"Quarto Centenário (PR)";"229921,6"
"4120705";"Quatiguá (PR)";"177965,7"
"4120804";"Quatro Barras (PR)";"1549507,7"
"4120853";"Quatro Pontes (PR)";"177136,6"
"4120903";"Quedas do Iguaçu (PR)";"1194768,5"
"4121000";"Querência do Norte (PR)";"237230,6"
"4121109";"Quinta do Sol (PR)";"173409,7"
"4121208";"Quitandinha (PR)";"392144,2"
"4121257";"Ramilândia (PR)";"82282,1"
"4121307";"Rancho Alegre (PR)";"120369,1"
"4121356";"Rancho Alegre D'Oeste (PR)";"140987,8"
"4121406";"Realeza (PR)";"603083,2"
"4121505";"Rebouças (PR)";"379545,2"
"4121604";"Renascença (PR)";"255580,4"
"4121703";"Reserva (PR)";"617068,9"
"4121752";"Reserva do Iguaçu (PR)";"157759,5"
"4121802";"Ribeirão Claro (PR)";"469035,2"
"4121901";"Ribeirão do Pinhal (PR)";"233396,5"
"4122008";"Rio Azul (PR)";"607863,8"
"4122107";"Rio Bom (PR)";"69877,8"
"4122156";"Rio Bonito do Iguaçu (PR)";"288711,6"
"4122172";"Rio Branco do Ivaí (PR)";"80035,3"
"4122206";"Rio Branco do Sul (PR)";"1117425,7"
"4122305";"Rio Negro (PR)";"1229487,0"
"4122404";"Rolândia (PR)";"2657154,4"
"4122503";"Roncador (PR)";"431646,6"
"4122602";"Rondon (PR)";"264831,8"
"4122651";"Rosário do Ivaí (PR)";"86140,2"
"4122701";"Sabáudia (PR)";"568983,1"
"4122800";"Salgado Filho (PR)";"90465,0"
"4122909";"Salto do Itararé (PR)";"88824,9"
"4123006";"Salto do Lontra (PR)";"371667,0"
"4123105";"Santa Amélia (PR)";"75184,3"
"4123204";"Santa Cecília do Pavão (PR)";"112307,5"
"4123303";"Santa Cruz de Monte Castelo (PR)";"262665,8"
"4123402";"Santa Fé (PR)";"270425,1"
"4123501";"Santa Helena (PR)";"934322,0"
"4123600";"Santa Inês (PR)";"41066,2"
"4123709";"Santa Isabel do Ivaí (PR)";"197040,4"
"4123808";"Santa Izabel do Oeste (PR)";"321714,3"
"4123824";"Santa Lúcia (PR)";"107917,0"
"4123857";"Santa Maria do Oeste (PR)";"177145,7"
"4123907";"Santa Mariana (PR)";"338492,0"
"4123956";"Santa Mônica (PR)";"89232,7"
"4124004";"Santana do Itararé (PR)";"96281,1"
"4124020";"Santa Tereza do Oeste (PR)";"373144,5"
"4124053";"Santa Terezinha de Itaipu (PR)";"523336,8"
"4124103";"Santo Antônio da Platina (PR)";"1210154,3"
"4124202";"Santo Antônio do Caiuá (PR)";"48930,2"
"4124301";"Santo Antônio do Paraíso (PR)";"87550,1"
"4124400";"Santo Antônio do Sudoeste (PR)";"506394,9"
"4124509";"Santo Inácio (PR)";"291982,8"
"4124608";"São Carlos do Ivaí (PR)";"307760,6"
"4124707";"São Jerônimo da Serra (PR)";"228386,5"
"4124806";"São João (PR)";"739351,6"
"4124905";"São João do Caiuá (PR)";"125605,9"
"4125001";"São João do Ivaí (PR)";"281559,8"
"4125100";"São João do Triunfo (PR)";"545178,1"
"4125209";"São Jorge d'Oeste (PR)";"282533,2"
"4125308";"São Jorge do Ivaí (PR)";"277813,6"
"4125357";"São Jorge do Patrocínio (PR)";"115679,0"
"4125407";"São José da Boa Vista (PR)";"144962,3"
"4125456";"São José das Palmeiras (PR)";"75355,7"
"4125506";"São José dos Pinhais (PR)";"24107190,7"
"4125555";"São Manoel do Paraná (PR)";"50418,3"
"4125605";"São Mateus do Sul (PR)";"1255944,1"
"4125704";"São Miguel do Iguaçu (PR)";"1003373,9"
"4125753";"São Pedro do Iguaçu (PR)";"166900,5"
"4125803";"São Pedro do Ivaí (PR)";"295572,1"
"4125902";"São Pedro do Paraná (PR)";"65734,6"
"4126009";"São Sebastião da Amoreira (PR)";"195825,0"
"4126108";"São Tomé (PR)";"138198,8"
"4126207";"Sapopema (PR)";"107698,2"
"4126256";"Sarandi (PR)";"1587701,4"
"4126272";"Saudade do Iguaçu (PR)";"793007,3"
"4126306";"Sengés (PR)";"457799,3"
"4126355";"Serranópolis do Iguaçu (PR)";"194472,8"
"4126405";"Sertaneja (PR)";"285827,1"
"4126504";"Sertanópolis (PR)";"687036,5"
"4126603";"Siqueira Campos (PR)";"541480,1"
"4126652";"Sulina (PR)";"93133,9"
"4126678";"Tamarana (PR)";"303881,2"
"4126702";"Tamboara (PR)";"125119,9"
"4126801";"Tapejara (PR)";"452090,9"
"4126900";"Tapira (PR)";"129043,4"
"4127007";"Teixeira Soares (PR)";"379713,1"
"4127106";"Telêmaco Borba (PR)";"3431675,1"
"4127205";"Terra Boa (PR)";"485867,6"
"4127304";"Terra Rica (PR)";"348954,5"
"4127403";"Terra Roxa (PR)";"677805,1"
"4127502";"Tibagi (PR)";"896629,5"
"4127601";"Tijucas do Sul (PR)";"324887,0"
"4127700";"Toledo (PR)";"6159290,5"
"4127809";"Tomazina (PR)";"199957,7"
"4127858";"Três Barras do Paraná (PR)";"318617,4"
"4127882";"Tunas do Paraná (PR)";"110170,8"
"4127908";"Tuneiras do Oeste (PR)";"201174,9"
"4127957";"Tupãssi (PR)";"342776,2"
"4127965";"Turvo (PR)";"442356,1"
"4128005";"Ubiratã (PR)";"946866,0"
"4128104";"Umuarama (PR)";"3390564,3"
"4128203";"União da Vitória (PR)";"1580698,9"
"4128302";"Uniflor (PR)";"64754,6"
"4128401";"Uraí (PR)";"283937,0"
"4128500";"Wenceslau Braz (PR)";"557132,5"
"4128534";"Ventania (PR)";"228979,0"
"4128559";"Vera Cruz do Oeste (PR)";"257001,4"
"4128609";"Verê (PR)";"293062,2"
"4128625";"Alto Paraíso (PR)";"96374,9"
"4128633";"Doutor Ulysses (PR)";"62324,6"
"4128658";"Virmond (PR)";"127395,4"
"4128708";"Vitorino (PR)";"360443,1"
"4128807";"Xambrê (PR)";"95278,6"
"4200051";"Abdon Batista (SC)";"63185,6"
"4200101";"Abelardo Luz (SC)";"698749,2"
"4200200";"Agrolândia (SC)";"248710,1"
"4200309";"Agronômica (SC)";"158302,4"
"4200408";"Água Doce (SC)";"310757,7"
"4200507";"Águas de Chapecó (SC)";"103625,6"
"4200556";"Águas Frias (SC)";"98949,4"
"4200606";"Águas Mornas (SC)";"164586,7"
"4200705";"Alfredo Wagner (SC)";"259596,2"
"4200754";"Alto Bela Vista (SC)";"55914,9"
"4200804";"Anchieta (SC)";"134526,3"
"4200903";"Angelina (SC)";"112091,0"
"4201000";"Anita Garibaldi (SC)";"155793,2"
"4201109";"Anitápolis (SC)";"57086,3"
"4201208";"Antônio Carlos (SC)";"656474,7"
"4201257";"Apiúna (SC)";"416067,8"
"4201273";"Arabutã (SC)";"156881,8"
"4201307";"Araquari (SC)";"4154128,6"
"4201406";"Araranguá (SC)";"1833795,8"
"4201505";"Armazém (SC)";"190755,5"
"4201604";"Arroio Trinta (SC)";"89332,0"
"4201653";"Arvoredo (SC)";"100350,9"
"4201703";"Ascurra (SC)";"197071,3"
"4201802";"Atalanta (SC)";"99246,3"
"4201901";"Aurora (SC)";"210459,8"
"4201950";"Balneário Arroio do Silva (SC)";"171677,0"
"4202008";"Balneário Camboriú (SC)";"5551557,2"
"4202057";"Balneário Barra do Sul (SC)";"185970,4"
"4202073";"Balneário Gaivota (SC)";"152261,7"
"4202081";"Bandeirante (SC)";"61181,4"
"4202099";"Barra Bonita (SC)";"35316,5"
"4202107";"Barra Velha (SC)";"1398993,1"
"4202131";"Bela Vista do Toldo (SC)";"150007,8"
"4202156";"Belmonte (SC)";"51774,5"
"4202206";"Benedito Novo (SC)";"302415,5"
"4202305";"Biguaçu (SC)";"1866213,5"
"4202404";"Blumenau (SC)";"16961255,8"
"4202438";"Bocaina do Sul (SC)";"77869,8"
"4202453";"Bombinhas (SC)";"655808,4"
"4202503";"Bom Jardim da Serra (SC)";"99807,6"
"4202537";"Bom Jesus (SC)";"100973,2"
"4202578";"Bom Jesus do Oeste (SC)";"52879,1"
"4202602";"Bom Retiro (SC)";"272655,4"
"4202701";"Botuverá (SC)";"321128,8"
"4202800";"Braço do Norte (SC)";"1175282,9"
"4202859";"Braço do Trombudo (SC)";"155521,7"
"4202875";"Brunópolis (SC)";"81372,4"
"4202909";"Brusque (SC)";"6375145,5"
"4203006";"Caçador (SC)";"3298267,3"
"4203105";"Caibi (SC)";"238718,4"
"4203154";"Calmon (SC)";"70128,0"
"4203204";"Camboriú (SC)";"1502263,9"
"4203253";"Capão Alto (SC)";"118412,5"
"4203303";"Campo Alegre (SC)";"490706,1"
"4203402";"Campo Belo do Sul (SC)";"228172,9"
"4203501";"Campo Erê (SC)";"294166,3"
"4203600";"Campos Novos (SC)";"1950894,1"
"4203709";"Canelinha (SC)";"189953,6"
"4203808";"Canoinhas (SC)";"1703205,3"
"4203907";"Capinzal (SC)";"834323,6"
"4203956";"Capivari de Baixo (SC)";"784191,4"
"4204004";"Catanduvas (SC)";"406887,8"
"4204103";"Caxambu do Sul (SC)";"119354,1"
"4204152";"Celso Ramos (SC)";"55175,1"
"4204178";"Cerro Negro (SC)";"81005,2"
"4204194";"Chapadão do Lageado (SC)";"83231,0"
"4204202";"Chapecó (SC)";"9611567,9"
"4204251";"Cocal do Sul (SC)";"657435,5"
"4204301";"Concórdia (SC)";"3352604,8"
"4204350";"Cordilheira Alta (SC)";"257704,8"
"4204400";"Coronel Freitas (SC)";"270093,7"
"4204459";"Coronel Martins (SC)";"50033,4"
"4204509";"Corupá (SC)";"442321,3"
"4204558";"Correia Pinto (SC)";"578590,1"
"4204608";"Criciúma (SC)";"7686779,9"
"4204707";"Cunha Porã (SC)";"535670,8"
"4204756";"Cunhataí (SC)";"51369,2"
"4204806";"Curitibanos (SC)";"1425829,6"
"4204905";"Descanso (SC)";"217153,3"
"4205001";"Dionísio Cerqueira (SC)";"395626,0"
"4205100";"Dona Emma (SC)";"114649,2"
"4205159";"Doutor Pedrinho (SC)";"114092,9"
"4205175";"Entre Rios (SC)";"48004,1"
"4205191";"Ermo (SC)";"84045,3"
"4205209";"Erval Velho (SC)";"140137,0"
"4205308";"Faxinal dos Guedes (SC)";"440827,7"
"4205357";"Flor do Sertão (SC)";"40711,0"
"4205407";"Florianópolis (SC)";"21059944,3"
"4205431";"Formosa do Sul (SC)";"55372,6"
"4205456";"Forquilhinha (SC)";"851172,1"
"4205506";"Fraiburgo (SC)";"925961,7"
"4205555";"Frei Rogério (SC)";"49377,6"
"4205605";"Galvão (SC)";"75585,8"
"4205704";"Garopaba (SC)";"584870,5"
"4205803";"Garuva (SC)";"1071701,8"
"4205902";"Gaspar (SC)";"2978774,6"
"4206009";"Governador Celso Ramos (SC)";"316569,9"
"4206108";"Grão-Pará (SC)";"218916,1"
"4206207";"Gravatal (SC)";"240844,5"
"4206306";"Guabiruba (SC)";"977978,2"
"4206405";"Guaraciaba (SC)";"346834,2"
"4206504";"Guaramirim (SC)";"1696751,0"
"4206603";"Guarujá do Sul (SC)";"154033,0"
"4206652";"Guatambú (SC)";"226387,3"
"4206702";"Herval d'Oeste (SC)";"476489,1"
"4206751";"Ibiam (SC)";"53465,8"
"4206801";"Ibicaré (SC)";"99618,7"
"4206900";"Ibirama (SC)";"444051,7"
"4207007";"Içara (SC)";"2338642,6"
"4207106";"Ilhota (SC)";"709810,3"
"4207205";"Imaruí (SC)";"196353,4"
"4207304";"Imbituba (SC)";"1776653,7"
"4207403";"Imbuia (SC)";"178559,9"
"4207502";"Indaial (SC)";"2591007,5"
"4207577";"Iomerê (SC)";"124824,3"
"4207601";"Ipira (SC)";"84699,8"
"4207650";"Iporã do Oeste (SC)";"254718,7"
"4207684";"Ipuaçu (SC)";"223428,2"
"4207700";"Ipumirim (SC)";"332378,6"
"4207759";"Iraceminha (SC)";"98289,8"
"4207809";"Irani (SC)";"238547,6"
"4207858";"Irati (SC)";"37216,3"
"4207908";"Irineópolis (SC)";"347743,1"
"4208005";"Itá (SC)";"265190,8"
"4208104";"Itaiópolis (SC)";"749734,7"
"4208203";"Itajaí (SC)";"25490826,0"
"4208302";"Itapema (SC)";"1872396,2"
"4208401";"Itapiranga (SC)";"774243,5"
"4208450";"Itapoá (SC)";"793242,2"
"4208500";"Ituporanga (SC)";"934356,4"
"4208609";"Jaborá (SC)";"126936,4"
"4208708";"Jacinto Machado (SC)";"331800,5"
"4208807";"Jaguaruna (SC)";"477357,9"
"4208906";"Jaraguá do Sul (SC)";"8991685,5"
"4208955";"Jardinópolis (SC)";"39826,1"
"4209003";"Joaçaba (SC)";"1705105,1"
"4209102";"Joinville (SC)";"30795490,3"
"4209151";"José Boiteux (SC)";"102352,4"
"4209177";"Jupiá (SC)";"56792,0"
"4209201";"Lacerdópolis (SC)";"92358,1"
"4209300";"Lages (SC)";"5105747,4"
"4209409";"Laguna (SC)";"870878,7"
"4209458";"Lajeado Grande (SC)";"41365,7"
"4209508";"Laurentino (SC)";"268146,6"
"4209607";"Lauro Müller (SC)";"374041,2"
"4209706";"Lebon Régis (SC)";"247027,4"
"4209805";"Leoberto Leal (SC)";"94029,7"
"4209854";"Lindóia do Sul (SC)";"107274,0"
"4209904";"Lontras (SC)";"322213,1"
"4210001";"Luiz Alves (SC)";"581045,8"
"4210035";"Luzerna (SC)";"170745,0"
"4210050";"Macieira (SC)";"48706,9"
"4210100";"Mafra (SC)";"1961482,5"
"4210209";"Major Gercino (SC)";"49335,1"
"4210308";"Major Vieira (SC)";"211006,1"
"4210407";"Maracajá (SC)";"197526,2"
"4210506";"Maravilha (SC)";"1289937,1"
"4210555";"Marema (SC)";"57691,7"
"4210605";"Massaranduba (SC)";"548053,0"
"4210704";"Matos Costa (SC)";"51803,2"
"4210803";"Meleiro (SC)";"239758,7"
"4210852";"Mirim Doce (SC)";"52966,5"
"4210902";"Modelo (SC)";"115129,4"
"4211009";"Mondaí (SC)";"656860,2"
"4211058";"Monte Carlo (SC)";"158890,4"
"4211108";"Monte Castelo (SC)";"176214,0"
"4211207";"Morro da Fumaça (SC)";"642865,1"
"4211256";"Morro Grande (SC)";"104841,9"
"4211306";"Navegantes (SC)";"3823171,4"
"4211405";"Nova Erechim (SC)";"164028,8"
"4211454";"Nova Itaberaba (SC)";"107252,7"
"4211504";"Nova Trento (SC)";"591571,3"
"4211603";"Nova Veneza (SC)";"725721,9"
"4211652";"Novo Horizonte (SC)";"91466,5"
"4211702";"Orleans (SC)";"907527,9"
"4211751";"Otacílio Costa (SC)";"756115,0"
"4211801";"Ouro (SC)";"166184,8"
"4211850";"Ouro Verde (SC)";"87372,7"
"4211876";"Paial (SC)";"41201,8"
"4211892";"Painel (SC)";"47344,7"
"4211900";"Palhoça (SC)";"5495239,1"
"4212007";"Palma Sola (SC)";"225371,4"
"4212056";"Palmeira (SC)";"102083,2"
"4212106";"Palmitos (SC)";"622695,4"
"4212205";"Papanduva (SC)";"599731,4"
"4212239";"Paraíso (SC)";"101065,8"
"4212254";"Passo de Torres (SC)";"164550,4"
"4212270";"Passos Maia (SC)";"138420,7"
"4212304";"Paulo Lopes (SC)";"190316,3"
"4212403";"Pedras Grandes (SC)";"132759,3"
"4212502";"Penha (SC)";"744013,7"
"4212601";"Peritiba (SC)";"85075,1"
"4212650";"Pescaria Brava (SC)";"97483,1"
"4212700";"Petrolândia (SC)";"173848,0"
"4212809";"Balneário Piçarras (SC)";"940626,3"
"4212908";"Pinhalzinho (SC)";"1124193,3"
"4213005";"Pinheiro Preto (SC)";"161629,2"
"4213104";"Piratuba (SC)";"615058,2"
"4213153";"Planalto Alegre (SC)";"94957,7"
"4213203";"Pomerode (SC)";"2026541,5"
"4213302";"Ponte Alta (SC)";"113963,6"
"4213351";"Ponte Alta do Norte (SC)";"115312,0"
"4213401";"Ponte Serrada (SC)";"227217,9"
"4213500";"Porto Belo (SC)";"1178492,1"
"4213609";"Porto União (SC)";"755635,6"
"4213708";"Pouso Redondo (SC)";"484199,4"
"4213807";"Praia Grande (SC)";"160288,2"
"4213906";"Presidente Castello Branco (SC)";"45958,2"
"4214003";"Presidente Getúlio (SC)";"712107,4"
"4214102";"Presidente Nereu (SC)";"52784,2"
"4214151";"Princesa (SC)";"71461,4"
"4214201";"Quilombo (SC)";"352932,4"
"4214300";"Rancho Queimado (SC)";"117627,2"
"4214409";"Rio das Antas (SC)";"191130,0"
"4214508";"Rio do Campo (SC)";"148715,2"
"4214607";"Rio do Oeste (SC)";"185459,4"
"4214706";"Rio dos Cedros (SC)";"331945,6"
"4214805";"Rio do Sul (SC)";"2720585,4"
"4214904";"Rio Fortuna (SC)";"238325,4"
"4215000";"Rio Negrinho (SC)";"1158392,0"
"4215059";"Rio Rufino (SC)";"48528,5"
"4215075";"Riqueza (SC)";"113321,4"
"4215109";"Rodeio (SC)";"285389,3"
"4215208";"Romelândia (SC)";"84639,7"
"4215307";"Salete (SC)";"197926,3"
"4215356";"Saltinho (SC)";"70344,7"
"4215406";"Salto Veloso (SC)";"171779,2"
"4215455";"Sangão (SC)";"319330,6"
"4215505";"Santa Cecília (SC)";"471156,0"
"4215554";"Santa Helena (SC)";"70117,3"
"4215604";"Santa Rosa de Lima (SC)";"50675,2"
"4215653";"Santa Rosa do Sul (SC)";"132881,6"
"4215679";"Santa Terezinha (SC)";"181340,7"
"4215687";"Santa Terezinha do Progresso (SC)";"52387,6"
"4215695";"Santiago do Sul (SC)";"33862,2"
"4215703";"Santo Amaro da Imperatriz (SC)";"849096,0"
"4215752";"São Bernardino (SC)";"63758,2"
"4215802";"São Bento do Sul (SC)";"3198417,6"
"4215901";"São Bonifácio (SC)";"71493,1"
"4216008";"São Carlos (SC)";"422166,0"
"4216057";"São Cristóvão do Sul (SC)";"158777,2"
"4216107";"São Domingos (SC)";"327782,4"
"4216206";"São Francisco do Sul (SC)";"4148267,7"
"4216255";"São João do Oeste (SC)";"221486,8"
"4216305";"São João Batista (SC)";"898830,2"
"4216354";"São João do Itaperiú (SC)";"170498,0"
"4216404";"São João do Sul (SC)";"192772,4"
"4216503";"São Joaquim (SC)";"747467,9"
"4216602";"São José (SC)";"10621491,0"
"4216701";"São José do Cedro (SC)";"409763,5"
"4216800";"São José do Cerrito (SC)";"249389,5"
"4216909";"São Lourenço do Oeste (SC)";"961310,8"
"4217006";"São Ludgero (SC)";"636522,3"
"4217105";"São Martinho (SC)";"81336,8"
"4217154";"São Miguel da Boa Vista (SC)";"36659,9"
"4217204";"São Miguel do Oeste (SC)";"1522931,0"
"4217253";"São Pedro de Alcântara (SC)";"80871,7"
"4217303";"Saudades (SC)";"321888,4"
"4217402";"Schroeder (SC)";"499546,3"
"4217501";"Seara (SC)";"800615,5"
"4217550";"Serra Alta (SC)";"81310,2"
"4217600";"Siderópolis (SC)";"466603,3"
"4217709";"Sombrio (SC)";"785413,7"
"4217758";"Sul Brasil (SC)";"56415,3"
"4217808";"Taió (SC)";"600245,9"
"4217907";"Tangará (SC)";"409666,8"
"4217956";"Tigrinhos (SC)";"54864,8"
"4218004";"Tijucas (SC)";"1540690,0"
"4218103";"Timbé do Sul (SC)";"128886,6"
"4218202";"Timbó (SC)";"1859262,3"
"4218251";"Timbó Grande (SC)";"197450,9"
"4218301";"Três Barras (SC)";"1113638,3"
"4218350";"Treviso (SC)";"204556,1"
"4218400";"Treze de Maio (SC)";"147550,2"
"4218509";"Treze Tílias (SC)";"613443,3"
"4218608";"Trombudo Central (SC)";"254060,8"
"4218707";"Tubarão (SC)";"3766690,4"
"4218756";"Tunápolis (SC)";"124258,8"
"4218806";"Turvo (SC)";"538469,9"
"4218855";"União do Oeste (SC)";"59561,8"
"4218905";"Urubici (SC)";"250476,5"
"4218954";"Urupema (SC)";"54680,6"
"4219002";"Urussanga (SC)";"835977,7"
"4219101";"Vargeão (SC)";"131949,5"
"4219150";"Vargem (SC)";"61423,1"
"4219176";"Vargem Bonita (SC)";"393015,4"
"4219200";"Vidal Ramos (SC)";"287523,1"
"4219309";"Videira (SC)";"2430271,1"
"4219358";"Vitor Meireles (SC)";"118553,9"
"4219408";"Witmarsum (SC)";"129240,8"
"4219507";"Xanxerê (SC)";"1705509,2"
"4219606";"Xavantina (SC)";"166047,6"
"4219705";"Xaxim (SC)";"948212,1"
"4219853";"Zortéa (SC)";"71189,0"
"4220000";"Balneário Rincão (SC)";"225346,2"
"4300034";"Aceguá (RS)";"246898,6"
"4300059";"Água Santa (RS)";"330907,6"
"4300109";"Agudo (RS)";"500622,8"
"4300208";"Ajuricaba (RS)";"298890,4"
"4300307";"Alecrim (RS)";"110383,6"
"4300406";"Alegrete (RS)";"2187237,0"
"4300455";"Alegria (RS)";"113666,2"
"4300471";"Almirante Tamandaré do Sul (RS)";"164556,5"
"4300505";"Alpestre (RS)";"490938,1"
"4300554";"Alto Alegre (RS)";"66386,4"
"4300570";"Alto Feliz (RS)";"94220,5"
"4300604";"Alvorada (RS)";"2705889,6"
"4300638";"Amaral Ferrador (RS)";"98247,8"
"4300646";"Ametista do Sul (RS)";"120481,3"
"4300661";"André da Rocha (RS)";"110217,7"
"4300703";"Anta Gorda (RS)";"214992,2"
"4300802";"Antônio Prado (RS)";"613851,6"
"4300851";"Arambaré (RS)";"121068,8"
"4300877";"Araricá (RS)";"162835,9"
"4300901";"Aratiba (RS)";"802056,7"
"4301008";"Arroio do Meio (RS)";"1223893,4"
"4301057";"Arroio do Sal (RS)";"223819,7"
"4301073";"Arroio do Padre (RS)";"45527,2"
"4301107";"Arroio dos Ratos (RS)";"261832,7"
"4301206";"Arroio do Tigre (RS)";"335743,5"
"4301305";"Arroio Grande (RS)";"543536,8"
"4301404";"Arvorezinha (RS)";"248742,6"
"4301503";"Augusto Pestana (RS)";"339949,7"
"4301552";"Áurea (RS)";"108066,5"
"4301602";"Bagé (RS)";"2980376,2"
"4301636";"Balneário Pinhal (RS)";"217645,0"
"4301651";"Barão (RS)";"213611,1"
"4301701";"Barão de Cotegipe (RS)";"218640,8"
"4301750";"Barão do Triunfo (RS)";"111096,8"
"4301800";"Barracão (RS)";"218373,5"
"4301859";"Barra do Guarita (RS)";"42046,3"
"4301875";"Barra do Quaraí (RS)";"174474,8"
"4301909";"Barra do Ribeiro (RS)";"319913,0"
"4301925";"Barra do Rio Azul (RS)";"48894,4"
"4301958";"Barra Funda (RS)";"131381,8"
"4302006";"Barros Cassal (RS)";"204919,8"
"4302055";"Benjamin Constant do Sul (RS)";"32059,7"
"4302105";"Bento Gonçalves (RS)";"5976970,7"
"4302154";"Boa Vista das Missões (RS)";"155876,8"
"4302204";"Boa Vista do Buricá (RS)";"214582,4"
"4302220";"Boa Vista do Cadeado (RS)";"275401,9"
"4302238";"Boa Vista do Incra (RS)";"202595,5"
"4302253";"Boa Vista do Sul (RS)";"91057,5"
"4302303";"Bom Jesus (RS)";"335766,5"
"4302352";"Bom Princípio (RS)";"652537,0"
"4302378";"Bom Progresso (RS)";"52827,9"
"4302402";"Bom Retiro do Sul (RS)";"304129,4"
"4302451";"Boqueirão do Leão (RS)";"131624,4"
"4302501";"Bossoroca (RS)";"329381,0"
"4302584";"Bozano (RS)";"155074,6"
"4302600";"Braga (RS)";"85901,3"
"4302659";"Brochier (RS)";"83722,2"
"4302709";"Butiá (RS)";"445252,0"
"4302808";"Caçapava do Sul (RS)";"817108,0"
"4302907";"Cacequi (RS)";"342565,7"
"4303004";"Cachoeira do Sul (RS)";"2356605,7"
"4303103";"Cachoeirinha (RS)";"5280302,9"
"4303202";"Cacique Doble (RS)";"113840,3"
"4303301";"Caibaté (RS)";"177650,6"
"4303400";"Caiçara (RS)";"101467,7"
"4303509";"Camaquã (RS)";"2013660,9"
"4303558";"Camargo (RS)";"166198,6"
"4303608";"Cambará do Sul (RS)";"181065,7"
"4303673";"Campestre da Serra (RS)";"171832,5"
"4303707";"Campina das Missões (RS)";"152465,6"
"4303806";"Campinas do Sul (RS)";"221429,8"
"4303905";"Campo Bom (RS)";"3131250,7"
"4304002";"Campo Novo (RS)";"209543,9"
"4304101";"Campos Borges (RS)";"98164,2"
"4304200";"Candelária (RS)";"833331,7"
"4304309";"Cândido Godói (RS)";"238083,3"
"4304358";"Candiota (RS)";"630310,5"
"4304408";"Canela (RS)";"1129962,4"
"4304507";"Canguçu (RS)";"1113950,3"
"4304606";"Canoas (RS)";"19218793,5"
"4304614";"Canudos do Vale (RS)";"43187,4"
"4304622";"Capão Bonito do Sul (RS)";"197385,2"
"4304630";"Capão da Canoa (RS)";"1435685,4"
"4304655";"Capão do Cipó (RS)";"322366,6"
"4304663";"Capão do Leão (RS)";"508388,2"
"4304671";"Capivari do Sul (RS)";"208195,2"
"4304689";"Capela de Santana (RS)";"203166,9"
"4304697";"Capitão (RS)";"65114,3"
"4304705";"Carazinho (RS)";"2988149,9"
"4304713";"Caraá (RS)";"110247,9"
"4304804";"Carlos Barbosa (RS)";"2534374,0"
"4304853";"Carlos Gomes (RS)";"38922,9"
"4304903";"Casca (RS)";"438485,9"
"4304952";"Caseiros (RS)";"135692,7"
"4305009";"Catuípe (RS)";"389421,4"
"4305108";"Caxias do Sul (RS)";"24770074,7"
"4305116";"Centenário (RS)";"74004,8"
"4305124";"Cerrito (RS)";"93777,2"
"4305132";"Cerro Branco (RS)";"71997,7"
"4305157";"Cerro Grande (RS)";"56203,2"
"4305173";"Cerro Grande do Sul (RS)";"160235,0"
"4305207";"Cerro Largo (RS)";"734560,6"
"4305306";"Chapada (RS)";"464290,6"
"4305355";"Charqueadas (RS)";"1304461,8"
"4305371";"Charrua (RS)";"91754,9"
"4305405";"Chiapetta (RS)";"212897,4"
"4305439";"Chuí (RS)";"379220,2"
"4305447";"Chuvisca (RS)";"102138,2"
"4305454";"Cidreira (RS)";"279898,9"
"4305504";"Ciríaco (RS)";"148883,5"
"4305587";"Colinas (RS)";"58911,2"
"4305603";"Colorado (RS)";"209796,3"
"4305702";"Condor (RS)";"386469,3"
"4305801";"Constantina (RS)";"304021,7"
"4305835";"Coqueiro Baixo (RS)";"33892,3"
"4305850";"Coqueiros do Sul (RS)";"119701,8"
"4305871";"Coronel Barros (RS)";"120659,0"
"4305900";"Coronel Bicaco (RS)";"299231,6"
"4305934";"Coronel Pilar (RS)";"39588,3"
"4305959";"Cotiporã (RS)";"158360,0"
"4305975";"Coxilha (RS)";"219209,4"
"4306007";"Crissiumal (RS)";"345766,4"
"4306056";"Cristal (RS)";"179361,3"
"4306072";"Cristal do Sul (RS)";"58835,9"
"4306106";"Cruz Alta (RS)";"3951837,1"
"4306130";"Cruzaltense (RS)";"85420,8"
"4306205";"Cruzeiro do Sul (RS)";"357524,8"
"4306304";"David Canabarro (RS)";"147118,9"
"4306320";"Derrubadas (RS)";"82124,0"
"4306353";"Dezesseis de Novembro (RS)";"39479,2"
"4306379";"Dilermando de Aguiar (RS)";"143913,0"
"4306403";"Dois Irmãos (RS)";"2008982,1"
"4306429";"Dois Irmãos das Missões (RS)";"115159,9"
"4306452";"Dois Lajeados (RS)";"96498,1"
"4306502";"Dom Feliciano (RS)";"237809,3"
"4306551";"Dom Pedro de Alcântara (RS)";"54618,3"
"4306601";"Dom Pedrito (RS)";"1326156,1"
"4306700";"Dona Francisca (RS)";"75248,4"
"4306734";"Doutor Maurício Cardoso (RS)";"196212,8"
"4306759";"Doutor Ricardo (RS)";"52272,4"
"4306767";"Eldorado do Sul (RS)";"1608901,8"
"4306809";"Encantado (RS)";"888887,6"
"4306908";"Encruzilhada do Sul (RS)";"535777,3"
"4306924";"Engenho Velho (RS)";"49629,7"
"4306932";"Entre-Ijuís (RS)";"405709,7"
"4306957";"Entre Rios do Sul (RS)";"193303,3"
"4306973";"Erebango (RS)";"110450,7"
"4307005";"Erechim (RS)";"4960046,3"
"4307054";"Ernestina (RS)";"144641,6"
"4307104";"Herval (RS)";"133993,1"
"4307203";"Erval Grande (RS)";"94205,0"
"4307302";"Erval Seco (RS)";"231931,9"
"4307401";"Esmeralda (RS)";"215551,6"
"4307450";"Esperança do Sul (RS)";"71729,4"
"4307500";"Espumoso (RS)";"774671,9"
"4307559";"Estação (RS)";"359508,6"
"4307609";"Estância Velha (RS)";"1467031,2"
"4307708";"Esteio (RS)";"3186024,4"
"4307807";"Estrela (RS)";"1477392,4"
"4307815";"Estrela Velha (RS)";"127024,6"
"4307831";"Eugênio de Castro (RS)";"208445,3"
"4307864";"Fagundes Varela (RS)";"77525,9"
"4307906";"Farroupilha (RS)";"3435280,8"
"4308003";"Faxinal do Soturno (RS)";"200266,7"
"4308052";"Faxinalzinho (RS)";"65769,5"
"4308078";"Fazenda Vilanova (RS)";"115126,5"
"4308102";"Feliz (RS)";"423217,9"
"4308201";"Flores da Cunha (RS)";"1628614,0"
"4308250";"Floriano Peixoto (RS)";"58751,1"
"4308300";"Fontoura Xavier (RS)";"200210,6"
"4308409";"Formigueiro (RS)";"189957,0"
"4308433";"Forquetinha (RS)";"42879,7"
"4308458";"Fortaleza dos Valos (RS)";"324188,3"
"4308508";"Frederico Westphalen (RS)";"1143542,3"
"4308607";"Garibaldi (RS)";"2082300,0"
"4308656";"Garruchos (RS)";"125251,8"
"4308706";"Gaurama (RS)";"235753,8"
"4308805";"General Câmara (RS)";"157832,6"
"4308854";"Gentil (RS)";"110252,1"
"4308904";"Getúlio Vargas (RS)";"555022,5"
"4309001";"Giruá (RS)";"785454,2"
"4309050";"Glorinha (RS)";"330102,6"
"4309100";"Gramado (RS)";"1971269,1"
"4309126";"Gramado dos Loureiros (RS)";"53393,9"
"4309159";"Gramado Xavier (RS)";"83013,7"
"4309209";"Gravataí (RS)";"12079663,2"
"4309258";"Guabiju (RS)";"74063,5"
"4309308";"Guaíba (RS)";"6740169,1"
"4309407";"Guaporé (RS)";"868145,7"
"4309506";"Guarani das Missões (RS)";"358096,9"
"4309555";"Harmonia (RS)";"169479,4"
"4309571";"Herveiras (RS)";"60134,5"
"4309605";"Horizontina (RS)";"1628970,9"
"4309654";"Hulha Negra (RS)";"201896,5"
"4309704";"Humaitá (RS)";"145113,1"
"4309753";"Ibarama (RS)";"90631,0"
"4309803";"Ibiaçá (RS)";"224119,7"
"4309902";"Ibiraiaras (RS)";"248977,9"
"4309951";"Ibirapuitã (RS)";"117253,2"
"4310009";"Ibirubá (RS)";"1066563,1"
"4310108";"Igrejinha (RS)";"1823094,8"
"4310207";"Ijuí (RS)";"3502163,5"
"4310306";"Ilópolis (RS)";"104661,9"
"4310330";"Imbé (RS)";"455657,2"
"4310363";"Imigrante (RS)";"239913,5"
"4310405";"Independência (RS)";"284209,6"
"4310413";"Inhacorá (RS)";"72504,2"
"4310439";"Ipê (RS)";"196831,0"
"4310462";"Ipiranga do Sul (RS)";"103996,9"
"4310504";"Iraí (RS)";"170013,1"
"4310538";"Itaara (RS)";"124818,3"
"4310553";"Itacurubi (RS)";"92015,7"
"4310579";"Itapuca (RS)";"56729,2"
"4310603";"Itaqui (RS)";"1389840,9"
"4310652";"Itati (RS)";"64403,5"
"4310702";"Itatiba do Sul (RS)";"58569,1"
"4310751";"Ivorá (RS)";"52866,0"
"4310801";"Ivoti (RS)";"1015502,5"
"4310850";"Jaboticaba (RS)";"99205,7"
"4310876";"Jacuizinho (RS)";"118894,2"
"4310900";"Jacutinga (RS)";"134509,8"
"4311007";"Jaguarão (RS)";"670921,3"
"4311106";"Jaguari (RS)";"254762,0"
"4311122";"Jaquirana (RS)";"67045,3"
"4311130";"Jari (RS)";"218317,7"
"4311155";"Jóia (RS)";"527579,9"
"4311205";"Júlio de Castilhos (RS)";"1307506,4"
"4311239";"Lagoa Bonita do Sul (RS)";"59822,5"
"4311254";"Lagoão (RS)";"111635,1"
"4311270";"Lagoa dos Três Cantos (RS)";"94400,0"
"4311304";"Lagoa Vermelha (RS)";"1165950,3"
"4311403";"Lajeado (RS)";"4246691,3"
"4311429";"Lajeado do Bugre (RS)";"48951,9"
"4311502";"Lavras do Sul (RS)";"252908,8"
"4311601";"Liberato Salzano (RS)";"140362,3"
"4311627";"Lindolfo Collor (RS)";"298465,6"
"4311643";"Linha Nova (RS)";"48236,1"
"4311700";"Machadinho (RS)";"179050,1"
"4311718";"Maçambará (RS)";"245523,4"
"4311734";"Mampituba (RS)";"53267,7"
"4311759";"Manoel Viana (RS)";"277694,6"
"4311775";"Maquiné (RS)";"121496,3"
"4311791";"Maratá (RS)";"69345,1"
"4311809";"Marau (RS)";"2055575,9"
"4311908";"Marcelino Ramos (RS)";"116596,6"
"4311981";"Mariana Pimentel (RS)";"66335,6"
"4312005";"Mariano Moro (RS)";"50468,7"
"4312054";"Marques de Souza (RS)";"89891,3"
"4312104";"Mata (RS)";"114305,4"
"4312138";"Mato Castelhano (RS)";"103348,6"
"4312153";"Mato Leitão (RS)";"154680,2"
"4312179";"Mato Queimado (RS)";"58989,7"
"4312203";"Maximiliano de Almeida (RS)";"117087,6"
"4312252";"Minas do Leão (RS)";"176814,1"
"4312302";"Miraguaí (RS)";"133168,4"
"4312351";"Montauri (RS)";"57173,3"
"4312377";"Monte Alegre dos Campos (RS)";"64848,8"
"4312385";"Monte Belo do Sul (RS)";"79167,5"
"4312401";"Montenegro (RS)";"3740580,4"
"4312427";"Mormaço (RS)";"108256,5"
"4312443";"Morrinhos do Sul (RS)";"55187,9"
"4312450";"Morro Redondo (RS)";"91823,0"
"4312476";"Morro Reuter (RS)";"183260,8"
"4312500";"Mostardas (RS)";"358693,0"
"4312609";"Muçum (RS)";"251728,9"
"4312617";"Muitos Capões (RS)";"431597,3"
"4312625";"Muliterno (RS)";"52398,6"
"4312658";"Não-Me-Toque (RS)";"1277001,0"
"4312674";"Nicolau Vergueiro (RS)";"91913,4"
"4312708";"Nonoai (RS)";"427789,2"
"4312757";"Nova Alvorada (RS)";"169053,2"
"4312807";"Nova Araçá (RS)";"211570,3"
"4312906";"Nova Bassano (RS)";"511636,4"
"4312955";"Nova Boa Vista (RS)";"91818,1"
"4313003";"Nova Bréscia (RS)";"104281,7"
"4313011";"Nova Candelária (RS)";"147358,6"
"4313037";"Nova Esperança do Sul (RS)";"128917,6"
"4313060";"Nova Hartz (RS)";"635921,7"
"4313086";"Nova Pádua (RS)";"71141,3"
"4313102";"Nova Palma (RS)";"308342,7"
"4313201";"Nova Petrópolis (RS)";"793701,3"
"4313300";"Nova Prata (RS)";"1220168,5"
"4313334";"Nova Ramada (RS)";"151662,6"
"4313359";"Nova Roma do Sul (RS)";"182966,9"
"4313375";"Nova Santa Rita (RS)";"1665263,5"
"4313391";"Novo Cabrais (RS)";"88511,3"
"4313409";"Novo Hamburgo (RS)";"9424239,8"
"4313425";"Novo Machado (RS)";"120609,9"
"4313441";"Novo Tiradentes (RS)";"48670,2"
"4313466";"Novo Xingu (RS)";"57267,0"
"4313490";"Novo Barreiro (RS)";"88496,3"
"4313508";"Osório (RS)";"1566249,8"
"4313607";"Paim Filho (RS)";"109952,9"
"4313656";"Palmares do Sul (RS)";"469286,3"
"4313706";"Palmeira das Missões (RS)";"1461185,2"
"4313805";"Palmitinho (RS)";"183273,8"
"4313904";"Panambi (RS)";"2086008,8"
"4313953";"Pantano Grande (RS)";"346600,5"
"4314001";"Paraí (RS)";"290637,6"
"4314027";"Paraíso do Sul (RS)";"154906,7"
"4314035";"Pareci Novo (RS)";"95894,9"
"4314050";"Parobé (RS)";"1230852,4"
"4314068";"Passa Sete (RS)";"104244,5"
"4314076";"Passo do Sobrado (RS)";"172130,6"
"4314100";"Passo Fundo (RS)";"9150642,3"
"4314134";"Paulo Bento (RS)";"95101,5"
"4314159";"Paverama (RS)";"169474,5"
"4314175";"Pedras Altas (RS)";"110312,5"
"4314209";"Pedro Osório (RS)";"149602,1"
"4314308";"Pejuçara (RS)";"268286,9"
"4314407";"Pelotas (RS)";"8852997,9"
"4314423";"Picada Café (RS)";"346351,6"
"4314456";"Pinhal (RS)";"72902,5"
"4314464";"Pinhal da Serra (RS)";"255963,7"
"4314472";"Pinhal Grande (RS)";"686477,1"
"4314498";"Pinheirinho do Vale (RS)";"85016,2"
"4314506";"Pinheiro Machado (RS)";"287575,5"
"4314548";"Pinto Bandeira (RS)";"53447,9"
"4314555";"Pirapó (RS)";"67654,7"
"4314605";"Piratini (RS)";"416044,2"
"4314704";"Planalto (RS)";"195205,1"
"4314753";"Poço das Antas (RS)";"86523,7"
"4314779";"Pontão (RS)";"224985,4"
"4314787";"Ponte Preta (RS)";"62011,8"
"4314803";"Portão (RS)";"1211644,9"
"4314902";"Porto Alegre (RS)";"77181702,8"
"4315008";"Porto Lucena (RS)";"104712,7"
"4315057";"Porto Mauá (RS)";"61322,7"
"4315073";"Porto Vera Cruz (RS)";"31554,7"
"4315107";"Porto Xavier (RS)";"176056,8"
"4315131";"Pouso Novo (RS)";"41713,2"
"4315149";"Presidente Lucena (RS)";"140872,8"
"4315156";"Progresso (RS)";"122290,2"
"4315172";"Protásio Alves (RS)";"51927,1"
"4315206";"Putinga (RS)";"94246,0"
"4315305";"Quaraí (RS)";"447791,7"
"4315313";"Quatro Irmãos (RS)";"131929,8"
"4315321";"Quevedos (RS)";"180380,1"
"4315354";"Quinze de Novembro (RS)";"148049,1"
"4315404";"Redentora (RS)";"174146,4"
"4315453";"Relvado (RS)";"47127,9"
"4315503";"Restinga Sêca (RS)";"454949,0"
"4315552";"Rio dos Índios (RS)";"87165,7"
"4315602";"Rio Grande (RS)";"10886817,8"
"4315701";"Rio Pardo (RS)";"934040,0"
"4315750";"Riozinho (RS)";"124156,9"
"4315800";"Roca Sales (RS)";"464735,1"
"4315909";"Rodeio Bonito (RS)";"173885,6"
"4315958";"Rolador (RS)";"99766,6"
"4316006";"Rolante (RS)";"619962,8"
"4316105";"Ronda Alta (RS)";"351127,1"
"4316204";"Rondinha (RS)";"190190,2"
"4316303";"Roque Gonzales (RS)";"807192,8"
"4316402";"Rosário do Sul (RS)";"906107,0"
"4316428";"Sagrada Família (RS)";"57661,1"
"4316436";"Saldanha Marinho (RS)";"164561,0"
"4316451";"Salto do Jacuí (RS)";"804760,5"
"4316477";"Salvador das Missões (RS)";"123790,7"
"4316501";"Salvador do Sul (RS)";"281918,2"
"4316600";"Sananduva (RS)";"598501,0"
"4316709";"Santa Bárbara do Sul (RS)";"787220,5"
"4316733";"Santa Cecília do Sul (RS)";"75278,8"
"4316758";"Santa Clara do Sul (RS)";"268160,2"
"4316808";"Santa Cruz do Sul (RS)";"9499327,8"
"4316907";"Santa Maria (RS)";"7798632,2"
"4316956";"Santa Maria do Herval (RS)";"192839,0"
"4316972";"Santa Margarida do Sul (RS)";"227191,8"
"4317004";"Santana da Boa Vista (RS)";"188785,9"
"4317103";"Sant'Ana do Livramento (RS)";"2632388,8"
"4317202";"Santa Rosa (RS)";"3000425,2"
"4317251";"Santa Tereza (RS)";"37510,2"
"4317301";"Santa Vitória do Palmar (RS)";"1345038,8"
"4317400";"Santiago (RS)";"1443290,0"
"4317509";"Santo Ângelo (RS)";"2651254,9"
"4317558";"Santo Antônio do Palma (RS)";"89124,8"
"4317608";"Santo Antônio da Patrulha (RS)";"1280480,4"
"4317707";"Santo Antônio das Missões (RS)";"380426,8"
"4317756";"Santo Antônio do Planalto (RS)";"112555,0"
"4317806";"Santo Augusto (RS)";"555238,5"
"4317905";"Santo Cristo (RS)";"570309,9"
"4317954";"Santo Expedito do Sul (RS)";"74417,5"
"4318002";"São Borja (RS)";"1907048,4"
"4318051";"São Domingos do Sul (RS)";"65063,1"
"4318101";"São Francisco de Assis (RS)";"494227,5"
"4318200";"São Francisco de Paula (RS)";"615108,0"
"4318309";"São Gabriel (RS)";"1843080,6"
"4318408";"São Jerônimo (RS)";"582883,5"
"4318424";"São João da Urtiga (RS)";"132802,1"
"4318432";"São João do Polêsine (RS)";"75445,1"
"4318440";"São Jorge (RS)";"85370,4"
"4318457";"São José das Missões (RS)";"59780,2"
"4318465";"São José do Herval (RS)";"44471,8"
"4318481";"São José do Hortêncio (RS)";"122567,4"
"4318499";"São José do Inhacorá (RS)";"95672,0"
"4318507";"São José do Norte (RS)";"816589,5"
"4318606";"São José do Ouro (RS)";"291721,4"
"4318614";"São José do Sul (RS)";"60188,6"
"4318622";"São José dos Ausentes (RS)";"90385,7"
"4318705";"São Leopoldo (RS)";"9018696,1"
"4318804";"São Lourenço do Sul (RS)";"1064753,2"
"4318903";"São Luiz Gonzaga (RS)";"1334190,4"
"4319000";"São Marcos (RS)";"853894,5"
"4319109";"São Martinho (RS)";"222695,8"
"4319125";"São Martinho da Serra (RS)";"205943,7"
"4319158";"São Miguel das Missões (RS)";"538600,4"
"4319208";"São Nicolau (RS)";"155636,2"
"4319307";"São Paulo das Missões (RS)";"162344,9"
"4319356";"São Pedro da Serra (RS)";"77659,7"
"4319364";"São Pedro das Missões (RS)";"71375,9"
"4319372";"São Pedro do Butiá (RS)";"102179,8"
"4319406";"São Pedro do Sul (RS)";"398199,3"
"4319505";"São Sebastião do Caí (RS)";"702844,1"
"4319604";"São Sepé (RS)";"805707,2"
"4319703";"São Valentim (RS)";"91229,3"
"4319711";"São Valentim do Sul (RS)";"57886,2"
"4319737";"São Valério do Sul (RS)";"55414,3"
"4319752";"São Vendelino (RS)";"76160,1"
"4319802";"São Vicente do Sul (RS)";"274703,9"
"4319901";"Sapiranga (RS)";"3326835,7"
"4320008";"Sapucaia do Sul (RS)";"3398635,7"
"4320107";"Sarandi (RS)";"920751,9"
"4320206";"Seberi (RS)";"357968,9"
"4320230";"Sede Nova (RS)";"100517,2"
"4320263";"Segredo (RS)";"130996,3"
"4320305";"Selbach (RS)";"237719,4"
"4320321";"Senador Salgado Filho (RS)";"91660,3"
"4320354";"Sentinela do Sul (RS)";"81490,2"
"4320404";"Serafina Corrêa (RS)";"664831,6"
"4320453";"Sério (RS)";"42225,8"
"4320503";"Sertão (RS)";"307285,9"
"4320552";"Sertão Santana (RS)";"236719,5"
"4320578";"Sete de Setembro (RS)";"62944,7"
"4320602";"Severiano de Almeida (RS)";"100753,0"
"4320651";"Silveira Martins (RS)";"53192,2"
"4320677";"Sinimbu (RS)";"194387,2"
"4320701";"Sobradinho (RS)";"363204,4"
"4320800";"Soledade (RS)";"977035,3"
"4320859";"Tabaí (RS)";"81395,3"
"4320909";"Tapejara (RS)";"1130473,2"
"4321006";"Tapera (RS)";"453816,8"
"4321105";"Tapes (RS)";"356396,4"
"4321204";"Taquara (RS)";"1309041,0"
"4321303";"Taquari (RS)";"751720,1"
"4321329";"Taquaruçu do Sul (RS)";"116741,4"
"4321352";"Tavares (RS)";"82796,1"
"4321402";"Tenente Portela (RS)";"421781,7"
"4321436";"Terra de Areia (RS)";"224290,1"
"4321451";"Teutônia (RS)";"1430783,1"
"4321469";"Tio Hugo (RS)";"123115,6"
"4321477";"Tiradentes do Sul (RS)";"125477,0"
"4321493";"Toropi (RS)";"71802,5"
"4321501";"Torres (RS)";"1138734,3"
"4321600";"Tramandaí (RS)";"1028739,3"
"4321626";"Travesseiro (RS)";"60247,9"
"4321634";"Três Arroios (RS)";"77996,6"
"4321667";"Três Cachoeiras (RS)";"254376,1"
"4321709";"Três Coroas (RS)";"946865,8"
"4321808";"Três de Maio (RS)";"1087295,8"
"4321832";"Três Forquilhas (RS)";"50915,5"
"4321857";"Três Palmeiras (RS)";"137646,1"
"4321907";"Três Passos (RS)";"827493,2"
"4321956";"Trindade do Sul (RS)";"180404,0"
"4322004";"Triunfo (RS)";"9037466,8"
"4322103";"Tucunduva (RS)";"217169,1"
"4322152";"Tunas (RS)";"80215,5"
"4322186";"Tupanci do Sul (RS)";"52345,7"
"4322202";"Tupanciretã (RS)";"1282254,2"
"4322251";"Tupandi (RS)";"503637,2"
"4322301";"Tuparendi (RS)";"295882,5"
"4322327";"Turuçu (RS)";"96574,6"
"4322343";"Ubiretama (RS)";"63267,3"
"4322350";"União da Serra (RS)";"51773,2"
"4322376";"Unistalda (RS)";"68345,7"
"4322400";"Uruguaiana (RS)";"2772958,8"
"4322509";"Vacaria (RS)";"2258420,1"
"4322525";"Vale Verde (RS)";"75844,0"
"4322533";"Vale do Sol (RS)";"222731,1"
"4322541";"Vale Real (RS)";"129300,9"
"4322558";"Vanini (RS)";"58858,8"
"4322608";"Venâncio Aires (RS)";"3517935,0"
"4322707";"Vera Cruz (RS)";"652084,3"
"4322806";"Veranópolis (RS)";"1553615,7"
"4322855";"Vespasiano Corrêa (RS)";"67444,5"
"4322905";"Viadutos (RS)";"137329,3"
"4323002";"Viamão (RS)";"3747576,6"
"4323101";"Vicente Dutra (RS)";"94696,8"
"4323200";"Victor Graeff (RS)";"175085,4"
"4323309";"Vila Flores (RS)";"176735,9"
"4323358";"Vila Lângaro (RS)";"110727,3"
"4323408";"Vila Maria (RS)";"210979,3"
"4323457";"Vila Nova do Sul (RS)";"120740,4"
"4323507";"Vista Alegre (RS)";"83829,9"
"4323606";"Vista Alegre do Prata (RS)";"54070,9"
"4323705";"Vista Gaúcha (RS)";"66497,5"
"4323754";"Vitória das Missões (RS)";"98865,4"
"4323770";"Westfália (RS)";"167438,9"
"4323804";"Xangri-lá (RS)";"500513,2"
"5000203";"Água Clara (MS)";"1333436,8"
"5000252";"Alcinópolis (MS)";"167554,6"
"5000609";"Amambai (MS)";"1026179,0"
"5000708";"Anastácio (MS)";"455201,2"
"5000807";"Anaurilândia (MS)";"261593,3"
"5000856";"Angélica (MS)";"825650,7"
"5000906";"Antônio João (MS)";"311654,6"
"5001003";"Aparecida do Taboado (MS)";"1239264,6"
"5001102";"Aquidauana (MS)";"926385,0"
"5001243";"Aral Moreira (MS)";"597992,3"
"5001508";"Bandeirantes (MS)";"414861,3"
"5001904";"Bataguassu (MS)";"784858,6"
"5002001";"Batayporã (MS)";"390890,3"
"5002100";"Bela Vista (MS)";"551773,4"
"5002159";"Bodoquena (MS)";"211618,7"
"5002209";"Bonito (MS)";"751409,2"
"5002308";"Brasilândia (MS)";"574069,2"
"5002407";"Caarapó (MS)";"1394297,5"
"5002605";"Camapuã (MS)";"435282,9"
"5002704";"Campo Grande (MS)";"29176930,1"
"5002803";"Caracol (MS)";"119068,7"
"5002902";"Cassilândia (MS)";"570364,7"
"5002951";"Chapadão do Sul (MS)";"1777555,0"
"5003108";"Corguinho (MS)";"107514,5"
"5003157";"Coronel Sapucaia (MS)";"211357,0"
"5003207";"Corumbá (MS)";"3055891,6"
"5003256";"Costa Rica (MS)";"1822860,9"
"5003306";"Coxim (MS)";"898864,4"
"5003454";"Deodápolis (MS)";"295156,4"
"5003488";"Dois Irmãos do Buriti (MS)";"205897,5"
"5003504";"Douradina (MS)";"140185,3"
"5003702";"Dourados (MS)";"8491169,3"
"5003751";"Eldorado (MS)";"369916,2"
"5003801";"Fátima do Sul (MS)";"498923,0"
"5003900";"Figueirão (MS)";"96210,9"
"5004007";"Glória de Dourados (MS)";"186281,7"
"5004106";"Guia Lopes da Laguna (MS)";"257727,5"
"5004304";"Iguatemi (MS)";"403393,3"
"5004403";"Inocência (MS)";"338280,6"
"5004502";"Itaporã (MS)";"821359,6"
"5004601";"Itaquiraí (MS)";"748158,4"
"5004700";"Ivinhema (MS)";"1248436,2"
"5004809";"Japorã (MS)";"130331,6"
"5004908";"Jaraguari (MS)";"475057,8"
"5005004";"Jardim (MS)";"605476,8"
"5005103";"Jateí (MS)";"304985,0"
"5005152";"Juti (MS)";"284554,2"
"5005202";"Ladário (MS)";"324212,7"
"5005251";"Laguna Carapã (MS)";"596894,9"
"5005400";"Maracaju (MS)";"2922077,9"
"5005608";"Miranda (MS)";"500769,7"
"5005681";"Mundo Novo (MS)";"518656,1"
"5005707";"Naviraí (MS)";"1840136,1"
"5005806";"Nioaque (MS)";"279934,2"
"5006002";"Nova Alvorada do Sul (MS)";"1492668,1"
"5006200";"Nova Andradina (MS)";"2095518,9"
"5006259";"Novo Horizonte do Sul (MS)";"168713,3"
"5006275";"Paraíso das Águas (MS)";"725417,3"
"5006309";"Paranaíba (MS)";"1317553,6"
"5006358";"Paranhos (MS)";"168516,9"
"5006408";"Pedro Gomes (MS)";"228203,3"
"5006606";"Ponta Porã (MS)";"3062324,3"
"5006903";"Porto Murtinho (MS)";"344187,5"
"5007109";"Ribas do Rio Pardo (MS)";"870939,1"
"5007208";"Rio Brilhante (MS)";"2293491,7"
"5007307";"Rio Negro (MS)";"95258,8"
"5007406";"Rio Verde de Mato Grosso (MS)";"468050,7"
"5007505";"Rochedo (MS)";"176008,5"
"5007554";"Santa Rita do Pardo (MS)";"333825,7"
"5007695";"São Gabriel do Oeste (MS)";"1696274,0"
"5007703";"Sete Quedas (MS)";"249469,9"
"5007802";"Selvíria (MS)";"2358951,0"
"5007901";"Sidrolândia (MS)";"2166104,7"
"5007935";"Sonora (MS)";"714334,4"
"5007950";"Tacuru (MS)";"222611,7"
"5007976";"Taquarussu (MS)";"113303,8"
"5008008";"Terenos (MS)";"520371,8"
"5008305";"Três Lagoas (MS)";"11544590,8"
"5008404";"Vicentina (MS)";"263888,7"
"5100102";"Acorizal (MT)";"78293,8"
"5100201";"Água Boa (MT)";"1095689,7"
"5100250";"Alta Floresta (MT)";"1450015,7"
"5100300";"Alto Araguaia (MT)";"917803,7"
"5100359";"Alto Boa Vista (MT)";"110055,6"
"5100409";"Alto Garças (MT)";"616539,8"
"5100508";"Alto Paraguai (MT)";"122781,8"
"5100607";"Alto Taquari (MT)";"893601,9"
"5100805";"Apiacás (MT)";"154785,1"
"5101001";"Araguaiana (MT)";"68808,7"
"5101209";"Araguainha (MT)";"19197,4"
"5101258";"Araputanga (MT)";"455327,6"
"5101308";"Arenápolis (MT)";"168814,7"
"5101407";"Aripuanã (MT)";"818804,0"
"5101605";"Barão de Melgaço (MT)";"91491,6"
"5101704";"Barra do Bugres (MT)";"1319981,3"
"5101803";"Barra do Garças (MT)";"1954925,8"
"5101852";"Bom Jesus do Araguaia (MT)";"302797,9"
"5101902";"Brasnorte (MT)";"964774,0"
"5102504";"Cáceres (MT)";"1887467,6"
"5102603";"Campinápolis (MT)";"288266,9"
"5102637";"Campo Novo do Parecis (MT)";"3535872,1"
"5102678";"Campo Verde (MT)";"2536928,6"
"5102686";"Campos de Júlio (MT)";"1386685,0"
"5102694";"Canabrava do Norte (MT)";"135016,2"
"5102702";"Canarana (MT)";"1270257,0"
"5102793";"Carlinda (MT)";"166216,6"
"5102850";"Castanheira (MT)";"135896,4"
"5103007";"Chapada dos Guimarães (MT)";"742828,3"
"5103056";"Cláudia (MT)";"426502,1"
"5103106";"Cocalinho (MT)";"151403,9"
"5103205";"Colíder (MT)";"940286,5"
"5103254";"Colniza (MT)";"544978,6"
"5103304";"Comodoro (MT)";"698992,7"
"5103353";"Confresa (MT)";"845336,8"
"5103361";"Conquista D'Oeste (MT)";"94740,8"
"5103379";"Cotriguaçu (MT)";"215304,3"
"5103403";"Cuiabá (MT)";"24039566,8"
"5103437";"Curvelândia (MT)";"105068,7"
"5103452";"Denise (MT)";"541951,5"
"5103502";"Diamantino (MT)";"2295181,9"
"5103601";"Dom Aquino (MT)";"368639,8"
"5103700";"Feliz Natal (MT)";"435232,9"
"5103809";"Figueirópolis D'Oeste (MT)";"61851,3"
"5103858";"Gaúcha do Norte (MT)";"333748,1"
"5103908";"General Carneiro (MT)";"220121,2"
"5103957";"Glória D'Oeste (MT)";"69601,4"
"5104104";"Guarantã do Norte (MT)";"838326,7"
"5104203";"Guiratinga (MT)";"378134,5"
"5104500";"Indiavaí (MT)";"57345,6"
"5104526";"Ipiranga do Norte (MT)";"845385,3"
"5104542";"Itanhangá (MT)";"286607,6"
"5104559";"Itaúba (MT)";"185763,3"
"5104609";"Itiquira (MT)";"1172094,7"
"5104807";"Jaciara (MT)";"948874,8"
"5104906";"Jangada (MT)";"204230,1"
"5105002";"Jauru (MT)";"271240,5"
"5105101";"Juara (MT)";"841112,9"
"5105150";"Juína (MT)";"1031084,6"
"5105176";"Juruena (MT)";"185215,7"
"5105200";"Juscimeira (MT)";"336224,5"
"5105234";"Lambari D'Oeste (MT)";"189868,4"
"5105259";"Lucas do Rio Verde (MT)";"4392107,8"
"5105309";"Luciara (MT)";"31023,7"
"5105507";"Vila Bela da Santíssima Trindade (MT)";"317012,4"
"5105580";"Marcelândia (MT)";"313543,7"
"5105606";"Matupá (MT)";"753804,2"
"5105622";"Mirassol d'Oeste (MT)";"746099,1"
"5105903";"Nobres (MT)";"626430,4"
"5106000";"Nortelândia (MT)";"122332,3"
"5106109";"Nossa Senhora do Livramento (MT)";"292511,7"
"5106158";"Nova Bandeirantes (MT)";"220899,6"
"5106174";"Nova Nazaré (MT)";"73103,8"
"5106182";"Nova Lacerda (MT)";"180974,5"
"5106190";"Nova Santa Helena (MT)";"174167,5"
"5106208";"Nova Brasilândia (MT)";"67848,0"
"5106216";"Nova Canaã do Norte (MT)";"389550,6"
"5106224";"Nova Mutum (MT)";"3188129,2"
"5106232";"Nova Olímpia (MT)";"722453,5"
"5106240";"Nova Ubiratã (MT)";"1082305,6"
"5106257";"Nova Xavantina (MT)";"648219,0"
"5106265";"Novo Mundo (MT)";"200354,8"
"5106273";"Novo Horizonte do Norte (MT)";"59380,7"
"5106281";"Novo São Joaquim (MT)";"302221,0"
"5106299";"Paranaíta (MT)";"635103,5"
"5106307";"Paranatinga (MT)";"665661,0"
"5106315";"Novo Santo Antônio (MT)";"37885,5"
"5106372";"Pedra Preta (MT)";"844555,5"
"5106422";"Peixoto de Azevedo (MT)";"542521,5"
"5106455";"Planalto da Serra (MT)";"67986,7"
"5106505";"Poconé (MT)";"539395,8"
"5106653";"Pontal do Araguaia (MT)";"86453,3"
"5106703";"Ponte Branca (MT)";"25008,5"
"5106752";"Pontes e Lacerda (MT)";"1340556,7"
"5106778";"Porto Alegre do Norte (MT)";"231640,8"
"5106802";"Porto dos Gaúchos (MT)";"388190,6"
"5106828";"Porto Esperidião (MT)";"222999,9"
"5106851";"Porto Estrela (MT)";"53539,5"
"5107008";"Poxoréu (MT)";"519294,2"
"5107040";"Primavera do Leste (MT)";"3970461,0"
"5107065";"Querência (MT)";"1651441,5"
"5107107";"São José dos Quatro Marcos (MT)";"380242,6"
"5107156";"Reserva do Cabaçal (MT)";"38304,2"
"5107180";"Ribeirão Cascalheira (MT)";"354572,1"
"5107198";"Ribeirãozinho (MT)";"79009,5"
"5107206";"Rio Branco (MT)";"89350,7"
"5107248";"Santa Carmem (MT)";"406353,2"
"5107263";"Santo Afonso (MT)";"75956,0"
"5107297";"São José do Povo (MT)";"44532,6"
"5107305";"São José do Rio Claro (MT)";"788608,1"
"5107354";"São José do Xingu (MT)";"293582,2"
"5107404";"São Pedro da Cipa (MT)";"54437,8"
"5107578";"Rondolândia (MT)";"66688,7"
"5107602";"Rondonópolis (MT)";"10782271,6"
"5107701";"Rosário Oeste (MT)";"315295,9"
"5107743";"Santa Cruz do Xingu (MT)";"109273,3"
"5107750";"Salto do Céu (MT)";"58076,7"
"5107768";"Santa Rita do Trivelato (MT)";"589914,6"
"5107776";"Santa Terezinha (MT)";"159217,1"
"5107792";"Santo Antônio do Leste (MT)";"397087,5"
"5107800";"Santo Antônio de Leverger (MT)";"495052,4"
"5107859";"São Félix do Araguaia (MT)";"668728,5"
"5107875";"Sapezal (MT)";"2923289,2"
"5107883";"Serra Nova Dourada (MT)";"39364,4"
"5107909";"Sinop (MT)";"6319577,1"
"5107925";"Sorriso (MT)";"5921232,8"
"5107941";"Tabaporã (MT)";"417585,8"
"5107958";"Tangará da Serra (MT)";"3239502,0"
"5108006";"Tapurah (MT)";"894547,0"
"5108055";"Terra Nova do Norte (MT)";"261422,6"
"5108105";"Tesouro (MT)";"120178,5"
"5108204";"Torixoréu (MT)";"93978,6"
"5108303";"União do Sul (MT)";"155575,9"
"5108352";"Vale de São Domingos (MT)";"60000,8"
"5108402";"Várzea Grande (MT)";"8167610,8"
"5108501";"Vera (MT)";"523728,0"
"5108600";"Vila Rica (MT)";"508448,4"
"5108808";"Nova Guarita (MT)";"83144,8"
"5108857";"Nova Marilândia (MT)";"186259,8"
"5108907";"Nova Maringá (MT)";"497912,6"
"5108956";"Nova Monte Verde (MT)";"205826,1"
"5200050";"Abadia de Goiás (GO)";"194987,9"
"5200100";"Abadiânia (GO)";"323452,7"
"5200134";"Acreúna (GO)";"680171,7"
"5200159";"Adelândia (GO)";"36250,8"
"5200175";"Água Fria de Goiás (GO)";"257119,3"
"5200209";"Água Limpa (GO)";"44371,0"
"5200258";"Águas Lindas de Goiás (GO)";"1889549,7"
"5200308";"Alexânia (GO)";"806912,0"
"5200506";"Aloândia (GO)";"42658,2"
"5200555";"Alto Horizonte (GO)";"970400,6"
"5200605";"Alto Paraíso de Goiás (GO)";"181162,2"
"5200803";"Alvorada do Norte (GO)";"132730,6"
"5200829";"Amaralina (GO)";"62279,9"
"5200852";"Americano do Brasil (GO)";"70989,3"
"5200902";"Amorinópolis (GO)";"62566,6"
"5201108";"Anápolis (GO)";"14172920,8"
"5201207";"Anhanguera (GO)";"18069,7"
"5201306";"Anicuns (GO)";"396201,3"
"5201405";"Aparecida de Goiânia (GO)";"13161033,0"
"5201454";"Aparecida do Rio Doce (GO)";"77115,7"
"5201504";"Aporé (GO)";"289737,2"
"5201603";"Araçu (GO)";"55936,8"
"5201702";"Aragarças (GO)";"232021,6"
"5201801";"Aragoiânia (GO)";"111377,2"
"5202155";"Araguapaz (GO)";"122885,7"
"5202353";"Arenópolis (GO)";"143925,8"
"5202502";"Aruanã (GO)";"178185,2"
"5202601";"Aurilândia (GO)";"56622,7"
"5202809";"Avelinópolis (GO)";"46181,1"
"5203104";"Baliza (GO)";"78446,3"
"5203203";"Barro Alto (GO)";"988873,8"
"5203302";"Bela Vista de Goiás (GO)";"1012234,1"
"5203401";"Bom Jardim de Goiás (GO)";"182909,7"
"5203500";"Bom Jesus de Goiás (GO)";"739410,5"
"5203559";"Bonfinópolis (GO)";"92993,0"
"5203575";"Bonópolis (GO)";"97694,2"
"5203609";"Brazabrantes (GO)";"107842,6"
"5203807";"Britânia (GO)";"118506,2"
"5203906";"Buriti Alegre (GO)";"300344,4"
"5203939";"Buriti de Goiás (GO)";"40120,9"
"5203962";"Buritinópolis (GO)";"75541,3"
"5204003";"Cabeceiras (GO)";"222565,4"
"5204102";"Cachoeira Alta (GO)";"239068,4"
"5204201";"Cachoeira de Goiás (GO)";"28102,3"
"5204250";"Cachoeira Dourada (GO)";"915075,6"
"5204300";"Caçu (GO)";"819253,1"
"5204409";"Caiapônia (GO)";"690256,2"
"5204508";"Caldas Novas (GO)";"2624587,5"
"5204557";"Caldazinha (GO)";"51038,4"
"5204607";"Campestre de Goiás (GO)";"54419,7"
"5204656";"Campinaçu (GO)";"63742,3"
"5204706";"Campinorte (GO)";"243646,7"
"5204805";"Campo Alegre de Goiás (GO)";"424532,6"
"5204854";"Campo Limpo de Goiás (GO)";"108911,2"
"5204904";"Campos Belos (GO)";"278747,7"
"5204953";"Campos Verdes (GO)";"46998,4"
"5205000";"Carmo do Rio Verde (GO)";"240362,7"
"5205059";"Castelândia (GO)";"109301,6"
"5205109";"Catalão (GO)";"6592615,0"
"5205208";"Caturaí (GO)";"68370,4"
"5205307";"Cavalcante (GO)";"259573,0"
"5205406";"Ceres (GO)";"566289,5"
"5205455";"Cezarina (GO)";"281373,0"
"5205471";"Chapadão do Céu (GO)";"1078960,6"
"5205497";"Cidade Ocidental (GO)";"734110,9"
"5205513";"Cocalzinho de Goiás (GO)";"321812,0"
"5205521";"Colinas do Sul (GO)";"46786,2"
"5205703";"Córrego do Ouro (GO)";"49861,4"
"5205802";"Corumbá de Goiás (GO)";"176021,5"
"5205901";"Corumbaíba (GO)";"537304,3"
"5206206";"Cristalina (GO)";"2409438,8"
"5206305";"Cristianópolis (GO)";"76000,6"
"5206404";"Crixás (GO)";"565608,2"
"5206503";"Cromínia (GO)";"73258,9"
"5206602";"Cumari (GO)";"62016,0"
"5206701";"Damianópolis (GO)";"35670,6"
"5206800";"Damolândia (GO)";"40496,5"
"5206909";"Davinópolis (GO)";"388073,7"
"5207105";"Diorama (GO)";"56374,2"
"5207253";"Doverlândia (GO)";"232696,3"
"5207352";"Edealina (GO)";"247958,8"
"5207402";"Edéia (GO)";"768726,8"
"5207501";"Estrela do Norte (GO)";"52870,5"
"5207535";"Faina (GO)";"113748,7"
"5207600";"Fazenda Nova (GO)";"108570,8"
"5207808";"Firminópolis (GO)";"186793,2"
"5207907";"Flores de Goiás (GO)";"150730,5"
"5208004";"Formosa (GO)";"2252034,1"
"5208103";"Formoso (GO)";"65480,9"
"5208152";"Gameleira de Goiás (GO)";"158417,3"
"5208301";"Divinópolis de Goiás (GO)";"67928,2"
"5208400";"Goianápolis (GO)";"210059,1"
"5208509";"Goiandira (GO)";"132893,8"
"5208608";"Goianésia (GO)";"1459866,4"
"5208707";"Goiânia (GO)";"49347603,4"
"5208806";"Goianira (GO)";"822807,6"
"5208905";"Goiás (GO)";"494964,7"
"5209101";"Goiatuba (GO)";"1567542,4"
"5209150";"Gouvelândia (GO)";"183465,9"
"5209200";"Guapó (GO)";"228781,2"
"5209291";"Guaraíta (GO)";"32677,8"
"5209408";"Guarani de Goiás (GO)";"55932,5"
"5209457";"Guarinos (GO)";"57262,9"
"5209606";"Heitoraí (GO)";"52674,9"
"5209705";"Hidrolândia (GO)";"903308,9"
"5209804";"Hidrolina (GO)";"58841,7"
"5209903";"Iaciara (GO)";"167630,8"
"5209937";"Inaciolândia (GO)";"210317,5"
"5209952";"Indiara (GO)";"329024,4"
"5210000";"Inhumas (GO)";"1136654,4"
"5210109";"Ipameri (GO)";"1276818,1"
"5210158";"Ipiranga de Goiás (GO)";"56131,4"
"5210208";"Iporá (GO)";"666670,1"
"5210307";"Israelândia (GO)";"51732,9"
"5210406";"Itaberaí (GO)";"1130551,2"
"5210562";"Itaguari (GO)";"74099,9"
"5210604";"Itaguaru (GO)";"79770,9"
"5210802";"Itajá (GO)";"103402,1"
"5210901";"Itapaci (GO)";"346125,0"
"5211008";"Itapirapuã (GO)";"151559,9"
"5211206";"Itapuranga (GO)";"452145,9"
"5211305";"Itarumã (GO)";"250949,4"
"5211404";"Itauçu (GO)";"145480,7"
"5211503";"Itumbiara (GO)";"3924800,4"
"5211602";"Ivolândia (GO)";"85289,1"
"5211701";"Jandaia (GO)";"250117,2"
"5211800";"Jaraguá (GO)";"728583,4"
"5211909";"Jataí (GO)";"4968254,6"
"5212006";"Jaupaci (GO)";"50992,3"
"5212055";"Jesúpolis (GO)";"29386,5"
"5212105";"Joviânia (GO)";"209185,1"
"5212204";"Jussara (GO)";"485421,9"
"5212253";"Lagoa Santa (GO)";"40913,3"
"5212303";"Leopoldo de Bulhões (GO)";"237126,0"
"5212501";"Luziânia (GO)";"3858807,3"
"5212600";"Mairipotaba (GO)";"53841,9"
"5212709";"Mambaí (GO)";"84751,6"
"5212808";"Mara Rosa (GO)";"199093,6"
"5212907";"Marzagão (GO)";"43574,6"
"5212956";"Matrinchã (GO)";"102236,1"
"5213004";"Maurilândia (GO)";"226343,2"
"5213053";"Mimoso de Goiás (GO)";"57290,0"
"5213087";"Minaçu (GO)";"988096,2"
"5213103";"Mineiros (GO)";"2513724,0"
"5213400";"Moiporá (GO)";"36096,0"
"5213509";"Monte Alegre de Goiás (GO)";"85298,9"
"5213707";"Montes Claros de Goiás (GO)";"304673,8"
"5213756";"Montividiu (GO)";"786573,1"
"5213772";"Montividiu do Norte (GO)";"67253,5"
"5213806";"Morrinhos (GO)";"1308158,4"
"5213855";"Morro Agudo de Goiás (GO)";"40342,6"
"5213905";"Mossâmedes (GO)";"83667,8"
"5214002";"Mozarlândia (GO)";"607402,2"
"5214051";"Mundo Novo (GO)";"99675,1"
"5214101";"Mutunópolis (GO)";"63129,4"
"5214408";"Nazário (GO)";"174391,6"
"5214507";"Nerópolis (GO)";"740931,8"
"5214606";"Niquelândia (GO)";"1105578,8"
"5214705";"Nova América (GO)";"36595,1"
"5214804";"Nova Aurora (GO)";"50400,8"
"5214838";"Nova Crixás (GO)";"372924,7"
"5214861";"Nova Glória (GO)";"118459,5"
"5214879";"Nova Iguaçu de Goiás (GO)";"42710,9"
"5214903";"Nova Roma (GO)";"46005,0"
"5215009";"Nova Veneza (GO)";"150907,6"
"5215207";"Novo Brasil (GO)";"59090,4"
"5215231";"Novo Gama (GO)";"950818,9"
"5215256";"Novo Planalto (GO)";"106850,1"
"5215306";"Orizona (GO)";"527807,5"
"5215405";"Ouro Verde de Goiás (GO)";"110451,1"
"5215504";"Ouvidor (GO)";"778854,7"
"5215603";"Padre Bernardo (GO)";"531133,8"
"5215652";"Palestina de Goiás (GO)";"90293,1"
"5215702";"Palmeiras de Goiás (GO)";"900168,3"
"5215801";"Palmelo (GO)";"39046,0"
"5215900";"Palminópolis (GO)";"143463,6"
"5216007";"Panamá (GO)";"90129,0"
"5216304";"Paranaiguara (GO)";"187521,0"
"5216403";"Paraúna (GO)";"863663,9"
"5216452";"Perolândia (GO)";"332332,5"
"5216809";"Petrolina de Goiás (GO)";"150978,7"
"5216908";"Pilar de Goiás (GO)";"173780,1"
"5217104";"Piracanjuba (GO)";"780750,8"
"5217203";"Piranhas (GO)";"362533,4"
"5217302";"Pirenópolis (GO)";"446114,8"
"5217401";"Pires do Rio (GO)";"857209,7"
"5217609";"Planaltina (GO)";"1116144,5"
"5217708";"Pontalina (GO)";"475800,6"
"5218003";"Porangatu (GO)";"937136,0"
"5218052";"Porteirão (GO)";"193385,5"
"5218102";"Portelândia (GO)";"217198,9"
"5218300";"Posse (GO)";"537699,5"
"5218391";"Professor Jamil (GO)";"55005,1"
"5218508";"Quirinópolis (GO)";"1700011,1"
"5218607";"Rialma (GO)";"222840,8"
"5218706";"Rianápolis (GO)";"82045,3"
"5218789";"Rio Quente (GO)";"323415,2"
"5218805";"Rio Verde (GO)";"9648527,6"
"5218904";"Rubiataba (GO)";"437200,3"
"5219001";"Sanclerlândia (GO)";"147009,1"
"5219100";"Santa Bárbara de Goiás (GO)";"97360,2"
"5219209";"Santa Cruz de Goiás (GO)";"130820,5"
"5219258";"Santa Fé de Goiás (GO)";"241833,9"
"5219308";"Santa Helena de Goiás (GO)";"1133710,5"
"5219357";"Santa Isabel (GO)";"74890,8"
"5219407";"Santa Rita do Araguaia (GO)";"139488,4"
"5219456";"Santa Rita do Novo Destino (GO)";"82631,4"
"5219506";"Santa Rosa de Goiás (GO)";"44521,1"
"5219605";"Santa Tereza de Goiás (GO)";"61581,9"
"5219704";"Santa Terezinha de Goiás (GO)";"136651,9"
"5219712";"Santo Antônio da Barra (GO)";"232943,2"
"5219738";"Santo Antônio de Goiás (GO)";"141995,2"
"5219753";"Santo Antônio do Descoberto (GO)";"691040,5"
"5219803";"São Domingos (GO)";"164164,7"
"5219902";"São Francisco de Goiás (GO)";"98003,1"
"5220009";"São João d'Aliança (GO)";"292922,2"
"5220058";"São João da Paraúna (GO)";"53837,9"
"5220108";"São Luís de Montes Belos (GO)";"880002,0"
"5220157";"São Luiz do Norte (GO)";"111590,3"
"5220207";"São Miguel do Araguaia (GO)";"490984,0"
"5220264";"São Miguel do Passa Quatro (GO)";"149539,2"
"5220280";"São Patrício (GO)";"35561,4"
"5220405";"São Simão (GO)";"761319,8"
"5220454";"Senador Canedo (GO)";"3527479,7"
"5220504";"Serranópolis (GO)";"393357,8"
"5220603";"Silvânia (GO)";"702700,0"
"5220686";"Simolândia (GO)";"103996,6"
"5220702";"Sítio d'Abadia (GO)";"48970,7"
"5221007";"Taquaral de Goiás (GO)";"66502,7"
"5221080";"Teresina de Goiás (GO)";"32646,9"
"5221197";"Terezópolis de Goiás (GO)";"185808,7"
"5221304";"Três Ranchos (GO)";"51323,4"
"5221403";"Trindade (GO)";"2037918,1"
"5221452";"Trombas (GO)";"54784,1"
"5221502";"Turvânia (GO)";"89086,3"
"5221551";"Turvelândia (GO)";"353903,1"
"5221577";"Uirapuru (GO)";"45515,5"
"5221601";"Uruaçu (GO)";"846909,7"
"5221700";"Uruana (GO)";"222409,3"
"5221809";"Urutaí (GO)";"88631,9"
"5221858";"Valparaíso de Goiás (GO)";"2526284,7"
"5221908";"Varjão (GO)";"66176,6"
"5222005";"Vianópolis (GO)";"449973,3"
"5222054";"Vicentinópolis (GO)";"339088,6"
"5222203";"Vila Boa (GO)";"108469,4"
"5222302";"Vila Propício (GO)";"179914,6"
"5300108";"Brasília (DF)";"254817204,7"
"Fonte: IBGE, em parceria com os Órgãos Estaduais de Estatística, Secretarias Estaduais de Governo e Superintendência da Zona Franca de Manaus - SUFRAMA"

"Notas"
"1 - Os dados de 2022 e 2023 estarão sujeitos a revisão na próxima publicação."
"2 - Para os anos de 2022 e 2023 foram divulgados apenas o Produto Interno Bruto e o Produto Interno Bruto per capita, conforme a nota técnica 02/2024 do Sistema de Contas Nacionais, que pode ser acessada em https://biblioteca.ibge.gov.br/visualizacao/livros/liv102094.pdf."
"3 - Os dados da série retropolada (de 2002 a 2009) também têm como referência o ano de 2010, seguindo a nova referência das Contas Nacionais."
""
"Legenda"
"Símbolo";"Significado"
"-";"Zero absoluto, não resultante de um cálculo ou arredondamento.
Ex: Em determinado município não existem pessoas de 14 anos de idade sem instrução."
"0";"Zero resultante de um cálculo ou arredondamento.
Ex: A inflação do feijão em determinada Região Metropolitana foi 0.
Determinado município produziu 400 kg de sementes de girassol e os dados da tabela são expressos em toneladas."
"X";"Valor inibido para não identificar o informante.
Ex: Determinado município só possui uma empresa produtora de cimento, logo o valor de sua produção deve ser inibido."
"..";"Valor não se aplica.
Ex: Não se pode obter o total da produção agrícola em determinado município quando os produtos agrícolas são contabilizados com unidades de medida distintas."
"...";"Valor não disponível.
Ex: A produção de feijão em determinado município não foi pesquisada ou determinado município não existia no ano da pesquisa."
"A a Z
(exceto X)";"Significa uma faixa de valores. Varia em função da tabela (se for o caso).
Ex: O nível de precisão da produção estimada de combustíveis está na faixa A (95 a 100%)"
